{"revision": {"creationDate": null, "isLastRevision": true, "revisionNumber": 3, "elementCounts": {"total": 53, "Lane": 4, "Pool": 2, "StartNoneEvent": 1, "Association_Unidirectional": 6, "MessageFlow": 1, "StartMessageEvent": 1, "DataObject": 4, "SequenceFlow": 18, "Task": 11, "EndNoneEvent": 2, "Exclusive_Databased_Gateway": 1, "BPMNDiagram": 1, "EndTerminateEvent": 1}, "connectedness": 96}, "model": {"modelId": "1000419154", "modelDate": "2012-03-08", "groupName": "BPMN2.0_Process", "naturalLanguage": "en", "modelName": "RFQ", "TimestampModelCollection": "2012-08-30 14:08:38", "modelingLanguage": "bpmn20", "directoryId": "516068504", "numberOfRevisions": 3}}