{"bounds": {"lowerRight": {"y": 1650, "x": 2402.0637770765479218}, "upperLeft": {"y": 0, "x": 0}}, "resourceId": "canvas", "childShapes": [{"dockers": [{"y": 15, "x": 15}, {"y": 40, "x": 0.99999999999999922284}], "bounds": {"lowerRight": {"y": 1108.1470764077810145, "x": 139.41470543201319288}, "upperLeft": {"y": 1108.1470764077810145, "x": 120.4246962410331605}}, "resourceId": "sid-AD84779B-308B-42E6-9FBF-20D2E5776BFF", "layers": [], "labels": [], "target": {"resourceId": "sid-7E238F63-C132-44A9-A4FC-630EEB8CD16A"}, "childShapes": [], "properties": {"ConditionType": "None", "bordercolor": "#000000", "showdiamondmarker": "false", "monitoring": "", "name": "", "documentation": "", "probability": "", "conditionexpression": "", "auditing": "", "isimmediate": "false"}, "stencil": {"id": "SequenceFlow"}, "outgoing": [{"resourceId": "sid-7E238F63-C132-44A9-A4FC-630EEB8CD16A"}], "glossaryLinks": {}, "formats": {}}, {"dockers": [{"y": 40.000000000000028422, "x": 50}, {"y": 14, "x": 14}], "bounds": {"lowerRight": {"y": 1126.6356290365474706, "x": 2235.0511695051695824}, "upperLeft": {"y": 1126.6356290365472432, "x": 2116.741630146584157}}, "resourceId": "sid-93D3BD34-6880-47D0-A6A2-8497EB928B58", "layers": [], "labels": [], "target": {"resourceId": "sid-75763271-4DBE-46C7-A5EA-A85854E9B982"}, "childShapes": [], "properties": {"ConditionType": "None", "bordercolor": "#000000", "showdiamondmarker": "false", "monitoring": "", "name": "", "documentation": "", "probability": "", "conditionexpression": "", "auditing": "", "isimmediate": "false"}, "stencil": {"id": "SequenceFlow"}, "outgoing": [{"resourceId": "sid-75763271-4DBE-46C7-A5EA-A85854E9B982"}], "glossaryLinks": {}, "formats": {}}, {"dockers": [{"y": 20.5, "x": 20.5}, {"y": 40, "x": 50}], "bounds": {"lowerRight": {"y": 1127.0121006381575626, "x": 1743.0592978935851534}, "upperLeft": {"y": 1126.9544699349373786, "x": 1733.9707522199039431}}, "resourceId": "sid-31CA0D53-1F71-4B1C-A617-6A9541FB4D89", "layers": [], "labels": [], "target": {"resourceId": "sid-DFE0350B-73C1-47C1-B816-EE02F7462F7D"}, "childShapes": [], "properties": {"ConditionType": "None", "bordercolor": "#000000", "showdiamondmarker": "false", "monitoring": "", "name": "", "documentation": "", "probability": "", "conditionexpression": "", "auditing": "", "isimmediate": "false"}, "stencil": {"id": "SequenceFlow"}, "outgoing": [{"resourceId": "sid-DFE0350B-73C1-47C1-B816-EE02F7462F7D"}], "glossaryLinks": {}, "formats": {}}, {"dockers": [{"y": 20.5, "x": 20.5}, {"y": 39.999999999999971578, "x": 50}], "bounds": {"lowerRight": {"y": 1105.7846978883871998, "x": 1714.4202605909381418}, "upperLeft": {"y": 1014.4098022522845213, "x": 1714.1220991686509478}}, "resourceId": "sid-3FE4F1CF-60D8-469B-9171-CB505B738EA2", "layers": [], "labels": [], "target": {"resourceId": "sid-FA23B22F-8FE5-418E-A626-E0078E4C32BE"}, "childShapes": [], "properties": {"ConditionType": "None", "bordercolor": "#000000", "showdiamondmarker": "false", "monitoring": "", "name": "", "documentation": "", "probability": "", "conditionexpression": "", "auditing": "", "isimmediate": "false"}, "stencil": {"id": "SequenceFlow"}, "outgoing": [{"resourceId": "sid-FA23B22F-8FE5-418E-A626-E0078E4C32BE"}], "glossaryLinks": {}, "formats": {}}, {"dockers": [{"y": 20.5, "x": 20.5}, {"y": 850.52606247506514592, "x": 1122.2707967568303502}, {"y": 39.999999999999971578, "x": 50}], "bounds": {"lowerRight": {"y": 887.66797786840993467, "x": 1175.4609158185867273}, "upperLeft": {"y": 850.52606247506514592, "x": 1122.2707967568298955}}, "resourceId": "sid-F2554618-9FE4-4768-88C1-461525F7BAAF", "layers": [], "labels": [], "target": {"resourceId": "sid-BDEBF613-0A3E-4681-A970-CEBDCE516C62"}, "childShapes": [], "properties": {"ConditionType": "None", "bordercolor": "#000000", "showdiamondmarker": "false", "monitoring": "", "name": "", "documentation": "", "probability": "", "conditionexpression": "", "auditing": "", "isimmediate": "false"}, "stencil": {"id": "SequenceFlow"}, "outgoing": [{"resourceId": "sid-BDEBF613-0A3E-4681-A970-CEBDCE516C62"}], "glossaryLinks": {}, "formats": {}}, {"dockers": [{"y": 20.5, "x": 20.5}, {"y": 973.90504854234950471, "x": 1122.2707967568303502}, {"y": 40.000000000000063949, "x": 50}], "bounds": {"lowerRight": {"y": 973.90504854234950471, "x": 1175.4609158185867273}, "upperLeft": {"y": 929.02053688523096753, "x": 1122.2707967568298955}}, "resourceId": "sid-75D48F86-E0AD-4F01-9F90-FAE62291246F", "layers": [], "labels": [], "target": {"resourceId": "sid-80CB9F9B-BFBF-46CD-AC64-339F5FE069D6"}, "childShapes": [], "properties": {"ConditionType": "None", "bordercolor": "#000000", "showdiamondmarker": "false", "monitoring": "", "name": "", "documentation": "", "probability": "", "conditionexpression": "", "auditing": "", "isimmediate": "false"}, "stencil": {"id": "SequenceFlow"}, "outgoing": [{"resourceId": "sid-80CB9F9B-BFBF-46CD-AC64-339F5FE069D6"}], "glossaryLinks": {}, "formats": {}}, {"dockers": [], "bounds": {"lowerRight": {"y": 1600.6543563073969381, "x": 2367.6265665264145355}, "upperLeft": {"y": 616.1470764077810145, "x": 25.985740137315683995}}, "resourceId": "sid-63DD34C6-7CBA-409A-A3D5-26663EE4BD34", "layers": [], "labels": [], "childShapes": [{"dockers": [], "bounds": {"lowerRight": {"y": 984.50727989961603726, "x": 2341.6408263890989474}, "upperLeft": {"y": 0, "x": 30}}, "resourceId": "sid-0374DD24-F834-4A32-A9AE-1FE45EA228DE", "layers": [], "labels": [], "childShapes": [{"dockers": [], "bounds": {"lowerRight": {"y": 507, "x": 64.077370867783770336}, "upperLeft": {"y": 477, "x": 34.077370867783770336}}, "resourceId": "sid-E5583EAF-3130-4218-8380-7E8C13CAABA9", "layers": [], "labels": [], "childShapes": [], "properties": {"trigger": "None", "monitoring": "", "outputset": "", "applyincalc": "true", "frequency": "", "bgcolor": "#ffffff", "bordercolor": "#000000", "dataoutputassociations": "", "name": "A", "dataoutput": "", "documentation": "", "auditing": "", "processid": ""}, "stencil": {"id": "StartNoneEvent"}, "outgoing": [{"resourceId": "sid-AD84779B-308B-42E6-9FBF-20D2E5776BFF"}], "glossaryLinks": {}, "formats": {}}, {"dockers": [], "bounds": {"lowerRight": {"y": 532, "x": 183.42896529469743427}, "upperLeft": {"y": 452, "x": 83.428965294697505328}}, "resourceId": "sid-7E238F63-C132-44A9-A4FC-630EEB8CD16A", "layers": [], "labels": [], "childShapes": [], "properties": {"resources": "", "outmsgstructure": "", "applyincalc": "true", "loopcardinality": "", "outmessagename": "", "inmessagename": "", "bgcolor": "#ffffcc", "bordercolor": "#000000", "time": "", "loopdataoutput": "", "testbefore": "false", "callacitivity": "false", "outmsgiscollection": "false", "monitoring": "", "operationname": "", "dataoutputset": "", "completionquantity": "1", "properties": "", "script": "", "assignments": "", "nonebehavioreventref": "signal", "scriptformat": "", "datainputset": "", "processid": "", "startquantity": "1", "tasktype": "None", "looptype": "None", "instantiate": "false", "behavior": "all", "inmsgimport": "", "costs": "", "inputdataitem": "", "loopdatainput": "", "name": "B", "outmsgitemkind": "Information", "costcenter": "", "completioncondition": "", "isforcompensation": "false", "inmsgiscollection": "false", "inmsgitemkind": "Information", "inmsgstructure": "", "outputdataitem": "", "messageref": "", "loopcondition": "", "onebehavioreventref:": "signal", "implementation": "webService", "operationref": "", "outmsgimport": "", "documentation": "", "categories": "", "auditing": "", "complexbehaviordefinition": ""}, "stencil": {"id": "Task"}, "outgoing": [{"resourceId": "sid-2B07C301-D2B9-4FB1-B2C5-C3512CE62155"}], "glossaryLinks": {}, "formats": {}}, {"dockers": [], "bounds": {"lowerRight": {"y": 532, "x": 345.10980343250383839}, "upperLeft": {"y": 452, "x": 245.10980343250383839}}, "resourceId": "sid-8B36B345-F1DA-4B00-92FF-EB0BC6BC5AD1", "layers": [], "labels": [], "childShapes": [], "properties": {"resources": "", "outmsgstructure": "", "applyincalc": "true", "loopcardinality": "", "outmessagename": "", "inmessagename": "", "bgcolor": "#ffffcc", "bordercolor": "#000000", "time": "", "loopdataoutput": "", "testbefore": "false", "callacitivity": "false", "outmsgiscollection": "false", "monitoring": "", "operationname": "", "dataoutputset": "", "completionquantity": "1", "properties": "", "script": "", "assignments": "", "nonebehavioreventref": "signal", "scriptformat": "", "datainputset": "", "processid": "", "startquantity": "1", "tasktype": "None", "looptype": "None", "instantiate": "false", "behavior": "all", "inmsgimport": "", "costs": "", "inputdataitem": "", "loopdatainput": "", "name": "C", "outmsgitemkind": "Information", "costcenter": "", "completioncondition": "", "isforcompensation": "false", "inmsgiscollection": "false", "inmsgitemkind": "Information", "inmsgstructure": "", "outputdataitem": "", "messageref": "", "loopcondition": "", "onebehavioreventref:": "signal", "implementation": "webService", "operationref": "", "outmsgimport": "", "documentation": "", "categories": "", "auditing": "", "complexbehaviordefinition": ""}, "stencil": {"id": "Task"}, "outgoing": [{"resourceId": "sid-D400A2BB-9B25-4057-8613-FC755653963E"}], "glossaryLinks": {}, "formats": {}}, {"dockers": [], "bounds": {"lowerRight": {"y": 512, "x": 434.01425986268429824}, "upperLeft": {"y": 472, "x": 394.01425986268429824}}, "resourceId": "sid-A4AE0EDC-D1D7-4D95-BE8B-EC57D776642D", "layers": [], "labels": [], "childShapes": [], "properties": {"xortype": "Data", "monitoring": "", "defaultgate": "", "gatewaytype": "XOR", "gates": "", "assignments": "", "bgcolor": "#ffffff", "bordercolor": "#000000", "pool": "", "gate_assignments": "", "markervisible": "true", "name": "", "documentation": "", "gates_assignments": "", "categories": "", "auditing": "", "gate_outgoingsequenceflow": "", "lanes": "", "gates_outgoingsequenceflow": "", "processid": ""}, "stencil": {"id": "Exclusive_Databased_Gateway"}, "outgoing": [{"resourceId": "sid-3336DB4D-46BC-460C-B8AB-9042619DA7AC"}, {"resourceId": "sid-7118E67A-B81A-4640-B4CA-8A41CE074800"}], "glossaryLinks": {}, "formats": {}}, {"dockers": [], "bounds": {"lowerRight": {"y": 633.8529235922189855, "x": 464.01425986268429824}, "upperLeft": {"y": 553.8529235922189855, "x": 364.01425986268429824}}, "resourceId": "sid-82B95B9F-3EF6-4D69-BA7D-F0BF31D0E8C2", "layers": [], "labels": [], "childShapes": [], "properties": {"resources": "", "outmsgstructure": "", "applyincalc": "true", "loopcardinality": "", "outmessagename": "", "inmessagename": "", "bgcolor": "#ffffcc", "bordercolor": "#000000", "time": "", "loopdataoutput": "", "testbefore": "false", "callacitivity": "false", "outmsgiscollection": "false", "monitoring": "", "operationname": "", "dataoutputset": "", "completionquantity": "1", "properties": "", "script": "", "assignments": "", "nonebehavioreventref": "signal", "scriptformat": "", "datainputset": "", "processid": "", "startquantity": "1", "tasktype": "None", "looptype": "None", "instantiate": "false", "behavior": "all", "inmsgimport": "", "costs": "", "inputdataitem": "", "loopdatainput": "", "name": "D", "outmsgitemkind": "Information", "costcenter": "", "completioncondition": "", "isforcompensation": "false", "inmsgiscollection": "false", "inmsgitemkind": "Information", "inmsgstructure": "", "outputdataitem": "", "messageref": "", "loopcondition": "", "onebehavioreventref:": "signal", "implementation": "webService", "operationref": "", "outmsgimport": "", "documentation": "", "categories": "", "auditing": "", "complexbehaviordefinition": ""}, "stencil": {"id": "Task"}, "outgoing": [{"resourceId": "sid-08886ED7-16C2-4667-95E4-DE30B20B3FFB"}], "glossaryLinks": {}, "formats": {}}, {"dockers": [], "bounds": {"lowerRight": {"y": 423.8529235922189855, "x": 464.01425986268429824}, "upperLeft": {"y": 343.8529235922189855, "x": 364.01425986268429824}}, "resourceId": "sid-C737A9BA-583A-42B5-A26E-19BC7C42BCD3", "layers": [], "labels": [], "childShapes": [], "properties": {"resources": "", "outmsgstructure": "", "applyincalc": "true", "loopcardinality": "", "outmessagename": "", "inmessagename": "", "bgcolor": "#ffffcc", "bordercolor": "#000000", "time": "", "loopdataoutput": "", "testbefore": "false", "callacitivity": "false", "outmsgiscollection": "false", "monitoring": "", "operationname": "", "dataoutputset": "", "completionquantity": "1", "properties": "", "script": "", "assignments": "", "nonebehavioreventref": "signal", "scriptformat": "", "datainputset": "", "processid": "", "startquantity": "1", "tasktype": "None", "looptype": "None", "instantiate": "false", "behavior": "all", "inmsgimport": "", "costs": "", "inputdataitem": "", "loopdatainput": "", "name": "E", "outmsgitemkind": "Information", "costcenter": "", "completioncondition": "", "isforcompensation": "false", "inmsgiscollection": "false", "inmsgitemkind": "Information", "inmsgstructure": "", "outputdataitem": "", "messageref": "", "loopcondition": "", "onebehavioreventref:": "signal", "implementation": "webService", "operationref": "", "outmsgimport": "", "documentation": "", "categories": "", "auditing": "", "complexbehaviordefinition": ""}, "stencil": {"id": "Task"}, "outgoing": [{"resourceId": "sid-907E83FC-6438-451D-88B5-5BF6289D2596"}], "glossaryLinks": {}, "formats": {}}, {"dockers": [], "bounds": {"lowerRight": {"y": 734, "x": 824.01425986268407087}, "upperLeft": {"y": 654, "x": 724.01425986268429824}}, "resourceId": "sid-04F186E4-5B1D-42BE-9298-D80DA9A2B085", "layers": [], "labels": [], "childShapes": [], "properties": {"resources": "", "outmsgstructure": "", "applyincalc": "true", "loopcardinality": "", "outmessagename": "", "inmessagename": "", "bgcolor": "#ffffcc", "bordercolor": "#000000", "time": "", "loopdataoutput": "", "testbefore": "false", "callacitivity": "false", "outmsgiscollection": "false", "monitoring": "", "operationname": "", "dataoutputset": "", "completionquantity": "1", "properties": "", "script": "", "assignments": "", "nonebehavioreventref": "signal", "scriptformat": "", "datainputset": "", "processid": "", "startquantity": "1", "tasktype": "None", "looptype": "None", "instantiate": "false", "behavior": "all", "inmsgimport": "", "costs": "", "inputdataitem": "", "loopdatainput": "", "name": "F", "outmsgitemkind": "Information", "costcenter": "", "completioncondition": "", "isforcompensation": "false", "inmsgiscollection": "false", "inmsgitemkind": "Information", "inmsgstructure": "", "outputdataitem": "", "messageref": "", "loopcondition": "", "onebehavioreventref:": "signal", "implementation": "webService", "operationref": "", "outmsgimport": "", "documentation": "", "categories": "", "auditing": "", "complexbehaviordefinition": ""}, "stencil": {"id": "Task"}, "outgoing": [{"resourceId": "sid-3AEDC2CE-F413-4615-84C5-7CA517519D14"}], "glossaryLinks": {}, "formats": {}}, {"dockers": [], "bounds": {"lowerRight": {"y": 764, "x": 655.01425986268407087}, "upperLeft": {"y": 620, "x": 514.01425986268429824}}, "resourceId": "sid-1F3801D0-48C2-4A6D-9DB5-55B5AE9B88D9", "layers": [], "labels": [], "childShapes": [], "properties": {"resources": "", "outmsgstructure": "", "applyincalc": "true", "loopcardinality": "", "outmessagename": "", "inmessagename": "", "bgcolor": "#ffffcc", "bordercolor": "#000000", "time": "", "loopdataoutput": "", "testbefore": "false", "callacitivity": "false", "outmsgiscollection": "false", "monitoring": "", "operationname": "", "dataoutputset": "", "completionquantity": "1", "properties": "", "script": "", "assignments": "", "nonebehavioreventref": "signal", "scriptformat": "", "datainputset": "", "processid": "", "startquantity": "1", "tasktype": "None", "looptype": "None", "instantiate": "false", "behavior": "all", "inmsgimport": "", "costs": "", "inputdataitem": "", "loopdatainput": "", "name": "G", "outmsgitemkind": "Information", "costcenter": "", "completioncondition": "", "isforcompensation": "false", "inmsgiscollection": "false", "inmsgitemkind": "Information", "inmsgstructure": "", "outputdataitem": "", "messageref": "", "loopcondition": "", "onebehavioreventref:": "signal", "implementation": "webService", "operationref": "", "outmsgimport": "", "documentation": "", "categories": "", "auditing": "", "complexbehaviordefinition": ""}, "stencil": {"id": "Task"}, "outgoing": [{"resourceId": "sid-B733697A-B20D-47ED-B5B8-55AB41FCB237"}], "glossaryLinks": {}, "formats": {}}, {"dockers": [], "bounds": {"lowerRight": {"y": 331.99999999999994316, "x": 614.01425986268429824}, "upperLeft": {"y": 251.99999999999994316, "x": 514.01425986268429824}}, "resourceId": "sid-7385E0A9-9237-4705-9026-4BDADD67C8C3", "layers": [], "labels": [], "childShapes": [], "properties": {"resources": "", "outmsgstructure": "", "applyincalc": "true", "loopcardinality": "", "outmessagename": "", "inmessagename": "", "bgcolor": "#ffffcc", "bordercolor": "#000000", "time": "", "loopdataoutput": "", "testbefore": "false", "callacitivity": "false", "outmsgiscollection": "false", "monitoring": "", "operationname": "", "dataoutputset": "", "completionquantity": "1", "properties": "", "script": "", "assignments": "", "nonebehavioreventref": "signal", "scriptformat": "", "datainputset": "", "processid": "", "startquantity": "1", "tasktype": "None", "looptype": "None", "instantiate": "false", "behavior": "all", "inmsgimport": "", "costs": "", "inputdataitem": "", "loopdatainput": "", "name": "H", "outmsgitemkind": "Information", "costcenter": "", "completioncondition": "", "isforcompensation": "false", "inmsgiscollection": "false", "inmsgitemkind": "Information", "inmsgstructure": "", "outputdataitem": "", "messageref": "", "loopcondition": "", "onebehavioreventref:": "signal", "implementation": "webService", "operationref": "", "outmsgimport": "", "documentation": "", "categories": "", "auditing": "", "complexbehaviordefinition": ""}, "stencil": {"id": "Task"}, "outgoing": [{"resourceId": "sid-6FB8B3B7-951C-429A-80D9-416751A6E059"}], "glossaryLinks": {}, "formats": {}}, {"dockers": [], "bounds": {"lowerRight": {"y": 331.99999999999994316, "x": 794.01425986268407087}, "upperLeft": {"y": 251.99999999999994316, "x": 694.01425986268429824}}, "resourceId": "sid-A3F616CA-E6FE-4A13-B09B-A841FBF0B216", "layers": [], "labels": [], "childShapes": [], "properties": {"resources": "", "outmsgstructure": "", "applyincalc": "true", "loopcardinality": "", "outmessagename": "", "inmessagename": "", "bgcolor": "#ffffcc", "bordercolor": "#000000", "time": "", "loopdataoutput": "", "testbefore": "false", "callacitivity": "false", "outmsgiscollection": "false", "monitoring": "", "operationname": "", "dataoutputset": "", "completionquantity": "1", "properties": "", "script": "", "assignments": "", "nonebehavioreventref": "signal", "scriptformat": "", "datainputset": "", "processid": "", "startquantity": "1", "tasktype": "None", "looptype": "None", "instantiate": "false", "behavior": "all", "inmsgimport": "", "costs": "", "inputdataitem": "", "loopdatainput": "", "name": "I", "outmsgitemkind": "Information", "costcenter": "", "completioncondition": "", "isforcompensation": "false", "inmsgiscollection": "false", "inmsgitemkind": "Information", "inmsgstructure": "", "outputdataitem": "", "messageref": "", "loopcondition": "", "onebehavioreventref:": "signal", "implementation": "webService", "operationref": "", "outmsgimport": "", "documentation": "", "categories": "", "auditing": "", "complexbehaviordefinition": ""}, "stencil": {"id": "Task"}, "outgoing": [{"resourceId": "sid-5CDF06F1-FD3B-4AAA-9A63-3AE234705D4A"}], "glossaryLinks": {}, "formats": {}}, {"dockers": [], "bounds": {"lowerRight": {"y": 274.37898606728418827, "x": 1219.8124482598850591}, "upperLeft": {"y": 194.37898606728424511, "x": 1119.8124482598850591}}, "resourceId": "sid-BDEBF613-0A3E-4681-A970-CEBDCE516C62", "layers": [], "labels": [], "childShapes": [], "properties": {"resources": "", "outmsgstructure": "", "applyincalc": "true", "loopcardinality": "", "outmessagename": "", "inmessagename": "", "bgcolor": "#ffffcc", "bordercolor": "#000000", "time": "", "loopdataoutput": "", "testbefore": "false", "callacitivity": "false", "outmsgiscollection": "false", "monitoring": "", "operationname": "", "dataoutputset": "", "completionquantity": "1", "properties": "", "script": "", "assignments": "", "nonebehavioreventref": "signal", "scriptformat": "", "datainputset": "", "processid": "", "startquantity": "1", "tasktype": "None", "looptype": "None", "instantiate": "false", "behavior": "all", "inmsgimport": "", "costs": "", "inputdataitem": "", "loopdatainput": "", "name": "J", "outmsgitemkind": "Information", "costcenter": "", "completioncondition": "", "isforcompensation": "false", "inmsgiscollection": "false", "inmsgitemkind": "Information", "inmsgstructure": "", "outputdataitem": "", "messageref": "", "loopcondition": "", "onebehavioreventref:": "signal", "implementation": "webService", "operationref": "", "outmsgimport": "", "documentation": "", "categories": "", "auditing": "", "complexbehaviordefinition": ""}, "stencil": {"id": "Task"}, "outgoing": [{"resourceId": "sid-CE2A8DE1-0BEB-480F-B1B1-55A064E1FFDD"}], "glossaryLinks": {}, "formats": {}}, {"dockers": [], "bounds": {"lowerRight": {"y": 311.99999999999994316, "x": 1085.7850566195143074}, "upperLeft": {"y": 271.99999999999994316, "x": 1045.7850566195143074}}, "resourceId": "sid-23EB3D5B-6DF2-4E61-A21A-9C126DC3F10A", "layers": [], "labels": [], "childShapes": [], "properties": {"monitoring": "", "gatewaytype": "AND", "gates": "", "assignments": "", "bgcolor": "#ffffff", "bordercolor": "#000000", "pool": "", "name": "", "gates_assignments": "", "documentation": "", "categories": "", "auditing": "", "gates_outgoingsequenceflow": "", "lanes": "", "processid": ""}, "stencil": {"id": "ParallelGateway"}, "outgoing": [{"resourceId": "sid-F2554618-9FE4-4768-88C1-461525F7BAAF"}, {"resourceId": "sid-75D48F86-E0AD-4F01-9F90-FAE62291246F"}], "glossaryLinks": {}, "formats": {}}, {"dockers": [], "bounds": {"lowerRight": {"y": 397.75797213456849022, "x": 1219.8124482598850591}, "upperLeft": {"y": 317.75797213456843338, "x": 1119.8124482598850591}}, "resourceId": "sid-80CB9F9B-BFBF-46CD-AC64-339F5FE069D6", "layers": [], "labels": [], "childShapes": [], "properties": {"resources": "", "outmsgstructure": "", "applyincalc": "true", "loopcardinality": "", "outmessagename": "", "inmessagename": "", "bgcolor": "#ffffcc", "bordercolor": "#000000", "time": "", "loopdataoutput": "", "testbefore": "false", "callacitivity": "false", "outmsgiscollection": "false", "monitoring": "", "operationname": "", "dataoutputset": "", "completionquantity": "1", "properties": "", "script": "", "assignments": "", "nonebehavioreventref": "signal", "scriptformat": "", "datainputset": "", "processid": "", "startquantity": "1", "tasktype": "None", "looptype": "None", "instantiate": "false", "behavior": "all", "inmsgimport": "", "costs": "", "inputdataitem": "", "loopdatainput": "", "name": "K", "outmsgitemkind": "Information", "costcenter": "", "completioncondition": "", "isforcompensation": "false", "inmsgiscollection": "false", "inmsgitemkind": "Information", "inmsgstructure": "", "outputdataitem": "", "messageref": "", "loopcondition": "", "onebehavioreventref:": "signal", "implementation": "webService", "operationref": "", "outmsgimport": "", "documentation": "", "categories": "", "auditing": "", "complexbehaviordefinition": ""}, "stencil": {"id": "Task"}, "outgoing": [{"resourceId": "sid-01A79D63-3B9F-4B21-81D0-431E4834B235"}], "glossaryLinks": {}, "formats": {}}, {"dockers": [], "bounds": {"lowerRight": {"y": 331.99999999999994316, "x": 1454.0142598626844119}, "upperLeft": {"y": 251.99999999999994316, "x": 1354.0142598626844119}}, "resourceId": "sid-9037FE7E-950D-4FF2-B7D5-771828188130", "layers": [], "labels": [], "childShapes": [], "properties": {"resources": "", "outmsgstructure": "", "applyincalc": "true", "loopcardinality": "", "outmessagename": "", "inmessagename": "", "bgcolor": "#ffffcc", "bordercolor": "#000000", "time": "", "loopdataoutput": "", "testbefore": "false", "callacitivity": "false", "outmsgiscollection": "false", "monitoring": "", "operationname": "", "dataoutputset": "", "completionquantity": "1", "properties": "", "script": "", "assignments": "", "nonebehavioreventref": "signal", "scriptformat": "", "datainputset": "", "processid": "", "startquantity": "1", "tasktype": "None", "looptype": "None", "instantiate": "false", "behavior": "all", "inmsgimport": "", "costs": "", "inputdataitem": "", "loopdatainput": "", "name": "L", "outmsgitemkind": "Information", "costcenter": "", "completioncondition": "", "isforcompensation": "false", "inmsgiscollection": "false", "inmsgitemkind": "Information", "inmsgstructure": "", "outputdataitem": "", "messageref": "", "loopcondition": "", "onebehavioreventref:": "signal", "implementation": "webService", "operationref": "", "outmsgimport": "", "documentation": "", "categories": "", "auditing": "", "complexbehaviordefinition": ""}, "stencil": {"id": "Task"}, "outgoing": [{"resourceId": "sid-C05417C7-ACAF-4DA7-863A-5A1413026935"}], "glossaryLinks": {}, "formats": {}}, {"dockers": [], "bounds": {"lowerRight": {"y": 550.48855262876634242, "x": 1787.3557841693923365}, "upperLeft": {"y": 470.48855262876634242, "x": 1687.3557841693923365}}, "resourceId": "sid-DFE0350B-73C1-47C1-B816-EE02F7462F7D", "layers": [], "labels": [], "childShapes": [], "properties": {"resources": "", "outmsgstructure": "", "applyincalc": "true", "loopcardinality": "", "outmessagename": "", "inmessagename": "", "bgcolor": "#ffffcc", "bordercolor": "#000000", "time": "", "loopdataoutput": "", "testbefore": "false", "callacitivity": "false", "outmsgiscollection": "false", "monitoring": "", "operationname": "", "dataoutputset": "", "completionquantity": "1", "properties": "", "script": "", "assignments": "", "nonebehavioreventref": "signal", "scriptformat": "", "datainputset": "", "processid": "", "startquantity": "1", "tasktype": "None", "looptype": "None", "instantiate": "false", "behavior": "all", "inmsgimport": "", "costs": "", "inputdataitem": "", "loopdatainput": "", "name": "M", "outmsgitemkind": "Information", "costcenter": "", "completioncondition": "", "isforcompensation": "false", "inmsgiscollection": "false", "inmsgitemkind": "Information", "inmsgstructure": "", "outputdataitem": "", "messageref": "", "loopcondition": "", "onebehavioreventref:": "signal", "implementation": "webService", "operationref": "", "outmsgimport": "", "documentation": "", "categories": "", "auditing": "", "complexbehaviordefinition": ""}, "stencil": {"id": "Task"}, "outgoing": [{"resourceId": "sid-45B48AD9-1554-43FF-A010-95C7516A1E1C"}], "glossaryLinks": {}, "formats": {}}, {"dockers": [], "bounds": {"lowerRight": {"y": 397.75797213456837653, "x": 1708.0041897424789568}, "upperLeft": {"y": 317.75797213456843338, "x": 1608.0041897424789568}}, "resourceId": "sid-FA23B22F-8FE5-418E-A626-E0078E4C32BE", "layers": [], "labels": [], "childShapes": [], "properties": {"resources": "", "outmsgstructure": "", "applyincalc": "true", "loopcardinality": "", "outmessagename": "", "inmessagename": "", "bgcolor": "#ffffcc", "bordercolor": "#000000", "time": "", "loopdataoutput": "", "testbefore": "false", "callacitivity": "false", "outmsgiscollection": "false", "monitoring": "", "operationname": "", "dataoutputset": "", "completionquantity": "1", "properties": "", "script": "", "assignments": "", "nonebehavioreventref": "signal", "scriptformat": "", "datainputset": "", "processid": "", "startquantity": "1", "tasktype": "None", "looptype": "None", "instantiate": "false", "behavior": "all", "inmsgimport": "", "costs": "", "inputdataitem": "", "loopdatainput": "", "name": "N", "outmsgitemkind": "Information", "costcenter": "", "completioncondition": "", "isforcompensation": "false", "inmsgiscollection": "false", "inmsgitemkind": "Information", "inmsgstructure": "", "outputdataitem": "", "messageref": "", "loopcondition": "", "onebehavioreventref:": "signal", "implementation": "webService", "operationref": "", "outmsgimport": "", "documentation": "", "categories": "", "auditing": "", "complexbehaviordefinition": ""}, "stencil": {"id": "Task"}, "outgoing": [{"resourceId": "sid-B188CE33-BB46-48C4-A623-17B86558E4D3"}], "glossaryLinks": {}, "formats": {}}, {"dockers": [], "bounds": {"lowerRight": {"y": 550.48855262876622874, "x": 2060.755890009268569}, "upperLeft": {"y": 470.48855262876617189, "x": 1960.755890009268569}}, "resourceId": "sid-CD685F3B-B78F-4465-B4A9-BFF6C814C635", "layers": [], "labels": [], "childShapes": [], "properties": {"resources": "", "outmsgstructure": "", "applyincalc": "true", "loopcardinality": "", "outmessagename": "", "inmessagename": "", "bgcolor": "#ffffcc", "bordercolor": "#000000", "time": "", "loopdataoutput": "", "testbefore": "false", "callacitivity": "false", "outmsgiscollection": "false", "monitoring": "", "operationname": "", "dataoutputset": "", "completionquantity": "1", "properties": "", "script": "", "assignments": "", "nonebehavioreventref": "signal", "scriptformat": "", "datainputset": "", "processid": "", "startquantity": "1", "tasktype": "None", "looptype": "None", "instantiate": "false", "behavior": "all", "inmsgimport": "", "costs": "", "inputdataitem": "", "loopdatainput": "", "name": "O", "outmsgitemkind": "Information", "costcenter": "", "completioncondition": "", "isforcompensation": "false", "inmsgiscollection": "false", "inmsgitemkind": "Information", "inmsgstructure": "", "outputdataitem": "", "messageref": "", "loopcondition": "", "onebehavioreventref:": "signal", "implementation": "webService", "operationref": "", "outmsgimport": "", "documentation": "", "categories": "", "auditing": "", "complexbehaviordefinition": ""}, "stencil": {"id": "Task"}, "outgoing": [{"resourceId": "sid-93D3BD34-6880-47D0-A6A2-8497EB928B58"}], "glossaryLinks": {}, "formats": {}}, {"dockers": [], "bounds": {"lowerRight": {"y": 524.48855262876634242, "x": 2207.6387679662216215}, "upperLeft": {"y": 496.48855262876634242, "x": 2179.6387679662216215}}, "resourceId": "sid-75763271-4DBE-46C7-A5EA-A85854E9B982", "layers": [], "labels": [], "childShapes": [], "properties": {"inputset": "", "bordercolor": "#000000", "trigger": "None", "monitoring": "", "datainputassociations": "", "name": "", "documentation": "", "auditing": "", "datainput": "", "bgcolor": "#ffffff"}, "stencil": {"id": "EndNoneEvent"}, "outgoing": [], "glossaryLinks": {}, "formats": {}}, {"dockers": [], "bounds": {"lowerRight": {"y": 530.48855262876634242, "x": 1678.0041897424789568}, "upperLeft": {"y": 490.48855262876634242, "x": 1638.0041897424789568}}, "resourceId": "sid-F8143B78-34CD-4314-BE76-BE1BF0D7F19F", "layers": [], "labels": [], "childShapes": [], "properties": {"monitoring": "", "gatewaytype": "AND", "gates": "", "assignments": "", "bgcolor": "#ffffff", "bordercolor": "#000000", "pool": "", "name": "", "gates_assignments": "", "documentation": "", "categories": "", "auditing": "", "gates_outgoingsequenceflow": "", "lanes": "", "processid": ""}, "stencil": {"id": "ParallelGateway"}, "outgoing": [{"resourceId": "sid-31CA0D53-1F71-4B1C-A617-6A9541FB4D89"}, {"resourceId": "sid-3FE4F1CF-60D8-469B-9171-CB505B738EA2"}], "glossaryLinks": {}, "formats": {}}, {"dockers": [], "bounds": {"lowerRight": {"y": 550.48855262876634242, "x": 1614.6252036751948253}, "upperLeft": {"y": 470.48855262876634242, "x": 1514.6252036751948253}}, "resourceId": "sid-A034E5D2-D6D1-49D9-B89E-ACAD2E51B658", "layers": [], "labels": [], "childShapes": [], "properties": {"resources": "", "outmsgstructure": "", "applyincalc": "true", "loopcardinality": "", "outmessagename": "", "inmessagename": "", "bgcolor": "#ffffcc", "bordercolor": "#000000", "time": "", "loopdataoutput": "", "testbefore": "false", "callacitivity": "false", "outmsgiscollection": "false", "monitoring": "", "operationname": "", "dataoutputset": "", "completionquantity": "1", "properties": "", "script": "", "assignments": "", "nonebehavioreventref": "signal", "scriptformat": "", "datainputset": "", "processid": "", "startquantity": "1", "tasktype": "None", "looptype": "None", "instantiate": "false", "behavior": "all", "inmsgimport": "", "costs": "", "inputdataitem": "", "loopdatainput": "", "name": "P", "outmsgitemkind": "Information", "costcenter": "", "completioncondition": "", "isforcompensation": "false", "inmsgiscollection": "false", "inmsgitemkind": "Information", "inmsgstructure": "", "outputdataitem": "", "messageref": "", "loopcondition": "", "onebehavioreventref:": "signal", "implementation": "webService", "operationref": "", "outmsgimport": "", "documentation": "", "categories": "", "auditing": "", "complexbehaviordefinition": ""}, "stencil": {"id": "Task"}, "outgoing": [{"resourceId": "sid-AB9D520A-C4C6-4AC1-882C-F29BB46BCC47"}, {"resourceId": "sid-98AA79E1-F94B-4EE4-84B0-A24BD45595B8"}], "glossaryLinks": {}, "formats": {}}, {"dockers": [], "bounds": {"lowerRight": {"y": 693.86753869605058753, "x": 1708.0041897424789568}, "upperLeft": {"y": 613.86753869605058753, "x": 1608.0041897424789568}}, "resourceId": "sid-26789883-3082-4537-AFB4-DE1DD2776FED", "layers": [], "labels": [], "childShapes": [], "properties": {"resources": "", "outmsgstructure": "", "applyincalc": "true", "loopcardinality": "", "outmessagename": "", "inmessagename": "", "bgcolor": "#ffffcc", "bordercolor": "#000000", "time": "", "loopdataoutput": "", "testbefore": "false", "callacitivity": "false", "outmsgiscollection": "false", "monitoring": "", "operationname": "", "dataoutputset": "", "completionquantity": "1", "properties": "", "script": "", "assignments": "", "nonebehavioreventref": "signal", "scriptformat": "", "datainputset": "", "processid": "", "startquantity": "1", "tasktype": "None", "looptype": "None", "instantiate": "false", "behavior": "all", "inmsgimport": "", "costs": "", "inputdataitem": "", "loopdatainput": "", "name": "Q", "outmsgitemkind": "Information", "costcenter": "", "completioncondition": "", "isforcompensation": "false", "inmsgiscollection": "false", "inmsgitemkind": "Information", "inmsgstructure": "", "outputdataitem": "", "messageref": "", "loopcondition": "", "onebehavioreventref:": "signal", "implementation": "webService", "operationref": "", "outmsgimport": "", "documentation": "", "categories": "", "auditing": "", "complexbehaviordefinition": ""}, "stencil": {"id": "Task"}, "outgoing": [{"resourceId": "sid-A6A64BF0-6AED-4DBB-95D1-B865A1CE3CA8"}], "glossaryLinks": {}, "formats": {}}, {"dockers": [], "bounds": {"lowerRight": {"y": 311.99999999999994316, "x": 1304.0142598626844119}, "upperLeft": {"y": 271.99999999999994316, "x": 1264.0142598626844119}}, "resourceId": "sid-FAC77E33-5222-427B-98DB-0A5EA32A1C34", "layers": [], "labels": [], "childShapes": [], "properties": {"monitoring": "", "gatewaytype": "AND", "gates": "", "assignments": "", "bgcolor": "#ffffff", "bordercolor": "#000000", "pool": "", "name": "", "gates_assignments": "", "documentation": "", "categories": "", "auditing": "", "gates_outgoingsequenceflow": "", "lanes": "", "processid": ""}, "stencil": {"id": "ParallelGateway"}, "outgoing": [{"resourceId": "sid-0377FBF7-38CF-420E-9BCD-D558FEFA0FF8"}], "glossaryLinks": {}, "formats": {}}, {"dockers": [], "bounds": {"lowerRight": {"y": 530.48855262876634242, "x": 1891.200640127905217}, "upperLeft": {"y": 490.48855262876634242, "x": 1851.200640127905217}}, "resourceId": "sid-78EC2A68-A6E8-43B6-A3F4-32762E16B3A1", "layers": [], "labels": [], "childShapes": [], "properties": {"monitoring": "", "gatewaytype": "AND", "gates": "", "assignments": "", "bgcolor": "#ffffff", "bordercolor": "#000000", "pool": "", "name": "", "gates_assignments": "", "documentation": "", "categories": "", "auditing": "", "gates_outgoingsequenceflow": "", "lanes": "", "processid": ""}, "stencil": {"id": "ParallelGateway"}, "outgoing": [{"resourceId": "sid-E0B80A20-BC9D-4032-BFE4-EE49DA2E5C7D"}], "glossaryLinks": {}, "formats": {}}], "properties": {"showcaption": "true", "bordercolor": "#000000", "monitoring": "", "parentlane": "", "name": "", "documentation": "", "auditing": "", "bgcolor": "", "parentpool": ""}, "stencil": {"id": "Lane"}, "outgoing": [], "glossaryLinks": {}, "formats": {}}], "properties": {"isclosed": "false", "enableinstancecompensation": "false", "boundaryvisible": "true", "monitoring": "", "processcategories": "", "minimum": "2", "status": "None", "isexecutable": "false", "processdocumentation": "", "processtype": "None", "bordercolor": "#000000", "processname": "", "multiinstance": "false", "maximum": "2", "name": "R", "documentation": "", "suppressjoinfailure": "false", "adhoccompletioncondition": "", "auditing": "", "adhocordering": "Parallel", "adhoc": "false", "processid": ""}, "stencil": {"id": "Pool"}, "outgoing": [], "glossaryLinks": {}, "formats": {}}, {"dockers": [{"y": 40, "x": 98.999999999999943157}, {"y": 40, "x": 1}], "bounds": {"lowerRight": {"y": 1108.1470764077810145, "x": 301.09554356981954015}, "upperLeft": {"y": 1108.1470764077810145, "x": 239.41470543201313603}}, "resourceId": "sid-2B07C301-D2B9-4FB1-B2C5-C3512CE62155", "layers": [], "labels": [], "target": {"resourceId": "sid-8B36B345-F1DA-4B00-92FF-EB0BC6BC5AD1"}, "childShapes": [], "properties": {"ConditionType": "None", "bordercolor": "#000000", "showdiamondmarker": "false", "monitoring": "", "name": "", "documentation": "", "probability": "", "conditionexpression": "", "auditing": "", "isimmediate": "false"}, "stencil": {"id": "SequenceFlow"}, "outgoing": [{"resourceId": "sid-8B36B345-F1DA-4B00-92FF-EB0BC6BC5AD1"}], "glossaryLinks": {}, "formats": {}}, {"dockers": [{"y": 40, "x": 50}, {"y": 40, "x": 49.999999999999886313}], "bounds": {"lowerRight": {"y": 908.1470764077810145, "x": 749.78125}, "upperLeft": {"y": 908.1470764077810145, "x": 670}}, "resourceId": "sid-6FB8B3B7-951C-429A-80D9-416751A6E059", "layers": [], "labels": [], "target": {"resourceId": "sid-A3F616CA-E6FE-4A13-B09B-A841FBF0B216"}, "childShapes": [], "properties": {"ConditionType": "None", "bordercolor": "#000000", "showdiamondmarker": "false", "monitoring": "", "name": "", "documentation": "", "probability": "", "conditionexpression": "", "auditing": "", "isimmediate": "false"}, "stencil": {"id": "SequenceFlow"}, "outgoing": [{"resourceId": "sid-A3F616CA-E6FE-4A13-B09B-A841FBF0B216"}], "glossaryLinks": {}, "formats": {}}, {"dockers": [{"y": 40, "x": 49.999999999999886313}, {"y": 20.5, "x": 20.5}], "bounds": {"lowerRight": {"y": 908.6142749193952568, "x": 1101.1288731630870643}, "upperLeft": {"y": 908.22465092043182722, "x": 849.99999999999977263}}, "resourceId": "sid-5CDF06F1-FD3B-4AAA-9A63-3AE234705D4A", "layers": [], "labels": [], "target": {"resourceId": "sid-23EB3D5B-6DF2-4E61-A21A-9C126DC3F10A"}, "childShapes": [], "properties": {"ConditionType": "None", "showdiamondmarker": "false", "bordercolor": "#000000", "monitoring": "", "name": "", "documentation": "", "probability": "", "conditionexpression": "", "isimmediate": "false", "auditing": ""}, "stencil": {"id": "SequenceFlow"}, "outgoing": [{"resourceId": "sid-23EB3D5B-6DF2-4E61-A21A-9C126DC3F10A"}], "glossaryLinks": {}, "formats": {}}, {"dockers": [{"y": 39.999999999999971578, "x": 50}, {"y": 850.5260624750652596, "x": 1340.5}, {"y": 20.5, "x": 20.5}], "bounds": {"lowerRight": {"y": 887.66797786840993467, "x": 1340.5}, "upperLeft": {"y": 850.5260624750652596, "x": 1275.7981883972006472}}, "resourceId": "sid-CE2A8DE1-0BEB-480F-B1B1-55A064E1FFDD", "layers": [], "labels": [], "target": {"resourceId": "sid-FAC77E33-5222-427B-98DB-0A5EA32A1C34"}, "childShapes": [], "properties": {"ConditionType": "None", "bordercolor": "#000000", "showdiamondmarker": "false", "monitoring": "", "name": "", "documentation": "", "probability": "", "conditionexpression": "", "auditing": "", "isimmediate": "false"}, "stencil": {"id": "SequenceFlow"}, "outgoing": [{"resourceId": "sid-FAC77E33-5222-427B-98DB-0A5EA32A1C34"}], "glossaryLinks": {}, "formats": {}}, {"dockers": [{"y": 40, "x": 99}, {"y": 973.90504854234950471, "x": 1340.5}, {"y": 20.5, "x": 20.5}], "bounds": {"lowerRight": {"y": 973.90504854234950471, "x": 1340.5}, "upperLeft": {"y": 928.1470764077810145, "x": 1275.7981883972006472}}, "resourceId": "sid-01A79D63-3B9F-4B21-81D0-431E4834B235", "layers": [], "labels": [], "target": {"resourceId": "sid-FAC77E33-5222-427B-98DB-0A5EA32A1C34"}, "childShapes": [], "properties": {"ConditionType": "None", "bordercolor": "#000000", "showdiamondmarker": "false", "monitoring": "", "name": "", "documentation": "", "probability": "", "conditionexpression": "", "auditing": "", "isimmediate": "false"}, "stencil": {"id": "SequenceFlow"}, "outgoing": [{"resourceId": "sid-FAC77E33-5222-427B-98DB-0A5EA32A1C34"}], "glossaryLinks": {}, "formats": {}}, {"dockers": [{"y": 74, "x": 70.499999999999886313}, {"y": 40, "x": 49.999999999999886313}], "bounds": {"lowerRight": {"y": 1310.1470764077810145, "x": 779.40429687499988631}, "upperLeft": {"y": 1310.1470764077810145, "x": 710.99999999999977263}}, "resourceId": "sid-B733697A-B20D-47ED-B5B8-55AB41FCB237", "layers": [], "labels": [], "target": {"resourceId": "sid-04F186E4-5B1D-42BE-9298-D80DA9A2B085"}, "childShapes": [], "properties": {"ConditionType": "None", "bordercolor": "#000000", "showdiamondmarker": "false", "monitoring": "", "name": "", "documentation": "", "probability": "", "conditionexpression": "", "auditing": "", "isimmediate": "false"}, "stencil": {"id": "SequenceFlow"}, "outgoing": [{"resourceId": "sid-04F186E4-5B1D-42BE-9298-D80DA9A2B085"}], "glossaryLinks": {}, "formats": {}}, {"dockers": [{"y": 40, "x": 50}, {"y": 20.5, "x": 20.5}], "bounds": {"lowerRight": {"y": 1127.024834356544261, "x": 1693.6873454390924962}, "upperLeft": {"y": 1126.9019293136093438, "x": 1670.6109438125104134}}, "resourceId": "sid-AB9D520A-C4C6-4AC1-882C-F29BB46BCC47", "layers": [], "labels": [], "target": {"resourceId": "sid-F8143B78-34CD-4314-BE76-BE1BF0D7F19F"}, "childShapes": [], "properties": {"ConditionType": "None", "bordercolor": "#000000", "showdiamondmarker": "false", "monitoring": "", "name": "", "documentation": "", "probability": "", "conditionexpression": "", "auditing": "", "isimmediate": "false"}, "stencil": {"id": "SequenceFlow"}, "outgoing": [{"resourceId": "sid-F8143B78-34CD-4314-BE76-BE1BF0D7F19F"}], "glossaryLinks": {}, "formats": {}}, {"dockers": [{"y": 40, "x": 50}, {"y": 1126.6356290365474706, "x": 1713.9899298797945448}, {"y": 40, "x": 50}], "bounds": {"lowerRight": {"y": 1229.8094236010585973, "x": 1713.9899298797945448}, "upperLeft": {"y": 1126.6356290365474706, "x": 1670.6109438125104134}}, "resourceId": "sid-98AA79E1-F94B-4EE4-84B0-A24BD45595B8", "layers": [], "labels": [], "target": {"resourceId": "sid-26789883-3082-4537-AFB4-DE1DD2776FED"}, "childShapes": [], "properties": {"ConditionType": "None", "showdiamondmarker": "false", "bordercolor": "#000000", "monitoring": "", "name": "", "documentation": "", "probability": "", "conditionexpression": "", "isimmediate": "false", "auditing": ""}, "stencil": {"id": "SequenceFlow"}, "outgoing": [{"resourceId": "sid-26789883-3082-4537-AFB4-DE1DD2776FED"}], "glossaryLinks": {}, "formats": {}}, {"dockers": [{"y": 40, "x": 50.000000000000007105}, {"y": 20, "x": 20}], "bounds": {"lowerRight": {"y": 1108.1470764077810145, "x": 450.42117868278432979}, "upperLeft": {"y": 1108.1470764077810145, "x": 401.09554356981954015}}, "resourceId": "sid-D400A2BB-9B25-4057-8613-FC755653963E", "layers": [], "labels": [], "target": {"resourceId": "sid-A4AE0EDC-D1D7-4D95-BE8B-EC57D776642D"}, "childShapes": [], "properties": {"ConditionType": "None", "showdiamondmarker": "false", "bordercolor": "#000000", "monitoring": "", "name": "", "documentation": "", "probability": "", "conditionexpression": "", "isimmediate": "false", "auditing": ""}, "stencil": {"id": "SequenceFlow"}, "outgoing": [{"resourceId": "sid-A4AE0EDC-D1D7-4D95-BE8B-EC57D776642D"}], "glossaryLinks": {}, "formats": {}}, {"dockers": [{"y": 20.5, "x": 20.5}, {"y": 40, "x": 50}], "bounds": {"lowerRight": {"y": 1169.4090263900786795, "x": 470.40131680322446073}, "upperLeft": {"y": 1128.6507374130328571, "x": 470.20024569677553927}}, "resourceId": "sid-3336DB4D-46BC-460C-B8AB-9042619DA7AC", "layers": [], "labels": [], "target": {"resourceId": "sid-82B95B9F-3EF6-4D69-BA7D-F0BF31D0E8C2"}, "childShapes": [], "properties": {"ConditionType": "None", "showdiamondmarker": "false", "bordercolor": "#000000", "monitoring": "", "name": "", "documentation": "", "probability": "", "conditionexpression": "", "isimmediate": "false", "auditing": ""}, "stencil": {"id": "SequenceFlow"}, "outgoing": [{"resourceId": "sid-82B95B9F-3EF6-4D69-BA7D-F0BF31D0E8C2"}], "glossaryLinks": {}, "formats": {}}, {"dockers": [{"y": 20.5, "x": 20.5}, {"y": 79, "x": 50}], "bounds": {"lowerRight": {"y": 1088.0588619364918941, "x": 470.35219613275120309}, "upperLeft": {"y": 1040, "x": 470.00717905224149717}}, "resourceId": "sid-7118E67A-B81A-4640-B4CA-8A41CE074800", "layers": [], "labels": [], "target": {"resourceId": "sid-C737A9BA-583A-42B5-A26E-19BC7C42BCD3"}, "childShapes": [], "properties": {"ConditionType": "None", "showdiamondmarker": "false", "bordercolor": "#000000", "monitoring": "", "name": "", "documentation": "", "probability": "", "conditionexpression": "", "isimmediate": "false", "auditing": ""}, "stencil": {"id": "SequenceFlow"}, "outgoing": [{"resourceId": "sid-C737A9BA-583A-42B5-A26E-19BC7C42BCD3"}], "glossaryLinks": {}, "formats": {}}, {"dockers": [{"y": 79.000000000000056843, "x": 50}, {"y": 1308.1470764077810145, "x": 470}, {"y": 72, "x": 70}], "bounds": {"lowerRight": {"y": 1308.1470764077810145, "x": 569.9375}, "upperLeft": {"y": 1250, "x": 470}}, "resourceId": "sid-08886ED7-16C2-4667-95E4-DE30B20B3FFB", "layers": [], "labels": [], "target": {"resourceId": "sid-1F3801D0-48C2-4A6D-9DB5-55B5AE9B88D9"}, "childShapes": [], "properties": {"ConditionType": "None", "bordercolor": "#000000", "showdiamondmarker": "false", "monitoring": "", "name": "", "documentation": "", "probability": "", "conditionexpression": "", "auditing": "", "isimmediate": "false"}, "stencil": {"id": "SequenceFlow"}, "outgoing": [{"resourceId": "sid-1F3801D0-48C2-4A6D-9DB5-55B5AE9B88D9"}], "glossaryLinks": {}, "formats": {}}, {"dockers": [{"y": 1, "x": 50}, {"y": 908.1470764077810145, "x": 470}, {"y": 40.000000000000014211, "x": 50}], "bounds": {"lowerRight": {"y": 960, "x": 569.78125}, "upperLeft": {"y": 908.1470764077810145, "x": 470}}, "resourceId": "sid-907E83FC-6438-451D-88B5-5BF6289D2596", "layers": [], "labels": [], "target": {"resourceId": "sid-7385E0A9-9237-4705-9026-4BDADD67C8C3"}, "childShapes": [], "properties": {"ConditionType": "None", "bordercolor": "#000000", "showdiamondmarker": "false", "monitoring": "", "name": "", "documentation": "", "probability": "", "conditionexpression": "", "auditing": "", "isimmediate": "false"}, "stencil": {"id": "SequenceFlow"}, "outgoing": [{"resourceId": "sid-7385E0A9-9237-4705-9026-4BDADD67C8C3"}], "glossaryLinks": {}, "formats": {}}, {"dockers": [{"y": 40, "x": 49.999999999999886313}, {"y": 1310.1470764077810145, "x": 1620.6109438125104134}, {"y": 40, "x": 50}], "bounds": {"lowerRight": {"y": 1310.1470764077810145, "x": 1620.6109438125104134}, "upperLeft": {"y": 1166.6356290365474706, "x": 879.99999999999977263}}, "resourceId": "sid-3AEDC2CE-F413-4615-84C5-7CA517519D14", "layers": [], "labels": [], "target": {"resourceId": "sid-A034E5D2-D6D1-49D9-B89E-ACAD2E51B658"}, "childShapes": [], "properties": {"ConditionType": "None", "showdiamondmarker": "false", "bordercolor": "#000000", "monitoring": "", "name": "", "documentation": "", "probability": "", "conditionexpression": "", "isimmediate": "false", "auditing": ""}, "stencil": {"id": "SequenceFlow"}, "outgoing": [{"resourceId": "sid-A034E5D2-D6D1-49D9-B89E-ACAD2E51B658"}], "glossaryLinks": {}, "formats": {}}, {"dockers": [{"y": 40, "x": 50}, {"y": 908.1470764077810145, "x": 1620.6109438125104134}, {"y": 40, "x": 50}], "bounds": {"lowerRight": {"y": 1086.375967236066117, "x": 1620.6109438125104134}, "upperLeft": {"y": 908.1470764077810145, "x": 1510}}, "resourceId": "sid-C05417C7-ACAF-4DA7-863A-5A1413026935", "layers": [], "labels": [], "target": {"resourceId": "sid-A034E5D2-D6D1-49D9-B89E-ACAD2E51B658"}, "childShapes": [], "properties": {"ConditionType": "None", "showdiamondmarker": "false", "bordercolor": "#000000", "monitoring": "", "name": "", "documentation": "", "probability": "", "conditionexpression": "", "isimmediate": "false", "auditing": ""}, "stencil": {"id": "SequenceFlow"}, "outgoing": [{"resourceId": "sid-A034E5D2-D6D1-49D9-B89E-ACAD2E51B658"}], "glossaryLinks": {}, "formats": {}}, {"dockers": [{"y": 20.5, "x": 20.5}, {"y": 40, "x": 50}], "bounds": {"lowerRight": {"y": 908.56476734398700046, "x": 1409.51954000323326}, "upperLeft": {"y": 908.35829172157502853, "x": 1360.17186624676674}}, "resourceId": "sid-0377FBF7-38CF-420E-9BCD-D558FEFA0FF8", "layers": [], "labels": [], "target": {"resourceId": "sid-9037FE7E-950D-4FF2-B7D5-771828188130"}, "childShapes": [], "properties": {"ConditionType": "None", "showdiamondmarker": "false", "bordercolor": "#000000", "monitoring": "", "name": "", "documentation": "", "probability": "", "conditionexpression": "", "isimmediate": "false", "auditing": ""}, "stencil": {"id": "SequenceFlow"}, "outgoing": [{"resourceId": "sid-9037FE7E-950D-4FF2-B7D5-771828188130"}], "glossaryLinks": {}, "formats": {}}, {"dockers": [{"y": 40, "x": 50}, {"y": 1270.014615103831602, "x": 1927.6863802652208051}, {"y": 20.5, "x": 20.5}], "bounds": {"lowerRight": {"y": 1270.014615103831602, "x": 1927.6863802652208051}, "upperLeft": {"y": 1146.6356290365474706, "x": 1763.9899298797945448}}, "resourceId": "sid-A6A64BF0-6AED-4DBB-95D1-B865A1CE3CA8", "layers": [], "labels": [], "target": {"resourceId": "sid-78EC2A68-A6E8-43B6-A3F4-32762E16B3A1"}, "childShapes": [], "properties": {"ConditionType": "None", "showdiamondmarker": "false", "bordercolor": "#000000", "monitoring": "", "name": "", "documentation": "", "probability": "", "conditionexpression": "", "isimmediate": "false", "auditing": ""}, "stencil": {"id": "SequenceFlow"}, "outgoing": [{"resourceId": "sid-78EC2A68-A6E8-43B6-A3F4-32762E16B3A1"}], "glossaryLinks": {}, "formats": {}}, {"dockers": [{"y": 40, "x": 50}, {"y": 20.5, "x": 20.5}], "bounds": {"lowerRight": {"y": 1127.0576885471955393, "x": 1906.744572634574979}, "upperLeft": {"y": 1126.8217172929353183, "x": 1843.3415243067079246}}, "resourceId": "sid-45B48AD9-1554-43FF-A010-95C7516A1E1C", "layers": [], "labels": [], "target": {"resourceId": "sid-78EC2A68-A6E8-43B6-A3F4-32762E16B3A1"}, "childShapes": [], "properties": {"ConditionType": "None", "showdiamondmarker": "false", "bordercolor": "#000000", "monitoring": "", "name": "", "documentation": "", "probability": "", "conditionexpression": "", "isimmediate": "false", "auditing": ""}, "stencil": {"id": "SequenceFlow"}, "outgoing": [{"resourceId": "sid-78EC2A68-A6E8-43B6-A3F4-32762E16B3A1"}], "glossaryLinks": {}, "formats": {}}, {"dockers": [{"y": 39.999999999999985789, "x": 50}, {"y": 973.90504854234939103, "x": 1927.6863802652208051}, {"y": 20.5, "x": 20.5}], "bounds": {"lowerRight": {"y": 1105.7846925646617819, "x": 1927.6863802652208051}, "upperLeft": {"y": 973.90504854234939103, "x": 1763.9899298797945448}}, "resourceId": "sid-B188CE33-BB46-48C4-A623-17B86558E4D3", "layers": [], "labels": [], "target": {"resourceId": "sid-78EC2A68-A6E8-43B6-A3F4-32762E16B3A1"}, "childShapes": [], "properties": {"ConditionType": "None", "showdiamondmarker": "false", "bordercolor": "#000000", "monitoring": "", "name": "", "documentation": "", "probability": "", "conditionexpression": "", "isimmediate": "false", "auditing": ""}, "stencil": {"id": "SequenceFlow"}, "outgoing": [{"resourceId": "sid-78EC2A68-A6E8-43B6-A3F4-32762E16B3A1"}], "glossaryLinks": {}, "formats": {}}, {"dockers": [{"y": 20.5, "x": 20.5}, {"y": 40, "x": 50}], "bounds": {"lowerRight": {"y": 1127.0656271167097202, "x": 2015.7686561849109239}, "upperLeft": {"y": 1126.818912206385221, "x": 1947.154649175647819}}, "resourceId": "sid-E0B80A20-BC9D-4032-BFE4-EE49DA2E5C7D", "layers": [], "labels": [], "target": {"resourceId": "sid-CD685F3B-B78F-4465-B4A9-BFF6C814C635"}, "childShapes": [], "properties": {"ConditionType": "None", "showdiamondmarker": "false", "bordercolor": "#000000", "monitoring": "", "name": "", "documentation": "", "probability": "", "conditionexpression": "", "isimmediate": "false", "auditing": ""}, "stencil": {"id": "SequenceFlow"}, "outgoing": [{"resourceId": "sid-CD685F3B-B78F-4465-B4A9-BFF6C814C635"}], "glossaryLinks": {}, "formats": {}}], "properties": {"orientation": "horizontal", "monitoring": "", "modificationdate": "", "creationdate": "", "namespaces": "", "version": "", "targetnamespace": "http://www.signavio.com/bpmn20", "author": "", "name": "", "documentation": "", "language": "English", "typelanguage": "http://www.w3.org/2001/XMLSchema", "expressionlanguage": "http://www.w3.org/1999/XPath", "auditing": ""}, "offset": {"y": -0.0013610922189855045872, "x": 0.0013651373156839952117}, "ssextensions": [], "stencilset": {"url": "/stencilsets/bpmn2.0/bpmn2.0.json?version=4.6.0", "namespace": "http://b3mn.org/stencilset/bpmn2.0#"}, "stencil": {"id": "BPMNDiagram"}, "formats": {}}