{"resourceId": "canvas", "properties": {"name": "", "documentation": "", "auditing": "", "monitoring": "", "version": "", "author": "", "language": "English", "namespaces": "", "targetnamespace": "http://www.signavio.com/bpmn20", "expressionlanguage": "http://www.w3.org/1999/XPath", "typelanguage": "http://www.w3.org/2001/XMLSchema", "creationdate": "", "modificationdate": "", "orientation": "horizontal"}, "stencil": {"id": "BPMNDiagram"}, "childShapes": [{"resourceId": "sid-C52A58EC-BA9C-492A-90C5-0E115C0383F4", "properties": {"name": "Student Engagement ", "documentation": "", "auditing": "", "monitoring": "", "boundaryvisible": true, "processname": "", "status": "None", "adhoc": "", "adhocordering": "Parallel", "adhoccompletioncondition": "", "suppressjoinfailure": "", "enableinstancecompensation": "", "processcategories": "", "processdocumentation": "", "multiinstance": "", "minimum": 2, "maximum": 2, "processtype": "None", "isclosed": "", "isexecutable": "", "bgcolor": "#ffffff", "processid": "sid-754A930D-82C2-4ED4-B9B9-5985E3FA2170", "bordercolor": "#000000"}, "stencil": {"id": "Pool"}, "childShapes": [{"resourceId": "sid-28BE8B35-D3B9-4430-A6ED-200D5E061014", "properties": {"name": "", "documentation": "", "auditing": "", "monitoring": "", "parentpool": "", "parentlane": "", "showcaption": false, "bgcolor": "", "bordercolor": "#000000"}, "stencil": {"id": "Lane"}, "childShapes": [{"resourceId": "sid-02C0799A-278A-4507-96C5-9A52CA5EF4C2", "properties": {"name": "", "documentation": "", "auditing": "", "monitoring": "", "dataoutputassociations": "", "dataoutput": "", "outputset": "", "bgcolor": "#ffffff", "bordercolor": "#000000", "processid": "", "trigger": "None", "frequency": "", "applyincalc": true}, "stencil": {"id": "StartNoneEvent"}, "childShapes": [], "outgoing": [{"resourceId": "sid-65C85902-714D-4F86-9A0A-D6F6B029930E"}], "bounds": {"lowerRight": {"x": 60, "y": 160}, "upperLeft": {"x": 30, "y": 130}}, "dockers": []}, {"resourceId": "sid-51768FDF-1663-4068-A558-DAEF96904FB5", "properties": {"processid": "", "name": "Create social events", "documentation": "", "auditing": "", "monitoring": "", "categories": "", "startquantity": 1, "completionquantity": 1, "isforcompensation": "", "assignments": "", "callacitivity": "", "tasktype": "None", "implementation": "webService", "resources": "", "messageref": "", "operationref": "", "instantiate": "", "script": "", "scriptformat": "", "bgcolor": "#ffffcc", "looptype": "None", "testbefore": "", "loopcondition": "", "loopmaximum": "", "loopcardinality": "", "loopdatainput": "", "loopdataoutput": "", "inputdataitem": "", "outputdataitem": "", "behavior": "all", "complexbehaviordefinition": "", "completioncondition": "", "onebehavioreventref:": "signal", "nonebehavioreventref": "signal", "properties": "", "datainputset": "", "dataoutputset": "", "operationname": "", "inmessagename": "", "inmsgitemkind": "Information", "inmsgstructure": "", "inmsgimport": "", "inmsgiscollection": "", "outmessagename": "", "outmsgitemkind": "Information", "outmsgstructure": "", "outmsgimport": "", "outmsgiscollection": "", "bordercolor": "#000000", "time": "", "costs": "", "costcenter": "", "applyincalc": true, "externaldocuments": [], "risklevel": ""}, "stencil": {"id": "Task"}, "childShapes": [], "outgoing": [{"resourceId": "sid-208E2EE7-B2F6-4164-97F3-58FB491CFF43"}], "bounds": {"lowerRight": {"x": 205, "y": 185}, "upperLeft": {"x": 105, "y": 105}}, "dockers": []}, {"resourceId": "sid-276D6DB7-EFA8-4198-B92D-FCDC0C5C7B39", "properties": {"processid": "", "name": "Advertise social events for new students", "documentation": "", "auditing": "", "monitoring": "", "categories": "", "startquantity": 1, "completionquantity": 1, "isforcompensation": "", "assignments": "", "callacitivity": "", "tasktype": "None", "implementation": "webService", "resources": "", "messageref": "", "operationref": "", "instantiate": "", "script": "", "scriptformat": "", "bgcolor": "#ffffcc", "looptype": "None", "testbefore": "", "loopcondition": "", "loopmaximum": "", "loopcardinality": "", "loopdatainput": "", "loopdataoutput": "", "inputdataitem": "", "outputdataitem": "", "behavior": "all", "complexbehaviordefinition": "", "completioncondition": "", "onebehavioreventref:": "signal", "nonebehavioreventref": "signal", "properties": "", "datainputset": "", "dataoutputset": "", "operationname": "", "inmessagename": "", "inmsgitemkind": "Information", "inmsgstructure": "", "inmsgimport": "", "inmsgiscollection": "", "outmessagename": "", "outmsgitemkind": "Information", "outmsgstructure": "", "outmsgimport": "", "outmsgiscollection": "", "bordercolor": "#000000", "time": "", "costs": "", "costcenter": "", "applyincalc": true, "externaldocuments": [], "risklevel": ""}, "stencil": {"id": "Task"}, "childShapes": [], "outgoing": [{"resourceId": "sid-AB3DF8EF-84AB-4FE5-A87C-C4CBA2144496"}], "bounds": {"lowerRight": {"x": 490, "y": 185}, "upperLeft": {"x": 390, "y": 105}}, "dockers": []}, {"resourceId": "sid-A76E3E9F-D761-4974-8144-C9B60E8CB66D", "properties": {"processid": "", "name": "Make sure there is no clash between social event\nand orientation sessions", "documentation": "", "auditing": "", "monitoring": "", "categories": "", "startquantity": 1, "completionquantity": 1, "isforcompensation": "", "assignments": "", "callacitivity": "", "tasktype": "None", "implementation": "webService", "resources": "", "messageref": "", "operationref": "", "instantiate": "", "script": "", "scriptformat": "", "bgcolor": "#ffffcc", "looptype": "None", "testbefore": "", "loopcondition": "", "loopmaximum": "", "loopcardinality": "", "loopdatainput": "", "loopdataoutput": "", "inputdataitem": "", "outputdataitem": "", "behavior": "all", "complexbehaviordefinition": "", "completioncondition": "", "onebehavioreventref:": "signal", "nonebehavioreventref": "signal", "properties": "", "datainputset": "", "dataoutputset": "", "operationname": "", "inmessagename": "", "inmsgitemkind": "Information", "inmsgstructure": "", "inmsgimport": "", "inmsgiscollection": "", "outmessagename": "", "outmsgitemkind": "Information", "outmsgstructure": "", "outmsgimport": "", "outmsgiscollection": "", "bordercolor": "#000000", "time": "", "costs": "", "costcenter": "", "applyincalc": true, "externaldocuments": [], "risklevel": ""}, "stencil": {"id": "Task"}, "childShapes": [], "outgoing": [{"resourceId": "sid-45C30849-C3A1-4064-82E1-51DB6EC5BFEB"}, {"resourceId": "sid-6B74BBA6-9C06-480F-9002-58D538B4F1C3"}], "bounds": {"lowerRight": {"x": 350, "y": 185}, "upperLeft": {"x": 250, "y": 105}}, "dockers": []}, {"resourceId": "sid-33E30C8E-E050-4FB1-9879-E887037AC555", "properties": {"processid": "", "name": "Conduct the social event", "documentation": "", "auditing": "", "monitoring": "", "categories": "", "startquantity": 1, "completionquantity": 1, "isforcompensation": "", "assignments": "", "callacitivity": "", "tasktype": "None", "implementation": "webService", "resources": "", "messageref": "", "operationref": "", "instantiate": "", "script": "", "scriptformat": "", "bgcolor": "#ffffcc", "looptype": "None", "testbefore": "", "loopcondition": "", "loopmaximum": "", "loopcardinality": "", "loopdatainput": "", "loopdataoutput": "", "inputdataitem": "", "outputdataitem": "", "behavior": "all", "complexbehaviordefinition": "", "completioncondition": "", "onebehavioreventref:": "signal", "nonebehavioreventref": "signal", "properties": "", "datainputset": "", "dataoutputset": "", "operationname": "", "inmessagename": "", "inmsgitemkind": "Information", "inmsgstructure": "", "inmsgimport": "", "inmsgiscollection": "", "outmessagename": "", "outmsgitemkind": "Information", "outmsgstructure": "", "outmsgimport": "", "outmsgiscollection": "", "bordercolor": "#000000", "time": "", "costs": "", "costcenter": "", "applyincalc": true, "externaldocuments": [], "risklevel": ""}, "stencil": {"id": "Task"}, "childShapes": [], "outgoing": [{"resourceId": "sid-0DE79EF5-59E7-41EB-95DB-4616AB3A480A"}], "bounds": {"lowerRight": {"x": 635, "y": 185}, "upperLeft": {"x": 535, "y": 105}}, "dockers": []}, {"resourceId": "sid-E585F291-56E2-4CC9-9575-D639BFF0D878", "properties": {"name": "QUT Virtual", "documentation": "", "auditing": "", "monitoring": "", "categories": "", "bgcolor": "#e1e1e1", "bordercolor": "#000000"}, "stencil": {"id": "ITSystem"}, "childShapes": [], "outgoing": [], "bounds": {"lowerRight": {"x": 331.875, "y": 72.945999999999997954}, "upperLeft": {"x": 268, "y": 15}}, "dockers": [], "labels": [{"x": -5, "y": 28, "left": true, "valign": "middle", "align": "right", "ref": "text_name"}]}, {"resourceId": "sid-864807D8-E5A7-48E2-9D2C-244FBB06DE3C", "properties": {"processid": "", "name": "Post event pictures in social network", "documentation": "", "auditing": "", "monitoring": "", "categories": "", "startquantity": 1, "completionquantity": 1, "isforcompensation": "", "assignments": "", "callacitivity": "", "tasktype": "None", "implementation": "webService", "resources": "", "messageref": "", "operationref": "", "instantiate": "", "script": "", "scriptformat": "", "bgcolor": "#ffffcc", "looptype": "None", "testbefore": "", "loopcondition": "", "loopmaximum": "", "loopcardinality": "", "loopdatainput": "", "loopdataoutput": "", "inputdataitem": "", "outputdataitem": "", "behavior": "all", "complexbehaviordefinition": "", "completioncondition": "", "onebehavioreventref:": "signal", "nonebehavioreventref": "signal", "properties": "", "datainputset": "", "dataoutputset": "", "operationname": "", "inmessagename": "", "inmsgitemkind": "Information", "inmsgstructure": "", "inmsgimport": "", "inmsgiscollection": "", "outmessagename": "", "outmsgitemkind": "Information", "outmsgstructure": "", "outmsgimport": "", "outmsgiscollection": "", "bordercolor": "#000000", "time": "", "costs": "", "costcenter": "", "applyincalc": true, "externaldocuments": "", "risklevel": ""}, "stencil": {"id": "Task"}, "childShapes": [], "outgoing": [{"resourceId": "sid-A560D0C5-3FCB-4AA4-B13F-B9A9F8AAAC82"}], "bounds": {"lowerRight": {"x": 780, "y": 185}, "upperLeft": {"x": 680, "y": 105}}, "dockers": []}, {"resourceId": "sid-854A9422-1FC9-4CD2-8926-A17FD84D59E3", "properties": {"name": "", "documentation": "", "auditing": "", "monitoring": "", "datainputassociations": "", "datainput": "", "inputset": "", "bgcolor": "#ffffff", "bordercolor": "#000000", "trigger": "None"}, "stencil": {"id": "EndNoneEvent"}, "childShapes": [], "outgoing": [], "bounds": {"lowerRight": {"x": 853, "y": 159}, "upperLeft": {"x": 825, "y": 131}}, "dockers": []}], "outgoing": [], "bounds": {"lowerRight": {"x": 913, "y": 250}, "upperLeft": {"x": 30, "y": 0}}, "dockers": []}], "outgoing": [], "bounds": {"lowerRight": {"x": 988, "y": 295}, "upperLeft": {"x": 75, "y": 45}}, "dockers": []}, {"resourceId": "sid-65C85902-714D-4F86-9A0A-D6F6B029930E", "properties": {"name": "", "documentation": "", "auditing": "", "monitoring": "", "conditiontype": "None", "conditionexpression": "", "isimmediate": "", "showdiamondmarker": "", "bordercolor": "#000000", "probability": ""}, "stencil": {"id": "SequenceFlow"}, "childShapes": [], "outgoing": [{"resourceId": "sid-51768FDF-1663-4068-A558-DAEF96904FB5"}], "bounds": {"lowerRight": {"x": 209.15625, "y": 190}, "upperLeft": {"x": 165.609375, "y": 190}}, "dockers": [{"x": 15, "y": 15}, {"x": 50, "y": 40}], "target": {"resourceId": "sid-51768FDF-1663-4068-A558-DAEF96904FB5"}}, {"resourceId": "sid-208E2EE7-B2F6-4164-97F3-58FB491CFF43", "properties": {"name": "", "documentation": "", "auditing": "", "monitoring": "", "conditiontype": "None", "conditionexpression": "", "isimmediate": "", "showdiamondmarker": "", "bordercolor": "#000000", "probability": ""}, "stencil": {"id": "SequenceFlow"}, "childShapes": [], "outgoing": [{"resourceId": "sid-A76E3E9F-D761-4974-8144-C9B60E8CB66D"}], "bounds": {"lowerRight": {"x": 354.15625, "y": 190}, "upperLeft": {"x": 310, "y": 190}}, "dockers": [{"x": 50, "y": 40}, {"x": 50, "y": 40}], "target": {"resourceId": "sid-A76E3E9F-D761-4974-8144-C9B60E8CB66D"}}, {"resourceId": "sid-45C30849-C3A1-4064-82E1-51DB6EC5BFEB", "properties": {"name": "", "documentation": "", "auditing": "", "monitoring": "", "conditiontype": "None", "conditionexpression": "", "isimmediate": "", "showdiamondmarker": "", "bordercolor": "#000000", "probability": ""}, "stencil": {"id": "SequenceFlow"}, "childShapes": [], "outgoing": [{"resourceId": "sid-276D6DB7-EFA8-4198-B92D-FCDC0C5C7B39"}], "bounds": {"lowerRight": {"x": 494.78125, "y": 190}, "upperLeft": {"x": 455, "y": 190}}, "dockers": [{"x": 50, "y": 40}, {"x": 50, "y": 40}], "target": {"resourceId": "sid-276D6DB7-EFA8-4198-B92D-FCDC0C5C7B39"}}, {"resourceId": "sid-AB3DF8EF-84AB-4FE5-A87C-C4CBA2144496", "properties": {"name": "", "documentation": "", "auditing": "", "monitoring": "", "conditiontype": "None", "conditionexpression": "", "isimmediate": "", "showdiamondmarker": "", "bordercolor": "#000000", "probability": ""}, "stencil": {"id": "SequenceFlow"}, "childShapes": [], "outgoing": [{"resourceId": "sid-33E30C8E-E050-4FB1-9879-E887037AC555"}], "bounds": {"lowerRight": {"x": 639.15625, "y": 190}, "upperLeft": {"x": 595, "y": 190}}, "dockers": [{"x": 50, "y": 40}, {"x": 50, "y": 40}], "target": {"resourceId": "sid-33E30C8E-E050-4FB1-9879-E887037AC555"}}, {"resourceId": "sid-6B74BBA6-9C06-480F-9002-58D538B4F1C3", "properties": {"assignments": "", "transformation": "", "bordercolor": "#000000", "type": "none"}, "stencil": {"id": "Association_Undirected"}, "childShapes": [], "outgoing": [{"resourceId": "sid-E585F291-56E2-4CC9-9575-D639BFF0D878"}], "bounds": {"lowerRight": {"x": 404.97496729111793456, "y": 149.53632831636167566}, "upperLeft": {"x": 404.95569677138206544, "y": 118.38684355863830433}}, "dockers": [{"x": 50, "y": 40}, {"x": 31.9375, "y": 28.972999999999995424}], "target": {"resourceId": "sid-E585F291-56E2-4CC9-9575-D639BFF0D878"}}, {"resourceId": "sid-0DE79EF5-59E7-41EB-95DB-4616AB3A480A", "properties": {"name": "", "documentation": "", "auditing": "", "monitoring": "", "conditiontype": "None", "conditionexpression": "", "isimmediate": "", "showdiamondmarker": "", "bordercolor": "#000000", "probability": ""}, "stencil": {"id": "SequenceFlow"}, "childShapes": [], "outgoing": [{"resourceId": "sid-864807D8-E5A7-48E2-9D2C-244FBB06DE3C"}], "bounds": {"lowerRight": {"x": 784.15625, "y": 190}, "upperLeft": {"x": 740, "y": 190}}, "dockers": [{"x": 50, "y": 40}, {"x": 50, "y": 40}], "target": {"resourceId": "sid-864807D8-E5A7-48E2-9D2C-244FBB06DE3C"}}, {"resourceId": "sid-A560D0C5-3FCB-4AA4-B13F-B9A9F8AAAC82", "properties": {"name": "", "documentation": "", "auditing": "", "monitoring": "", "conditiontype": "None", "conditionexpression": "", "isimmediate": "", "showdiamondmarker": "", "bordercolor": "#000000", "probability": ""}, "stencil": {"id": "SequenceFlow"}, "childShapes": [], "outgoing": [{"resourceId": "sid-854A9422-1FC9-4CD2-8926-A17FD84D59E3"}], "bounds": {"lowerRight": {"x": 929.375, "y": 190}, "upperLeft": {"x": 885, "y": 190}}, "dockers": [{"x": 50, "y": 40}, {"x": 14, "y": 14}], "target": {"resourceId": "sid-854A9422-1FC9-4CD2-8926-A17FD84D59E3"}}], "bounds": {"lowerRight": {"x": 1485, "y": 1050}, "upperLeft": {"x": 0, "y": 0}}, "stencilset": {"url": "/stencilsets/bpmn2.0/bpmn2.0.json?version=6.0.0", "namespace": "http://b3mn.org/stencilset/bpmn2.0#"}, "ssextensions": ["http://oryx-editor.org/stencilsets/extensions/bpmn2.0basicsubset#"]}