{"resourceId": "canvas", "properties": {"name": "", "documentation": "", "auditing": "", "monitoring": "", "version": "", "author": "", "language": "English", "namespaces": "", "targetnamespace": "http://www.signavio.com/bpmn20", "expressionlanguage": "http://www.w3.org/1999/XPath", "typelanguage": "http://www.w3.org/2001/XMLSchema", "creationdate": "", "modificationdate": "", "orientation": "horizontal"}, "stencil": {"id": "BPMNDiagram"}, "childShapes": [{"resourceId": "sid-C208DCD1-D5FD-497E-875D-13A62EAF9EE9", "properties": {"name": "sub-\nprocess name", "documentation": "", "auditing": "", "monitoring": "", "categories": "", "startquantity": 1, "completionquantity": 1, "isforcompensation": "", "assignments": "", "callacitivity": "", "subprocesstype": "Embedded", "isatransaction": "", "transaction": "", "transactionmethod": "compensate", "isadhoc": "", "adhocordering": "Sequential", "adhoccompletioncondition": "", "adhoccancelremaininginstances": true, "entry": "", "diagramref": "", "processref": "", "inputmaps": "", "outputmaps": "", "looptype": "None", "testbefore": "", "loopcondition": "", "loopmaximum": "", "loopcardinality": "", "loopdatainput": "", "loopdataoutput": "", "inputdataitem": "", "outputdataitem": "", "behavior": "all", "complexbehaviordefinition": "", "completioncondition": "", "onebehavioreventref:": "signal", "nonebehavioreventref": "signal", "properties": "", "datainputset": "", "dataoutputset": "", "processid": "", "activitytype": "Sub-Process", "bgcolor": "#ffffcc", "bordercolor": "#000000", "time": "", "costs": "", "costcenter": "", "applyincalc": true, "externaldocuments": ""}, "stencil": {"id": "CollapsedSubprocess"}, "childShapes": [], "outgoing": [], "bounds": {"lowerRight": {"x": 205, "y": 155}, "upperLeft": {"x": 105, "y": 75}}, "dockers": []}, {"resourceId": "sid-9B2AB56B-B09A-4BC9-8432-E2C03DF7279E", "properties": {"name": "sub-process name", "documentation": "", "auditing": "", "monitoring": "", "categories": "", "startquantity": 1, "completionquantity": 1, "isforcompensation": "", "assignments": "", "callacitivity": "", "subprocesstype": "Embedded", "isatransaction": "", "transaction": "", "transactionmethod": "compensate", "isadhoc": "", "adhocordering": "Sequential", "adhoccompletioncondition": "", "adhoccancelremaininginstances": true, "entry": "", "diagramref": "", "processref": "", "inputmaps": "", "outputmaps": "", "looptype": "None", "testbefore": "", "loopcondition": "", "loopmaximum": "", "loopcardinality": "", "loopdatainput": "", "loopdataoutput": "", "inputdataitem": "", "outputdataitem": "", "behavior": "all", "complexbehaviordefinition": "", "completioncondition": "", "onebehavioreventref:": "signal", "nonebehavioreventref": "signal", "properties": "", "datainputset": "", "dataoutputset": "", "processid": "", "activitytype": "Sub-Process", "bgcolor": "#ffffff", "bordercolor": "#000000"}, "stencil": {"id": "Subprocess"}, "childShapes": [{"resourceId": "sid-A41A642C-A499-47B4-859C-5F25F1F939D1", "properties": {"name": "", "documentation": "", "auditing": "", "monitoring": "", "dataoutputassociations": "", "dataoutput": "", "outputset": "", "bgcolor": "#ffffff", "bordercolor": "#000000", "processid": "", "trigger": "None", "frequency": "", "applyincalc": true}, "stencil": {"id": "StartNoneEvent"}, "childShapes": [], "outgoing": [{"resourceId": "sid-9A82B4D4-9884-4BBB-AA4E-D4D7B5CE503A"}], "bounds": {"lowerRight": {"x": 45, "y": 95}, "upperLeft": {"x": 15, "y": 65}}, "dockers": []}, {"resourceId": "sid-FE371791-3027-459C-AD12-EEE88F00CA9D", "properties": {"processid": "", "name": "task1\n", "documentation": "", "auditing": "", "monitoring": "", "categories": "", "startquantity": 1, "completionquantity": 1, "isforcompensation": "", "assignments": "", "callacitivity": "", "tasktype": "None", "implementation": "webService", "resources": "", "messageref": "", "operationref": "", "instantiate": "", "script": "", "scriptformat": "", "bgcolor": "#ffffcc", "looptype": "None", "testbefore": "", "loopcondition": "", "loopmaximum": "", "loopcardinality": "", "loopdatainput": "", "loopdataoutput": "", "inputdataitem": "", "outputdataitem": "", "behavior": "all", "complexbehaviordefinition": "", "completioncondition": "", "onebehavioreventref:": "signal", "nonebehavioreventref": "signal", "properties": "", "datainputset": "", "dataoutputset": "", "operationname": "", "inmessagename": "", "inmsgitemkind": "Information", "inmsgstructure": "", "inmsgimport": "", "inmsgiscollection": "", "outmessagename": "", "outmsgitemkind": "Information", "outmsgstructure": "", "outmsgimport": "", "outmsgiscollection": "", "bordercolor": "#000000", "time": "", "costs": "", "costcenter": "", "applyincalc": true, "externaldocuments": "", "risklevel": ""}, "stencil": {"id": "Task"}, "childShapes": [], "outgoing": [{"resourceId": "sid-13B3EC48-EFEE-40CE-B283-00E3F8FB7033"}], "bounds": {"lowerRight": {"x": 125, "y": 65}, "upperLeft": {"x": 75, "y": 25}}, "dockers": []}, {"resourceId": "sid-91C0503C-0ACD-4833-A1CF-D90D8C2FBA95", "properties": {"processid": "", "name": "task2", "documentation": "", "auditing": "", "monitoring": "", "categories": "", "startquantity": 1, "completionquantity": 1, "isforcompensation": "", "assignments": "", "callacitivity": "", "tasktype": "None", "implementation": "webService", "resources": "", "messageref": "", "operationref": "", "instantiate": "", "script": "", "scriptformat": "", "bgcolor": "#ffffcc", "looptype": "None", "testbefore": "", "loopcondition": "", "loopmaximum": "", "loopcardinality": "", "loopdatainput": "", "loopdataoutput": "", "inputdataitem": "", "outputdataitem": "", "behavior": "all", "complexbehaviordefinition": "", "completioncondition": "", "onebehavioreventref:": "signal", "nonebehavioreventref": "signal", "properties": "", "datainputset": "", "dataoutputset": "", "operationname": "", "inmessagename": "", "inmsgitemkind": "Information", "inmsgstructure": "", "inmsgimport": "", "inmsgiscollection": "", "outmessagename": "", "outmsgitemkind": "Information", "outmsgstructure": "", "outmsgimport": "", "outmsgiscollection": "", "bordercolor": "#000000", "time": "", "costs": "", "costcenter": "", "applyincalc": true, "externaldocuments": "", "risklevel": ""}, "stencil": {"id": "Task"}, "childShapes": [], "outgoing": [{"resourceId": "sid-E805B5CE-8B47-4C3C-913D-1FB0600EC8E2"}], "bounds": {"lowerRight": {"x": 215, "y": 65}, "upperLeft": {"x": 165, "y": 25}}, "dockers": []}, {"resourceId": "sid-51964B08-FE98-4F2D-8C65-1E3ECBC71B28", "properties": {"name": "", "documentation": "", "auditing": "", "monitoring": "", "datainputassociations": "", "datainput": "", "inputset": "", "bgcolor": "#ffffff", "bordercolor": "#000000", "trigger": "None"}, "stencil": {"id": "EndNoneEvent"}, "childShapes": [], "outgoing": [], "bounds": {"lowerRight": {"x": 253, "y": 143}, "upperLeft": {"x": 225, "y": 115}}, "dockers": []}], "outgoing": [], "bounds": {"lowerRight": {"x": 602, "y": 183}, "upperLeft": {"x": 315, "y": 35}}, "dockers": []}, {"resourceId": "sid-9A82B4D4-9884-4BBB-AA4E-D4D7B5CE503A", "properties": {"name": "", "documentation": "", "auditing": "", "monitoring": "", "conditiontype": "None", "conditionexpression": "", "isimmediate": "", "showdiamondmarker": "", "bordercolor": "#000000", "probability": ""}, "stencil": {"id": "SequenceFlow"}, "childShapes": [], "outgoing": [{"resourceId": "sid-FE371791-3027-459C-AD12-EEE88F00CA9D"}], "bounds": {"lowerRight": {"x": 389.9375, "y": 99.78125}, "upperLeft": {"x": 345, "y": 80}}, "dockers": [{"x": 15, "y": 15}, {"x": 345, "y": 80}, {"x": 25, "y": 20}], "target": {"resourceId": "sid-FE371791-3027-459C-AD12-EEE88F00CA9D"}}, {"resourceId": "sid-13B3EC48-EFEE-40CE-B283-00E3F8FB7033", "properties": {"name": "", "documentation": "", "auditing": "", "monitoring": "", "conditiontype": "None", "conditionexpression": "", "isimmediate": "", "showdiamondmarker": "", "bordercolor": "#000000", "probability": ""}, "stencil": {"id": "SequenceFlow"}, "childShapes": [], "outgoing": [{"resourceId": "sid-91C0503C-0ACD-4833-A1CF-D90D8C2FBA95"}], "bounds": {"lowerRight": {"x": 479.390625, "y": 80}, "upperLeft": {"x": 440, "y": 80}}, "dockers": [{"x": 25, "y": 20}, {"x": 25, "y": 20}], "target": {"resourceId": "sid-91C0503C-0ACD-4833-A1CF-D90D8C2FBA95"}}, {"resourceId": "sid-E805B5CE-8B47-4C3C-913D-1FB0600EC8E2", "properties": {"name": "", "documentation": "", "auditing": "", "monitoring": "", "conditiontype": "None", "conditionexpression": "", "isimmediate": "", "showdiamondmarker": "", "bordercolor": "#000000", "probability": ""}, "stencil": {"id": "SequenceFlow"}, "childShapes": [], "outgoing": [{"resourceId": "sid-51964B08-FE98-4F2D-8C65-1E3ECBC71B28"}], "bounds": {"lowerRight": {"x": 539.21875, "y": 164}, "upperLeft": {"x": 505, "y": 100}}, "dockers": [{"x": 25, "y": 20}, {"x": 505, "y": 164}, {"x": 14, "y": 14}], "target": {"resourceId": "sid-51964B08-FE98-4F2D-8C65-1E3ECBC71B28"}}], "bounds": {"lowerRight": {"x": 1485, "y": 1050}, "upperLeft": {"x": 0, "y": 0}}, "stencilset": {"url": "/stencilsets/bpmn2.0/bpmn2.0.json?version=5.4.1", "namespace": "http://b3mn.org/stencilset/bpmn2.0#"}, "ssextensions": []}