{"revision": {"creationDate": null, "isLastRevision": true, "revisionNumber": 1, "elementCounts": {"total": 16, "Lane": 4, "Pool": 4, "BPMNDiagram": 1, "MessageFlow": 7}, "connectedness": 100}, "model": {"modelId": "1001055838", "modelDate": "2012-02-23", "groupName": "BPMN2.0_Process", "naturalLanguage": "en", "modelName": "ABC RFQ High Level Collaboration Diagram", "TimestampModelCollection": "2012-08-30 14:08:38", "modelingLanguage": "bpmn20", "directoryId": "1868356181", "numberOfRevisions": 1}}