{"resourceId": "canvas", "properties": {"name": "", "documentation": "", "auditing": "", "monitoring": "", "version": "", "author": "", "language": "English", "namespaces": "", "targetnamespace": "http://www.signavio.com/bpmn20", "expressionlanguage": "http://www.w3.org/1999/XPath", "typelanguage": "http://www.w3.org/2001/XMLSchema", "creationdate": "", "modificationdate": ""}, "stencil": {"id": "BPMNDiagram"}, "childShapes": [{"resourceId": "sid-8D9E2E57-27E2-4AE1-8B73-ADC200EC8F9A", "properties": {"name": "patient", "documentation": "", "auditing": "", "monitoring": "", "boundaryvisible": true, "processname": "", "status": "None", "adhoc": "", "adhocordering": "Parallel", "adhoccompletioncondition": "", "suppressjoinfailure": "", "enableinstancecompensation": "", "processcategories": "", "processdocumentation": "", "multiinstance": "", "minimum": 2, "maximum": 2, "processtype": "None", "isclosed": "", "isexecutable": "", "bgcolor": "#ffffff"}, "stencil": {"id": "Pool"}, "childShapes": [{"resourceId": "sid-9F9A9538-5A7A-4DA9-9289-03FD33E71521", "properties": {"name": "", "documentation": "", "auditing": "", "monitoring": "", "parentpool": "", "parentlane": "", "showcaption": false, "bgcolor": ""}, "stencil": {"id": "Lane"}, "childShapes": [], "outgoing": [], "bounds": {"lowerRight": {"x": 960, "y": 250}, "upperLeft": {"x": 30, "y": 0}}, "dockers": []}], "outgoing": [{"resourceId": "sid-52A3E0F2-AC98-406C-B4DA-E4C7D464031A"}, {"resourceId": "sid-AE860760-09AD-4668-887B-ACF528BFBC73"}, {"resourceId": "sid-2DD73BC3-C4F7-40C1-8E41-205AD79BAEBF"}], "bounds": {"lowerRight": {"x": 960, "y": 550}, "upperLeft": {"x": 0, "y": 300}}, "dockers": []}, {"resourceId": "sid-D669A292-85C6-4297-A783-D3C27BEBB455", "properties": {"name": "", "documentation": "", "auditing": "", "monitoring": "", "dataoutputassociations": "", "dataoutput": "", "outputset": "", "bgcolor": "#ffffff", "trigger": "None", "frequency": "", "applyincalc": true}, "stencil": {"id": "StartNoneEvent"}, "childShapes": [], "outgoing": [{"resourceId": "sid-B8E0B333-71CA-4FA4-A335-4C8B10A58125"}], "bounds": {"lowerRight": {"x": 60, "y": 660}, "upperLeft": {"x": 30, "y": 630}}, "dockers": []}, {"resourceId": "sid-DE45286D-8152-4D40-AEEA-FA7DB48F24E6", "properties": {"name": "receive doctor request", "documentation": "", "auditing": "", "monitoring": "", "categories": "", "startquantity": 1, "completionquantity": 1, "isforcompensation": "", "assignments": "", "callacitivity": "", "tasktype": "None", "implementation": "webService", "resources": "", "messageref": "", "operationref": "", "instantiate": "", "script": "", "scriptformat": "", "bgcolor": "#ffffcc", "looptype": "None", "testbefore": "", "loopcondition": "", "loopmaximum": "", "loopcardinality": "", "loopdatainput": "", "loopdataoutput": "", "inputdataitem": "", "outputdataitem": "", "behavior": "all", "complexbehaviordefinition": "", "completioncondition": "", "onebehavioreventref:": "signal", "nonebehavioreventref": "signal", "properties": "", "datainputset": "", "dataoutputset": "", "operationname": "", "inmessagename": "", "inmsgitemkind": "Information", "inmsgstructure": "", "inmsgimport": "", "inmsgiscollection": "", "outmessagename": "", "outmsgitemkind": "Information", "outmsgstructure": "", "outmsgimport": "", "outmsgiscollection": "", "time": "", "costs": "", "costcenter": "", "applyincalc": true, "externaldocuments": "", "risklevel": ""}, "stencil": {"id": "Task"}, "childShapes": [], "outgoing": [{"resourceId": "sid-E091825A-15AD-41E9-8042-CFC3C41EE45E"}], "bounds": {"lowerRight": {"x": 235, "y": 685}, "upperLeft": {"x": 135, "y": 605}}, "dockers": []}, {"resourceId": "sid-B8E0B333-71CA-4FA4-A335-4C8B10A58125", "properties": {"name": "", "documentation": "", "auditing": "", "monitoring": "", "conditiontype": "None", "conditionexpression": "", "isimmediate": "", "showdiamondmarker": false, "probability": ""}, "stencil": {"id": "SequenceFlow"}, "childShapes": [], "outgoing": [{"resourceId": "sid-DE45286D-8152-4D40-AEEA-FA7DB48F24E6"}], "bounds": {"lowerRight": {"x": 134.34375, "y": 645}, "upperLeft": {"x": 60.75, "y": 645}}, "dockers": [{"x": 15, "y": 15}, {"x": 28, "y": 40}], "target": {"resourceId": "sid-DE45286D-8152-4D40-AEEA-FA7DB48F24E6"}}, {"resourceId": "sid-50F6863D-DB88-4578-B479-22AE40A2FBDC", "properties": {"name": "send appt.", "documentation": "", "auditing": "", "monitoring": "", "categories": "", "startquantity": 1, "completionquantity": 1, "isforcompensation": "", "assignments": "", "callacitivity": "", "tasktype": "None", "implementation": "webService", "resources": "", "messageref": "", "operationref": "", "instantiate": "", "script": "", "scriptformat": "", "bgcolor": "#ffffcc", "looptype": "None", "testbefore": "", "loopcondition": "", "loopmaximum": "", "loopcardinality": "", "loopdatainput": "", "loopdataoutput": "", "inputdataitem": "", "outputdataitem": "", "behavior": "all", "complexbehaviordefinition": "", "completioncondition": "", "onebehavioreventref:": "signal", "nonebehavioreventref": "signal", "properties": "", "datainputset": "", "dataoutputset": "", "operationname": "", "inmessagename": "", "inmsgitemkind": "Information", "inmsgstructure": "", "inmsgimport": "", "inmsgiscollection": "", "outmessagename": "", "outmsgitemkind": "Information", "outmsgstructure": "", "outmsgimport": "", "outmsgiscollection": "", "time": "", "costs": "", "costcenter": "", "applyincalc": true, "externaldocuments": "", "risklevel": ""}, "stencil": {"id": "Task"}, "childShapes": [], "outgoing": [{"resourceId": "sid-94D7C9CF-8A2C-4320-8E80-FCFBA0BF21DD"}, {"resourceId": "sid-4F3EF2A2-175D-48D7-B3F1-583A55BF348C"}], "bounds": {"lowerRight": {"x": 400, "y": 685}, "upperLeft": {"x": 300, "y": 605}}, "dockers": []}, {"resourceId": "sid-E091825A-15AD-41E9-8042-CFC3C41EE45E", "properties": {"name": "", "documentation": "", "auditing": "", "monitoring": "", "conditiontype": "None", "conditionexpression": "", "isimmediate": "", "showdiamondmarker": "", "probability": ""}, "stencil": {"id": "SequenceFlow"}, "childShapes": [], "outgoing": [{"resourceId": "sid-50F6863D-DB88-4578-B479-22AE40A2FBDC"}], "bounds": {"lowerRight": {"x": 299.37109375, "y": 645}, "upperLeft": {"x": 235, "y": 645}}, "dockers": [{"x": 50, "y": 40}, {"x": 50, "y": 40}], "target": {"resourceId": "sid-50F6863D-DB88-4578-B479-22AE40A2FBDC"}}, {"resourceId": "sid-A1937BE9-5060-4E93-B804-7CEBA1B41115", "properties": {"name": "receive symptoms", "documentation": "", "auditing": "", "monitoring": "", "categories": "", "startquantity": 1, "completionquantity": 1, "isforcompensation": "", "assignments": "", "callacitivity": "", "tasktype": "None", "implementation": "webService", "resources": "", "messageref": "", "operationref": "", "instantiate": "", "script": "", "scriptformat": "", "bgcolor": "#ffffcc", "looptype": "None", "testbefore": "", "loopcondition": "", "loopmaximum": "", "loopcardinality": "", "loopdatainput": "", "loopdataoutput": "", "inputdataitem": "", "outputdataitem": "", "behavior": "all", "complexbehaviordefinition": "", "completioncondition": "", "onebehavioreventref:": "signal", "nonebehavioreventref": "signal", "properties": "", "datainputset": "", "dataoutputset": "", "operationname": "", "inmessagename": "", "inmsgitemkind": "Information", "inmsgstructure": "", "inmsgimport": "", "inmsgiscollection": "", "outmessagename": "", "outmsgitemkind": "Information", "outmsgstructure": "", "outmsgimport": "", "outmsgiscollection": "", "time": "", "costs": "", "costcenter": "", "applyincalc": true, "externaldocuments": "", "risklevel": ""}, "stencil": {"id": "Task"}, "childShapes": [], "outgoing": [{"resourceId": "sid-D61E8DE2-41B6-46A1-8722-7632ABBEE3AE"}], "bounds": {"lowerRight": {"x": 550, "y": 685}, "upperLeft": {"x": 450, "y": 605}}, "dockers": []}, {"resourceId": "sid-94D7C9CF-8A2C-4320-8E80-FCFBA0BF21DD", "properties": {"name": "", "documentation": "", "auditing": "", "monitoring": "", "conditiontype": "None", "conditionexpression": "", "isimmediate": "", "showdiamondmarker": "", "probability": ""}, "stencil": {"id": "SequenceFlow"}, "childShapes": [], "outgoing": [{"resourceId": "sid-A1937BE9-5060-4E93-B804-7CEBA1B41115"}], "bounds": {"lowerRight": {"x": 449.78125, "y": 645}, "upperLeft": {"x": 400, "y": 645}}, "dockers": [{"x": 50, "y": 40}, {"x": 50, "y": 40}], "target": {"resourceId": "sid-A1937BE9-5060-4E93-B804-7CEBA1B41115"}}, {"resourceId": "sid-674BBD10-6B3F-4ACB-A4EB-9207C846AF1A", "properties": {"name": "send prescription pickup", "documentation": "", "auditing": "", "monitoring": "", "categories": "", "startquantity": 1, "completionquantity": 1, "isforcompensation": "", "assignments": "", "callacitivity": "", "tasktype": "None", "implementation": "webService", "resources": "", "messageref": "", "operationref": "", "instantiate": "", "script": "", "scriptformat": "", "bgcolor": "#ffffcc", "looptype": "None", "testbefore": "", "loopcondition": "", "loopmaximum": "", "loopcardinality": "", "loopdatainput": "", "loopdataoutput": "", "inputdataitem": "", "outputdataitem": "", "behavior": "all", "complexbehaviordefinition": "", "completioncondition": "", "onebehavioreventref:": "signal", "nonebehavioreventref": "signal", "properties": "", "datainputset": "", "dataoutputset": "", "operationname": "", "inmessagename": "", "inmsgitemkind": "Information", "inmsgstructure": "", "inmsgimport": "", "inmsgiscollection": "", "outmessagename": "", "outmsgitemkind": "Information", "outmsgstructure": "", "outmsgimport": "", "outmsgiscollection": "", "time": "", "costs": "", "costcenter": "", "applyincalc": true, "externaldocuments": "", "risklevel": ""}, "stencil": {"id": "Task"}, "childShapes": [], "outgoing": [{"resourceId": "sid-E57926F8-E858-42FC-9F65-DEF31BCDA56D"}, {"resourceId": "sid-AE7603A8-B544-4210-8796-542D98EB9EC5"}], "bounds": {"lowerRight": {"x": 685, "y": 685}, "upperLeft": {"x": 585, "y": 605}}, "dockers": []}, {"resourceId": "sid-D61E8DE2-41B6-46A1-8722-7632ABBEE3AE", "properties": {"name": "", "documentation": "", "auditing": "", "monitoring": "", "conditiontype": "None", "conditionexpression": "", "isimmediate": "", "showdiamondmarker": "", "probability": ""}, "stencil": {"id": "SequenceFlow"}, "childShapes": [], "outgoing": [{"resourceId": "sid-674BBD10-6B3F-4ACB-A4EB-9207C846AF1A"}], "bounds": {"lowerRight": {"x": 584.4296875, "y": 645}, "upperLeft": {"x": 550, "y": 645}}, "dockers": [{"x": 50, "y": 40}, {"x": 50, "y": 40}], "target": {"resourceId": "sid-674BBD10-6B3F-4ACB-A4EB-9207C846AF1A"}}, {"resourceId": "sid-5E8B191F-AA68-4B82-BFD6-BC65E0A1F7A4", "properties": {"name": "receive medicine request", "documentation": "", "auditing": "", "monitoring": "", "categories": "", "startquantity": 1, "completionquantity": 1, "isforcompensation": "", "assignments": "", "callacitivity": "", "tasktype": "None", "implementation": "webService", "resources": "", "messageref": "", "operationref": "", "instantiate": "", "script": "", "scriptformat": "", "bgcolor": "#ffffcc", "looptype": "None", "testbefore": "", "loopcondition": "", "loopmaximum": "", "loopcardinality": "", "loopdatainput": "", "loopdataoutput": "", "inputdataitem": "", "outputdataitem": "", "behavior": "all", "complexbehaviordefinition": "", "completioncondition": "", "onebehavioreventref:": "signal", "nonebehavioreventref": "signal", "properties": "", "datainputset": "", "dataoutputset": "", "operationname": "", "inmessagename": "", "inmsgitemkind": "Information", "inmsgstructure": "", "inmsgimport": "", "inmsgiscollection": "", "outmessagename": "", "outmsgitemkind": "Information", "outmsgstructure": "", "outmsgimport": "", "outmsgiscollection": "", "time": "", "costs": "", "costcenter": "", "applyincalc": true, "externaldocuments": "", "risklevel": ""}, "stencil": {"id": "Task"}, "childShapes": [], "outgoing": [{"resourceId": "sid-8ABEA6AA-0335-44DD-8361-3013218010D1"}], "bounds": {"lowerRight": {"x": 820, "y": 685}, "upperLeft": {"x": 720, "y": 605}}, "dockers": []}, {"resourceId": "sid-E57926F8-E858-42FC-9F65-DEF31BCDA56D", "properties": {"name": "", "documentation": "", "auditing": "", "monitoring": "", "conditiontype": "None", "conditionexpression": "", "isimmediate": "", "showdiamondmarker": "", "probability": ""}, "stencil": {"id": "SequenceFlow"}, "childShapes": [], "outgoing": [{"resourceId": "sid-5E8B191F-AA68-4B82-BFD6-BC65E0A1F7A4"}], "bounds": {"lowerRight": {"x": 719.4296875, "y": 645}, "upperLeft": {"x": 685, "y": 645}}, "dockers": [{"x": 50, "y": 40}, {"x": 50, "y": 40}], "target": {"resourceId": "sid-5E8B191F-AA68-4B82-BFD6-BC65E0A1F7A4"}}, {"resourceId": "sid-E25F5227-6969-44E7-9EFB-77E35CE5FFC2", "properties": {"name": "send medicine", "documentation": "", "auditing": "", "monitoring": "", "categories": "", "startquantity": 1, "completionquantity": 1, "isforcompensation": "", "assignments": "", "callacitivity": "", "tasktype": "None", "implementation": "webService", "resources": "", "messageref": "", "operationref": "", "instantiate": "", "script": "", "scriptformat": "", "bgcolor": "#ffffcc", "looptype": "None", "testbefore": "", "loopcondition": "", "loopmaximum": "", "loopcardinality": "", "loopdatainput": "", "loopdataoutput": "", "inputdataitem": "", "outputdataitem": "", "behavior": "all", "complexbehaviordefinition": "", "completioncondition": "", "onebehavioreventref:": "signal", "nonebehavioreventref": "signal", "properties": "", "datainputset": "", "dataoutputset": "", "operationname": "", "inmessagename": "", "inmsgitemkind": "Information", "inmsgstructure": "", "inmsgimport": "", "inmsgiscollection": "", "outmessagename": "", "outmsgitemkind": "Information", "outmsgstructure": "", "outmsgimport": "", "outmsgiscollection": "", "time": "", "costs": "", "costcenter": "", "applyincalc": true, "externaldocuments": "", "risklevel": ""}, "stencil": {"id": "Task"}, "childShapes": [], "outgoing": [{"resourceId": "sid-DB71D6CD-9519-4044-9E29-0892594D145E"}, {"resourceId": "sid-2356F52D-AA1C-4E64-9E6D-14D9183E5361"}], "bounds": {"lowerRight": {"x": 940, "y": 685}, "upperLeft": {"x": 840, "y": 605}}, "dockers": []}, {"resourceId": "sid-8ABEA6AA-0335-44DD-8361-3013218010D1", "properties": {"name": "", "documentation": "", "auditing": "", "monitoring": "", "conditiontype": "None", "conditionexpression": "", "isimmediate": "", "showdiamondmarker": "", "probability": ""}, "stencil": {"id": "SequenceFlow"}, "childShapes": [], "outgoing": [{"resourceId": "sid-E25F5227-6969-44E7-9EFB-77E35CE5FFC2"}], "bounds": {"lowerRight": {"x": 839.3125, "y": 645}, "upperLeft": {"x": 820, "y": 645}}, "dockers": [{"x": 50, "y": 40}, {"x": 50, "y": 40}], "target": {"resourceId": "sid-E25F5227-6969-44E7-9EFB-77E35CE5FFC2"}}, {"resourceId": "sid-AA2E5B7C-8683-4C2B-AEED-017A4F1A5F4A", "properties": {"name": "", "documentation": "", "auditing": "", "monitoring": "", "datainputassociations": "", "datainput": "", "inputset": "", "bgcolor": "#ffffff", "trigger": "None"}, "stencil": {"id": "EndNoneEvent"}, "childShapes": [], "outgoing": [], "bounds": {"lowerRight": {"x": 1003, "y": 659}, "upperLeft": {"x": 975, "y": 631}}, "dockers": []}, {"resourceId": "sid-DB71D6CD-9519-4044-9E29-0892594D145E", "properties": {"name": "", "documentation": "", "auditing": "", "monitoring": "", "conditiontype": "None", "conditionexpression": "", "isimmediate": "", "showdiamondmarker": "", "probability": ""}, "stencil": {"id": "SequenceFlow"}, "childShapes": [], "outgoing": [{"resourceId": "sid-AA2E5B7C-8683-4C2B-AEED-017A4F1A5F4A"}], "bounds": {"lowerRight": {"x": 974.078125, "y": 645}, "upperLeft": {"x": 940, "y": 645}}, "dockers": [{"x": 50, "y": 40}, {"x": 14, "y": 14}], "target": {"resourceId": "sid-AA2E5B7C-8683-4C2B-AEED-017A4F1A5F4A"}}, {"resourceId": "sid-52A3E0F2-AC98-406C-B4DA-E4C7D464031A", "properties": {"name": "", "documentation": "", "auditing": "", "monitoring": ""}, "stencil": {"id": "MessageFlow"}, "childShapes": [], "outgoing": [{"resourceId": "sid-DE45286D-8152-4D40-AEEA-FA7DB48F24E6"}], "bounds": {"lowerRight": {"x": 171, "y": 604.34375}, "upperLeft": {"x": 171, "y": 550}}, "dockers": [{"x": 171, "y": 250}, {"x": 36, "y": 37}], "target": {"resourceId": "sid-DE45286D-8152-4D40-AEEA-FA7DB48F24E6"}}, {"resourceId": "sid-4F3EF2A2-175D-48D7-B3F1-583A55BF348C", "properties": {"name": "", "documentation": "", "auditing": "", "monitoring": ""}, "stencil": {"id": "MessageFlow"}, "childShapes": [], "outgoing": [{"resourceId": "sid-8D9E2E57-27E2-4AE1-8B73-ADC200EC8F9A"}], "bounds": {"lowerRight": {"x": 350, "y": 604.46875}, "upperLeft": {"x": 350, "y": 550}}, "dockers": [{"x": 50, "y": 40}, {"x": 350, "y": 235}], "target": {"resourceId": "sid-8D9E2E57-27E2-4AE1-8B73-ADC200EC8F9A"}}, {"resourceId": "sid-AE860760-09AD-4668-887B-ACF528BFBC73", "properties": {"name": "", "documentation": "", "auditing": "", "monitoring": ""}, "stencil": {"id": "MessageFlow"}, "childShapes": [], "outgoing": [{"resourceId": "sid-A1937BE9-5060-4E93-B804-7CEBA1B41115"}], "bounds": {"lowerRight": {"x": 500, "y": 604.5859375}, "upperLeft": {"x": 500, "y": 550}}, "dockers": [{"x": 500, "y": 125}, {"x": 50, "y": 21}], "target": {"resourceId": "sid-A1937BE9-5060-4E93-B804-7CEBA1B41115"}}, {"resourceId": "sid-AE7603A8-B544-4210-8796-542D98EB9EC5", "properties": {"name": "", "documentation": "", "auditing": "", "monitoring": ""}, "stencil": {"id": "MessageFlow"}, "childShapes": [], "outgoing": [{"resourceId": "sid-8D9E2E57-27E2-4AE1-8B73-ADC200EC8F9A"}], "bounds": {"lowerRight": {"x": 635, "y": 604.5703125}, "upperLeft": {"x": 635, "y": 550}}, "dockers": [{"x": 50, "y": 40}, {"x": 635, "y": 242}], "target": {"resourceId": "sid-8D9E2E57-27E2-4AE1-8B73-ADC200EC8F9A"}}, {"resourceId": "sid-2DD73BC3-C4F7-40C1-8E41-205AD79BAEBF", "properties": {"name": "", "documentation": "", "auditing": "", "monitoring": ""}, "stencil": {"id": "MessageFlow"}, "childShapes": [], "outgoing": [{"resourceId": "sid-5E8B191F-AA68-4B82-BFD6-BC65E0A1F7A4"}], "bounds": {"lowerRight": {"x": 770, "y": 604.6953125}, "upperLeft": {"x": 770, "y": 550}}, "dockers": [{"x": 770, "y": 125}, {"x": 50, "y": 22}], "target": {"resourceId": "sid-5E8B191F-AA68-4B82-BFD6-BC65E0A1F7A4"}}, {"resourceId": "sid-2356F52D-AA1C-4E64-9E6D-14D9183E5361", "properties": {"name": "", "documentation": "", "auditing": "", "monitoring": ""}, "stencil": {"id": "MessageFlow"}, "childShapes": [], "outgoing": [{"resourceId": "sid-8D9E2E57-27E2-4AE1-8B73-ADC200EC8F9A"}], "bounds": {"lowerRight": {"x": 890, "y": 604.6640625}, "upperLeft": {"x": 890, "y": 550}}, "dockers": [{"x": 50, "y": 40}, {"x": 890, "y": 250}], "target": {"resourceId": "sid-8D9E2E57-27E2-4AE1-8B73-ADC200EC8F9A"}}], "bounds": {"lowerRight": {"x": 1485, "y": 1350}, "upperLeft": {"x": 0, "y": 0}}, "stencilset": {"url": "/stencilsets/bpmn2.0/bpmn2.0.json?version=4.6.0", "namespace": "http://b3mn.org/stencilset/bpmn2.0#"}, "ssextensions": ["http://oryx-editor.org/stencilsets/extensions/bpmn2.0basicsubset#"], "offset": {"x": 0, "y": 0}}