{"bounds": {"lowerRight": {"y": 1050, "x": 1485}, "upperLeft": {"y": 0, "x": 0}}, "resourceId": "canvas", "childShapes": [{"dockers": [{"y": 15, "x": 15}, {"y": 20.5, "x": 22.827272727272728048}], "bounds": {"lowerRight": {"y": 214.64897865128733656, "x": 199.49571670120954536}, "upperLeft": {"y": 213.52289634871266344, "x": 150.32686852606317984}}, "resourceId": "sid-9E05F9C1-96E0-4BEB-A16C-A7EE0339298D", "layers": [], "labels": [], "target": {"resourceId": "sid-7F7E1C69-F0CB-4127-93DC-143B01E64813"}, "childShapes": [], "properties": {"ConditionType": "None", "showdiamondmarker": "false", "bordercolor": "#000000", "monitoring": "", "name": "", "documentation": "", "probability": "", "conditionexpression": "", "isimmediate": "false", "auditing": ""}, "stencil": {"id": "SequenceFlow"}, "outgoing": [{"resourceId": "sid-7F7E1C69-F0CB-4127-93DC-143B01E64813"}], "glossaryLinks": {}, "formats": {}}, {"dockers": [{"y": 23, "x": 67.009090909090900823}, {"y": 20.5, "x": 20.5}], "bounds": {"lowerRight": {"y": 215.5, "x": 329.81463068181818699}, "upperLeft": {"y": 215.5, "x": 280.63267045454540494}}, "resourceId": "sid-F83031B0-7EE5-4CE3-87EF-0F4FF61E0520", "layers": [], "labels": [], "target": {"resourceId": "sid-B7CF4487-28F3-4A2E-9B4D-07A7DE734871"}, "childShapes": [], "properties": {"ConditionType": "None", "showdiamondmarker": "false", "bordercolor": "#000000", "monitoring": "", "name": "", "documentation": "", "probability": "", "conditionexpression": "", "isimmediate": "false", "auditing": ""}, "stencil": {"id": "SequenceFlow"}, "outgoing": [{"resourceId": "sid-B7CF4487-28F3-4A2E-9B4D-07A7DE734871"}], "glossaryLinks": {}, "formats": {}}, {"dockers": [{"y": 20.5, "x": 20.5}, {"y": 278, "x": 350.5}, {"y": 30, "x": 46.999999999999992895}], "bounds": {"lowerRight": {"y": 278, "x": 376.48828125}, "upperLeft": {"y": 235.0546875, "x": 350.5}}, "resourceId": "sid-7DF2A492-4433-48DC-BFA8-CB6AE291DC78", "layers": [], "labels": [], "target": {"resourceId": "sid-3A6D95BF-82D8-4C75-8283-C8B524B44A99"}, "childShapes": [], "properties": {"ConditionType": "None", "showdiamondmarker": "false", "bordercolor": "#000000", "monitoring": "", "name": "", "documentation": "", "probability": "", "conditionexpression": "", "isimmediate": "false", "auditing": ""}, "stencil": {"id": "SequenceFlow"}, "outgoing": [{"resourceId": "sid-3A6D95BF-82D8-4C75-8283-C8B524B44A99"}], "glossaryLinks": {}, "formats": {}}, {"dockers": [{"y": 11, "x": 20.162821647960129212}, {"y": 146, "x": 350.16282164796012921}, {"y": 30, "x": 48.5}], "bounds": {"lowerRight": {"y": 194.6875, "x": 375.87774511822442491}, "upperLeft": {"y": 146, "x": 350.16282164796012921}}, "resourceId": "sid-30F0BCD8-E2E9-4504-B606-6FC3E2F1ADAC", "layers": [], "labels": [], "target": {"resourceId": "sid-B42D50BE-27E5-49AF-A810-89083B598794"}, "childShapes": [], "properties": {"ConditionType": "None", "showdiamondmarker": "false", "bordercolor": "#000000", "monitoring": "", "name": "", "documentation": "", "probability": "", "conditionexpression": "", "isimmediate": "false", "auditing": ""}, "stencil": {"id": "SequenceFlow"}, "outgoing": [{"resourceId": "sid-B42D50BE-27E5-49AF-A810-89083B598794"}], "glossaryLinks": {}, "formats": {}}, {"dockers": [{"y": 30, "x": 46.999999999999992895}, {"y": 278, "x": 500}, {"y": 20.253164556962026666, "x": 20}], "bounds": {"lowerRight": {"y": 278, "x": 500}, "upperLeft": {"y": 235.40847507911394132, "x": 471.3125}}, "resourceId": "sid-AAD6A38E-218D-404F-B66B-3F7ADFEA83C4", "layers": [], "labels": [], "target": {"resourceId": "sid-0FF322EB-B94A-48DD-A87D-45C948C3B098"}, "childShapes": [], "properties": {"ConditionType": "None", "showdiamondmarker": "false", "bordercolor": "#000000", "monitoring": "", "name": "", "documentation": "", "probability": "", "conditionexpression": "", "isimmediate": "false", "auditing": ""}, "stencil": {"id": "SequenceFlow"}, "outgoing": [{"resourceId": "sid-0FF322EB-B94A-48DD-A87D-45C948C3B098"}], "glossaryLinks": {}, "formats": {}}, {"dockers": [{"y": 30, "x": 67.102152122641541609}, {"y": 146, "x": 500}, {"y": 20.759493670886076444, "x": 20.5}], "bounds": {"lowerRight": {"y": 195.67872371786947383, "x": 500.3522839346269393}, "upperLeft": {"y": 146, "x": 473.44010493440453047}}, "resourceId": "sid-2E79D254-5737-4380-A56B-87FADCC20E17", "layers": [], "labels": [], "target": {"resourceId": "sid-0FF322EB-B94A-48DD-A87D-45C948C3B098"}, "childShapes": [], "properties": {"ConditionType": "None", "showdiamondmarker": "false", "bordercolor": "#000000", "monitoring": "", "name": "", "documentation": "", "probability": "", "conditionexpression": "", "isimmediate": "false", "auditing": ""}, "stencil": {"id": "SequenceFlow"}, "outgoing": [{"resourceId": "sid-0FF322EB-B94A-48DD-A87D-45C948C3B098"}], "glossaryLinks": {}, "formats": {}}, {"dockers": [], "bounds": {"lowerRight": {"y": 237.5, "x": 280.5}, "upperLeft": {"y": 192.5, "x": 199.5}}, "resourceId": "sid-7F7E1C69-F0CB-4127-93DC-143B01E64813", "layers": [], "labels": [], "childShapes": [], "properties": {"resources": "", "outmsgstructure": "", "applyincalc": "true", "loopcardinality": "", "outmessagename": "", "inmessagename": "", "bgcolor": "#ffffcc", "bordercolor": "#000000", "time": "", "loopdataoutput": "", "testbefore": "false", "callacitivity": "false", "outmsgiscollection": "false", "monitoring": "", "operationname": "", "dataoutputset": "", "completionquantity": "1", "properties": "", "script": "", "assignments": "", "nonebehavioreventref": "signal", "scriptformat": "", "datainputset": "", "processid": "", "startquantity": "1", "tasktype": "None", "looptype": "None", "instantiate": "false", "behavior": "all", "inmsgimport": "", "costs": "", "inputdataitem": "", "loopdatainput": "", "name": "A", "outmsgitemkind": "Information", "costcenter": "", "completioncondition": "", "isforcompensation": "false", "inmsgiscollection": "false", "inmsgitemkind": "Information", "inmsgstructure": "", "outputdataitem": "", "messageref": "", "loopcondition": "", "onebehavioreventref:": "signal", "implementation": "webService", "operationref": "", "outmsgimport": "", "documentation": "", "categories": "", "auditing": "", "complexbehaviordefinition": ""}, "stencil": {"id": "Task"}, "outgoing": [{"resourceId": "sid-F83031B0-7EE5-4CE3-87EF-0F4FF61E0520"}], "glossaryLinks": {}, "formats": {}}, {"dockers": [], "bounds": {"lowerRight": {"y": 230, "x": 150}, "upperLeft": {"y": 200, "x": 120}}, "resourceId": "sid-2FCFEC2C-D10E-4F4E-AD8D-AEB7BB4AEC83", "layers": [], "labels": [], "childShapes": [], "properties": {"trigger": "None", "monitoring": "", "outputset": "", "applyincalc": "true", "frequency": "", "bgcolor": "#ffffff", "bordercolor": "#000000", "dataoutputassociations": "", "name": "", "dataoutput": "", "documentation": "", "auditing": "", "processid": ""}, "stencil": {"id": "StartNoneEvent"}, "outgoing": [{"resourceId": "sid-9E05F9C1-96E0-4BEB-A16C-A7EE0339298D"}], "glossaryLinks": {}, "formats": {}}, {"dockers": [], "bounds": {"lowerRight": {"y": 235, "x": 370}, "upperLeft": {"y": 195, "x": 330}}, "resourceId": "sid-B7CF4487-28F3-4A2E-9B4D-07A7DE734871", "layers": [], "labels": [], "childShapes": [], "properties": {"monitoring": "", "gatewaytype": "AND", "gates": "", "assignments": "", "bgcolor": "#ffffff", "bordercolor": "#000000", "pool": "", "name": "", "gates_assignments": "", "documentation": "", "categories": "", "auditing": "", "gates_outgoingsequenceflow": "", "lanes": "", "processid": ""}, "stencil": {"id": "ParallelGateway"}, "outgoing": [{"resourceId": "sid-7DF2A492-4433-48DC-BFA8-CB6AE291DC78"}, {"resourceId": "sid-30F0BCD8-E2E9-4504-B606-6FC3E2F1ADAC"}], "glossaryLinks": {}, "formats": {}}, {"dockers": [], "bounds": {"lowerRight": {"y": 255.5, "x": 665}, "upperLeft": {"y": 175.5, "x": 565}}, "resourceId": "sid-BCE42C09-693B-4EC8-BAD6-9A6C83110C18", "layers": [], "labels": [], "childShapes": [], "properties": {"resources": "", "outmsgstructure": "", "applyincalc": "true", "loopcardinality": "", "outmessagename": "", "inmessagename": "", "bgcolor": "#ffffcc", "bordercolor": "#000000", "time": "", "loopdataoutput": "", "testbefore": "false", "callacitivity": "false", "outmsgiscollection": "false", "monitoring": "", "operationname": "", "dataoutputset": "", "completionquantity": "1", "properties": "", "script": "", "assignments": "", "nonebehavioreventref": "signal", "scriptformat": "", "datainputset": "", "processid": "", "startquantity": "1", "tasktype": "None", "looptype": "None", "instantiate": "false", "behavior": "all", "inmsgimport": "", "costs": "", "inputdataitem": "", "loopdatainput": "", "name": "B", "outmsgitemkind": "Information", "costcenter": "", "completioncondition": "", "isforcompensation": "false", "inmsgiscollection": "false", "inmsgitemkind": "Information", "inmsgstructure": "", "outputdataitem": "", "messageref": "", "loopcondition": "", "onebehavioreventref:": "signal", "implementation": "webService", "operationref": "", "outmsgimport": "", "documentation": "", "categories": "", "auditing": "", "complexbehaviordefinition": ""}, "stencil": {"id": "Task"}, "outgoing": [{"resourceId": "sid-BD26A266-D10D-4465-BC58-05CC37E2315A"}], "glossaryLinks": {}, "formats": {}}, {"dockers": [{"y": 20.759493670886076444, "x": 20.5}, {"y": 40, "x": 50}], "bounds": {"lowerRight": {"y": 216.33505741953672441, "x": 564.80082011341085035}, "upperLeft": {"y": 215.94258300767845071, "x": 520.28511738658914965}}, "resourceId": "sid-13D82330-D24D-4FAE-9E92-0528E93B68BD", "layers": [], "labels": [], "target": {"resourceId": "sid-BCE42C09-693B-4EC8-BAD6-9A6C83110C18"}, "childShapes": [], "properties": {"ConditionType": "None", "showdiamondmarker": "false", "bordercolor": "#000000", "monitoring": "", "name": "", "documentation": "", "probability": "", "conditionexpression": "", "isimmediate": "false", "auditing": ""}, "stencil": {"id": "SequenceFlow"}, "outgoing": [{"resourceId": "sid-BCE42C09-693B-4EC8-BAD6-9A6C83110C18"}], "glossaryLinks": {}, "formats": {}}, {"dockers": [], "bounds": {"lowerRight": {"y": 176, "x": 473}, "upperLeft": {"y": 116, "x": 376}}, "resourceId": "sid-B42D50BE-27E5-49AF-A810-89083B598794", "layers": [], "labels": [], "childShapes": [], "properties": {"subprocesstype": "Embedded", "startquantity": "1", "looptype": "None", "processref": "", "transaction": "", "behavior": "all", "adhoccancelremaininginstances": "true", "applyincalc": "true", "loopcardinality": "", "costs": "", "bgcolor": "#ffffcc", "inputdataitem": "", "bordercolor": "#000000", "transactionmethod": "compensate", "loopdatainput": "", "time": "", "loopdataoutput": "", "isatransaction": "false", "testbefore": "false", "name": "C", "costcenter": "", "activitytype": "Sub-Process", "completioncondition": "", "adhoccompletioncondition": "", "isforcompensation": "false", "adhocordering": "Sequential", "callacitivity": "false", "outputmaps": "", "monitoring": "", "dataoutputset": "", "completionquantity": "1", "isadhoc": "false", "outputdataitem": "", "properties": "", "assignments": "", "nonebehavioreventref": "signal", "loopcondition": "", "onebehavioreventref:": "signal", "inputmaps": "", "entry": "", "documentation": "", "diagramref": "", "categories": "", "auditing": "", "complexbehaviordefinition": "", "datainputset": "", "processid": ""}, "stencil": {"id": "CollapsedSubprocess"}, "outgoing": [{"resourceId": "sid-2E79D254-5737-4380-A56B-87FADCC20E17"}], "glossaryLinks": {}, "formats": {}}, {"dockers": [], "bounds": {"lowerRight": {"y": 308, "x": 471}, "upperLeft": {"y": 248, "x": 377}}, "resourceId": "sid-3A6D95BF-82D8-4C75-8283-C8B524B44A99", "layers": [], "labels": [], "childShapes": [], "properties": {"subprocesstype": "Embedded", "startquantity": "1", "looptype": "None", "processref": "", "transaction": "", "behavior": "all", "adhoccancelremaininginstances": "true", "applyincalc": "true", "loopcardinality": "", "costs": "", "bgcolor": "#ffffcc", "inputdataitem": "", "bordercolor": "#000000", "transactionmethod": "compensate", "loopdatainput": "", "time": "", "loopdataoutput": "", "isatransaction": "false", "testbefore": "false", "name": "D", "costcenter": "", "activitytype": "Sub-Process", "completioncondition": "", "adhoccompletioncondition": "", "isforcompensation": "false", "adhocordering": "Sequential", "callacitivity": "false", "outputmaps": "", "monitoring": "", "dataoutputset": "", "completionquantity": "1", "isadhoc": "false", "outputdataitem": "", "properties": "", "assignments": "", "nonebehavioreventref": "signal", "loopcondition": "", "onebehavioreventref:": "signal", "inputmaps": "", "entry": "", "documentation": "", "diagramref": "", "categories": "", "auditing": "", "complexbehaviordefinition": "", "datainputset": "", "processid": ""}, "stencil": {"id": "CollapsedSubprocess"}, "outgoing": [{"resourceId": "sid-AAD6A38E-218D-404F-B66B-3F7ADFEA83C4"}], "glossaryLinks": {}, "formats": {}}, {"dockers": [], "bounds": {"lowerRight": {"y": 229.5, "x": 738}, "upperLeft": {"y": 201.5, "x": 710}}, "resourceId": "sid-02606B87-21F0-4B6C-9103-A5EABB76E447", "layers": [], "labels": [], "childShapes": [], "properties": {"inputset": "", "trigger": "None", "bordercolor": "#000000", "monitoring": "", "datainputassociations": "", "name": "", "documentation": "", "auditing": "", "datainput": "", "bgcolor": "#ffffff"}, "stencil": {"id": "EndNoneEvent"}, "outgoing": [], "glossaryLinks": {}, "formats": {}}, {"dockers": [{"y": 40, "x": 50}, {"y": 14, "x": 14}], "bounds": {"lowerRight": {"y": 215.5, "x": 709.375}, "upperLeft": {"y": 215.5, "x": 665.390625}}, "resourceId": "sid-BD26A266-D10D-4465-BC58-05CC37E2315A", "layers": [], "labels": [], "target": {"resourceId": "sid-02606B87-21F0-4B6C-9103-A5EABB76E447"}, "childShapes": [], "properties": {"ConditionType": "None", "showdiamondmarker": "false", "bordercolor": "#000000", "monitoring": "", "name": "", "documentation": "", "probability": "", "conditionexpression": "", "isimmediate": "false", "auditing": ""}, "stencil": {"id": "SequenceFlow"}, "outgoing": [{"resourceId": "sid-02606B87-21F0-4B6C-9103-A5EABB76E447"}], "glossaryLinks": {}, "formats": {}}, {"dockers": [], "bounds": {"lowerRight": {"y": 235.75, "x": 520}, "upperLeft": {"y": 195.75, "x": 480}}, "resourceId": "sid-0FF322EB-B94A-48DD-A87D-45C948C3B098", "layers": [], "labels": [], "childShapes": [], "properties": {"monitoring": "", "gatewaytype": "AND", "gates": "", "assignments": "", "bgcolor": "#ffffff", "bordercolor": "#000000", "pool": "", "name": "", "gates_assignments": "", "documentation": "", "categories": "", "auditing": "", "gates_outgoingsequenceflow": "", "lanes": "", "processid": ""}, "stencil": {"id": "ParallelGateway"}, "outgoing": [{"resourceId": "sid-13D82330-D24D-4FAE-9E92-0528E93B68BD"}], "glossaryLinks": {}, "formats": {}}], "properties": {"orientation": "horizontal", "monitoring": "", "modificationdate": "", "creationdate": "", "namespaces": "", "version": "", "targetnamespace": "http://www.signavio.com/bpmn20", "author": "", "name": "", "documentation": "", "language": "English", "typelanguage": "http://www.w3.org/2001/XMLSchema", "expressionlanguage": "http://www.w3.org/1999/XPath", "auditing": ""}, "ssextensions": [], "stencilset": {"url": "/stencilsets/bpmn2.0/bpmn2.0.json", "namespace": "http://b3mn.org/stencilset/bpmn2.0#"}, "stencil": {"id": "BPMNDiagram"}, "formats": {}}