{"revision": {"creationDate": null, "isLastRevision": true, "revisionNumber": 1, "elementCounts": {"total": 27, "IntermediateEscalationEvent": 1, "IntermediateErrorEvent": 1, "CollapsedSubprocess": 1, "Task": 6, "SequenceFlow": 12, "EndNoneEvent": 3, "Exclusive_Databased_Gateway": 1, "BPMNDiagram": 1, "StartMessageEvent": 1}, "connectedness": 50}, "model": {"modelId": "1005869593", "modelDate": "2012-08-30", "groupName": "BPMN2.0_Process", "naturalLanguage": "en", "modelName": "1005869593", "TimestampModelCollection": "2012-08-30 14:08:38", "modelingLanguage": "bpmn20", "directoryId": "85232033", "numberOfRevisions": 1}}