{"revision": {"creationDate": null, "isLastRevision": true, "revisionNumber": 2, "elementCounts": {"total": 133, "IntermediateTimerEvent": 5, "Lane": 12, "IntermediateMessageEventCatching": 5, "TextAnnotation": 18, "Association_Undirected": 16, "StartNoneEvent": 1, "Pool": 5, "SequenceFlow": 26, "Task": 30, "BPMNDiagram": 1, "MessageFlow": 14}, "connectedness": 63}, "model": {"modelId": "1005631758", "modelDate": "2012-08-30", "groupName": "BPMN2.0_Process", "naturalLanguage": "en", "modelName": "1005631758", "TimestampModelCollection": "2012-08-30 14:08:38", "modelingLanguage": "bpmn20", "directoryId": "802536352", "numberOfRevisions": 2}}