{"revision": {"creationDate": null, "isLastRevision": true, "revisionNumber": 7, "elementCounts": {"total": 41, "Lane": 5, "IntermediateMessageEventCatching": 1, "Pool": 1, "Association_Unidirectional": 3, "Task": 6, "SequenceFlow": 14, "EndNoneEvent": 1, "CollapsedPool": 3, "Exclusive_Databased_Gateway": 2, "BPMNDiagram": 1, "ParallelGateway": 2, "IntermediateMessageEventThrowing": 2}, "connectedness": 87}, "model": {"modelId": "1005205836", "modelDate": "2012-08-30", "groupName": "BPMN2.0_Process", "naturalLanguage": "en", "modelName": "1005205836", "TimestampModelCollection": "2012-08-30 14:08:38", "modelingLanguage": "bpmn20", "directoryId": "613917513", "numberOfRevisions": 7}}