{"revision": {"creationDate": null, "isLastRevision": true, "revisionNumber": 3, "elementCounts": {"total": 12, "IntermediateTimerEvent": 1, "EventbasedGateway": 1, "StartNoneEvent": 1, "SequenceFlow": 5, "EndNoneEvent": 1, "BPMNDiagram": 1, "EndErrorEvent": 1, "IntermediateSignalEventCatching": 1}, "connectedness": 100}, "model": {"modelId": "1006911955", "modelDate": "2012-06-14", "groupName": "BPMN2.0_Process", "naturalLanguage": "en", "modelName": "Monitor session", "TimestampModelCollection": "2012-08-30 14:08:38", "modelingLanguage": "bpmn20", "directoryId": "869103420", "numberOfRevisions": 3}}