{"resourceId": "canvas", "properties": {"name": "", "documentation": "", "auditing": "", "monitoring": "", "version": "", "author": "", "language": "English", "namespaces": "", "targetnamespace": "http://www.signavio.com/bpmn20", "expressionlanguage": "http://www.w3.org/1999/XPath", "typelanguage": "http://www.w3.org/2001/XMLSchema", "creationdate": "", "modificationdate": "", "orientation": "horizontal"}, "stencil": {"id": "BPMNDiagram"}, "childShapes": [{"resourceId": "sid-C17FCA67-D1BC-43FF-BD33-5CE052CD436C", "properties": {"name": "", "documentation": "", "auditing": "", "monitoring": "", "dataoutputassociations": "", "dataoutput": "", "outputset": "", "bgcolor": "#ffffff", "bordercolor": "#000000", "processid": "", "trigger": "None", "frequency": "", "applyincalc": true}, "stencil": {"id": "StartNoneEvent"}, "childShapes": [], "outgoing": [{"resourceId": "sid-406F5DEE-A323-42D7-AAAC-2FCFDD3C6BCF"}], "bounds": {"lowerRight": {"x": 75, "y": 170}, "upperLeft": {"x": 45, "y": 140}}, "dockers": []}, {"resourceId": "sid-406F5DEE-A323-42D7-AAAC-2FCFDD3C6BCF", "properties": {"name": "", "documentation": "", "auditing": "", "monitoring": "", "conditiontype": "None", "conditionexpression": "", "isimmediate": "", "showdiamondmarker": "", "bordercolor": "#000000", "probability": ""}, "stencil": {"id": "SequenceFlow"}, "childShapes": [], "outgoing": [{"resourceId": "sid-C5EF4492-EA0E-4384-AEF0-FA97FBF01B80"}], "bounds": {"lowerRight": {"x": 119.37501928882116431, "y": 155.36878893968210491}, "upperLeft": {"x": 75.464824461178835691, "y": 155.09605481031789509}}, "dockers": [{"x": 15, "y": 15}, {"x": 20.5, "y": 20.5}], "target": {"resourceId": "sid-C5EF4492-EA0E-4384-AEF0-FA97FBF01B80"}}, {"resourceId": "sid-A15CF488-E340-4DD5-8BA4-1906B63A4737", "properties": {"name": "", "documentation": "", "auditing": "", "monitoring": "", "conditiontype": "None", "conditionexpression": "", "isimmediate": "", "showdiamondmarker": "", "bordercolor": "#000000", "probability": ""}, "stencil": {"id": "SequenceFlow"}, "childShapes": [], "outgoing": [{"resourceId": "sid-D40B1FA6-1A36-4AAD-BA55-0CEDD4055D90"}], "bounds": {"lowerRight": {"x": 204.09376977711195877, "y": 155.37652331620824953}, "upperLeft": {"x": 160.13279272288804123, "y": 155.10003918379175047}}, "dockers": [{"x": 20.5, "y": 20.5}, {"x": 15, "y": 15}], "target": {"resourceId": "sid-D40B1FA6-1A36-4AAD-BA55-0CEDD4055D90"}}, {"resourceId": "sid-D40B1FA6-1A36-4AAD-BA55-0CEDD4055D90", "properties": {"type": "http://b3mn.org/stencilset/bpmn2.0#IntermediateEvent", "datainputassociations": "", "datainput": "", "inputset": "", "time": "", "costs": "", "costcenter": "", "applyincalc": true, "name": "20min", "documentation": "", "auditing": "", "monitoring": "", "boundarycancelactivity2": true, "timedate": "", "timecycle": "", "timeduration": "", "bgcolor": "#ffffff", "trigger": "Timer", "bordercolor": "#000000"}, "stencil": {"id": "IntermediateTimerEvent"}, "childShapes": [], "outgoing": [{"resourceId": "sid-82391D69-4F9D-407B-A52D-67526568AD2D"}], "bounds": {"lowerRight": {"x": 235, "y": 170}, "upperLeft": {"x": 205, "y": 140}}, "dockers": [{"x": 220, "y": 155}]}, {"resourceId": "sid-82391D69-4F9D-407B-A52D-67526568AD2D", "properties": {"name": "", "documentation": "", "auditing": "", "monitoring": "", "conditiontype": "None", "conditionexpression": "", "isimmediate": "", "showdiamondmarker": "", "bordercolor": "#000000", "probability": ""}, "stencil": {"id": "SequenceFlow"}, "childShapes": [], "outgoing": [{"resourceId": "sid-B7AA059E-A6FB-4E15-93A9-080EA5F087BE"}], "bounds": {"lowerRight": {"x": 284.421875, "y": 155}, "upperLeft": {"x": 235.8125, "y": 155}}, "dockers": [{"x": 15, "y": 15}, {"x": 14, "y": 14}], "target": {"resourceId": "sid-B7AA059E-A6FB-4E15-93A9-080EA5F087BE"}}, {"resourceId": "sid-B7AA059E-A6FB-4E15-93A9-080EA5F087BE", "properties": {"type": "http://b3mn.org/stencilset/bpmn2.0#EndNoneEvent", "datainputassociations": "", "datainput": "", "inputset": "", "name": "Session Expired", "documentation": "", "auditing": "", "monitoring": "", "dataoutputassociations": "", "dataoutput": "", "outputset": "", "errorname": "", "errorcode": "", "bgcolor": "#ffffff", "trigger": "Error", "bordercolor": "#000000"}, "stencil": {"id": "EndErrorEvent"}, "childShapes": [], "outgoing": [], "bounds": {"lowerRight": {"x": 313, "y": 169}, "upperLeft": {"x": 285, "y": 141}}, "dockers": [{"x": 299, "y": 155}]}, {"resourceId": "sid-C5EF4492-EA0E-4384-AEF0-FA97FBF01B80", "properties": {"type": "http://b3mn.org/stencilset/bpmn2.0#Exclusive_Databased_Gateway", "gatewaytype": "XOR", "xortype": "Data", "markervisible": "true", "defaultgate": "", "gate_outgoingsequenceflow": "", "gate_assignments": "", "name": "", "documentation": "", "auditing": "", "monitoring": "", "categories": "", "assignments": "", "pool": "", "lanes": "", "gates": "", "gates_outgoingsequenceflow": "", "gates_assignments": "", "bgcolor": "#ffffff", "processid": "", "eventtype": "exclusive", "bordercolor": "#000000"}, "stencil": {"id": "EventbasedGateway"}, "childShapes": [], "outgoing": [{"resourceId": "sid-A15CF488-E340-4DD5-8BA4-1906B63A4737"}, {"resourceId": "sid-1F2260B5-50E0-418D-B7C0-61C53AC682FB"}], "bounds": {"lowerRight": {"x": 160, "y": 175}, "upperLeft": {"x": 120, "y": 135}}, "dockers": []}, {"resourceId": "sid-1F97B748-0EC4-40BB-88CE-F80A1FB91467", "properties": {"name": "New Action", "documentation": "", "auditing": "", "monitoring": "", "dataoutputassociations": "", "dataoutput": "", "outputset": "", "boundarycancelactivity2": true, "signalname": "", "bgcolor": "#ffffff", "trigger": "Signal", "bordercolor": "#000000"}, "stencil": {"id": "IntermediateSignalEventCatching"}, "childShapes": [], "outgoing": [{"resourceId": "sid-0E37E7F4-DE2C-4ED3-8247-2793644B8D10"}], "bounds": {"lowerRight": {"x": 235, "y": 90}, "upperLeft": {"x": 205, "y": 60}}, "dockers": [{"x": 220, "y": 75}]}, {"resourceId": "sid-1F2260B5-50E0-418D-B7C0-61C53AC682FB", "properties": {"name": "", "documentation": "", "auditing": "", "monitoring": "", "conditiontype": "None", "conditionexpression": "", "isimmediate": "", "showdiamondmarker": "", "bordercolor": "#000000", "probability": ""}, "stencil": {"id": "SequenceFlow"}, "childShapes": [], "outgoing": [{"resourceId": "sid-1F97B748-0EC4-40BB-88CE-F80A1FB91467"}], "bounds": {"lowerRight": {"x": 204.09375, "y": 134.375}, "upperLeft": {"x": 140.5, "y": 75}}, "dockers": [{"x": 20.5, "y": 20.5}, {"x": 140.5, "y": 75}, {"x": 15, "y": 15}], "target": {"resourceId": "sid-1F97B748-0EC4-40BB-88CE-F80A1FB91467"}}, {"resourceId": "sid-B5484507-021D-4D33-9B2E-CEAE3323A8F5", "properties": {"name": "", "documentation": "", "auditing": "", "monitoring": "", "datainputassociations": "", "datainput": "", "inputset": "", "bgcolor": "#ffffff", "bordercolor": "#000000", "trigger": "None"}, "stencil": {"id": "EndNoneEvent"}, "childShapes": [], "outgoing": [], "bounds": {"lowerRight": {"x": 313, "y": 89}, "upperLeft": {"x": 285, "y": 61}}, "dockers": []}, {"resourceId": "sid-0E37E7F4-DE2C-4ED3-8247-2793644B8D10", "properties": {"name": "", "documentation": "", "auditing": "", "monitoring": "", "conditiontype": "None", "conditionexpression": "", "isimmediate": "", "showdiamondmarker": "", "bordercolor": "#000000", "probability": ""}, "stencil": {"id": "SequenceFlow"}, "childShapes": [], "outgoing": [{"resourceId": "sid-B5484507-021D-4D33-9B2E-CEAE3323A8F5"}], "bounds": {"lowerRight": {"x": 284.421875, "y": 75}, "upperLeft": {"x": 235.8125, "y": 75}}, "dockers": [{"x": 15, "y": 15}, {"x": 14, "y": 14}], "target": {"resourceId": "sid-B5484507-021D-4D33-9B2E-CEAE3323A8F5"}}], "bounds": {"lowerRight": {"x": 1485, "y": 1050}, "upperLeft": {"x": 0, "y": 0}}, "stencilset": {"url": "/stencilsets/bpmn2.0/bpmn2.0.json?version=6.0.0", "namespace": "http://b3mn.org/stencilset/bpmn2.0#"}, "ssextensions": []}