{"revision": {"creationDate": null, "isLastRevision": true, "revisionNumber": 1, "elementCounts": {"total": 15, "Lane": 2, "TextAnnotation": 1, "Association_Undirected": 2, "Pool": 1, "StartNoneEvent": 1, "Task": 2, "SequenceFlow": 3, "EndNoneEvent": 1, "BPMNDiagram": 1, "DataStore": 1}, "connectedness": 100}, "model": {"modelId": "1007437163", "modelDate": "2012-08-30", "groupName": "BPMN2.0_Process", "naturalLanguage": "en", "modelName": "1007437163", "TimestampModelCollection": "2012-08-30 14:08:38", "modelingLanguage": "bpmn20", "directoryId": "679732737", "numberOfRevisions": 1}}