{"revision": {"creationDate": null, "isLastRevision": true, "revisionNumber": 2, "elementCounts": {"total": 27, "Lane": 2, "StartNoneEvent": 1, "Pool": 1, "Task": 7, "SequenceFlow": 12, "EndNoneEvent": 1, "BPMNDiagram": 1, "Exclusive_Databased_Gateway": 2}, "connectedness": 100}, "model": {"modelId": "1007550920", "modelDate": "2012-08-30", "groupName": "BPMN2.0_Process", "naturalLanguage": "en", "modelName": "1007550920", "TimestampModelCollection": "2012-08-30 14:08:38", "modelingLanguage": "bpmn20", "directoryId": "345076347", "numberOfRevisions": 2}}