{"revision": {"creationDate": null, "isLastRevision": true, "revisionNumber": 14, "elementCounts": {"total": 66, "Lane": 5, "StartNoneEvent": 3, "Pool": 2, "Association_Unidirectional": 8, "MessageFlow": 2, "CollapsedSubprocess": 9, "SequenceFlow": 22, "DataObject": 4, "Task": 1, "EndNoneEvent": 3, "Exclusive_Databased_Gateway": 6, "BPMNDiagram": 1}, "connectedness": 97}, "model": {"modelId": "1008939313", "modelDate": "2012-08-30", "groupName": "BPMN2.0_Process", "naturalLanguage": "en", "modelName": "1008939313", "TimestampModelCollection": "2012-08-30 14:08:38", "modelingLanguage": "bpmn20", "directoryId": "1455933641", "numberOfRevisions": 14}}