{"revision": {"creationDate": null, "isLastRevision": true, "revisionNumber": 2, "elementCounts": {"total": 57, "EndMessageEvent": 2, "processparticipant": 1, "Lane": 2, "IntermediateMessageEventCatching": 5, "EventbasedGateway": 1, "StartNoneEvent": 1, "Pool": 2, "MessageFlow": 7, "StartMessageEvent": 1, "Subprocess": 1, "SequenceFlow": 21, "Task": 6, "EndNoneEvent": 1, "CollapsedPool": 1, "Exclusive_Databased_Gateway": 2, "BPMNDiagram": 1, "IntermediateMessageEventThrowing": 2}, "connectedness": 96}, "model": {"modelId": "1009232864", "modelDate": "2012-04-29", "groupName": "BPMN2.0_Process", "naturalLanguage": "en", "modelName": "Course Scheduling (Copy)", "TimestampModelCollection": "2012-08-30 14:08:38", "modelingLanguage": "bpmn20", "directoryId": "1751803183", "numberOfRevisions": 2}}