{"resourceId": "canvas", "properties": {"name": "", "documentation": "", "auditing": "", "monitoring": "", "version": "", "author": "", "language": "English", "namespaces": "", "targetnamespace": "http://www.signavio.com/bpmn20", "expressionlanguage": "http://www.w3.org/1999/XPath", "typelanguage": "http://www.w3.org/2001/XMLSchema", "creationdate": "", "modificationdate": "", "orientation": "horizontal"}, "stencil": {"id": "BPMNDiagram"}, "childShapes": [{"resourceId": "sid-A027F2FE-78E6-41C1-8159-0CCB02C6EF25", "properties": {"name": "Teamwork process\n\n\n", "documentation": "", "auditing": "", "monitoring": "", "boundaryvisible": true, "processname": "", "status": "None", "adhoc": "", "adhocordering": "Parallel", "adhoccompletioncondition": "", "suppressjoinfailure": "", "enableinstancecompensation": "", "processcategories": "", "processdocumentation": "", "multiinstance": "", "minimum": 2, "maximum": 2, "processtype": "None", "isclosed": "", "isexecutable": "", "bgcolor": "#ffffff", "processid": "sid-1BFB7856-DA74-476A-A8A1-C3AB78EE42D5", "bordercolor": "#000000"}, "stencil": {"id": "Pool"}, "childShapes": [{"resourceId": "sid-E6191D13-D104-43E5-841A-3B50E9E161D3", "properties": {"name": "Team\n", "documentation": "", "auditing": "", "monitoring": "", "parentpool": "", "parentlane": "", "showcaption": true, "bgcolor": "", "bordercolor": "#000000"}, "stencil": {"id": "Lane"}, "childShapes": [{"resourceId": "sid-FA3C1328-C1B4-46C7-8B72-8C1CC84BA6AD", "properties": {"processid": "", "name": "Agree on domain\n", "documentation": "", "auditing": "", "monitoring": "", "categories": "", "startquantity": 1, "completionquantity": 1, "isforcompensation": "", "assignments": "", "callacitivity": "", "tasktype": "Manual", "implementation": "webService", "resources": "", "messageref": "", "operationref": "", "instantiate": "", "script": "", "scriptformat": "", "bgcolor": "#ffffcc", "looptype": "None", "testbefore": "", "loopcondition": "", "loopmaximum": "", "loopcardinality": "", "loopdatainput": "", "loopdataoutput": "", "inputdataitem": "", "outputdataitem": "", "behavior": "all", "complexbehaviordefinition": "", "completioncondition": "", "onebehavioreventref:": "signal", "nonebehavioreventref": "signal", "properties": "", "datainputset": "", "dataoutputset": "", "operationname": "", "inmessagename": "", "inmsgitemkind": "Information", "inmsgstructure": "", "inmsgimport": "", "inmsgiscollection": "", "outmessagename": "", "outmsgitemkind": "Information", "outmsgstructure": "", "outmsgimport": "", "outmsgiscollection": "", "bordercolor": "#000000", "time": "", "costs": "", "costcenter": "", "applyincalc": true, "externaldocuments": [], "risklevel": ""}, "stencil": {"id": "Task"}, "childShapes": [], "outgoing": [{"resourceId": "sid-F7835297-90D1-47C3-9747-0BE39B7D1A23"}], "bounds": {"lowerRight": {"x": 235, "y": 96}, "upperLeft": {"x": 135, "y": 16}}, "dockers": []}, {"resourceId": "sid-25B3070D-BCE6-4644-9BBD-C89CF027349B", "properties": {"processid": "", "name": "Analyze domain\n", "documentation": "", "auditing": "", "monitoring": "", "categories": "", "startquantity": 1, "completionquantity": 1, "isforcompensation": "", "assignments": "", "callacitivity": "", "tasktype": "None", "implementation": "webService", "resources": "", "messageref": "", "operationref": "", "instantiate": "", "script": "", "scriptformat": "", "bgcolor": "#ffffcc", "looptype": "None", "testbefore": "", "loopcondition": "", "loopmaximum": "", "loopcardinality": "", "loopdatainput": "", "loopdataoutput": "", "inputdataitem": "", "outputdataitem": "", "behavior": "all", "complexbehaviordefinition": "", "completioncondition": "", "onebehavioreventref:": "signal", "nonebehavioreventref": "signal", "properties": "", "datainputset": "", "dataoutputset": "", "operationname": "", "inmessagename": "", "inmsgitemkind": "Information", "inmsgstructure": "", "inmsgimport": "", "inmsgiscollection": "", "outmessagename": "", "outmsgitemkind": "Information", "outmsgstructure": "", "outmsgimport": "", "outmsgiscollection": "", "bordercolor": "#000000", "time": "", "costs": "", "costcenter": "", "applyincalc": true, "externaldocuments": [], "risklevel": ""}, "stencil": {"id": "Task"}, "childShapes": [], "outgoing": [{"resourceId": "sid-78F23025-9DDD-44A3-9EBC-AA99E26E1F14"}], "bounds": {"lowerRight": {"x": 985, "y": 96}, "upperLeft": {"x": 885, "y": 16}}, "dockers": []}, {"resourceId": "sid-8C4ECBED-A914-4678-B911-FC8A67F10504", "properties": {"processid": "", "name": "Identify processes\n", "documentation": "", "auditing": "", "monitoring": "", "categories": "", "startquantity": 1, "completionquantity": 1, "isforcompensation": "", "assignments": "", "callacitivity": "", "tasktype": "None", "implementation": "webService", "resources": "", "messageref": "", "operationref": "", "instantiate": "", "script": "", "scriptformat": "", "bgcolor": "#ffffcc", "looptype": "None", "testbefore": "", "loopcondition": "", "loopmaximum": "", "loopcardinality": "", "loopdatainput": "", "loopdataoutput": "", "inputdataitem": "", "outputdataitem": "", "behavior": "all", "complexbehaviordefinition": "", "completioncondition": "", "onebehavioreventref:": "signal", "nonebehavioreventref": "signal", "properties": "", "datainputset": "", "dataoutputset": "", "operationname": "", "inmessagename": "", "inmsgitemkind": "Information", "inmsgstructure": "", "inmsgimport": "", "inmsgiscollection": "", "outmessagename": "", "outmsgitemkind": "Information", "outmsgstructure": "", "outmsgimport": "", "outmsgiscollection": "", "bordercolor": "#000000", "time": "", "costs": "", "costcenter": "", "applyincalc": true, "externaldocuments": [], "risklevel": ""}, "stencil": {"id": "Task"}, "childShapes": [], "outgoing": [{"resourceId": "sid-28681950-77B6-477B-A994-D2021F42FC27"}], "bounds": {"lowerRight": {"x": 1165, "y": 96}, "upperLeft": {"x": 1065, "y": 16}}, "dockers": []}, {"resourceId": "sid-6A7902C1-C290-406D-8B58-A212AFE80BB0", "properties": {"processid": "", "name": "Assingn role\n", "documentation": "", "auditing": "", "monitoring": "", "categories": "", "startquantity": 1, "completionquantity": 1, "isforcompensation": "", "assignments": "", "callacitivity": "", "tasktype": "None", "implementation": "webService", "resources": "", "messageref": "", "operationref": "", "instantiate": "", "script": "", "scriptformat": "", "bgcolor": "#ffffcc", "looptype": "None", "testbefore": "", "loopcondition": "", "loopmaximum": "", "loopcardinality": "", "loopdatainput": "", "loopdataoutput": "", "inputdataitem": "", "outputdataitem": "", "behavior": "all", "complexbehaviordefinition": "", "completioncondition": "", "onebehavioreventref:": "signal", "nonebehavioreventref": "signal", "properties": "", "datainputset": "", "dataoutputset": "", "operationname": "", "inmessagename": "", "inmsgitemkind": "Information", "inmsgstructure": "", "inmsgimport": "", "inmsgiscollection": "", "outmessagename": "", "outmsgitemkind": "Information", "outmsgstructure": "", "outmsgimport": "", "outmsgiscollection": "", "bordercolor": "#000000", "time": "", "costs": "", "costcenter": "", "applyincalc": true, "externaldocuments": [], "risklevel": ""}, "stencil": {"id": "Task"}, "childShapes": [], "outgoing": [{"resourceId": "sid-0D159CD1-B94D-4816-B676-709233706C7C"}], "bounds": {"lowerRight": {"x": 1315, "y": 96}, "upperLeft": {"x": 1215, "y": 16}}, "dockers": []}, {"resourceId": "sid-0620C142-E1F4-4512-8445-99E0E6AB0FE8", "properties": {"processid": "", "name": "Defens projekt\n", "documentation": "", "auditing": "", "monitoring": "", "categories": "", "startquantity": 1, "completionquantity": 1, "isforcompensation": "", "assignments": "", "callacitivity": "", "tasktype": "None", "implementation": "webService", "resources": "", "messageref": "", "operationref": "", "instantiate": "", "script": "", "scriptformat": "", "bgcolor": "#ffffcc", "looptype": "None", "testbefore": "", "loopcondition": "", "loopmaximum": "", "loopcardinality": "", "loopdatainput": "", "loopdataoutput": "", "inputdataitem": "", "outputdataitem": "", "behavior": "all", "complexbehaviordefinition": "", "completioncondition": "", "onebehavioreventref:": "signal", "nonebehavioreventref": "signal", "properties": "", "datainputset": "", "dataoutputset": "", "operationname": "", "inmessagename": "", "inmsgitemkind": "Information", "inmsgstructure": "", "inmsgimport": "", "inmsgiscollection": "", "outmessagename": "", "outmsgitemkind": "Information", "outmsgstructure": "", "outmsgimport": "", "outmsgiscollection": "", "bordercolor": "#000000", "time": "", "costs": "", "costcenter": "", "applyincalc": true, "externaldocuments": [], "risklevel": ""}, "stencil": {"id": "Task"}, "childShapes": [], "outgoing": [{"resourceId": "sid-10779D39-55BA-4D56-83C3-B73FFF2B896A"}], "bounds": {"lowerRight": {"x": 1750, "y": 103}, "upperLeft": {"x": 1650, "y": 23}}, "dockers": []}, {"resourceId": "sid-5392A369-8EB5-4D3E-9FE8-E39E5A848F44", "properties": {"name": "", "documentation": "", "auditing": "", "monitoring": "", "datainputassociations": "", "datainput": "", "inputset": "", "bgcolor": "#ffffff", "bordercolor": "#000000", "trigger": "None"}, "stencil": {"id": "EndNoneEvent"}, "childShapes": [], "outgoing": [], "bounds": {"lowerRight": {"x": 1843, "y": 77}, "upperLeft": {"x": 1815, "y": 49}}, "dockers": []}, {"resourceId": "sid-BF496012-BFAE-4B70-A7C9-E7F84178B728", "properties": {"type": "http://b3mn.org/stencilset/bpmn2.0#IntermediateEvent", "name": "penalize\n", "documentation": "", "auditing": "", "monitoring": "", "datainputassociations": "", "datainput": "", "inputset": "", "escalationname": "", "escalationcode": "", "bgcolor": "#ffffff", "trigger": "Escalation", "bordercolor": "#000000", "time": "", "costs": "", "costcenter": "", "applyincalc": true}, "stencil": {"id": "IntermediateEscalationEventThrowing"}, "childShapes": [], "outgoing": [{"resourceId": "sid-49F427DE-432B-4484-A905-21BFCB85F94D"}], "bounds": {"lowerRight": {"x": 1475, "y": 71}, "upperLeft": {"x": 1445, "y": 41}}, "dockers": [{"x": 1460, "y": 56}]}], "outgoing": [], "bounds": {"lowerRight": {"x": 1936, "y": 543}, "upperLeft": {"x": 30, "y": 417}}, "dockers": []}, {"resourceId": "sid-62790979-DA75-4C5B-94D5-3EF75C11B397", "properties": {"name": "Student\n", "documentation": "", "auditing": "", "monitoring": "", "parentpool": "", "parentlane": "", "showcaption": true, "bgcolor": "", "bordercolor": "#000000"}, "stencil": {"id": "Lane"}, "childShapes": [{"resourceId": "sid-FFF7249B-865D-4964-B192-377C07989FC9", "properties": {"name": "", "documentation": "", "auditing": "", "monitoring": "", "dataoutputassociations": "", "dataoutput": "", "outputset": "", "bgcolor": "#ffffff", "bordercolor": "#000000", "processid": "", "trigger": "None", "frequency": "", "applyincalc": true}, "stencil": {"id": "StartNoneEvent"}, "childShapes": [], "outgoing": [{"resourceId": "sid-E4F99FE1-6411-49CF-8C2D-66F634BB8D14"}], "bounds": {"lowerRight": {"x": 90, "y": 81}, "upperLeft": {"x": 60, "y": 51}}, "dockers": []}, {"resourceId": "sid-828CBA72-40C4-4A0E-9041-EDE6114FE501", "properties": {"processid": "", "name": "Join team\n", "documentation": "", "auditing": "", "monitoring": "", "categories": "", "startquantity": 1, "completionquantity": 1, "isforcompensation": "", "assignments": "", "callacitivity": "", "tasktype": "User", "implementation": "webService", "resources": "", "messageref": "", "operationref": "", "instantiate": "", "script": "", "scriptformat": "", "bgcolor": "#ffffcc", "looptype": "None", "testbefore": "", "loopcondition": "", "loopmaximum": "", "loopcardinality": "", "loopdatainput": "", "loopdataoutput": "", "inputdataitem": "", "outputdataitem": "", "behavior": "all", "complexbehaviordefinition": "", "completioncondition": "", "onebehavioreventref:": "signal", "nonebehavioreventref": "signal", "properties": "", "datainputset": "", "dataoutputset": "", "operationname": "", "inmessagename": "", "inmsgitemkind": "Information", "inmsgstructure": "", "inmsgimport": "", "inmsgiscollection": "", "outmessagename": "", "outmsgitemkind": "Information", "outmsgstructure": "", "outmsgimport": "", "outmsgiscollection": "", "bordercolor": "#000000", "time": "", "costs": "", "costcenter": "", "applyincalc": true, "externaldocuments": [], "risklevel": ""}, "stencil": {"id": "Task"}, "childShapes": [], "outgoing": [{"resourceId": "sid-109999CE-B210-4D74-A1B1-8A016F619470"}, {"resourceId": "sid-58DB9E54-C45A-4DF3-9524-4483DE5156D7"}], "bounds": {"lowerRight": {"x": 235, "y": 106}, "upperLeft": {"x": 135, "y": 26}}, "dockers": []}, {"resourceId": "sid-64C480B2-5762-4340-B8E2-1CEA7B37167E", "properties": {"processid": "", "name": "Fix the process until next session\n", "documentation": "", "auditing": "", "monitoring": "", "categories": "", "startquantity": 1, "completionquantity": 1, "isforcompensation": "", "assignments": "", "callacitivity": "", "tasktype": "None", "implementation": "webService", "resources": "", "messageref": "", "operationref": "", "instantiate": "", "script": "", "scriptformat": "", "bgcolor": "#ffffcc", "looptype": "None", "testbefore": "", "loopcondition": "", "loopmaximum": "", "loopcardinality": "", "loopdatainput": "", "loopdataoutput": "", "inputdataitem": "", "outputdataitem": "", "behavior": "all", "complexbehaviordefinition": "", "completioncondition": "", "onebehavioreventref:": "signal", "nonebehavioreventref": "signal", "properties": "", "datainputset": "", "dataoutputset": "", "operationname": "", "inmessagename": "", "inmsgitemkind": "Information", "inmsgstructure": "", "inmsgimport": "", "inmsgiscollection": "", "outmessagename": "", "outmsgitemkind": "Information", "outmsgstructure": "", "outmsgimport": "", "outmsgiscollection": "", "bordercolor": "#000000", "time": "", "costs": "", "costcenter": "", "applyincalc": true, "externaldocuments": [], "risklevel": ""}, "stencil": {"id": "Task"}, "childShapes": [], "outgoing": [{"resourceId": "sid-119D997C-1B0E-482C-97D2-F22ABD0C1D96"}], "bounds": {"lowerRight": {"x": 745, "y": 106}, "upperLeft": {"x": 645, "y": 26}}, "dockers": []}, {"resourceId": "sid-826FF613-50D7-47F6-8110-896EC449E870", "properties": {"processid": "", "name": "Extend process to level  2,3\n", "documentation": "", "auditing": "", "monitoring": "", "categories": "", "startquantity": 1, "completionquantity": 1, "isforcompensation": "", "assignments": "", "callacitivity": "", "tasktype": "None", "implementation": "webService", "resources": "", "messageref": "", "operationref": "", "instantiate": "", "script": "", "scriptformat": "", "bgcolor": "#ffffcc", "looptype": "None", "testbefore": "", "loopcondition": "", "loopmaximum": "", "loopcardinality": "", "loopdatainput": "", "loopdataoutput": "", "inputdataitem": "", "outputdataitem": "", "behavior": "all", "complexbehaviordefinition": "", "completioncondition": "", "onebehavioreventref:": "signal", "nonebehavioreventref": "signal", "properties": "", "datainputset": "", "dataoutputset": "", "operationname": "", "inmessagename": "", "inmsgitemkind": "Information", "inmsgstructure": "", "inmsgimport": "", "inmsgiscollection": "", "outmessagename": "", "outmsgitemkind": "Information", "outmsgstructure": "", "outmsgimport": "", "outmsgiscollection": "", "bordercolor": "#000000", "time": "", "costs": "", "costcenter": "", "applyincalc": true, "externaldocuments": [], "risklevel": ""}, "stencil": {"id": "Task"}, "childShapes": [], "outgoing": [{"resourceId": "sid-B6D05118-E0F0-4F8C-9B88-AE345F8D47E8"}], "bounds": {"lowerRight": {"x": 865, "y": 196}, "upperLeft": {"x": 765, "y": 116}}, "dockers": []}, {"resourceId": "sid-A632B9FC-E30C-4996-858C-077F8BD223C6", "properties": {"xortype": "Data", "defaultgate": "", "type": "http://b3mn.org/stencilset/bpmn2.0#Exclusive_Databased_Gateway", "gate_assignments": "", "markervisible": "true", "gate_outgoingsequenceflow": "", "name": "", "documentation": "", "auditing": "", "monitoring": "", "categories": "", "assignments": "", "pool": "", "lanes": "", "gates": "", "gates_outgoingsequenceflow": "", "gates_assignments": "", "bgcolor": "#ffffff", "processid": "", "gatewaytype": "AND", "bordercolor": "#000000"}, "stencil": {"id": "ParallelGateway"}, "childShapes": [], "outgoing": [{"resourceId": "sid-EA6C7735-C21A-408C-8C8E-F2717D4C148D"}, {"resourceId": "sid-891ADD88-E208-481D-8427-109DB4EE3B2F"}], "bounds": {"lowerRight": {"x": 955, "y": 176}, "upperLeft": {"x": 915, "y": 136}}, "dockers": []}, {"resourceId": "sid-674527F8-8D68-4328-9AF1-4F351042E74F", "properties": {"xortype": "Data", "defaultgate": "", "type": "http://b3mn.org/stencilset/bpmn2.0#Exclusive_Databased_Gateway", "gate_assignments": "", "markervisible": "true", "gate_outgoingsequenceflow": "", "name": "", "documentation": "", "auditing": "", "monitoring": "", "categories": "", "assignments": "", "pool": "", "lanes": "", "gates": "", "gates_outgoingsequenceflow": "", "gates_assignments": "", "bgcolor": "#ffffff", "processid": "", "gatewaytype": "AND", "bordercolor": "#000000"}, "stencil": {"id": "ParallelGateway"}, "childShapes": [], "outgoing": [{"resourceId": "sid-BB45D7F3-523A-4348-87AD-6B81C69C502C"}], "bounds": {"lowerRight": {"x": 1360, "y": 134}, "upperLeft": {"x": 1320, "y": 94}}, "dockers": []}, {"resourceId": "sid-197898B9-BCD8-4DB7-8977-D56ACB80CB1A", "properties": {"processid": "", "name": "Penform work according to role\n", "documentation": "", "auditing": "", "monitoring": "", "categories": "", "startquantity": 1, "completionquantity": 1, "isforcompensation": "", "assignments": "", "callacitivity": "", "tasktype": "None", "implementation": "webService", "resources": "", "messageref": "", "operationref": "", "instantiate": "", "script": "", "scriptformat": "", "bgcolor": "#ffffcc", "looptype": "None", "testbefore": "", "loopcondition": "", "loopmaximum": "", "loopcardinality": "", "loopdatainput": "", "loopdataoutput": "", "inputdataitem": "", "outputdataitem": "", "behavior": "all", "complexbehaviordefinition": "", "completioncondition": "", "onebehavioreventref:": "signal", "nonebehavioreventref": "signal", "properties": "", "datainputset": "", "dataoutputset": "", "operationname": "", "inmessagename": "", "inmsgitemkind": "Information", "inmsgstructure": "", "inmsgimport": "", "inmsgiscollection": "", "outmessagename": "", "outmsgitemkind": "Information", "outmsgstructure": "", "outmsgimport": "", "outmsgiscollection": "", "bordercolor": "#000000", "time": "", "costs": "", "costcenter": "", "applyincalc": true, "externaldocuments": [], "risklevel": ""}, "stencil": {"id": "Task"}, "childShapes": [], "outgoing": [{"resourceId": "sid-C0A3989D-F960-4228-B372-86621A42B538"}], "bounds": {"lowerRight": {"x": 1510, "y": 154}, "upperLeft": {"x": 1410, "y": 74}}, "dockers": []}, {"resourceId": "sid-58DB9E54-C45A-4DF3-9524-4483DE5156D7", "properties": {"name": "", "documentation": "", "auditing": "", "monitoring": "", "dataoutputassociations": "", "dataoutput": "", "outputset": "", "boundarycancelactivity2": true, "errorname": "", "errorcode": "", "bgcolor": "#ffffff", "trigger": "Error", "bordercolor": "#000000"}, "stencil": {"id": "IntermediateErrorEvent"}, "childShapes": [], "outgoing": [{"resourceId": "sid-3D5A029A-0CC4-4EBC-A80F-1CF4963C5095"}], "bounds": {"lowerRight": {"x": 200, "y": 40.7275390625}, "upperLeft": {"x": 170, "y": 10.7275390625}}, "dockers": [{"x": 50, "y": 5}]}, {"resourceId": "sid-3B284F40-9ED1-42AB-B153-2184859973FD", "properties": {"name": "", "documentation": "", "auditing": "", "monitoring": "", "boundarycancelactivity2": true, "timedate": "", "timecycle": "", "timeduration": "", "bgcolor": "#ffffff", "trigger": "Timer", "bordercolor": "#000000"}, "stencil": {"id": "IntermediateTimerEvent"}, "childShapes": [], "outgoing": [{"resourceId": "sid-12146ED2-9BCA-4FA2-89C6-96760506D8C4"}], "bounds": {"lowerRight": {"x": 540, "y": 81}, "upperLeft": {"x": 510, "y": 51}}, "dockers": [{"x": 525, "y": 66}]}, {"resourceId": "sid-B7F7DAFB-82C0-441A-A9F0-702D816F1B0D", "properties": {"name": "deadline (2.2.)\n\n", "documentation": "", "auditing": "", "monitoring": "", "boundarycancelactivity2": false, "timedate": "", "timecycle": "", "timeduration": "", "bgcolor": "#ffffff", "trigger": "Timer", "bordercolor": "#000000"}, "stencil": {"id": "IntermediateTimerEvent"}, "childShapes": [], "outgoing": [{"resourceId": "sid-B377BDC9-17F5-42F2-92B9-BA35174ED7E7"}], "bounds": {"lowerRight": {"x": 1475, "y": 171}, "upperLeft": {"x": 1445, "y": 141}}, "dockers": [{"x": 1460, "y": 156}]}, {"resourceId": "sid-5F3FB703-741F-4BE5-B9B7-8DAD417D1E3C", "properties": {"name": "", "documentation": "", "auditing": "", "monitoring": "", "categories": "", "assignments": "", "pool": "", "lanes": "", "gates": "", "gates_outgoingsequenceflow": "", "gates_assignments": "", "bgcolor": "#ffffff", "processid": "", "gatewaytype": "XOR", "xortype": "Data", "markervisible": "true", "defaultgate": "", "gate_outgoingsequenceflow": "", "gate_assignments": "", "bordercolor": "#000000"}, "stencil": {"id": "Exclusive_Databased_Gateway"}, "childShapes": [], "outgoing": [{"resourceId": "sid-BCF06278-383B-4A04-9DCB-93EC815B2071"}, {"resourceId": "sid-EB8BB2BB-D6BF-4AC7-ADC7-CE222B246478"}], "bounds": {"lowerRight": {"x": 1735, "y": 134}, "upperLeft": {"x": 1695, "y": 94}}, "dockers": []}, {"resourceId": "sid-CB7163E2-3169-48F8-AB21-425977AE3599", "properties": {"name": "1 weeks\n", "documentation": "", "auditing": "", "monitoring": "", "boundarycancelactivity2": true, "timedate": "", "timecycle": "", "timeduration": "", "bgcolor": "#ffffff", "trigger": "Timer", "bordercolor": "#000000"}, "stencil": {"id": "IntermediateTimerEvent"}, "childShapes": [], "outgoing": [{"resourceId": "sid-82C951CE-3CB8-4441-9258-58EC880327E0"}], "bounds": {"lowerRight": {"x": 1625, "y": 46}, "upperLeft": {"x": 1595, "y": 16}}, "dockers": [{"x": 1610, "y": 31}]}], "outgoing": [], "bounds": {"lowerRight": {"x": 1936, "y": 417}, "upperLeft": {"x": 30, "y": 190}}, "dockers": []}, {"resourceId": "sid-D3F879E5-019F-46C0-BE50-B0EBB06B6806", "properties": {"name": "Teacher\n", "documentation": "", "auditing": "", "monitoring": "", "parentpool": "", "parentlane": "", "showcaption": true, "bgcolor": "", "bordercolor": "#000000"}, "stencil": {"id": "Lane"}, "childShapes": [{"resourceId": "sid-89C2A081-30BA-40D9-BE09-C5385C5A8205", "properties": {"processid": "", "name": "Check model process\n", "documentation": "", "auditing": "", "monitoring": "", "categories": "", "startquantity": 1, "completionquantity": 1, "isforcompensation": "", "assignments": "", "callacitivity": "", "tasktype": "None", "implementation": "webService", "resources": "", "messageref": "", "operationref": "", "instantiate": "", "script": "", "scriptformat": "", "bgcolor": "#ffffcc", "looptype": "Sequential", "testbefore": "", "loopcondition": "", "loopmaximum": "", "loopcardinality": "", "loopdatainput": "", "loopdataoutput": "", "inputdataitem": "", "outputdataitem": "", "behavior": "all", "complexbehaviordefinition": "", "completioncondition": "", "onebehavioreventref:": "signal", "nonebehavioreventref": "signal", "properties": "", "datainputset": "", "dataoutputset": "", "operationname": "", "inmessagename": "", "inmsgitemkind": "Information", "inmsgstructure": "", "inmsgimport": "", "inmsgiscollection": "", "outmessagename": "", "outmsgitemkind": "Information", "outmsgstructure": "", "outmsgimport": "", "outmsgiscollection": "", "bordercolor": "#000000", "time": "", "costs": "", "costcenter": "", "applyincalc": true, "externaldocuments": [], "risklevel": ""}, "stencil": {"id": "Task"}, "childShapes": [], "outgoing": [{"resourceId": "sid-5C510FF1-0394-4477-A2BB-2440D0C88F09"}], "bounds": {"lowerRight": {"x": 535, "y": 115}, "upperLeft": {"x": 435, "y": 35}}, "dockers": []}, {"resourceId": "sid-3023830C-CA21-49E6-90AC-2BECF887299E", "properties": {"name": "", "documentation": "", "auditing": "", "monitoring": "", "categories": "", "assignments": "", "pool": "", "lanes": "", "gates": "", "gates_outgoingsequenceflow": "", "gates_assignments": "", "bgcolor": "#ffffff", "processid": "", "gatewaytype": "XOR", "xortype": "Data", "markervisible": "true", "defaultgate": "", "gate_outgoingsequenceflow": "", "gate_assignments": "", "bordercolor": "#000000"}, "stencil": {"id": "Exclusive_Databased_Gateway"}, "childShapes": [], "outgoing": [{"resourceId": "sid-05143174-6372-4895-AE25-CE6F98FE3E0C"}], "bounds": {"lowerRight": {"x": 595, "y": 95}, "upperLeft": {"x": 555, "y": 55}}, "dockers": []}, {"resourceId": "sid-8CEE0566-8318-42AE-AB20-66E5751DE277", "properties": {"processid": "", "name": "Check process\n", "documentation": "", "auditing": "", "monitoring": "", "categories": "", "startquantity": 1, "completionquantity": 1, "isforcompensation": "", "assignments": "", "callacitivity": "", "tasktype": "None", "implementation": "webService", "resources": "", "messageref": "", "operationref": "", "instantiate": "", "script": "", "scriptformat": "", "bgcolor": "#ffffcc", "looptype": "None", "testbefore": "", "loopcondition": "", "loopmaximum": "", "loopcardinality": "", "loopdatainput": "", "loopdataoutput": "", "inputdataitem": "", "outputdataitem": "", "behavior": "all", "complexbehaviordefinition": "", "completioncondition": "", "onebehavioreventref:": "signal", "nonebehavioreventref": "signal", "properties": "", "datainputset": "", "dataoutputset": "", "operationname": "", "inmessagename": "", "inmsgitemkind": "Information", "inmsgstructure": "", "inmsgimport": "", "inmsgiscollection": "", "outmessagename": "", "outmsgitemkind": "Information", "outmsgstructure": "", "outmsgimport": "", "outmsgiscollection": "", "bordercolor": "#000000", "time": "", "costs": "", "costcenter": "", "applyincalc": true, "externaldocuments": [], "risklevel": ""}, "stencil": {"id": "Task"}, "childShapes": [], "outgoing": [{"resourceId": "sid-6A238C4F-71CD-4922-B7F4-96FFDF6D0BB6"}], "bounds": {"lowerRight": {"x": 985, "y": 115}, "upperLeft": {"x": 885, "y": 35}}, "dockers": []}, {"resourceId": "sid-E7C1CECF-D56A-4CF7-86E8-00067A49C67A", "properties": {"processid": "", "name": "Assign points\n", "documentation": "", "auditing": "", "monitoring": "", "categories": "", "startquantity": 1, "completionquantity": 1, "isforcompensation": "", "assignments": "", "callacitivity": "", "tasktype": "User", "implementation": "webService", "resources": "", "messageref": "", "operationref": "", "instantiate": "", "script": "", "scriptformat": "", "bgcolor": "#ffffcc", "looptype": "None", "testbefore": "", "loopcondition": "", "loopmaximum": "", "loopcardinality": "", "loopdatainput": "", "loopdataoutput": "", "inputdataitem": "", "outputdataitem": "", "behavior": "all", "complexbehaviordefinition": "", "completioncondition": "", "onebehavioreventref:": "signal", "nonebehavioreventref": "signal", "properties": "", "datainputset": "", "dataoutputset": "", "operationname": "", "inmessagename": "", "inmsgitemkind": "Information", "inmsgstructure": "", "inmsgimport": "", "inmsgiscollection": "", "outmessagename": "", "outmsgitemkind": "Information", "outmsgstructure": "", "outmsgimport": "", "outmsgiscollection": "", "bordercolor": "#000000", "time": "", "costs": "", "costcenter": "", "applyincalc": true, "externaldocuments": [], "risklevel": ""}, "stencil": {"id": "Task"}, "childShapes": [], "outgoing": [{"resourceId": "sid-DEEDA2E9-3F80-4F7D-8690-8A7149B82433"}], "bounds": {"lowerRight": {"x": 1135, "y": 115}, "upperLeft": {"x": 1035, "y": 35}}, "dockers": []}, {"resourceId": "sid-DCF60BD9-2C78-4172-8AC4-95956CEAACC0", "properties": {"processid": "", "name": "Consult project\n", "documentation": "", "auditing": "", "monitoring": "", "categories": "", "startquantity": 1, "completionquantity": 1, "isforcompensation": "", "assignments": "", "callacitivity": "", "tasktype": "None", "implementation": "webService", "resources": "", "messageref": "", "operationref": "", "instantiate": "", "script": "", "scriptformat": "", "bgcolor": "#ffffcc", "looptype": "None", "testbefore": "", "loopcondition": "", "loopmaximum": "", "loopcardinality": "", "loopdatainput": "", "loopdataoutput": "", "inputdataitem": "", "outputdataitem": "", "behavior": "all", "complexbehaviordefinition": "", "completioncondition": "", "onebehavioreventref:": "signal", "nonebehavioreventref": "signal", "properties": "", "datainputset": "", "dataoutputset": "", "operationname": "", "inmessagename": "", "inmsgitemkind": "Information", "inmsgstructure": "", "inmsgimport": "", "inmsgiscollection": "", "outmessagename": "", "outmsgitemkind": "Information", "outmsgstructure": "", "outmsgimport": "", "outmsgiscollection": "", "bordercolor": "#000000", "time": "", "costs": "", "costcenter": "", "applyincalc": true, "externaldocuments": [], "risklevel": ""}, "stencil": {"id": "Task"}, "childShapes": [], "outgoing": [{"resourceId": "sid-7930FEDA-B513-4D53-AB68-BD997C43E6AD"}], "bounds": {"lowerRight": {"x": 1840, "y": 115}, "upperLeft": {"x": 1740, "y": 35}}, "dockers": []}, {"resourceId": "sid-790EA869-5DB7-413F-9ED5-B3C84014FCD7", "properties": {"processid": "", "name": "Assing student manually\n", "documentation": "", "auditing": "", "monitoring": "", "categories": "", "startquantity": 1, "completionquantity": 1, "isforcompensation": "", "assignments": "", "callacitivity": "", "tasktype": "User", "implementation": "webService", "resources": "", "messageref": "", "operationref": "", "instantiate": "", "script": "", "scriptformat": "", "bgcolor": "#ffffcc", "looptype": "None", "testbefore": "", "loopcondition": "", "loopmaximum": "", "loopcardinality": "", "loopdatainput": "", "loopdataoutput": "", "inputdataitem": "", "outputdataitem": "", "behavior": "all", "complexbehaviordefinition": "", "completioncondition": "", "onebehavioreventref:": "signal", "nonebehavioreventref": "signal", "properties": "", "datainputset": "", "dataoutputset": "", "operationname": "", "inmessagename": "", "inmsgitemkind": "Information", "inmsgstructure": "", "inmsgimport": "", "inmsgiscollection": "", "outmessagename": "", "outmsgitemkind": "Information", "outmsgstructure": "", "outmsgimport": "", "outmsgiscollection": "", "bordercolor": "#000000", "time": "", "costs": "", "costcenter": "", "applyincalc": true, "externaldocuments": "", "risklevel": ""}, "stencil": {"id": "Task"}, "childShapes": [], "outgoing": [], "bounds": {"lowerRight": {"x": 235, "y": 115}, "upperLeft": {"x": 135, "y": 35}}, "dockers": []}, {"resourceId": "sid-8991EB96-5872-4797-AC17-85720EDCA76B", "properties": {"name": "penalize\n", "documentation": "", "auditing": "", "monitoring": "", "datainputassociations": "", "datainput": "", "inputset": "", "escalationname": "", "escalationcode": "", "bgcolor": "#ffffff", "trigger": "Escalation", "bordercolor": "#000000", "time": "", "costs": "", "costcenter": "", "applyincalc": true}, "stencil": {"id": "IntermediateEscalationEventThrowing"}, "childShapes": [], "outgoing": [{"resourceId": "sid-EDEA2AC7-4942-4F96-B186-F960CE79EE29"}], "bounds": {"lowerRight": {"x": 710, "y": 105}, "upperLeft": {"x": 680, "y": 75}}, "dockers": [{"x": 695, "y": 90}]}, {"resourceId": "sid-9FFB816E-608D-489E-9D16-C3586845BB66", "properties": {"processid": "", "name": "Create orocess model\n", "documentation": "", "auditing": "", "monitoring": "", "categories": "", "startquantity": 1, "completionquantity": 1, "isforcompensation": "", "assignments": "", "callacitivity": "", "tasktype": "Manual", "implementation": "webService", "resources": "", "messageref": "", "operationref": "", "instantiate": "", "script": "", "scriptformat": "", "bgcolor": "#ffffcc", "looptype": "None", "testbefore": "", "loopcondition": "", "loopmaximum": "", "loopcardinality": "", "loopdatainput": "", "loopdataoutput": "", "inputdataitem": "", "outputdataitem": "", "behavior": "all", "complexbehaviordefinition": "", "completioncondition": "", "onebehavioreventref:": "signal", "nonebehavioreventref": "signal", "properties": "", "datainputset": "", "dataoutputset": "", "operationname": "", "inmessagename": "", "inmsgitemkind": "Information", "inmsgstructure": "", "inmsgimport": "", "inmsgiscollection": "", "outmessagename": "", "outmsgitemkind": "Information", "outmsgstructure": "", "outmsgimport": "", "outmsgiscollection": "", "bordercolor": "#000000", "time": "", "costs": "", "costcenter": "", "applyincalc": true, "externaldocuments": [], "risklevel": ""}, "stencil": {"id": "Task"}, "childShapes": [], "outgoing": [{"resourceId": "sid-B75FCFDE-3326-42E9-97F1-5F3007E47AB3"}], "bounds": {"lowerRight": {"x": 400, "y": 115}, "upperLeft": {"x": 300, "y": 35}}, "dockers": []}, {"resourceId": "sid-67648EC9-AEB7-4EB6-912C-96830AC349D4", "properties": {"name": "", "documentation": "", "auditing": "", "monitoring": "", "datainputassociations": "", "datainput": "", "inputset": "", "messagename": "", "operationname": "", "bgcolor": "#ffffff", "trigger": "Message", "bordercolor": "#000000", "time": "", "costs": "", "costcenter": "", "applyincalc": true}, "stencil": {"id": "IntermediateMessageEventThrowing"}, "childShapes": [], "outgoing": [{"resourceId": "sid-1BF13579-CB3A-494F-A4EC-1E01B4FAC9B1"}, {"resourceId": "sid-660CE7A3-A90B-4E02-8885-173472D3A71E"}], "bounds": {"lowerRight": {"x": 1280, "y": 90}, "upperLeft": {"x": 1250, "y": 60}}, "dockers": [{"x": 1265, "y": 75}]}, {"resourceId": "sid-B4196D2D-8AA2-4082-8593-0FBFD180533A", "properties": {"name": "", "documentation": "", "auditing": "", "monitoring": "", "categories": "", "assignments": "", "pool": "", "lanes": "", "gates": "", "gates_outgoingsequenceflow": "", "gates_assignments": "", "bgcolor": "#ffffff", "processid": "", "eventtype": "exclusive", "bordercolor": "#000000"}, "stencil": {"id": "EventbasedGateway"}, "childShapes": [], "outgoing": [{"resourceId": "sid-7F61A5CE-DA8D-4099-BE59-C3837794CB88"}, {"resourceId": "sid-FC2FE338-A520-4DD0-BDC4-4E44A3AC8B4B"}], "bounds": {"lowerRight": {"x": 1480, "y": 160}, "upperLeft": {"x": 1440, "y": 120}}, "dockers": []}, {"resourceId": "sid-C782FA04-158D-478B-AD90-ABD5152E74EC", "properties": {"name": "request\n", "documentation": "", "auditing": "", "monitoring": "", "boundarycancelactivity2": true, "messagename": "", "operationname": "", "bgcolor": "#ffffff", "trigger": "Message", "bordercolor": "#000000", "viaitsystem": ""}, "stencil": {"id": "IntermediateMessageEventCatching"}, "childShapes": [], "outgoing": [{"resourceId": "sid-FD182B45-EB06-4EEB-AE8E-6B8C5D3587E6"}], "bounds": {"lowerRight": {"x": 1530, "y": 90}, "upperLeft": {"x": 1500, "y": 60}}, "dockers": [{"x": 1515, "y": 75}]}, {"resourceId": "sid-C93D4B83-A3C5-436B-91F7-EF903BDB009D", "properties": {"processid": "", "name": "check porgress\n", "documentation": "", "auditing": "", "monitoring": "", "categories": "", "startquantity": 1, "completionquantity": 1, "isforcompensation": "", "assignments": "", "callacitivity": "", "tasktype": "None", "implementation": "webService", "resources": "", "messageref": "", "operationref": "", "instantiate": "", "script": "", "scriptformat": "", "bgcolor": "#ffffcc", "looptype": "None", "testbefore": "", "loopcondition": "", "loopmaximum": "", "loopcardinality": "", "loopdatainput": "", "loopdataoutput": "", "inputdataitem": "", "outputdataitem": "", "behavior": "all", "complexbehaviordefinition": "", "completioncondition": "", "onebehavioreventref:": "signal", "nonebehavioreventref": "signal", "properties": "", "datainputset": "", "dataoutputset": "", "operationname": "", "inmessagename": "", "inmsgitemkind": "Information", "inmsgstructure": "", "inmsgimport": "", "inmsgiscollection": "", "outmessagename": "", "outmsgitemkind": "Information", "outmsgstructure": "", "outmsgimport": "", "outmsgiscollection": "", "bordercolor": "#000000", "time": "", "costs": "", "costcenter": "", "applyincalc": true, "externaldocuments": "", "risklevel": ""}, "stencil": {"id": "Task"}, "childShapes": [], "outgoing": [{"resourceId": "sid-66EC0440-E79D-4499-BFB6-105823CA1035"}, {"resourceId": "sid-187F9FAA-A2F4-4E51-AB51-9D9ABA9B6011"}], "bounds": {"lowerRight": {"x": 1660, "y": 180}, "upperLeft": {"x": 1560, "y": 100}}, "dockers": []}], "outgoing": [], "bounds": {"lowerRight": {"x": 1936, "y": 190}, "upperLeft": {"x": 30, "y": 0}}, "dockers": []}], "outgoing": [], "bounds": {"lowerRight": {"x": 1996, "y": 903}, "upperLeft": {"x": 60, "y": 360}}, "dockers": []}, {"resourceId": "sid-E4F99FE1-6411-49CF-8C2D-66F634BB8D14", "properties": {"name": "", "documentation": "", "auditing": "", "monitoring": "", "conditiontype": "None", "conditionexpression": "", "isimmediate": "", "showdiamondmarker": "", "bordercolor": "#000000", "probability": ""}, "stencil": {"id": "SequenceFlow"}, "childShapes": [], "outgoing": [{"resourceId": "sid-828CBA72-40C4-4A0E-9041-EDE6114FE501"}], "bounds": {"lowerRight": {"x": 224.15625, "y": 616}, "upperLeft": {"x": 180.609375, "y": 616}}, "dockers": [{"x": 15, "y": 15}, {"x": 50, "y": 40}], "target": {"resourceId": "sid-828CBA72-40C4-4A0E-9041-EDE6114FE501"}}, {"resourceId": "sid-109999CE-B210-4D74-A1B1-8A016F619470", "properties": {"name": "", "documentation": "", "auditing": "", "monitoring": "", "conditiontype": "None", "conditionexpression": "", "isimmediate": "", "showdiamondmarker": "", "bordercolor": "#000000", "probability": ""}, "stencil": {"id": "SequenceFlow"}, "childShapes": [], "outgoing": [{"resourceId": "sid-FA3C1328-C1B4-46C7-8B72-8C1CC84BA6AD"}], "bounds": {"lowerRight": {"x": 275, "y": 792.16015625}, "upperLeft": {"x": 275, "y": 656}}, "dockers": [{"x": 50, "y": 40}, {"x": 50, "y": 40}], "target": {"resourceId": "sid-FA3C1328-C1B4-46C7-8B72-8C1CC84BA6AD"}}, {"resourceId": "sid-F7835297-90D1-47C3-9747-0BE39B7D1A23", "properties": {"name": "", "documentation": "", "auditing": "", "monitoring": "", "conditiontype": "None", "conditionexpression": "", "isimmediate": "", "showdiamondmarker": "", "bordercolor": "#000000", "probability": ""}, "stencil": {"id": "SequenceFlow"}, "childShapes": [], "outgoing": [{"resourceId": "sid-9FFB816E-608D-489E-9D16-C3586845BB66"}], "bounds": {"lowerRight": {"x": 389.37109375, "y": 833}, "upperLeft": {"x": 325, "y": 435}}, "dockers": [{"x": 50, "y": 40}, {"x": 357.5, "y": 833}, {"x": 357.5, "y": 435}, {"x": 50, "y": 40}], "target": {"resourceId": "sid-9FFB816E-608D-489E-9D16-C3586845BB66"}}, {"resourceId": "sid-B75FCFDE-3326-42E9-97F1-5F3007E47AB3", "properties": {"name": "", "documentation": "", "auditing": "", "monitoring": "", "conditiontype": "None", "conditionexpression": "", "isimmediate": "", "showdiamondmarker": "", "bordercolor": "#000000", "probability": ""}, "stencil": {"id": "SequenceFlow"}, "childShapes": [], "outgoing": [{"resourceId": "sid-89C2A081-30BA-40D9-BE09-C5385C5A8205"}], "bounds": {"lowerRight": {"x": 524.4296875, "y": 435}, "upperLeft": {"x": 490, "y": 435}}, "dockers": [{"x": 50, "y": 40}, {"x": 50, "y": 40}], "target": {"resourceId": "sid-89C2A081-30BA-40D9-BE09-C5385C5A8205"}}, {"resourceId": "sid-5C510FF1-0394-4477-A2BB-2440D0C88F09", "properties": {"name": "", "documentation": "", "auditing": "", "monitoring": "", "conditiontype": "None", "conditionexpression": "", "isimmediate": "", "showdiamondmarker": "", "bordercolor": "#000000", "probability": ""}, "stencil": {"id": "SequenceFlow"}, "childShapes": [], "outgoing": [{"resourceId": "sid-3023830C-CA21-49E6-90AC-2BECF887299E"}], "bounds": {"lowerRight": {"x": 644.70314026170001398, "y": 435.38510022244031461}, "upperLeft": {"x": 625, "y": 435.27624309392263058}}, "dockers": [{"x": 50, "y": 40}, {"x": 20.5, "y": 20.5}], "target": {"resourceId": "sid-3023830C-CA21-49E6-90AC-2BECF887299E"}}, {"resourceId": "sid-B6D05118-E0F0-4F8C-9B88-AE345F8D47E8", "properties": {"name": "", "documentation": "", "auditing": "", "monitoring": "", "conditiontype": "None", "conditionexpression": "", "isimmediate": "", "showdiamondmarker": "", "bordercolor": "#000000", "probability": ""}, "stencil": {"id": "SequenceFlow"}, "childShapes": [], "outgoing": [{"resourceId": "sid-A632B9FC-E30C-4996-858C-077F8BD223C6"}], "bounds": {"lowerRight": {"x": 1004.7304773585560724, "y": 706.41381940812675566}, "upperLeft": {"x": 955, "y": 706.20746887966799932}}, "dockers": [{"x": 50, "y": 40}, {"x": 20.5, "y": 20.5}], "target": {"resourceId": "sid-A632B9FC-E30C-4996-858C-077F8BD223C6"}}, {"resourceId": "sid-EA6C7735-C21A-408C-8C8E-F2717D4C148D", "properties": {"name": "", "documentation": "", "auditing": "", "monitoring": "", "conditiontype": "None", "conditionexpression": "", "isimmediate": "", "showdiamondmarker": "", "bordercolor": "#000000", "probability": ""}, "stencil": {"id": "SequenceFlow"}, "childShapes": [], "outgoing": [{"resourceId": "sid-8CEE0566-8318-42AE-AB20-66E5751DE277"}], "bounds": {"lowerRight": {"x": 1025.4610490074967402, "y": 685.34961107077890574}, "upperLeft": {"x": 1025.0736648250460803, "y": 475}}, "dockers": [{"x": 20.5, "y": 20.5}, {"x": 50, "y": 40}], "target": {"resourceId": "sid-8CEE0566-8318-42AE-AB20-66E5751DE277"}}, {"resourceId": "sid-6A238C4F-71CD-4922-B7F4-96FFDF6D0BB6", "properties": {"name": "", "documentation": "", "auditing": "", "monitoring": "", "conditiontype": "None", "conditionexpression": "", "isimmediate": "", "showdiamondmarker": "", "bordercolor": "#000000", "probability": ""}, "stencil": {"id": "SequenceFlow"}, "childShapes": [], "outgoing": [{"resourceId": "sid-E7C1CECF-D56A-4CF7-86E8-00067A49C67A"}], "bounds": {"lowerRight": {"x": 1124.78125, "y": 435}, "upperLeft": {"x": 1075, "y": 435}}, "dockers": [{"x": 50, "y": 40}, {"x": 50, "y": 40}], "target": {"resourceId": "sid-E7C1CECF-D56A-4CF7-86E8-00067A49C67A"}}, {"resourceId": "sid-891ADD88-E208-481D-8427-109DB4EE3B2F", "properties": {"name": "", "documentation": "", "auditing": "", "monitoring": "", "conditiontype": "None", "conditionexpression": "", "isimmediate": "", "showdiamondmarker": "", "bordercolor": "#000000", "probability": ""}, "stencil": {"id": "SequenceFlow"}, "childShapes": [], "outgoing": [{"resourceId": "sid-25B3070D-BCE6-4644-9BBD-C89CF027349B"}], "bounds": {"lowerRight": {"x": 1025.4218287117048476, "y": 792.4687578113099562}, "upperLeft": {"x": 1025.1602025382951524, "y": 726.2773359386900438}}, "dockers": [{"x": 20.5, "y": 20.5}, {"x": 50, "y": 40}], "target": {"resourceId": "sid-25B3070D-BCE6-4644-9BBD-C89CF027349B"}}, {"resourceId": "sid-78F23025-9DDD-44A3-9EBC-AA99E26E1F14", "properties": {"name": "", "documentation": "", "auditing": "", "monitoring": "", "conditiontype": "None", "conditionexpression": "", "isimmediate": "", "showdiamondmarker": "", "bordercolor": "#000000", "probability": ""}, "stencil": {"id": "SequenceFlow"}, "childShapes": [], "outgoing": [{"resourceId": "sid-8C4ECBED-A914-4678-B911-FC8A67F10504"}], "bounds": {"lowerRight": {"x": 1154.78125, "y": 833}, "upperLeft": {"x": 1075, "y": 833}}, "dockers": [{"x": 50, "y": 40}, {"x": 50, "y": 40}], "target": {"resourceId": "sid-8C4ECBED-A914-4678-B911-FC8A67F10504"}}, {"resourceId": "sid-28681950-77B6-477B-A994-D2021F42FC27", "properties": {"name": "", "documentation": "", "auditing": "", "monitoring": "", "conditiontype": "None", "conditionexpression": "", "isimmediate": "", "showdiamondmarker": "", "bordercolor": "#000000", "probability": ""}, "stencil": {"id": "SequenceFlow"}, "childShapes": [], "outgoing": [{"resourceId": "sid-6A7902C1-C290-406D-8B58-A212AFE80BB0"}], "bounds": {"lowerRight": {"x": 1304.78125, "y": 833}, "upperLeft": {"x": 1255, "y": 833}}, "dockers": [{"x": 50, "y": 40}, {"x": 50, "y": 40}], "target": {"resourceId": "sid-6A7902C1-C290-406D-8B58-A212AFE80BB0"}}, {"resourceId": "sid-DEEDA2E9-3F80-4F7D-8690-8A7149B82433", "properties": {"name": "", "documentation": "", "auditing": "", "monitoring": "", "conditiontype": "None", "conditionexpression": "", "isimmediate": "", "showdiamondmarker": "", "bordercolor": "#000000", "probability": ""}, "stencil": {"id": "SequenceFlow"}, "childShapes": [], "outgoing": [{"resourceId": "sid-67648EC9-AEB7-4EB6-912C-96830AC349D4"}], "bounds": {"lowerRight": {"x": 1339.9375, "y": 435}, "upperLeft": {"x": 1225, "y": 435}}, "dockers": [{"x": 50, "y": 40}, {"x": 15, "y": 15}], "target": {"resourceId": "sid-67648EC9-AEB7-4EB6-912C-96830AC349D4"}}, {"resourceId": "sid-0D159CD1-B94D-4816-B676-709233706C7C", "properties": {"name": "", "documentation": "", "auditing": "", "monitoring": "", "conditiontype": "None", "conditionexpression": "", "isimmediate": "", "showdiamondmarker": "", "bordercolor": "#000000", "probability": ""}, "stencil": {"id": "SequenceFlow"}, "childShapes": [], "outgoing": [{"resourceId": "sid-674527F8-8D68-4328-9AF1-4F351042E74F"}], "bounds": {"lowerRight": {"x": 1430.5, "y": 833}, "upperLeft": {"x": 1405, "y": 684}}, "dockers": [{"x": 50, "y": 40}, {"x": 1430.5, "y": 833}, {"x": 20.5, "y": 20.5}], "target": {"resourceId": "sid-674527F8-8D68-4328-9AF1-4F351042E74F"}}, {"resourceId": "sid-BB45D7F3-523A-4348-87AD-6B81C69C502C", "properties": {"name": "", "documentation": "", "auditing": "", "monitoring": "", "conditiontype": "None", "conditionexpression": "", "isimmediate": "", "showdiamondmarker": "", "bordercolor": "#000000", "probability": ""}, "stencil": {"id": "SequenceFlow"}, "childShapes": [], "outgoing": [{"resourceId": "sid-197898B9-BCD8-4DB7-8977-D56ACB80CB1A"}], "bounds": {"lowerRight": {"x": 1499.51954000323326, "y": 664.41769093620598596}, "upperLeft": {"x": 1450.17186624676674, "y": 664.21121531379401404}}, "dockers": [{"x": 20.5, "y": 20.5}, {"x": 50, "y": 40}], "target": {"resourceId": "sid-197898B9-BCD8-4DB7-8977-D56ACB80CB1A"}}, {"resourceId": "sid-C0A3989D-F960-4228-B372-86621A42B538", "properties": {"name": "", "documentation": "", "auditing": "", "monitoring": "", "conditiontype": "None", "conditionexpression": "", "isimmediate": "", "showdiamondmarker": "", "bordercolor": "#000000", "probability": ""}, "stencil": {"id": "SequenceFlow"}, "childShapes": [], "outgoing": [{"resourceId": "sid-B4196D2D-8AA2-4082-8593-0FBFD180533A"}], "bounds": {"lowerRight": {"x": 1550.4383481603240398, "y": 623.4023484259671477}, "upperLeft": {"x": 1550.1241518396759602, "y": 520.6601515740328523}}, "dockers": [{"x": 50, "y": 40}, {"x": 20.5, "y": 20.5}], "target": {"resourceId": "sid-B4196D2D-8AA2-4082-8593-0FBFD180533A"}}, {"resourceId": "sid-7930FEDA-B513-4D53-AB68-BD997C43E6AD", "properties": {"name": "", "documentation": "", "auditing": "", "monitoring": "", "conditiontype": "None", "conditionexpression": "", "isimmediate": "", "showdiamondmarker": "", "bordercolor": "#000000", "probability": ""}, "stencil": {"id": "SequenceFlow"}, "childShapes": [], "outgoing": [{"resourceId": "sid-5F3FB703-741F-4BE5-B9B7-8DAD417D1E3C"}], "bounds": {"lowerRight": {"x": 1880, "y": 664.5}, "upperLeft": {"x": 1825, "y": 475}}, "dockers": [{"x": 50, "y": 40}, {"x": 1880, "y": 664.5}, {"x": 20.5, "y": 20.5}], "target": {"resourceId": "sid-5F3FB703-741F-4BE5-B9B7-8DAD417D1E3C"}}, {"resourceId": "sid-BCF06278-383B-4A04-9DCB-93EC815B2071", "properties": {"name": "not ok\n\n", "documentation": "", "auditing": "", "monitoring": "", "conditiontype": "None", "conditionexpression": "", "isimmediate": "", "showdiamondmarker": "", "bordercolor": "#000000", "probability": ""}, "stencil": {"id": "SequenceFlow"}, "childShapes": [], "outgoing": [{"resourceId": "sid-197898B9-BCD8-4DB7-8977-D56ACB80CB1A"}], "bounds": {"lowerRight": {"x": 1784.5390644148155843, "y": 664.45898055658472003}, "upperLeft": {"x": 1600, "y": 664.09784735812138479}}, "dockers": [{"x": 20.5, "y": 20.5}, {"x": 50, "y": 40}], "target": {"resourceId": "sid-197898B9-BCD8-4DB7-8977-D56ACB80CB1A"}}, {"resourceId": "sid-10779D39-55BA-4D56-83C3-B73FFF2B896A", "properties": {"name": "", "documentation": "", "auditing": "", "monitoring": "", "conditiontype": "None", "conditionexpression": "", "isimmediate": "", "showdiamondmarker": "", "bordercolor": "#000000", "probability": ""}, "stencil": {"id": "SequenceFlow"}, "childShapes": [], "outgoing": [{"resourceId": "sid-5392A369-8EB5-4D3E-9FE8-E39E5A848F44"}], "bounds": {"lowerRight": {"x": 1904.8984375, "y": 840}, "upperLeft": {"x": 1840, "y": 840}}, "dockers": [{"x": 50, "y": 40}, {"x": 14, "y": 14}], "target": {"resourceId": "sid-5392A369-8EB5-4D3E-9FE8-E39E5A848F44"}}, {"resourceId": "sid-EB8BB2BB-D6BF-4AC7-ADC7-CE222B246478", "properties": {"name": "ok\n", "documentation": "", "auditing": "", "monitoring": "", "conditiontype": "None", "conditionexpression": "", "isimmediate": "", "showdiamondmarker": "", "bordercolor": "#000000", "probability": ""}, "stencil": {"id": "SequenceFlow"}, "childShapes": [], "outgoing": [{"resourceId": "sid-0620C142-E1F4-4512-8445-99E0E6AB0FE8"}], "bounds": {"lowerRight": {"x": 1805.5, "y": 800}, "upperLeft": {"x": 1796, "y": 684}}, "dockers": [{"x": 20.5, "y": 20.5}, {"x": 1805.5, "y": 736}, {"x": 1796, "y": 736}, {"x": 56, "y": 40}], "target": {"resourceId": "sid-0620C142-E1F4-4512-8445-99E0E6AB0FE8"}}, {"resourceId": "sid-3D5A029A-0CC4-4EBC-A80F-1CF4963C5095", "properties": {"name": "", "documentation": "", "auditing": "", "monitoring": "", "conditiontype": "None", "conditionexpression": "", "isimmediate": "", "showdiamondmarker": "", "bordercolor": "#000000", "probability": ""}, "stencil": {"id": "SequenceFlow"}, "childShapes": [], "outgoing": [{"resourceId": "sid-790EA869-5DB7-413F-9ED5-B3C84014FCD7"}], "bounds": {"lowerRight": {"x": 275, "y": 560.43489837646484375}, "upperLeft": {"x": 275, "y": 475}}, "dockers": [{"x": 15, "y": 15}, {"x": 50, "y": 40}], "target": {"resourceId": "sid-790EA869-5DB7-413F-9ED5-B3C84014FCD7"}}, {"resourceId": "sid-05143174-6372-4895-AE25-CE6F98FE3E0C", "properties": {"name": "not ok\n", "documentation": "", "auditing": "", "monitoring": "", "conditiontype": "None", "conditionexpression": "", "isimmediate": "", "showdiamondmarker": "", "bordercolor": "#000000", "probability": ""}, "stencil": {"id": "SequenceFlow"}, "childShapes": [], "outgoing": [{"resourceId": "sid-8991EB96-5872-4797-AC17-85720EDCA76B"}], "bounds": {"lowerRight": {"x": 785, "y": 434.5625}, "upperLeft": {"x": 667.875, "y": 417}}, "dockers": [{"x": 20, "y": 2}, {"x": 785, "y": 417}, {"x": 15, "y": 15}], "target": {"resourceId": "sid-8991EB96-5872-4797-AC17-85720EDCA76B"}}, {"resourceId": "sid-EDEA2AC7-4942-4F96-B186-F960CE79EE29", "properties": {"name": "", "documentation": "", "auditing": "", "monitoring": "", "conditiontype": "None", "conditionexpression": "", "isimmediate": "", "showdiamondmarker": "", "bordercolor": "#000000", "probability": ""}, "stencil": {"id": "SequenceFlow"}, "childShapes": [], "outgoing": [{"resourceId": "sid-64C480B2-5762-4340-B8E2-1CEA7B37167E"}], "bounds": {"lowerRight": {"x": 785, "y": 575.4453125}, "upperLeft": {"x": 785, "y": 465.265625}}, "dockers": [{"x": 15, "y": 15}, {"x": 50, "y": 40}], "target": {"resourceId": "sid-64C480B2-5762-4340-B8E2-1CEA7B37167E"}}, {"resourceId": "sid-9FC73EC5-2542-4C70-8A94-8A62625587E7", "properties": {"name": "", "documentation": "", "auditing": "", "monitoring": "", "categories": "", "startquantity": 1, "completionquantity": 1, "isforcompensation": "", "assignments": "", "subprocesstype": "Embedded", "transaction": "", "transactionmethod": "compensate", "isadhoc": "", "adhocordering": "Sequential", "adhoccompletioncondition": "", "adhoccancelremaininginstances": true, "entry": "", "diagramref": "", "processref": "", "inputmaps": "", "outputmaps": "", "looptype": "None", "testbefore": "", "loopcondition": "", "loopmaximum": "", "loopcardinality": "", "loopdatainput": "", "loopdataoutput": "", "inputdataitem": "", "outputdataitem": "", "behavior": "all", "complexbehaviordefinition": "", "completioncondition": "", "onebehavioreventref:": "signal", "nonebehavioreventref": "signal", "properties": "", "datainputset": "", "dataoutputset": "", "processid": "", "activitytype": "Event-Sub-Process", "bgcolor": "#ffffff", "isatransaction": "", "callacitivity": "", "bordercolor": "#000000"}, "stencil": {"id": "EventSubprocess"}, "childShapes": [{"resourceId": "sid-C768D64D-6B76-4345-9BEE-8EEE63B2ADD9", "properties": {"name": "penalize\n", "documentation": "", "auditing": "", "monitoring": "", "dataoutputassociations": "", "dataoutput": "", "outputset": "", "isinterrupting": true, "escalationname": "", "escalationcode": "", "bgcolor": "#ffffff", "processid": "", "trigger": "Escalation", "bordercolor": "#000000", "frequency": "", "applyincalc": true}, "stencil": {"id": "StartEscalationEvent"}, "childShapes": [], "outgoing": [{"resourceId": "sid-80F0821B-5530-44C9-B2CF-DB4B5569D0BC"}], "bounds": {"lowerRight": {"x": 48, "y": 95}, "upperLeft": {"x": 18, "y": 65}}, "dockers": []}, {"resourceId": "sid-9AADCE5E-1DD5-4E15-9CC1-5ED30AF11E03", "properties": {"processid": "", "name": "assing penallity  point\n", "documentation": "", "auditing": "", "monitoring": "", "categories": "", "startquantity": 1, "completionquantity": 1, "isforcompensation": "", "assignments": "", "callacitivity": "", "tasktype": "User", "implementation": "webService", "resources": "", "messageref": "", "operationref": "", "instantiate": "", "script": "", "scriptformat": "", "bgcolor": "#ffffcc", "looptype": "None", "testbefore": "", "loopcondition": "", "loopmaximum": "", "loopcardinality": "", "loopdatainput": "", "loopdataoutput": "", "inputdataitem": "", "outputdataitem": "", "behavior": "all", "complexbehaviordefinition": "", "completioncondition": "", "onebehavioreventref:": "signal", "nonebehavioreventref": "signal", "properties": "", "datainputset": "", "dataoutputset": "", "operationname": "", "inmessagename": "", "inmsgitemkind": "Information", "inmsgstructure": "", "inmsgimport": "", "inmsgiscollection": "", "outmessagename": "", "outmsgitemkind": "Information", "outmsgstructure": "", "outmsgimport": "", "outmsgiscollection": "", "bordercolor": "#000000", "time": "", "costs": "", "costcenter": "", "applyincalc": true, "externaldocuments": "", "risklevel": ""}, "stencil": {"id": "Task"}, "childShapes": [], "outgoing": [{"resourceId": "sid-D0A5497F-7566-4B5F-BF83-CF50032C4CBC"}], "bounds": {"lowerRight": {"x": 190, "y": 120}, "upperLeft": {"x": 90, "y": 40}}, "dockers": []}, {"resourceId": "sid-21CDF013-A56E-4747-8FA2-12F42EAEFBCF", "properties": {"type": "http://b3mn.org/stencilset/bpmn2.0#EndNoneEvent", "datainputassociations": "", "datainput": "", "inputset": "", "name": "", "documentation": "", "auditing": "", "monitoring": "", "messagename": "", "operationname": "", "bgcolor": "#ffffff", "trigger": "Message", "bordercolor": "#000000"}, "stencil": {"id": "EndMessageEvent"}, "childShapes": [], "outgoing": [{"resourceId": "sid-500F0151-B90F-4954-AE61-D1204DBA1C57"}], "bounds": {"lowerRight": {"x": 358, "y": 94}, "upperLeft": {"x": 330, "y": 66}}, "dockers": []}], "outgoing": [], "bounds": {"lowerRight": {"x": 955, "y": 280}, "upperLeft": {"x": 525, "y": 120}}, "dockers": []}, {"resourceId": "sid-80F0821B-5530-44C9-B2CF-DB4B5569D0BC", "properties": {"name": "", "documentation": "", "auditing": "", "monitoring": "", "conditiontype": "None", "conditionexpression": "", "isimmediate": "", "showdiamondmarker": "", "bordercolor": "#000000", "probability": ""}, "stencil": {"id": "SequenceFlow"}, "childShapes": [], "outgoing": [{"resourceId": "sid-9AADCE5E-1DD5-4E15-9CC1-5ED30AF11E03"}], "bounds": {"lowerRight": {"x": 614.6796875, "y": 200}, "upperLeft": {"x": 573.2109375, "y": 200}}, "dockers": [{"x": 15, "y": 15}, {"x": 50, "y": 40}], "target": {"resourceId": "sid-9AADCE5E-1DD5-4E15-9CC1-5ED30AF11E03"}}, {"resourceId": "sid-D0A5497F-7566-4B5F-BF83-CF50032C4CBC", "properties": {"name": "", "documentation": "", "auditing": "", "monitoring": "", "conditiontype": "None", "conditionexpression": "", "isimmediate": "", "showdiamondmarker": "", "bordercolor": "#000000", "probability": ""}, "stencil": {"id": "SequenceFlow"}, "childShapes": [], "outgoing": [{"resourceId": "sid-21CDF013-A56E-4747-8FA2-12F42EAEFBCF"}], "bounds": {"lowerRight": {"x": 854.453125, "y": 200}, "upperLeft": {"x": 715, "y": 200}}, "dockers": [{"x": 50, "y": 40}, {"x": 14, "y": 14}], "target": {"resourceId": "sid-21CDF013-A56E-4747-8FA2-12F42EAEFBCF"}}, {"resourceId": "sid-A3D78728-C358-47BD-B7D8-30656A1FCA5E", "properties": {"name": "is muni\n", "documentation": "", "auditing": "", "monitoring": "", "boundaryvisible": true, "processname": "", "status": "None", "adhoc": "", "adhocordering": "Parallel", "adhoccompletioncondition": "", "suppressjoinfailure": "", "enableinstancecompensation": "", "processcategories": "", "processdocumentation": "", "multiinstance": "", "minimum": 2, "maximum": 2, "processtype": "None", "isclosed": "", "isexecutable": "", "processid": "", "bgcolor": "#ffffff", "bordercolor": "#000000"}, "stencil": {"id": "CollapsedPool"}, "childShapes": [], "outgoing": [], "bounds": {"lowerRight": {"x": 740, "y": 90}, "upperLeft": {"x": 240, "y": 30}}, "dockers": []}, {"resourceId": "sid-500F0151-B90F-4954-AE61-D1204DBA1C57", "properties": {"name": "", "documentation": "", "auditing": "", "monitoring": "", "bordercolor": "#000000"}, "stencil": {"id": "MessageFlow"}, "childShapes": [], "outgoing": [{"resourceId": "sid-A3D78728-C358-47BD-B7D8-30656A1FCA5E"}], "bounds": {"lowerRight": {"x": 869, "y": 185.78125}, "upperLeft": {"x": 740, "y": 59}}, "dockers": [{"x": 14, "y": 14}, {"x": 869, "y": 59}, {"x": 249, "y": 29}], "target": {"resourceId": "sid-A3D78728-C358-47BD-B7D8-30656A1FCA5E"}}, {"resourceId": "sid-119D997C-1B0E-482C-97D2-F22ABD0C1D96", "properties": {"name": "", "documentation": "", "auditing": "", "monitoring": "", "conditiontype": "None", "conditionexpression": "", "isimmediate": "", "showdiamondmarker": false, "bordercolor": "#000000", "probability": ""}, "stencil": {"id": "SequenceFlow"}, "childShapes": [], "outgoing": [], "bounds": {"lowerRight": {"x": 734.3515625, "y": 616}, "upperLeft": {"x": 630, "y": 616}}, "dockers": [{"x": 50, "y": 40}, {"x": 630, "y": 616}]}, {"resourceId": "sid-12146ED2-9BCA-4FA2-89C6-96760506D8C4", "properties": {"name": "", "documentation": "", "auditing": "", "monitoring": "", "conditiontype": "None", "conditionexpression": "", "isimmediate": "", "showdiamondmarker": "", "bordercolor": "#000000", "probability": ""}, "stencil": {"id": "SequenceFlow"}, "childShapes": [], "outgoing": [{"resourceId": "sid-89C2A081-30BA-40D9-BE09-C5385C5A8205"}], "bounds": {"lowerRight": {"x": 599.625, "y": 616}, "upperLeft": {"x": 575, "y": 475}}, "dockers": [{"x": 15, "y": 15}, {"x": 575, "y": 616}, {"x": 50, "y": 40}], "target": {"resourceId": "sid-89C2A081-30BA-40D9-BE09-C5385C5A8205"}}, {"resourceId": "sid-1BF13579-CB3A-494F-A4EC-1E01B4FAC9B1", "properties": {"name": "", "documentation": "", "auditing": "", "monitoring": "", "conditiontype": "None", "conditionexpression": "", "isimmediate": "", "showdiamondmarker": "", "bordercolor": "#000000", "probability": ""}, "stencil": {"id": "SequenceFlow"}, "childShapes": [], "outgoing": [{"resourceId": "sid-674527F8-8D68-4328-9AF1-4F351042E74F"}], "bounds": {"lowerRight": {"x": 1430.5, "y": 643.77734375}, "upperLeft": {"x": 1370.15625, "y": 435}}, "dockers": [{"x": 15, "y": 15}, {"x": 1430.5, "y": 435}, {"x": 20.5, "y": 20.5}], "target": {"resourceId": "sid-674527F8-8D68-4328-9AF1-4F351042E74F"}}, {"resourceId": "sid-B377BDC9-17F5-42F2-92B9-BA35174ED7E7", "properties": {"name": "", "documentation": "", "auditing": "", "monitoring": "", "conditiontype": "None", "conditionexpression": "", "isimmediate": "", "showdiamondmarker": "", "bordercolor": "#000000", "probability": ""}, "stencil": {"id": "SequenceFlow"}, "childShapes": [], "outgoing": [{"resourceId": "sid-BF496012-BFAE-4B70-A7C9-E7F84178B728"}], "bounds": {"lowerRight": {"x": 1550, "y": 817.1171875}, "upperLeft": {"x": 1550, "y": 721.8828125}}, "dockers": [{"x": 15, "y": 15}, {"x": 15, "y": 15}], "target": {"resourceId": "sid-BF496012-BFAE-4B70-A7C9-E7F84178B728"}}, {"resourceId": "sid-49F427DE-432B-4484-A905-21BFCB85F94D", "properties": {"name": "", "documentation": "", "auditing": "", "monitoring": "", "conditiontype": "None", "conditionexpression": "", "isimmediate": "", "showdiamondmarker": "", "bordercolor": "#000000", "probability": ""}, "stencil": {"id": "SequenceFlow"}, "childShapes": [], "outgoing": [{"resourceId": "sid-0620C142-E1F4-4512-8445-99E0E6AB0FE8"}], "bounds": {"lowerRight": {"x": 1739.5859375, "y": 840}, "upperLeft": {"x": 1565.4140625, "y": 833}}, "dockers": [{"x": 15, "y": 15}, {"x": 1652.5, "y": 833}, {"x": 1652.5, "y": 840}, {"x": 50, "y": 40}], "target": {"resourceId": "sid-0620C142-E1F4-4512-8445-99E0E6AB0FE8"}}, {"resourceId": "sid-7F61A5CE-DA8D-4099-BE59-C3837794CB88", "properties": {"name": "", "documentation": "", "auditing": "", "monitoring": "", "conditiontype": "None", "conditionexpression": "", "isimmediate": "", "showdiamondmarker": "", "bordercolor": "#000000", "probability": ""}, "stencil": {"id": "SequenceFlow"}, "childShapes": [], "outgoing": [{"resourceId": "sid-C782FA04-158D-478B-AD90-ABD5152E74EC"}], "bounds": {"lowerRight": {"x": 1589.5234375, "y": 479.03125}, "upperLeft": {"x": 1550.5, "y": 435}}, "dockers": [{"x": 20.5, "y": 20.5}, {"x": 1550.5, "y": 435}, {"x": 15, "y": 15}], "target": {"resourceId": "sid-C782FA04-158D-478B-AD90-ABD5152E74EC"}}, {"resourceId": "sid-FD182B45-EB06-4EEB-AE8E-6B8C5D3587E6", "properties": {"name": "", "documentation": "", "auditing": "", "monitoring": "", "conditiontype": "None", "conditionexpression": "", "isimmediate": "", "showdiamondmarker": "", "bordercolor": "#000000", "probability": ""}, "stencil": {"id": "SequenceFlow"}, "childShapes": [], "outgoing": [{"resourceId": "sid-DCF60BD9-2C78-4172-8AC4-95956CEAACC0"}], "bounds": {"lowerRight": {"x": 1829.5859375, "y": 435}, "upperLeft": {"x": 1620.501953125, "y": 435}}, "dockers": [{"x": 15, "y": 15}, {"x": 50, "y": 40}], "target": {"resourceId": "sid-DCF60BD9-2C78-4172-8AC4-95956CEAACC0"}}, {"resourceId": "sid-82C951CE-3CB8-4441-9258-58EC880327E0", "properties": {"name": "", "documentation": "", "auditing": "", "monitoring": "", "conditiontype": "None", "conditionexpression": "", "isimmediate": "", "showdiamondmarker": "", "bordercolor": "#000000", "probability": ""}, "stencil": {"id": "SequenceFlow"}, "childShapes": [], "outgoing": [{"resourceId": "sid-C93D4B83-A3C5-436B-91F7-EF903BDB009D"}], "bounds": {"lowerRight": {"x": 1700, "y": 565.4453125}, "upperLeft": {"x": 1700, "y": 540}}, "dockers": [{"x": 15, "y": 15}, {"x": 50, "y": 40}], "target": {"resourceId": "sid-C93D4B83-A3C5-436B-91F7-EF903BDB009D"}}, {"resourceId": "sid-FC2FE338-A520-4DD0-BDC4-4E44A3AC8B4B", "properties": {"name": "", "documentation": "", "auditing": "", "monitoring": "", "conditiontype": "None", "conditionexpression": "", "isimmediate": "", "showdiamondmarker": "", "bordercolor": "#000000", "probability": ""}, "stencil": {"id": "SequenceFlow"}, "childShapes": [], "outgoing": [{"resourceId": "sid-CB7163E2-3169-48F8-AB21-425977AE3599"}], "bounds": {"lowerRight": {"x": 1684.3125, "y": 581}, "upperLeft": {"x": 1558.8723009531206571, "y": 512.64360768876065322}}, "dockers": [{"x": 20.5, "y": 20.5}, {"x": 1606, "y": 581}, {"x": 15, "y": 15}], "target": {"resourceId": "sid-CB7163E2-3169-48F8-AB21-425977AE3599"}}, {"resourceId": "sid-66EC0440-E79D-4499-BFB6-105823CA1035", "properties": {"name": "", "documentation": "", "auditing": "", "monitoring": "", "bordercolor": "#000000"}, "stencil": {"id": "MessageFlow"}, "childShapes": [], "outgoing": [{"resourceId": "sid-A027F2FE-78E6-41C1-8159-0CCB02C6EF25"}], "bounds": {"lowerRight": {"x": 1700, "y": 500}, "upperLeft": {"x": 1700, "y": 500}}, "dockers": [{"x": 50, "y": 40}, {"x": 1640, "y": 140}], "target": {"resourceId": "sid-A027F2FE-78E6-41C1-8159-0CCB02C6EF25"}}, {"resourceId": "sid-187F9FAA-A2F4-4E51-AB51-9D9ABA9B6011", "properties": {"name": "", "documentation": "", "auditing": "", "monitoring": "", "conditiontype": "None", "conditionexpression": "", "isimmediate": "", "showdiamondmarker": "", "bordercolor": "#000000", "probability": ""}, "stencil": {"id": "SequenceFlow"}, "childShapes": [], "outgoing": [{"resourceId": "sid-5F3FB703-741F-4BE5-B9B7-8DAD417D1E3C"}], "bounds": {"lowerRight": {"x": 1805.5, "y": 643.580078125}, "upperLeft": {"x": 1750, "y": 500}}, "dockers": [{"x": 50, "y": 40}, {"x": 1805.5, "y": 500}, {"x": 20.5, "y": 20.5}], "target": {"resourceId": "sid-5F3FB703-741F-4BE5-B9B7-8DAD417D1E3C"}}, {"resourceId": "sid-660CE7A3-A90B-4E02-8885-173472D3A71E", "properties": {"name": "", "documentation": "", "auditing": "", "monitoring": "", "bordercolor": "#000000"}, "stencil": {"id": "MessageFlow"}, "childShapes": [], "outgoing": [{"resourceId": "sid-A3D78728-C358-47BD-B7D8-30656A1FCA5E"}], "bounds": {"lowerRight": {"x": 1355, "y": 419.3125}, "upperLeft": {"x": 740, "y": 59}}, "dockers": [{"x": 15, "y": 15}, {"x": 1355, "y": 59}, {"x": 249, "y": 29}], "target": {"resourceId": "sid-A3D78728-C358-47BD-B7D8-30656A1FCA5E"}}], "bounds": {"lowerRight": {"x": 2096, "y": 1350}, "upperLeft": {"x": 0, "y": 0}}, "stencilset": {"url": "/stencilsets/bpmn2.0/bpmn2.0.json?version=5.4.0", "namespace": "http://b3mn.org/stencilset/bpmn2.0#"}, "ssextensions": []}