{"revision": {"creationDate": null, "isLastRevision": true, "revisionNumber": 5, "elementCounts": {"total": 20, "StartConditionalEvent": 1, "Lane": 3, "Task": 3, "StartNoneEvent": 1, "Pool": 1, "SequenceFlow": 7, "EndNoneEvent": 1, "BPMNDiagram": 1, "Exclusive_Databased_Gateway": 1, "StartErrorEvent": 1}, "connectedness": 100}, "model": {"modelId": "1010961388", "modelDate": "2011-04-09", "groupName": "BPMN2.0_Process", "naturalLanguage": "en", "modelName": "1.1 Receive Service Call", "TimestampModelCollection": "2012-08-30 14:08:38", "modelingLanguage": "bpmn20", "directoryId": "549726072", "numberOfRevisions": 5}}