{"bounds": {"lowerRight": {"y": 1514.5454338562394696, "x": 2390}, "upperLeft": {"y": 0, "x": 0}}, "resourceId": "canvas", "childShapes": [{"dockers": [], "bounds": {"lowerRight": {"y": 450, "x": 2290}, "upperLeft": {"y": 390, "x": 15}}, "resourceId": "sid-3D090292-8EE3-47EF-9214-9F6D15EAA949", "layers": [], "labels": [], "childShapes": [], "properties": {"isclosed": "false", "enableinstancecompensation": "false", "boundaryvisible": "true", "monitoring": "", "processcategories": "", "minimum": "2", "status": "None", "isexecutable": "false", "bgcolor": "#ffffff", "processdocumentation": "", "processtype": "None", "bordercolor": "#000000", "processname": "", "multiinstance": "false", "maximum": "2", "name": "N", "documentation": "", "suppressjoinfailure": "false", "adhoccompletioncondition": "", "auditing": "", "adhocordering": "Parallel", "adhoc": "false", "processid": ""}, "stencil": {"id": "CollapsedPool"}, "outgoing": [{"resourceId": "sid-DADAE92A-A45A-4325-8F5B-402EE3F6B583"}, {"resourceId": "sid-69D64E86-3B4E-48C0-8BFC-20A845343FDE"}, {"resourceId": "sid-CD376873-D2AE-4792-ACD7-4B1FB419E72A"}, {"resourceId": "sid-15E34740-C890-493D-9531-F8EE4DB5FB6C"}, {"resourceId": "sid-B1B5BCD5-B3A4-48D0-918D-11BC96799A58"}], "glossaryLinks": {}, "formats": {}}, {"dockers": [{"y": 40.500000000000028422, "x": 59.795351792383506506}, {"y": 20.5, "x": 20.5}], "bounds": {"lowerRight": {"y": 738.59999575924894089, "x": 1004.4286976919869403}, "upperLeft": {"y": 738.59999575924894089, "x": 910}}, "resourceId": "sid-F6C66B19-C69F-452C-9439-862DD3AE2DAC", "layers": [], "labels": [], "target": {"resourceId": "sid-06703F43-753A-4292-8017-13DC17D893F6"}, "childShapes": [], "properties": {"ConditionType": "None", "showdiamondmarker": "false", "bordercolor": "#000000", "monitoring": "", "name": "", "documentation": "", "probability": "", "conditionexpression": "", "isimmediate": "false", "auditing": ""}, "stencil": {"id": "SequenceFlow"}, "outgoing": [{"resourceId": "sid-06703F43-753A-4292-8017-13DC17D893F6"}], "glossaryLinks": {}, "formats": {}}, {"dockers": [], "bounds": {"lowerRight": {"y": 1305, "x": 2247}, "upperLeft": {"y": 1245, "x": 0}}, "resourceId": "sid-672F96E3-5CCE-4E8F-9C3E-18E4A9348E43", "layers": [], "labels": [], "childShapes": [], "properties": {"isclosed": "false", "enableinstancecompensation": "false", "boundaryvisible": "true", "monitoring": "", "processcategories": "", "minimum": "2", "status": "None", "isexecutable": "false", "bgcolor": "#ffffff", "processdocumentation": "", "processtype": "None", "bordercolor": "#000000", "processname": "", "multiinstance": "false", "maximum": "2", "name": "O", "documentation": "", "suppressjoinfailure": "false", "adhoccompletioncondition": "", "auditing": "", "adhocordering": "Parallel", "adhoc": "false", "processid": ""}, "stencil": {"id": "CollapsedPool"}, "outgoing": [{"resourceId": "sid-16A9A998-2CA9-43D4-BA79-6DBD5C111B2E"}, {"resourceId": "sid-6E526223-27B3-43CA-B443-7F39A8697826"}], "glossaryLinks": {}, "formats": {}}, {"dockers": [], "bounds": {"lowerRight": {"y": 1144.6799937802315981, "x": 2290}, "upperLeft": {"y": 554.0999957592488272, "x": 0}}, "resourceId": "sid-FC7C0050-4D8C-4D7D-9793-A8197D1779D3", "layers": [], "labels": [], "childShapes": [{"dockers": [], "bounds": {"lowerRight": {"y": 590.57999802098277087, "x": 2290}, "upperLeft": {"y": 0, "x": 30}}, "resourceId": "sid-77538156-634E-49FB-8689-37F34C0CA21A", "layers": [], "labels": [], "childShapes": [{"dockers": [], "bounds": {"lowerRight": {"y": 236.29999924600144823, "x": 588.29999793469892211}, "upperLeft": {"y": 131.00000000000011369, "x": 270}}, "resourceId": "sid-7C92D477-9051-40A8-B08D-987BB50DB89A", "layers": [], "labels": [], "childShapes": [], "properties": {"subprocesstype": "Embedded", "startquantity": "1", "looptype": "None", "processref": "", "transaction": "", "behavior": "all", "adhoccancelremaininginstances": "true", "applyincalc": "true", "loopcardinality": "", "costs": "", "bgcolor": "#ffffcc", "inputdataitem": "", "bordercolor": "#000000", "transactionmethod": "compensate", "loopdatainput": "", "time": "", "loopdataoutput": "", "isatransaction": "false", "testbefore": "false", "name": "A", "costcenter": "", "activitytype": "Sub-Process", "completioncondition": "", "adhoccompletioncondition": "", "isforcompensation": "false", "adhocordering": "Sequential", "callacitivity": "false", "outputmaps": "", "monitoring": "", "dataoutputset": "", "completionquantity": "1", "isadhoc": "false", "outputdataitem": "", "properties": "", "assignments": "", "nonebehavioreventref": "signal", "loopcondition": "", "onebehavioreventref:": "signal", "inputmaps": "", "entry": "", "documentation": "", "diagramref": "", "categories": "", "auditing": "", "complexbehaviordefinition": "", "datainputset": "", "processid": ""}, "stencil": {"id": "CollapsedSubprocess"}, "outgoing": [{"resourceId": "sid-A0B538E8-29E1-4916-A9C9-BBEA1464DFFF"}, {"resourceId": "sid-D6713D6D-44E6-4438-B8BB-09BCCC2CC251"}, {"resourceId": "sid-FDB9019A-B5EF-4F01-9767-F53AC22CEF6F"}, {"resourceId": "sid-3D4EA7B0-B964-4FC1-858B-CC3CC8594208"}], "glossaryLinks": {}, "formats": {}}, {"dockers": [], "bounds": {"lowerRight": {"y": 157.0499978796244136, "x": 108.89999818253521369}, "upperLeft": {"y": 127.0499978796244136, "x": 78.899998182535213687}}, "resourceId": "sid-EDA9546D-2A3B-4581-A25E-8244C2D62202", "layers": [], "labels": [], "childShapes": [], "properties": {"trigger": "Message", "monitoring": "", "operationname": "", "outputset": "", "applyincalc": "true", "frequency": "", "isinterrupting": "true", "bgcolor": "#ffffff", "bordercolor": "#000000", "dataoutputassociations": "", "name": "", "messagename": "", "dataoutput": "", "documentation": "", "auditing": "", "processid": ""}, "stencil": {"id": "StartMessageEvent"}, "outgoing": [{"resourceId": "sid-D95AE760-5EBD-4AE2-9FB0-8B36A39237C3"}], "glossaryLinks": {}, "formats": {}}, {"dockers": [], "bounds": {"lowerRight": {"y": 251.29999924600133454, "x": 108.89999818253519948}, "upperLeft": {"y": 221.29999924600133454, "x": 78.899998182535199476}}, "resourceId": "sid-053FA19A-531F-4555-8949-A62B9E8DA130", "layers": [], "labels": [], "childShapes": [], "properties": {"trigger": "Message", "monitoring": "", "operationname": "", "outputset": "", "applyincalc": "true", "frequency": "", "isinterrupting": "true", "bgcolor": "#ffffff", "bordercolor": "#000000", "dataoutputassociations": "", "name": "", "messagename": "", "dataoutput": "", "documentation": "", "auditing": "", "processid": ""}, "stencil": {"id": "StartMessageEvent"}, "outgoing": [{"resourceId": "sid-9F8DF165-96FC-4A0D-8509-A6A433C72B1A"}], "glossaryLinks": {}, "formats": {}}, {"dockers": [], "bounds": {"lowerRight": {"y": 224.0000000000002558, "x": 880}, "upperLeft": {"y": 144.00000000000014211, "x": 780}}, "resourceId": "sid-B6ABE673-2C80-4E47-A8EC-9417FA6B6D06", "layers": [], "labels": [], "childShapes": [], "properties": {"subprocesstype": "Embedded", "startquantity": "1", "looptype": "None", "processref": "", "transaction": "", "behavior": "all", "adhoccancelremaininginstances": "true", "applyincalc": "true", "loopcardinality": "", "costs": "", "bgcolor": "#ffffcc", "inputdataitem": "", "bordercolor": "#000000", "transactionmethod": "compensate", "loopdatainput": "", "time": "", "loopdataoutput": "", "isatransaction": "false", "testbefore": "false", "name": "B", "costcenter": "", "activitytype": "Sub-Process", "completioncondition": "", "adhoccompletioncondition": "", "isforcompensation": "false", "adhocordering": "Sequential", "callacitivity": "false", "outputmaps": "", "monitoring": "", "dataoutputset": "", "completionquantity": "1", "isadhoc": "false", "outputdataitem": "", "properties": "", "assignments": "", "nonebehavioreventref": "signal", "loopcondition": "", "onebehavioreventref:": "signal", "inputmaps": "", "entry": "", "documentation": "", "diagramref": "", "categories": "", "auditing": "", "complexbehaviordefinition": "", "datainputset": "", "processid": ""}, "stencil": {"id": "CollapsedSubprocess"}, "outgoing": [{"resourceId": "sid-F6C66B19-C69F-452C-9439-862DD3AE2DAC"}], "glossaryLinks": {}, "formats": {}}, {"dockers": [], "bounds": {"lowerRight": {"y": 199.00000000000005684, "x": 108.89999818253519948}, "upperLeft": {"y": 169.00000000000005684, "x": 78.899998182535199476}}, "resourceId": "sid-A56B792D-2E64-4E15-A241-799EDF360100", "layers": [], "labels": [{"ref": "text_name", "align": "right", "left": true, "valign": "middle", "y": 15, "x": -7}], "childShapes": [], "properties": {"trigger": "None", "monitoring": "", "outputset": "", "applyincalc": "true", "frequency": "", "bgcolor": "#ffffff", "bordercolor": "#000000", "dataoutputassociations": "", "name": "C", "dataoutput": "", "documentation": "", "auditing": "", "processid": ""}, "stencil": {"id": "StartNoneEvent"}, "outgoing": [{"resourceId": "sid-0DD818D5-5EEF-42C0-A6AB-799AF597EB1A"}], "glossaryLinks": {}, "formats": {}}, {"dockers": [], "bounds": {"lowerRight": {"y": 224.00000000000008527, "x": 1519.2999979346986947}, "upperLeft": {"y": 144.00000000000014211, "x": 1350}}, "resourceId": "sid-1A66A8F8-8091-4718-81C2-38D5734B1816", "layers": [], "labels": [], "childShapes": [], "properties": {"subprocesstype": "Embedded", "startquantity": "1", "looptype": "None", "processref": "", "transaction": "", "behavior": "all", "adhoccancelremaininginstances": "true", "applyincalc": "true", "loopcardinality": "", "costs": "", "bgcolor": "#ffffcc", "inputdataitem": "", "bordercolor": "#000000", "transactionmethod": "compensate", "loopdatainput": "", "time": "", "loopdataoutput": "", "isatransaction": "false", "testbefore": "false", "name": "D", "costcenter": "", "activitytype": "Sub-Process", "completioncondition": "", "adhoccompletioncondition": "", "isforcompensation": "false", "adhocordering": "Sequential", "callacitivity": "false", "outputmaps": "", "monitoring": "", "dataoutputset": "", "completionquantity": "1", "isadhoc": "false", "outputdataitem": "", "properties": "", "assignments": "", "nonebehavioreventref": "signal", "loopcondition": "", "onebehavioreventref:": "signal", "inputmaps": "", "entry": "", "documentation": "", "diagramref": "", "categories": "", "auditing": "", "complexbehaviordefinition": "", "datainputset": "", "processid": ""}, "stencil": {"id": "CollapsedSubprocess"}, "outgoing": [{"resourceId": "sid-A790D5C3-5AE2-464A-89DE-13611F9B7311"}], "glossaryLinks": {}, "formats": {}}, {"dockers": [], "bounds": {"lowerRight": {"y": 224.00000000000022737, "x": 1246.2999993941784851}, "upperLeft": {"y": 143.99999999999988631, "x": 1110}}, "resourceId": "sid-C38D5A0A-A027-4D80-A5DF-56E0E037FB89", "layers": [], "labels": [], "childShapes": [], "properties": {"subprocesstype": "Embedded", "startquantity": "1", "looptype": "None", "processref": "", "transaction": "", "behavior": "all", "adhoccancelremaininginstances": "true", "applyincalc": "true", "loopcardinality": "", "costs": "", "bgcolor": "#ffffcc", "inputdataitem": "", "bordercolor": "#000000", "transactionmethod": "compensate", "loopdatainput": "", "time": "", "loopdataoutput": "", "isatransaction": "false", "testbefore": "false", "name": "E", "costcenter": "", "activitytype": "Sub-Process", "completioncondition": "", "adhoccompletioncondition": "", "isforcompensation": "false", "adhocordering": "Sequential", "callacitivity": "false", "outputmaps": "", "monitoring": "", "dataoutputset": "", "completionquantity": "1", "isadhoc": "false", "outputdataitem": "", "properties": "", "assignments": "", "nonebehavioreventref": "signal", "loopcondition": "", "onebehavioreventref:": "signal", "inputmaps": "", "entry": "", "documentation": "", "diagramref": "", "categories": "", "auditing": "", "complexbehaviordefinition": "", "datainputset": "", "processid": ""}, "stencil": {"id": "CollapsedSubprocess"}, "outgoing": [{"resourceId": "sid-68061334-EF69-488F-BFCE-C92ACC357B3D"}], "glossaryLinks": {}, "formats": {}}, {"dockers": [], "bounds": {"lowerRight": {"y": 224, "x": 2042.2999993941784851}, "upperLeft": {"y": 143.99999999999991473, "x": 1906}}, "resourceId": "sid-BCEFF2EF-0354-4B6A-AAC9-958D19E24300", "layers": [], "labels": [], "childShapes": [], "properties": {"subprocesstype": "Embedded", "startquantity": "1", "looptype": "None", "processref": "", "transaction": "", "behavior": "all", "adhoccancelremaininginstances": "true", "applyincalc": "true", "loopcardinality": "", "costs": "", "bgcolor": "#ffffcc", "inputdataitem": "", "bordercolor": "#000000", "transactionmethod": "compensate", "loopdatainput": "", "time": "", "loopdataoutput": "", "isatransaction": "false", "testbefore": "false", "name": "F", "costcenter": "", "activitytype": "Sub-Process", "completioncondition": "", "adhoccompletioncondition": "", "isforcompensation": "false", "adhocordering": "Sequential", "callacitivity": "false", "outputmaps": "", "monitoring": "", "dataoutputset": "", "completionquantity": "1", "isadhoc": "false", "outputdataitem": "", "properties": "", "assignments": "", "nonebehavioreventref": "signal", "loopcondition": "", "onebehavioreventref:": "signal", "inputmaps": "", "entry": "", "documentation": "", "diagramref": "", "categories": "", "auditing": "", "complexbehaviordefinition": "", "datainputset": "", "processid": ""}, "stencil": {"id": "CollapsedSubprocess"}, "outgoing": [{"resourceId": "sid-C4873576-90AD-48A4-A65B-D839C21B7B63"}, {"resourceId": "sid-BF2B94BA-A7BB-4F3A-BA4B-49661D1C352E"}], "glossaryLinks": {}, "formats": {}}, {"dockers": [], "bounds": {"lowerRight": {"y": 204.00000000000011369, "x": 1015}, "upperLeft": {"y": 164.00000000000011369, "x": 975}}, "resourceId": "sid-06703F43-753A-4292-8017-13DC17D893F6", "layers": [], "labels": [{"ref": "text_name", "align": "center", "valign": "middle", "y": -21, "x": 21}], "childShapes": [], "properties": {"xortype": "Data", "monitoring": "", "defaultgate": "", "gatewaytype": "XOR", "gates": "", "assignments": "", "bgcolor": "#ffffff", "bordercolor": "#000000", "pool": "", "gate_assignments": "", "markervisible": "true", "name": "G", "documentation": "", "gates_assignments": "", "categories": "", "auditing": "", "gate_outgoingsequenceflow": "", "lanes": "", "gates_outgoingsequenceflow": "", "processid": ""}, "stencil": {"id": "Exclusive_Databased_Gateway"}, "outgoing": [{"resourceId": "sid-815679C6-FAC5-42A9-B87F-0188ACD3AA9D"}, {"resourceId": "sid-BA15F52D-AA2F-4302-816F-74ED358D5BEF"}], "glossaryLinks": {}, "formats": {}}, {"dockers": [], "bounds": {"lowerRight": {"y": 530.90000424075128649, "x": 898.29999939417848509}, "upperLeft": {"y": 450.9000042407511728, "x": 762}}, "resourceId": "sid-E0A13FA4-4E6C-461E-9AD0-E2218E6FBBAB", "layers": [], "labels": [], "childShapes": [], "properties": {"subprocesstype": "Embedded", "startquantity": "1", "looptype": "None", "processref": "", "transaction": "", "behavior": "all", "adhoccancelremaininginstances": "true", "applyincalc": "true", "loopcardinality": "", "costs": "", "bgcolor": "#ffffcc", "inputdataitem": "", "bordercolor": "#000000", "transactionmethod": "compensate", "loopdatainput": "", "time": "", "loopdataoutput": "", "isatransaction": "false", "testbefore": "false", "name": "H", "costcenter": "", "activitytype": "Sub-Process", "completioncondition": "", "adhoccompletioncondition": "", "isforcompensation": "false", "adhocordering": "Sequential", "callacitivity": "false", "outputmaps": "", "monitoring": "", "dataoutputset": "", "completionquantity": "1", "isadhoc": "false", "outputdataitem": "", "properties": "", "assignments": "", "nonebehavioreventref": "signal", "loopcondition": "", "onebehavioreventref:": "signal", "inputmaps": "", "entry": "", "documentation": "", "diagramref": "", "categories": "", "auditing": "", "complexbehaviordefinition": "", "datainputset": "", "processid": ""}, "stencil": {"id": "CollapsedSubprocess"}, "outgoing": [{"resourceId": "sid-BF3A62D9-474B-426B-BE9B-5FD49C893E62"}, {"resourceId": "sid-F6D304B1-033F-4A7E-AD20-3B1D02FA8A8A"}], "glossaryLinks": {}, "formats": {}}, {"dockers": [], "bounds": {"lowerRight": {"y": 224.00000000000022737, "x": 1824.2999993941784851}, "upperLeft": {"y": 144.00000000000011369, "x": 1635}}, "resourceId": "sid-24CD116C-928B-46D7-8480-62963CB9E397", "layers": [], "labels": [], "childShapes": [], "properties": {"subprocesstype": "Embedded", "startquantity": "1", "looptype": "None", "processref": "", "transaction": "", "behavior": "all", "adhoccancelremaininginstances": "true", "applyincalc": "true", "loopcardinality": "", "costs": "", "bgcolor": "#ffffcc", "inputdataitem": "", "bordercolor": "#000000", "transactionmethod": "compensate", "loopdatainput": "", "time": "", "loopdataoutput": "", "isatransaction": "false", "testbefore": "false", "name": "I", "costcenter": "", "activitytype": "Sub-Process", "completioncondition": "", "adhoccompletioncondition": "", "isforcompensation": "false", "adhocordering": "Sequential", "callacitivity": "false", "outputmaps": "", "monitoring": "", "dataoutputset": "", "completionquantity": "1", "isadhoc": "false", "outputdataitem": "", "properties": "", "assignments": "", "nonebehavioreventref": "signal", "loopcondition": "", "onebehavioreventref:": "signal", "inputmaps": "", "entry": "", "documentation": "", "diagramref": "", "categories": "", "auditing": "", "complexbehaviordefinition": "", "datainputset": "", "processid": ""}, "stencil": {"id": "CollapsedSubprocess"}, "outgoing": [{"resourceId": "sid-2A59B8BF-66CC-49E5-BAF7-58C2BCBA343D"}, {"resourceId": "sid-D577B1D1-843D-47C1-B924-61DB29A24A53"}], "glossaryLinks": {}, "formats": {}}, {"dockers": [], "bounds": {"lowerRight": {"y": 95.374997082860744513, "x": 479}, "upperLeft": {"y": 45.374997082860744513, "x": 379}}, "resourceId": "sid-A286B2B5-06D2-411B-BC77-04C947BBEE78", "layers": [], "labels": [], "childShapes": [], "properties": {"bordercolor": "#000000", "text": "", "textformat": "text/plain", "monitoring": "", "pool": "", "name": "", "documentation": "", "categories": "", "auditing": "", "lanes": ""}, "stencil": {"id": "TextAnnotation"}, "outgoing": [], "glossaryLinks": {}, "formats": {}}, {"dockers": [], "bounds": {"lowerRight": {"y": 80.900004240751201223, "x": 223.8999981825352279}, "upperLeft": {"y": 30.900004240751201223, "x": 123.8999981825352279}}, "resourceId": "sid-E64FB000-3BAE-4F9E-A028-5A909AD784EA", "layers": [], "labels": [], "childShapes": [], "properties": {"bordercolor": "#000000", "text": "", "textformat": "text/plain", "monitoring": "", "pool": "", "name": "", "documentation": "", "categories": "", "auditing": "", "lanes": ""}, "stencil": {"id": "TextAnnotation"}, "outgoing": [], "glossaryLinks": {}, "formats": {}}, {"dockers": [], "bounds": {"lowerRight": {"y": 95.3749970828608582, "x": 985}, "upperLeft": {"y": 45.3749970828608582, "x": 885}}, "resourceId": "sid-B8086DD1-1F5E-4D68-8AC9-0B492942D13E", "layers": [], "labels": [], "childShapes": [], "properties": {"bordercolor": "#000000", "text": "", "textformat": "text/plain", "monitoring": "", "pool": "", "name": "", "documentation": "", "categories": "", "auditing": "", "lanes": ""}, "stencil": {"id": "TextAnnotation"}, "outgoing": [], "glossaryLinks": {}, "formats": {}}, {"dockers": [], "bounds": {"lowerRight": {"y": 198.00000000000002842, "x": 2144}, "upperLeft": {"y": 170.00000000000002842, "x": 2116}}, "resourceId": "sid-67A3FD44-EC87-4FC8-AEA2-0B756CE28A73", "layers": [], "labels": [], "childShapes": [], "properties": {"inputset": "", "trigger": "Terminate", "bordercolor": "#000000", "monitoring": "", "datainputassociations": "", "name": "J", "documentation": "", "auditing": "", "datainput": "", "bgcolor": "#ffffff"}, "stencil": {"id": "EndTerminateEvent"}, "outgoing": [], "glossaryLinks": {}, "formats": {}}, {"dockers": [], "bounds": {"lowerRight": {"y": 309, "x": 844}, "upperLeft": {"y": 281, "x": 816}}, "resourceId": "sid-985B72BE-330F-4D63-A85D-1C5132A114D3", "layers": [], "labels": [], "childShapes": [], "properties": {"inputset": "", "trigger": "Terminate", "bordercolor": "#000000", "monitoring": "", "datainputassociations": "", "name": "", "documentation": "", "auditing": "", "datainput": "", "bgcolor": "#ffffff"}, "stencil": {"id": "EndTerminateEvent"}, "outgoing": [], "glossaryLinks": {}, "formats": {}}, {"dockers": [{"y": 346.26362789529821384, "x": 295.30348970461636782}], "bounds": {"lowerRight": {"y": 360.26362789529821384, "x": 309.30348970461636782}, "upperLeft": {"y": 332.26362789529821384, "x": 281.30348970461636782}}, "resourceId": "sid-1EF026D9-B318-4B51-AC92-37FAE7CAEA8C", "layers": [], "labels": [{"ref": "text_name", "align": "right", "left": true, "valign": "middle", "y": 14, "x": -5}], "childShapes": [], "properties": {"trigger": "Escalation", "bordercolor": "#000000", "monitoring": "", "name": "K", "documentation": "", "auditing": "", "escalationname": "", "bgcolor": "#ffffff", "escalationcode": ""}, "stencil": {"id": "EndEscalationEvent"}, "outgoing": [], "glossaryLinks": {}, "formats": {}}, {"dockers": [{"y": 100.9000042407511728, "x": 36.489130282752086032}], "bounds": {"lowerRight": {"y": 251.29999924600144823, "x": 310.3034897045266689}, "upperLeft": {"y": 221.29999924600144823, "x": 280.3034897045266689}}, "resourceId": "sid-D6713D6D-44E6-4438-B8BB-09BCCC2CC251", "layers": [], "labels": [{"ref": "text_name", "valign": "middle", "y": 69, "x": -34}], "childShapes": [], "properties": {"trigger": "Timer", "bordercolor": "#000000", "timeduration": "", "monitoring": "", "timedate": "", "name": "L", "documentation": "", "timecycle": "", "auditing": "", "boundarycancelactivity2": "true", "bgcolor": "#ffffff"}, "stencil": {"id": "IntermediateTimerEvent"}, "outgoing": [{"resourceId": "sid-41A340FD-62CA-41AB-9625-DC2C7A950213"}], "glossaryLinks": {}, "formats": {}}, {"dockers": [], "bounds": {"lowerRight": {"y": 400.90000424075122964, "x": 850}, "upperLeft": {"y": 360.90000424075122964, "x": 810}}, "resourceId": "sid-F0FF0A96-9C5E-4E13-8637-78908E2690ED", "layers": [], "labels": [], "childShapes": [], "properties": {"xortype": "Data", "monitoring": "", "defaultgate": "", "gatewaytype": "XOR", "gates": "", "assignments": "", "bgcolor": "#ffffff", "bordercolor": "#000000", "pool": "", "gate_assignments": "", "markervisible": "true", "name": "", "documentation": "", "gates_assignments": "", "categories": "", "auditing": "", "gate_outgoingsequenceflow": "", "lanes": "", "gates_outgoingsequenceflow": "", "processid": ""}, "stencil": {"id": "Exclusive_Databased_Gateway"}, "outgoing": [{"resourceId": "sid-003BEF97-DE2F-4ED7-BB39-78757C2AD772"}, {"resourceId": "sid-6D01FB0A-67B0-428C-9455-713892E940B8"}], "glossaryLinks": {}, "formats": {}}, {"dockers": [], "bounds": {"lowerRight": {"y": 204.00000000000011369, "x": 685}, "upperLeft": {"y": 164.00000000000011369, "x": 645}}, "resourceId": "sid-4524BA42-4EF6-4692-8EF8-3E7875A52E99", "layers": [], "labels": [], "childShapes": [], "properties": {"xortype": "Data", "monitoring": "", "defaultgate": "", "gatewaytype": "XOR", "gates": "", "assignments": "", "bgcolor": "#ffffff", "bordercolor": "#000000", "pool": "", "gate_assignments": "", "markervisible": "true", "name": "", "documentation": "", "gates_assignments": "", "categories": "", "auditing": "", "gate_outgoingsequenceflow": "", "lanes": "", "gates_outgoingsequenceflow": "", "processid": ""}, "stencil": {"id": "Exclusive_Databased_Gateway"}, "outgoing": [{"resourceId": "sid-1AB089A7-EBD4-4DB7-91B1-F4BA13C297CD"}, {"resourceId": "sid-2F0656EF-0810-4E4C-BF53-75F94EFFA384"}], "glossaryLinks": {}, "formats": {}}, {"dockers": [], "bounds": {"lowerRight": {"y": 204.00000000000005684, "x": 175}, "upperLeft": {"y": 164.00000000000005684, "x": 135}}, "resourceId": "sid-D31DAC6F-E986-4D24-9507-322664355E2A", "layers": [], "labels": [], "childShapes": [], "properties": {"xortype": "Data", "monitoring": "", "defaultgate": "", "gatewaytype": "XOR", "gates": "", "assignments": "", "bgcolor": "#ffffff", "bordercolor": "#000000", "pool": "", "gate_assignments": "", "markervisible": "true", "name": "", "documentation": "", "gates_assignments": "", "categories": "", "auditing": "", "gate_outgoingsequenceflow": "", "lanes": "", "gates_outgoingsequenceflow": "", "processid": ""}, "stencil": {"id": "Exclusive_Databased_Gateway"}, "outgoing": [{"resourceId": "sid-505A658C-6815-4B20-9CB7-A243E13EA1F6"}], "glossaryLinks": {}, "formats": {}}, {"dockers": [{"y": 236.29999924600144823, "x": 356.44766245596110821}], "bounds": {"lowerRight": {"y": 251.29999924600144823, "x": 371.44766245596110821}, "upperLeft": {"y": 221.29999924600144823, "x": 341.44766245596110821}}, "resourceId": "sid-822F331F-3400-44DF-A378-673E9BDEF639", "layers": [], "labels": [{"ref": "text_name", "valign": "middle", "y": 72, "x": 76}], "childShapes": [], "properties": {"trigger": "Timer", "bordercolor": "#000000", "timeduration": "", "monitoring": "", "timedate": "", "name": "M", "documentation": "", "timecycle": "", "auditing": "", "boundarycancelactivity2": "true", "bgcolor": "#ffffff"}, "stencil": {"id": "IntermediateTimerEvent"}, "outgoing": [{"resourceId": "sid-103486C5-14BF-468A-88EA-32FBAB9157D0"}], "glossaryLinks": {}, "formats": {}}], "properties": {"showcaption": "true", "bordercolor": "#000000", "monitoring": "", "parentlane": "", "name": "", "documentation": "", "auditing": "", "bgcolor": "", "parentpool": ""}, "stencil": {"id": "Lane"}, "outgoing": [], "glossaryLinks": {}, "formats": {}}], "properties": {"isclosed": "false", "enableinstancecompensation": "false", "boundaryvisible": "true", "monitoring": "", "processcategories": "", "minimum": "2", "status": "None", "isexecutable": "false", "processdocumentation": "", "processtype": "None", "bordercolor": "#000000", "processname": "", "multiinstance": "false", "maximum": "2", "name": "P", "documentation": "", "suppressjoinfailure": "false", "adhoccompletioncondition": "", "auditing": "", "adhocordering": "Parallel", "adhoc": "false", "processid": ""}, "stencil": {"id": "Pool"}, "outgoing": [], "glossaryLinks": {}, "formats": {}}, {"dockers": [{"y": 20.5, "x": 20.5}, {"y": 40.000000000000142109, "x": 68.149999697089242545}], "bounds": {"lowerRight": {"y": 738.54647704345427428, "x": 1139.3697301188642541}, "upperLeft": {"y": 738.28828010004360749, "x": 1045.0503868473690545}}, "resourceId": "sid-815679C6-FAC5-42A9-B87F-0188ACD3AA9D", "layers": [], "labels": [{"to": 1, "orientation": "ul", "ref": "text_name", "distance": -7.4193806648254394531, "align": "left", "from": 0, "valign": "top", "y": 738.46503723563034782, "x": 1074.8003485961091883}], "target": {"resourceId": "sid-C38D5A0A-A027-4D80-A5DF-56E0E037FB89"}, "childShapes": [], "properties": {"ConditionType": "None", "showdiamondmarker": "false", "bordercolor": "#000000", "monitoring": "", "name": "Q", "documentation": "", "probability": "", "conditionexpression": "", "isimmediate": "false", "auditing": ""}, "stencil": {"id": "SequenceFlow"}, "outgoing": [{"resourceId": "sid-C38D5A0A-A027-4D80-A5DF-56E0E037FB89"}], "glossaryLinks": {}, "formats": {}}, {"dockers": [{"y": 40.000000000000042633, "x": 68.149999697089242545}, {"y": 14.000000000000044409, "x": 14}], "bounds": {"lowerRight": {"y": 738.09999575924871351, "x": 2145.6066405989686245}, "upperLeft": {"y": 738.09999575924871351, "x": 2072.2999993941784851}}, "resourceId": "sid-C4873576-90AD-48A4-A65B-D839C21B7B63", "layers": [], "labels": [], "target": {"resourceId": "sid-67A3FD44-EC87-4FC8-AEA2-0B756CE28A73"}, "childShapes": [], "properties": {"ConditionType": "None", "showdiamondmarker": "false", "bordercolor": "#000000", "monitoring": "", "name": "", "documentation": "", "probability": "", "conditionexpression": "", "isimmediate": "false", "auditing": ""}, "stencil": {"id": "SequenceFlow"}, "outgoing": [{"resourceId": "sid-67A3FD44-EC87-4FC8-AEA2-0B756CE28A73"}], "glossaryLinks": {}, "formats": {}}, {"dockers": [{"y": 40.00000000000017053, "x": 68.149999697089199913}, {"y": 39.999999999999971578, "x": 84.649998967349347367}], "bounds": {"lowerRight": {"y": 738.09999575924894089, "x": 1379.4859367067952007}, "upperLeft": {"y": 738.09999575924894089, "x": 1276.2999993941784851}}, "resourceId": "sid-68061334-EF69-488F-BFCE-C92ACC357B3D", "layers": [], "labels": [], "target": {"resourceId": "sid-1A66A8F8-8091-4718-81C2-38D5734B1816"}, "childShapes": [], "properties": {"ConditionType": "None", "showdiamondmarker": "false", "bordercolor": "#000000", "monitoring": "", "name": "", "documentation": "", "probability": "", "conditionexpression": "", "isimmediate": "false", "auditing": ""}, "stencil": {"id": "SequenceFlow"}, "outgoing": [{"resourceId": "sid-1A66A8F8-8091-4718-81C2-38D5734B1816"}], "glossaryLinks": {}, "formats": {}}, {"dockers": [{"y": 39.999999999999971578, "x": 84.649998967349347367}, {"y": 40.000000000000056843, "x": 94.649999697089228334}], "bounds": {"lowerRight": {"y": 738.09999575924894089, "x": 1664.1578119633445567}, "upperLeft": {"y": 738.09999575924894089, "x": 1549.2999979346986947}}, "resourceId": "sid-A790D5C3-5AE2-464A-89DE-13611F9B7311", "layers": [], "labels": [], "target": {"resourceId": "sid-24CD116C-928B-46D7-8480-62963CB9E397"}, "childShapes": [], "properties": {"ConditionType": "None", "showdiamondmarker": "false", "bordercolor": "#000000", "monitoring": "", "name": "", "documentation": "", "probability": "", "conditionexpression": "", "isimmediate": "false", "auditing": ""}, "stencil": {"id": "SequenceFlow"}, "outgoing": [{"resourceId": "sid-24CD116C-928B-46D7-8480-62963CB9E397"}], "glossaryLinks": {}, "formats": {}}, {"dockers": [{"y": 40.000000000000056843, "x": 94.649999697089228334}, {"y": 40.000000000000042633, "x": 68.149999697089242545}], "bounds": {"lowerRight": {"y": 738.0999957592488272, "x": 1935.3394528220892425}, "upperLeft": {"y": 738.09999575924871351, "x": 1854.2999993941784851}}, "resourceId": "sid-2A59B8BF-66CC-49E5-BAF7-58C2BCBA343D", "layers": [], "labels": [], "target": {"resourceId": "sid-BCEFF2EF-0354-4B6A-AAC9-958D19E24300"}, "childShapes": [], "properties": {"ConditionType": "None", "showdiamondmarker": "false", "bordercolor": "#000000", "monitoring": "", "name": "", "documentation": "", "probability": "", "conditionexpression": "", "isimmediate": "false", "auditing": ""}, "stencil": {"id": "SequenceFlow"}, "outgoing": [{"resourceId": "sid-BCEFF2EF-0354-4B6A-AAC9-958D19E24300"}], "glossaryLinks": {}, "formats": {}}, {"dockers": [{"y": 0, "x": 0}, {"y": 24, "x": 1}], "bounds": {"lowerRight": {"y": 621.88473113094175915, "x": 408.43805813789555259}, "upperLeft": {"y": 567.35781057840972608, "x": 354.88216905087404029}}, "resourceId": "sid-46D41CCF-EE21-4B01-A889-2B7E86612F04", "layers": [], "labels": [], "target": {"resourceId": "sid-A286B2B5-06D2-411B-BC77-04C947BBEE78"}, "childShapes": [], "properties": {"bordercolor": "#000000", "type": "none", "assignments": "", "transformation": ""}, "stencil": {"id": "Association_Undirected"}, "outgoing": [{"resourceId": "sid-A286B2B5-06D2-411B-BC77-04C947BBEE78"}], "glossaryLinks": {}, "formats": {}}, {"dockers": [{"y": 0, "x": 0}, {"y": 24, "x": 1}], "bounds": {"lowerRight": {"y": 606.81235354980663033, "x": 153.35416281778762482}, "upperLeft": {"y": 565.12919622454774071, "x": 123.8999981825352279}}, "resourceId": "sid-2175D67E-000C-4029-A371-350724B159E2", "layers": [], "labels": [], "target": {"resourceId": "sid-E64FB000-3BAE-4F9E-A028-5A909AD784EA"}, "childShapes": [], "properties": {"bordercolor": "#000000", "type": "none", "assignments": "", "transformation": ""}, "stencil": {"id": "Association_Undirected"}, "outgoing": [{"resourceId": "sid-E64FB000-3BAE-4F9E-A028-5A909AD784EA"}], "glossaryLinks": {}, "formats": {}}, {"dockers": [{"y": 0, "x": 0}, {"y": 24, "x": 1}], "bounds": {"lowerRight": {"y": 622.03513659606687725, "x": 914.37693453942176802}, "upperLeft": {"y": 573.79618953021463312, "x": 860}}, "resourceId": "sid-827F6F8F-3EA4-4DE6-A77A-5DD27CBBA1F8", "layers": [], "labels": [], "target": {"resourceId": "sid-B8086DD1-1F5E-4D68-8AC9-0B492942D13E"}, "childShapes": [], "properties": {"bordercolor": "#000000", "type": "none", "assignments": "", "transformation": ""}, "stencil": {"id": "Association_Undirected"}, "outgoing": [{"resourceId": "sid-B8086DD1-1F5E-4D68-8AC9-0B492942D13E"}], "glossaryLinks": {}, "formats": {}}, {"dockers": [{"y": 58.79000002019407134, "x": 1477.8666652897991298}, {"y": 27, "x": 112.86666528979912982}], "bounds": {"lowerRight": {"y": 697.11659773785686411, "x": 1492.8666652897991298}, "upperLeft": {"y": 450, "x": 1492.8666652897991298}}, "resourceId": "sid-69D64E86-3B4E-48C0-8BFC-20A845343FDE", "layers": [], "labels": [{"to": 1, "orientation": "ur", "ref": "text_name", "distance": -67.31664276123046875, "align": "right", "from": 0, "valign": "top", "y": 491.8040988472130266, "x": 1492.8666652897991298}], "target": {"resourceId": "sid-1A66A8F8-8091-4718-81C2-38D5734B1816"}, "childShapes": [], "properties": {"bordercolor": "#000000", "monitoring": "", "name": "R", "documentation": "", "auditing": ""}, "stencil": {"id": "MessageFlow"}, "outgoing": [{"resourceId": "sid-1A66A8F8-8091-4718-81C2-38D5734B1816"}], "glossaryLinks": {}, "formats": {}}, {"dockers": [{"y": 59.0088348388671875, "x": 1421.4333326448995649}, {"y": 40, "x": 56.433332644899564912}], "bounds": {"lowerRight": {"y": 697.57581360216545363, "x": 1436.4333326448995649}, "upperLeft": {"y": 450, "x": 1436.4333326448995649}}, "resourceId": "sid-DADAE92A-A45A-4325-8F5B-402EE3F6B583", "layers": [], "labels": [{"to": 1, "orientation": "ul", "ref": "text_name", "distance": 64.1166839599609375, "align": "left", "from": 0, "valign": "top", "y": 518.99651683079537179, "x": 1436.4333326448995649}], "target": {"resourceId": "sid-1A66A8F8-8091-4718-81C2-38D5734B1816"}, "childShapes": [], "properties": {"bordercolor": "#000000", "monitoring": "", "name": "S", "documentation": "", "auditing": ""}, "stencil": {"id": "MessageFlow"}, "outgoing": [{"resourceId": "sid-1A66A8F8-8091-4718-81C2-38D5734B1816"}], "glossaryLinks": {}, "formats": {}}, {"dockers": [], "bounds": {"lowerRight": {"y": 340, "x": 625.30348970461636782}, "upperLeft": {"y": 90, "x": 25.303489704616367817}}, "resourceId": "sid-FFAD626C-F70E-4E0E-AF25-D778B8953AC2", "layers": [], "labels": [], "childShapes": [{"dockers": [], "bounds": {"lowerRight": {"y": 250, "x": 600}, "upperLeft": {"y": 0, "x": 30}}, "resourceId": "sid-14954531-BA08-4F14-AA26-8CDB656EDC81", "layers": [], "labels": [], "childShapes": [{"dockers": [], "bounds": {"lowerRight": {"y": 220.17300000000000182, "x": 177.00100000000000477}, "upperLeft": {"y": 160, "x": 115}}, "resourceId": "sid-E4F5CA52-40F2-4764-981C-C3520725D73F", "layers": [], "labels": [], "childShapes": [], "properties": {"bordercolor": "#000000", "monitoring": "", "isUnlimited": "false", "name": "AH", "documentation": "", "categories": "", "auditing": "", "bgcolor": "#ffffff"}, "stencil": {"id": "DataStore"}, "outgoing": [], "glossaryLinks": {}, "formats": {}}, {"dockers": [], "bounds": {"lowerRight": {"y": 140, "x": 355}, "upperLeft": {"y": 60, "x": 230}}, "resourceId": "sid-10CE0C5C-951A-47BE-B276-554BAC15FF29", "layers": [], "labels": [], "childShapes": [], "properties": {"subprocesstype": "Embedded", "startquantity": "1", "looptype": "None", "processref": "", "transaction": "", "behavior": "all", "adhoccancelremaininginstances": "true", "applyincalc": "true", "loopcardinality": "", "costs": "", "bgcolor": "#ffffcc", "inputdataitem": "", "bordercolor": "#000000", "transactionmethod": "compensate", "loopdatainput": "", "time": "", "loopdataoutput": "", "isatransaction": "false", "testbefore": "false", "name": "AI", "costcenter": "", "activitytype": "Sub-Process", "completioncondition": "", "adhoccompletioncondition": "", "isforcompensation": "false", "adhocordering": "Sequential", "callacitivity": "false", "outputmaps": "", "monitoring": "", "dataoutputset": "", "completionquantity": "1", "isadhoc": "false", "outputdataitem": "", "properties": "", "assignments": "", "nonebehavioreventref": "signal", "loopcondition": "", "onebehavioreventref:": "signal", "inputmaps": "", "entry": "", "documentation": "", "diagramref": "", "categories": "", "auditing": "", "complexbehaviordefinition": "", "datainputset": "", "processid": ""}, "stencil": {"id": "CollapsedSubprocess"}, "outgoing": [{"resourceId": "sid-A1B237BA-77E7-4C69-9F41-9596BECA995A"}, {"resourceId": "sid-032DED74-F432-492C-86C9-2260C7E99AFD"}], "glossaryLinks": {}, "formats": {}}, {"dockers": [], "bounds": {"lowerRight": {"y": 114, "x": 488}, "upperLeft": {"y": 86, "x": 460}}, "resourceId": "sid-044F4E71-A0C6-4CAD-9691-40740C7BE0D4", "layers": [], "labels": [], "childShapes": [], "properties": {"inputset": "", "trigger": "None", "bordercolor": "#000000", "monitoring": "", "datainputassociations": "", "name": "AJ", "documentation": "", "auditing": "", "datainput": "", "bgcolor": "#ffffff"}, "stencil": {"id": "EndNoneEvent"}, "outgoing": [], "glossaryLinks": {}, "formats": {}}, {"dockers": [], "bounds": {"lowerRight": {"y": 115, "x": 90}, "upperLeft": {"y": 85, "x": 60}}, "resourceId": "sid-2F20C7F9-922B-4777-BD68-620A485F3C45", "layers": [], "labels": [], "childShapes": [], "properties": {"trigger": "Escalation", "monitoring": "", "outputset": "", "applyincalc": "true", "frequency": "", "escalationname": "", "isinterrupting": "true", "bgcolor": "#ffffff", "escalationcode": "", "bordercolor": "#000000", "dataoutputassociations": "", "name": "AK", "dataoutput": "", "documentation": "", "auditing": "", "processid": ""}, "stencil": {"id": "StartEscalationEvent"}, "outgoing": [{"resourceId": "sid-6520F03E-6314-4CBE-BD27-BA996DB92E1E"}], "glossaryLinks": {}, "formats": {}}], "properties": {"showcaption": "true", "bordercolor": "#000000", "monitoring": "", "parentlane": "", "name": "", "documentation": "", "auditing": "", "bgcolor": "", "parentpool": ""}, "stencil": {"id": "Lane"}, "outgoing": [], "glossaryLinks": {}, "formats": {}}], "properties": {"isclosed": "false", "enableinstancecompensation": "false", "boundaryvisible": "true", "monitoring": "", "processcategories": "", "minimum": "2", "status": "None", "isexecutable": "false", "processdocumentation": "", "processtype": "None", "bordercolor": "#000000", "processname": "", "multiinstance": "false", "maximum": "2", "name": "T", "documentation": "", "suppressjoinfailure": "false", "adhoccompletioncondition": "", "auditing": "", "adhocordering": "Parallel", "adhoc": "false", "processid": ""}, "stencil": {"id": "Pool"}, "outgoing": [], "glossaryLinks": {}, "formats": {}}, {"dockers": [{"y": 15, "x": 15}, {"y": 40, "x": 62.5}], "bounds": {"lowerRight": {"y": 190, "x": 284.78200532961636782}, "upperLeft": {"y": 190, "x": 145.74684907961636782}}, "resourceId": "sid-6520F03E-6314-4CBE-BD27-BA996DB92E1E", "layers": [], "labels": [], "target": {"resourceId": "sid-10CE0C5C-951A-47BE-B276-554BAC15FF29"}, "childShapes": [], "properties": {"ConditionType": "None", "showdiamondmarker": "false", "bordercolor": "#000000", "monitoring": "", "name": "", "documentation": "", "probability": "", "conditionexpression": "", "isimmediate": "false", "auditing": ""}, "stencil": {"id": "SequenceFlow"}, "outgoing": [{"resourceId": "sid-10CE0C5C-951A-47BE-B276-554BAC15FF29"}], "glossaryLinks": {}, "formats": {}}, {"dockers": [{"y": 40, "x": 62.5}, {"y": 29.924500000000001876, "x": 30.575499999999998124}], "bounds": {"lowerRight": {"y": 260.69065966193522854, "x": 284.96678928976996303}, "upperLeft": {"y": 228.45892867734696097, "x": 232.30448970461637259}}, "resourceId": "sid-A1B237BA-77E7-4C69-9F41-9596BECA995A", "layers": [], "labels": [], "target": {"resourceId": "sid-E4F5CA52-40F2-4764-981C-C3520725D73F"}, "childShapes": [], "properties": {"bordercolor": "#000000", "type": "none", "assignments": "", "transformation": ""}, "stencil": {"id": "Association_Undirected"}, "outgoing": [{"resourceId": "sid-E4F5CA52-40F2-4764-981C-C3520725D73F"}], "glossaryLinks": {}, "formats": {}}, {"dockers": [{"y": 40, "x": 62.5}, {"y": 14, "x": 14}], "bounds": {"lowerRight": {"y": 190, "x": 514.83278657961636782}, "upperLeft": {"y": 190, "x": 410.30348970461636782}}, "resourceId": "sid-032DED74-F432-492C-86C9-2260C7E99AFD", "layers": [], "labels": [], "target": {"resourceId": "sid-044F4E71-A0C6-4CAD-9691-40740C7BE0D4"}, "childShapes": [], "properties": {"ConditionType": "None", "showdiamondmarker": "false", "bordercolor": "#000000", "monitoring": "", "name": "", "documentation": "", "probability": "", "conditionexpression": "", "isimmediate": "false", "auditing": ""}, "stencil": {"id": "SequenceFlow"}, "outgoing": [{"resourceId": "sid-044F4E71-A0C6-4CAD-9691-40740C7BE0D4"}], "glossaryLinks": {}, "formats": {}}, {"dockers": [{"y": 21.407259389365066227, "x": 123.89999818253519948}, {"y": 15, "x": 15}], "bounds": {"lowerRight": {"y": 1244.9538222478599891, "x": 123.89999818253519948}, "upperLeft": {"y": 806.27522201725378181, "x": 123.89999818253519948}}, "resourceId": "sid-16A9A998-2CA9-43D4-BA79-6DBD5C111B2E", "layers": [], "labels": [{"to": 1, "orientation": "ul", "ref": "text_name", "distance": -7.1000018119812011719, "align": "left", "from": 0, "valign": "top", "y": 1172.3554803706247185, "x": 123.89999818253519948}], "target": {"resourceId": "sid-053FA19A-531F-4555-8949-A62B9E8DA130"}, "childShapes": [], "properties": {"bordercolor": "#000000", "monitoring": "", "name": "U", "documentation": "", "auditing": ""}, "stencil": {"id": "MessageFlow"}, "outgoing": [{"resourceId": "sid-053FA19A-531F-4555-8949-A62B9E8DA130"}], "glossaryLinks": {}, "formats": {}}, {"dockers": [{"y": 3.074485632797177459, "x": 2026.8666662627856567}, {"y": 79.000000000000113687, "x": 90.866666262785656727}], "bounds": {"lowerRight": {"y": 1244.3148694811943642, "x": 2026.8666662627856567}, "upperLeft": {"y": 778.0999957592488272, "x": 2026.8666662627856567}}, "resourceId": "sid-6E526223-27B3-43CA-B443-7F39A8697826", "layers": [], "labels": [{"to": 1, "orientation": "ul", "ref": "text_name", "distance": -19.774999618530273438, "align": "left", "from": 0, "valign": "top", "y": 1189.7095119709738356, "x": 2026.8666662627856567}], "target": {"resourceId": "sid-BCEFF2EF-0354-4B6A-AAC9-958D19E24300"}, "childShapes": [], "properties": {"bordercolor": "#000000", "monitoring": "", "name": "V", "documentation": "", "auditing": ""}, "stencil": {"id": "MessageFlow"}, "outgoing": [{"resourceId": "sid-BCEFF2EF-0354-4B6A-AAC9-958D19E24300"}], "glossaryLinks": {}, "formats": {}}, {"dockers": [{"y": 40.000000000000056843, "x": 68.149999697089242545}, {"y": 20.5, "x": 20.5}], "bounds": {"lowerRight": {"y": 1004.6484426082869277, "x": 860.43664736446669394}, "upperLeft": {"y": 955.32030739171307232, "x": 860.27897738941817352}}, "resourceId": "sid-F6D304B1-033F-4A7E-AD20-3B1D02FA8A8A", "layers": [], "labels": [], "target": {"resourceId": "sid-F0FF0A96-9C5E-4E13-8637-78908E2690ED"}, "childShapes": [], "properties": {"ConditionType": "None", "showdiamondmarker": "false", "bordercolor": "#000000", "monitoring": "", "name": "", "documentation": "", "probability": "", "conditionexpression": "", "isimmediate": "false", "auditing": ""}, "stencil": {"id": "SequenceFlow"}, "outgoing": [{"resourceId": "sid-F0FF0A96-9C5E-4E13-8637-78908E2690ED"}], "glossaryLinks": {}, "formats": {}}, {"dockers": [{"y": 20.5, "x": 20.5}, {"y": 1045, "x": 1025.5}, {"y": 40.000000000000063949, "x": 68.149999697089242545}], "bounds": {"lowerRight": {"y": 1045, "x": 1025.5}, "upperLeft": {"y": 758.09999575924894089, "x": 928.29999939417848509}}, "resourceId": "sid-BA15F52D-AA2F-4302-816F-74ED358D5BEF", "layers": [], "labels": [{"to": 2, "orientation": "ul", "ref": "text_name", "distance": 8, "align": "left", "from": 1, "valign": "top", "y": 1045, "x": 1008.9845822365963386}], "target": {"resourceId": "sid-E0A13FA4-4E6C-461E-9AD0-E2218E6FBBAB"}, "childShapes": [], "properties": {"ConditionType": "None", "showdiamondmarker": "false", "bordercolor": "#000000", "monitoring": "", "name": "W", "documentation": "", "probability": "", "conditionexpression": "", "isimmediate": "false", "auditing": ""}, "stencil": {"id": "SequenceFlow"}, "outgoing": [{"resourceId": "sid-E0A13FA4-4E6C-461E-9AD0-E2218E6FBBAB"}], "glossaryLinks": {}, "formats": {}}, {"dockers": [{"y": 20.5, "x": 20.5}, {"y": 14, "x": 14}], "bounds": {"lowerRight": {"y": 914.25001575055057401, "x": 860.37702556014789934}, "upperLeft": {"y": 863.5999796773894559, "x": 860.08391193985210066}}, "resourceId": "sid-003BEF97-DE2F-4ED7-BB39-78757C2AD772", "layers": [], "labels": [{"to": 1, "orientation": "ur", "ref": "text_name", "distance": 19.126415252685546875, "align": "right", "from": 0, "valign": "top", "y": 870.88931658181911644, "x": 860.12609560042301382}], "target": {"resourceId": "sid-985B72BE-330F-4D63-A85D-1C5132A114D3"}, "childShapes": [], "properties": {"ConditionType": "None", "showdiamondmarker": "false", "bordercolor": "#000000", "monitoring": "", "name": "X", "documentation": "", "probability": "", "conditionexpression": "", "isimmediate": "false", "auditing": ""}, "stencil": {"id": "SequenceFlow"}, "outgoing": [{"resourceId": "sid-985B72BE-330F-4D63-A85D-1C5132A114D3"}], "glossaryLinks": {}, "formats": {}}, {"dockers": [{"y": 52.64999962300066727, "x": 159.14999896734946105}, {"y": 20.5, "x": 20.5}], "bounds": {"lowerRight": {"y": 738.52335251219972179, "x": 674.18867825310690023}, "upperLeft": {"y": 738.32235653533041386, "x": 618.29999793469892211}}, "resourceId": "sid-FDB9019A-B5EF-4F01-9767-F53AC22CEF6F", "layers": [], "labels": [], "target": {"resourceId": "sid-4524BA42-4EF6-4692-8EF8-3E7875A52E99"}, "childShapes": [], "properties": {"ConditionType": "None", "showdiamondmarker": "false", "bordercolor": "#000000", "monitoring": "", "name": "", "documentation": "", "probability": "", "conditionexpression": "", "isimmediate": "false", "auditing": ""}, "stencil": {"id": "SequenceFlow"}, "outgoing": [{"resourceId": "sid-4524BA42-4EF6-4692-8EF8-3E7875A52E99"}], "glossaryLinks": {}, "formats": {}}, {"dockers": [{"y": 20.5, "x": 20.5}, {"y": 40.000000000000056843, "x": 50}], "bounds": {"lowerRight": {"y": 738.53836250961148835, "x": 809.52148899428971163}, "upperLeft": {"y": 738.25342588388639342, "x": 715.77733913071028837}}, "resourceId": "sid-1AB089A7-EBD4-4DB7-91B1-F4BA13C297CD", "layers": [], "labels": [], "target": {"resourceId": "sid-B6ABE673-2C80-4E47-A8EC-9417FA6B6D06"}, "childShapes": [], "properties": {"ConditionType": "None", "showdiamondmarker": "false", "bordercolor": "#000000", "monitoring": "", "name": "", "documentation": "", "probability": "", "conditionexpression": "", "isimmediate": "false", "auditing": ""}, "stencil": {"id": "SequenceFlow"}, "outgoing": [{"resourceId": "sid-B6ABE673-2C80-4E47-A8EC-9417FA6B6D06"}], "glossaryLinks": {}, "formats": {}}, {"dockers": [{"y": 20.5, "x": 20.5}, {"y": 849.0999957592488272, "x": 695.5}, {"y": 14, "x": 14}], "bounds": {"lowerRight": {"y": 849.0999957592488272, "x": 845.505859375}, "upperLeft": {"y": 758.09999575924894089, "x": 695.5}}, "resourceId": "sid-2F0656EF-0810-4E4C-BF53-75F94EFFA384", "layers": [], "labels": [], "target": {"resourceId": "sid-985B72BE-330F-4D63-A85D-1C5132A114D3"}, "childShapes": [], "properties": {"ConditionType": "None", "showdiamondmarker": "false", "bordercolor": "#000000", "monitoring": "", "name": "", "documentation": "", "probability": "", "conditionexpression": "", "isimmediate": "false", "auditing": ""}, "stencil": {"id": "SequenceFlow"}, "outgoing": [{"resourceId": "sid-985B72BE-330F-4D63-A85D-1C5132A114D3"}], "glossaryLinks": {}, "formats": {}}, {"dockers": [{"y": 15, "x": 15}, {"y": 14, "x": 14}], "bounds": {"lowerRight": {"y": 885.61817007338504482, "x": 325.30348970461636782}, "upperLeft": {"y": 806.00453943523507405, "x": 325.30348970461636782}}, "resourceId": "sid-41A340FD-62CA-41AB-9625-DC2C7A950213", "layers": [], "labels": [], "target": {"resourceId": "sid-1EF026D9-B318-4B51-AC92-37FAE7CAEA8C"}, "childShapes": [], "properties": {"ConditionType": "None", "showdiamondmarker": "false", "bordercolor": "#000000", "monitoring": "", "name": "", "documentation": "", "probability": "", "conditionexpression": "", "isimmediate": "false", "auditing": ""}, "stencil": {"id": "SequenceFlow"}, "outgoing": [{"resourceId": "sid-1EF026D9-B318-4B51-AC92-37FAE7CAEA8C"}], "glossaryLinks": {}, "formats": {}}, {"dockers": [{"y": 104.29999924600133454, "x": 238.72499845102424842}, {"y": 2.8140675189695230074, "x": 538.72499845102424842}], "bounds": {"lowerRight": {"y": 1244.1280475628343538, "x": 538.72499845102424842}, "upperLeft": {"y": 790.39999500525027543, "x": 538.72499845102424842}}, "resourceId": "sid-3D4EA7B0-B964-4FC1-858B-CC3CC8594208", "layers": [], "labels": [{"to": 1, "orientation": "ul", "ref": "text_name", "distance": 7.6166710853576660156, "align": "left", "from": 0, "valign": "top", "y": 1173.79296786488203, "x": 538.72499845102424842}], "target": {"resourceId": "sid-672F96E3-5CCE-4E8F-9C3E-18E4A9348E43"}, "childShapes": [], "properties": {"bordercolor": "#000000", "monitoring": "", "name": "Y", "documentation": "", "auditing": ""}, "stencil": {"id": "MessageFlow"}, "outgoing": [{"resourceId": "sid-672F96E3-5CCE-4E8F-9C3E-18E4A9348E43"}], "glossaryLinks": {}, "formats": {}}, {"dockers": [{"y": 15, "x": 15}, {"y": 20.5, "x": 20.5}], "bounds": {"lowerRight": {"y": 738.4278166437437676, "x": 164.28753234391052729}, "upperLeft": {"y": 738.22529987475411417, "x": 139.33746566823737112}}, "resourceId": "sid-0DD818D5-5EEF-42C0-A6AB-799AF597EB1A", "layers": [], "labels": [], "target": {"resourceId": "sid-D31DAC6F-E986-4D24-9507-322664355E2A"}, "childShapes": [], "properties": {"ConditionType": "None", "showdiamondmarker": "false", "bordercolor": "#000000", "monitoring": "", "name": "", "documentation": "", "probability": "", "conditionexpression": "", "isimmediate": "false", "auditing": ""}, "stencil": {"id": "SequenceFlow"}, "outgoing": [{"resourceId": "sid-D31DAC6F-E986-4D24-9507-322664355E2A"}], "glossaryLinks": {}, "formats": {}}, {"dockers": [{"y": 20.5, "x": 20.5}, {"y": 52.64999962300066727, "x": 159.14999896734946105}], "bounds": {"lowerRight": {"y": 738.53712396383571104, "x": 299.9460981384271463}, "upperLeft": {"y": 738.24450799410794843, "x": 205.74101072831513193}}, "resourceId": "sid-505A658C-6815-4B20-9CB7-A243E13EA1F6", "layers": [], "labels": [], "target": {"resourceId": "sid-7C92D477-9051-40A8-B08D-987BB50DB89A"}, "childShapes": [], "properties": {"ConditionType": "None", "showdiamondmarker": "false", "bordercolor": "#000000", "monitoring": "", "name": "", "documentation": "", "probability": "", "conditionexpression": "", "isimmediate": "false", "auditing": ""}, "stencil": {"id": "SequenceFlow"}, "outgoing": [{"resourceId": "sid-7C92D477-9051-40A8-B08D-987BB50DB89A"}], "glossaryLinks": {}, "formats": {}}, {"dockers": [{"y": 15, "x": 15}, {"y": 900.36362365454704104, "x": 386.44766245596110821}, {"y": 14, "x": 14}], "bounds": {"lowerRight": {"y": 900.36362365454704104, "x": 386.44766245596110821}, "upperLeft": {"y": 806.00453943523507405, "x": 339.67877749397302978}}, "resourceId": "sid-103486C5-14BF-468A-88EA-32FBAB9157D0", "layers": [], "labels": [], "target": {"resourceId": "sid-1EF026D9-B318-4B51-AC92-37FAE7CAEA8C"}, "childShapes": [], "properties": {"ConditionType": "None", "showdiamondmarker": "false", "bordercolor": "#000000", "monitoring": "", "name": "", "documentation": "", "probability": "", "conditionexpression": "", "isimmediate": "false", "auditing": ""}, "stencil": {"id": "SequenceFlow"}, "outgoing": [{"resourceId": "sid-1EF026D9-B318-4B51-AC92-37FAE7CAEA8C"}], "glossaryLinks": {}, "formats": {}}, {"dockers": [{"y": 15, "x": 15}, {"y": 790.39999500525016174, "x": 175}, {"y": 20.5, "x": 10}], "bounds": {"lowerRight": {"y": 790.39999500525016174, "x": 175}, "upperLeft": {"y": 748.50312062965542736, "x": 139.27187369369718795}}, "resourceId": "sid-9F8DF165-96FC-4A0D-8509-A6A433C72B1A", "layers": [], "labels": [], "target": {"resourceId": "sid-D31DAC6F-E986-4D24-9507-322664355E2A"}, "childShapes": [], "properties": {"ConditionType": "None", "showdiamondmarker": "false", "bordercolor": "#000000", "monitoring": "", "name": "", "documentation": "", "probability": "", "conditionexpression": "", "isimmediate": "false", "auditing": ""}, "stencil": {"id": "SequenceFlow"}, "outgoing": [{"resourceId": "sid-D31DAC6F-E986-4D24-9507-322664355E2A"}], "glossaryLinks": {}, "formats": {}}, {"dockers": [{"y": 15, "x": 15}, {"y": 696.14999363887318395, "x": 175}, {"y": 20.5, "x": 10}], "bounds": {"lowerRight": {"y": 728.31405779541671563, "x": 175}, "upperLeft": {"y": 696.14999363887318395, "x": 139.27187369369718795}}, "resourceId": "sid-D95AE760-5EBD-4AE2-9FB0-8B36A39237C3", "layers": [], "labels": [], "target": {"resourceId": "sid-D31DAC6F-E986-4D24-9507-322664355E2A"}, "childShapes": [], "properties": {"ConditionType": "None", "showdiamondmarker": "false", "bordercolor": "#000000", "monitoring": "", "name": "", "documentation": "", "probability": "", "conditionexpression": "", "isimmediate": "false", "auditing": ""}, "stencil": {"id": "SequenceFlow"}, "outgoing": [{"resourceId": "sid-D31DAC6F-E986-4D24-9507-322664355E2A"}], "glossaryLinks": {}, "formats": {}}, {"dockers": [{"y": 20.5, "x": 20.5}, {"y": 935.5, "x": 185.5}, {"y": 20.5, "x": 20.5}], "bounds": {"lowerRight": {"y": 935.5, "x": 839.724609375}, "upperLeft": {"y": 758.09999575924894089, "x": 185.5}}, "resourceId": "sid-6D01FB0A-67B0-428C-9455-713892E940B8", "layers": [], "labels": [{"to": 1, "orientation": "ul", "ref": "text_name", "distance": 7.5, "align": "left", "from": 0, "valign": "top", "y": 935.5, "x": 557}], "target": {"resourceId": "sid-D31DAC6F-E986-4D24-9507-322664355E2A"}, "childShapes": [], "properties": {"ConditionType": "None", "showdiamondmarker": "false", "bordercolor": "#000000", "monitoring": "", "name": "Z", "documentation": "", "probability": "", "conditionexpression": "", "isimmediate": "false", "auditing": ""}, "stencil": {"id": "SequenceFlow"}, "outgoing": [{"resourceId": "sid-D31DAC6F-E986-4D24-9507-322664355E2A"}], "glossaryLinks": {}, "formats": {}}, {"dockers": [{"y": 25.000000000000017764, "x": 54.882169050874026084}, {"y": 60, "x": 339.88216905087404029}], "bounds": {"lowerRight": {"y": 684.71562115681945215, "x": 354.88216905087404029}, "upperLeft": {"y": 450, "x": 354.88216905087404029}}, "resourceId": "sid-A0B538E8-29E1-4916-A9C9-BBEA1464DFFF", "layers": [], "labels": [{"to": 1, "orientation": "ul", "ref": "text_name", "distance": -8.1178312301635742188, "align": "left", "from": 0, "valign": "top", "y": 497.02405777085448335, "x": 354.88216905087404029}], "target": {"resourceId": "sid-3D090292-8EE3-47EF-9214-9F6D15EAA949"}, "childShapes": [], "properties": {"bordercolor": "#000000", "monitoring": "", "name": "AA", "documentation": "", "auditing": ""}, "stencil": {"id": "MessageFlow"}, "outgoing": [{"resourceId": "sid-46D41CCF-EE21-4B01-A889-2B7E86612F04"}, {"resourceId": "sid-3D090292-8EE3-47EF-9214-9F6D15EAA949"}], "glossaryLinks": {}, "formats": {}}, {"dockers": [{"y": 58, "x": 1713.0999997980595708}, {"y": 1, "x": 63.099999798059570821}], "bounds": {"lowerRight": {"y": 698.09999575924894089, "x": 1728.0999997980595708}, "upperLeft": {"y": 450, "x": 1728.0999997980595708}}, "resourceId": "sid-B1B5BCD5-B3A4-48D0-918D-11BC96799A58", "layers": [], "labels": [{"to": 1, "ref": "text_name", "distance": -7.3249998092651367188, "align": "center", "from": 0, "valign": "middle", "y": 488.50762114149125637, "x": 1728.0999997980595708}], "target": {"resourceId": "sid-24CD116C-928B-46D7-8480-62963CB9E397"}, "childShapes": [], "properties": {"bordercolor": "#000000", "monitoring": "", "name": "AB", "documentation": "", "auditing": ""}, "stencil": {"id": "MessageFlow"}, "outgoing": [{"resourceId": "sid-24CD116C-928B-46D7-8480-62963CB9E397"}], "glossaryLinks": {}, "formats": {}}, {"dockers": [{"y": 1, "x": 126.19999959611891427}, {"y": 55, "x": 1776.1999995961189143}], "bounds": {"lowerRight": {"y": 698.09999575924894089, "x": 1791.1999995961189143}, "upperLeft": {"y": 450, "x": 1791.1999995961189143}}, "resourceId": "sid-D577B1D1-843D-47C1-B924-61DB29A24A53", "layers": [], "labels": [{"to": 1, "orientation": "ul", "ref": "text_name", "distance": -8.0250005722045898438, "align": "left", "from": 0, "valign": "top", "y": 529.98426005192163757, "x": 1791.1999995961189143}], "target": {"resourceId": "sid-3D090292-8EE3-47EF-9214-9F6D15EAA949"}, "childShapes": [], "properties": {"bordercolor": "#000000", "monitoring": "", "name": "AC", "documentation": "", "auditing": ""}, "stencil": {"id": "MessageFlow"}, "outgoing": [{"resourceId": "sid-3D090292-8EE3-47EF-9214-9F6D15EAA949"}], "glossaryLinks": {}, "formats": {}}, {"dockers": [{"y": 52, "x": 108.8999981825352279}, {"y": 15, "x": 15.000000000000014211}], "bounds": {"lowerRight": {"y": 680.25839244909548142, "x": 123.8999981825352279}, "upperLeft": {"y": 450, "x": 123.8999981825352279}}, "resourceId": "sid-15E34740-C890-493D-9531-F8EE4DB5FB6C", "layers": [], "labels": [{"to": 1, "orientation": "ul", "ref": "text_name", "distance": 8.100002288818359375, "align": "left", "from": 0, "valign": "top", "y": 498.78537577223426069, "x": 123.8999981825352279}], "target": {"resourceId": "sid-EDA9546D-2A3B-4581-A25E-8244C2D62202"}, "childShapes": [], "properties": {"bordercolor": "#000000", "monitoring": "", "name": "AD", "documentation": "", "auditing": ""}, "stencil": {"id": "MessageFlow"}, "outgoing": [{"resourceId": "sid-EDA9546D-2A3B-4581-A25E-8244C2D62202"}, {"resourceId": "sid-2175D67E-000C-4029-A371-350724B159E2"}], "glossaryLinks": {}, "formats": {}}, {"dockers": [], "bounds": {"lowerRight": {"y": 530, "x": 1218}, "upperLeft": {"y": 480, "x": 1072}}, "resourceId": "sid-5B5C95DC-8971-4FF5-8956-A39C3335B88C", "layers": [], "labels": [], "childShapes": [], "properties": {"bordercolor": "#000000", "text": "", "textformat": "text/plain", "monitoring": "", "pool": "", "name": "", "documentation": "", "categories": "", "auditing": "", "lanes": ""}, "stencil": {"id": "TextAnnotation"}, "outgoing": [], "glossaryLinks": {}, "formats": {}}, {"dockers": [{"y": 0, "x": 0}, {"y": 24, "x": 1.4599999999999999645}], "bounds": {"lowerRight": {"y": 573.79618953021463312, "x": 1071.6756912666999142}, "upperLeft": {"y": 504.58342523437568161, "x": 860}}, "resourceId": "sid-1FC7F835-C3FD-492F-9749-08C1848DB16A", "layers": [], "labels": [], "target": {"resourceId": "sid-5B5C95DC-8971-4FF5-8956-A39C3335B88C"}, "childShapes": [], "properties": {"bordercolor": "#000000", "type": "none", "assignments": "", "transformation": ""}, "stencil": {"id": "Association_Undirected"}, "outgoing": [{"resourceId": "sid-5B5C95DC-8971-4FF5-8956-A39C3335B88C"}], "glossaryLinks": {}, "formats": {}}, {"dockers": [{"y": 59, "x": 845}, {"y": 33, "x": 50}], "bounds": {"lowerRight": {"y": 697.59237906042937993, "x": 860}, "upperLeft": {"y": 450, "x": 860}}, "resourceId": "sid-CD376873-D2AE-4792-ACD7-4B1FB419E72A", "layers": [], "labels": [{"to": 1, "orientation": "ul", "ref": "text_name", "distance": 9, "align": "left", "from": 0, "valign": "top", "y": 503.88050564795514674, "x": 860}], "target": {"resourceId": "sid-B6ABE673-2C80-4E47-A8EC-9417FA6B6D06"}, "childShapes": [], "properties": {"bordercolor": "#000000", "monitoring": "", "name": "AE", "documentation": "", "auditing": ""}, "stencil": {"id": "MessageFlow"}, "outgoing": [{"resourceId": "sid-B6ABE673-2C80-4E47-A8EC-9417FA6B6D06"}, {"resourceId": "sid-827F6F8F-3EA4-4DE6-A77A-5DD27CBBA1F8"}, {"resourceId": "sid-1FC7F835-C3FD-492F-9749-08C1848DB16A"}], "glossaryLinks": {}, "formats": {}}, {"dockers": [{"y": 40, "x": 68.149999697089242545}, {"y": 0, "x": 860.14999969708924255}], "bounds": {"lowerRight": {"y": 1245, "x": 860.14999969708924255}, "upperLeft": {"y": 1085, "x": 860.14999969708924255}}, "resourceId": "sid-BF3A62D9-474B-426B-BE9B-5FD49C893E62", "layers": [], "labels": [{"to": 1, "orientation": "ul", "ref": "text_name", "distance": 7.8500003814697265625, "align": "left", "from": 0, "valign": "top", "y": 1195.347816227017347, "x": 860.14999969708924255}], "target": {"resourceId": "sid-672F96E3-5CCE-4E8F-9C3E-18E4A9348E43"}, "childShapes": [], "properties": {"bordercolor": "#000000", "monitoring": "", "name": "AF", "documentation": "", "auditing": ""}, "stencil": {"id": "MessageFlow"}, "outgoing": [{"resourceId": "sid-672F96E3-5CCE-4E8F-9C3E-18E4A9348E43"}], "glossaryLinks": {}, "formats": {}}, {"dockers": [{"y": 79.000000000000113687, "x": 45.433333131392828363}, {"y": 3.0745235278575364646, "x": 1981.4333331313928284}], "bounds": {"lowerRight": {"y": 1244.3149071542134152, "x": 1981.4333331313928284}, "upperLeft": {"y": 778.0999957592488272, "x": 1981.4333331313928284}}, "resourceId": "sid-BF2B94BA-A7BB-4F3A-BA4B-49661D1C352E", "layers": [], "labels": [{"to": 1, "orientation": "ur", "ref": "text_name", "distance": -7.4333329200744628906, "align": "right", "from": 0, "valign": "top", "y": 1193.8707199394000327, "x": 1981.4333331313928284}], "target": {"resourceId": "sid-672F96E3-5CCE-4E8F-9C3E-18E4A9348E43"}, "childShapes": [], "properties": {"bordercolor": "#000000", "monitoring": "", "name": "AG", "documentation": "", "auditing": ""}, "stencil": {"id": "MessageFlow"}, "outgoing": [{"resourceId": "sid-672F96E3-5CCE-4E8F-9C3E-18E4A9348E43"}], "glossaryLinks": {}, "formats": {}}], "properties": {"orientation": "horizontal", "monitoring": "", "modificationdate": "", "creationdate": "", "namespaces": "", "version": "", "targetnamespace": "http://www.signavio.com/bpmn20", "author": "", "name": "", "documentation": "", "language": "English", "typelanguage": "http://www.w3.org/2001/XMLSchema", "expressionlanguage": "http://www.w3.org/1999/XPath", "auditing": ""}, "ssextensions": [], "stencilset": {"url": "/stencilsets/bpmn2.0/bpmn2.0.json?version=6.0.0", "namespace": "http://b3mn.org/stencilset/bpmn2.0#"}, "stencil": {"id": "BPMNDiagram"}, "formats": {}}