{"revision": {"creationDate": null, "isLastRevision": true, "revisionNumber": 2, "elementCounts": {"total": 79, "IntermediateTimerEvent": 3, "Lane": 4, "IntermediateMessageEventCatching": 5, "EventbasedGateway": 2, "Pool": 2, "MessageFlow": 11, "StartMessageEvent": 1, "Subprocess": 1, "TextAnnotation": 3, "Association_Undirected": 2, "SequenceFlow": 30, "Task": 6, "EndNoneEvent": 2, "Exclusive_Databased_Gateway": 2, "BPMNDiagram": 1, "IntermediateMessageEventThrowing": 4}, "connectedness": 97}, "model": {"modelId": "1011361322", "modelDate": "2012-08-30", "groupName": "BPMN2.0_Process", "naturalLanguage": "en", "modelName": "1011361322", "TimestampModelCollection": "2012-08-30 14:08:38", "modelingLanguage": "bpmn20", "directoryId": "451791951", "numberOfRevisions": 2}}