{"bounds": {"lowerRight": {"y": 1566.9448698791229617, "x": 2136.5299900443314982}, "upperLeft": {"y": 0, "x": 0}}, "resourceId": "canvas", "childShapes": [{"dockers": [], "bounds": {"lowerRight": {"y": 1466.9448698791229617, "x": 2036.5299900443314982}, "upperLeft": {"y": 486.69194022223337015, "x": 225}}, "resourceId": "sid-D721455F-4D5D-46BB-81AF-320880B856E5", "layers": [], "labels": [], "childShapes": [{"dockers": [], "bounds": {"lowerRight": {"y": 208.18296010706546895, "x": 1811.5299900443314982}, "upperLeft": {"y": 0, "x": 30}}, "resourceId": "sid-8E60597E-D07E-4BAC-BCE7-176B1E9BC91C", "layers": [], "labels": [], "childShapes": [{"dockers": [], "bounds": {"lowerRight": {"y": 119.28677363712282045, "x": 118}, "upperLeft": {"y": 89.286773637122820446, "x": 88}}, "resourceId": "sid-873E0716-6EBD-462A-9191-EBE1118FFA92", "layers": [], "labels": [], "childShapes": [], "properties": {"trigger": "Message", "monitoring": "", "operationname": "", "outputset": "", "applyincalc": "true", "frequency": "", "isinterrupting": "true", "bgcolor": "#ffffff", "bordercolor": "#000000", "dataoutputassociations": "", "name": "Z", "messagename": "", "dataoutput": "", "documentation": "", "auditing": "", "processid": ""}, "stencil": {"id": "StartMessageEvent"}, "outgoing": [{"resourceId": "sid-09406AC2-68ED-4D19-80B3-BFA68909A812"}], "glossaryLinks": {}, "formats": {}}, {"dockers": [], "bounds": {"lowerRight": {"y": 144.28677363712287729, "x": 280.5999927301407979}, "upperLeft": {"y": 64.28677363712287729, "x": 180.5999927301407979}}, "resourceId": "sid-225E8DCD-C02E-46CE-BDB7-AE8A0B0CAB02", "layers": [], "labels": [], "childShapes": [], "properties": {"resources": "", "outmsgstructure": "", "applyincalc": "true", "loopcardinality": "", "outmessagename": "", "inmessagename": "", "bgcolor": "#ffffcc", "bordercolor": "#000000", "time": "", "loopdataoutput": "", "testbefore": "false", "callacitivity": "false", "outmsgiscollection": "false", "monitoring": "", "operationname": "", "dataoutputset": "", "completionquantity": "1", "properties": "", "script": "", "assignments": "", "nonebehavioreventref": "signal", "scriptformat": "", "datainputset": "", "processid": "", "startquantity": "1", "tasktype": "None", "looptype": "None", "instantiate": "false", "behavior": "all", "inmsgimport": "", "costs": "", "inputdataitem": "", "loopdatainput": "", "name": "AA", "outmsgitemkind": "Information", "costcenter": "", "completioncondition": "", "isforcompensation": "false", "inmsgiscollection": "false", "inmsgitemkind": "Information", "inmsgstructure": "", "outputdataitem": "", "messageref": "", "loopcondition": "", "onebehavioreventref:": "signal", "implementation": "webService", "operationref": "", "outmsgimport": "", "documentation": "", "categories": "", "auditing": "", "complexbehaviordefinition": ""}, "stencil": {"id": "Task"}, "outgoing": [{"resourceId": "sid-384F7FF4-0DB9-40E8-B927-1E7E9138200D"}], "glossaryLinks": {}, "formats": {}}, {"dockers": [{"y": 103.90559820891077436, "x": 340.7999903068543972}], "bounds": {"lowerRight": {"y": 118.90559820891077436, "x": 355.7999903068543972}, "upperLeft": {"y": 88.90559820891077436, "x": 325.7999903068543972}}, "resourceId": "sid-9220DB0F-0C1F-41DB-8235-32030F58522F", "layers": [], "labels": [], "childShapes": [], "properties": {"trigger": "Message", "monitoring": "", "operationname": "", "applyincalc": "true", "costs": "", "bgcolor": "#ffffff", "inputset": "", "bordercolor": "#000000", "time": "", "datainputassociations": "", "name": "AB", "documentation": "", "costcenter": "", "messagename": "", "datainput": "", "auditing": ""}, "stencil": {"id": "IntermediateMessageEventThrowing"}, "outgoing": [{"resourceId": "sid-67118558-178B-4CFF-AFA2-57DA9E6533D5"}, {"resourceId": "sid-24488107-7F13-4EB5-913A-AB9B4BE8377E"}], "glossaryLinks": {}, "formats": {}}, {"dockers": [], "bounds": {"lowerRight": {"y": 144.28677363712290571, "x": 1006.5999806137087944}, "upperLeft": {"y": 94.108050084621027054, "x": 906.59998061370879441}}, "resourceId": "sid-156025B4-5613-4DDF-979B-DA03A056F0E9", "layers": [], "labels": [], "childShapes": [], "properties": {"bordercolor": "#000000", "text": "", "textformat": "text/plain", "monitoring": "", "pool": "", "name": "", "documentation": "", "categories": "", "auditing": "", "lanes": ""}, "stencil": {"id": "TextAnnotation"}, "outgoing": [], "glossaryLinks": {}, "formats": {}}], "properties": {"showcaption": "true", "bordercolor": "#000000", "monitoring": "", "parentlane": "", "name": "A", "documentation": "", "auditing": "", "bgcolor": "", "parentpool": ""}, "stencil": {"id": "Lane"}, "outgoing": [], "glossaryLinks": {}, "formats": {}}, {"dockers": [], "bounds": {"lowerRight": {"y": 503.03071139395279943, "x": 1811.5299900443314982}, "upperLeft": {"y": 208.18296010706546895, "x": 30}}, "resourceId": "sid-B905ED3A-3D3E-4A58-9A4B-BA0CA15733F4", "layers": [], "labels": [], "childShapes": [{"dockers": [{"y": 209.41775296299351794, "x": 758.24998333990606625}], "bounds": {"lowerRight": {"y": 224.41775296299351794, "x": 773.24998333990606625}, "upperLeft": {"y": 194.41775296299351794, "x": 743.24998333990606625}}, "resourceId": "sid-0096BAAB-7501-40F0-8C67-B1A880F5308C", "layers": [], "labels": [{"ref": "text_name", "valign": "middle", "y": -1, "x": 39}], "childShapes": [], "properties": {"trigger": "Timer", "bordercolor": "#000000", "timeduration": "", "monitoring": "", "timedate": "", "name": "D", "documentation": "", "timecycle": "", "auditing": "", "boundarycancelactivity2": "true", "bgcolor": "#ffffff"}, "stencil": {"id": "IntermediateTimerEvent"}, "outgoing": [{"resourceId": "sid-5586D056-EBE1-4416-96F4-027A64E3B7B8"}, {"resourceId": "sid-07602A0A-DEE8-4A5E-9AE9-59BA9E605613"}], "glossaryLinks": {}, "formats": {}}, {"dockers": [], "bounds": {"lowerRight": {"y": 249.41775296299351794, "x": 1006.5999806137087944}, "upperLeft": {"y": 169.41775296299351794, "x": 906.59998061370879441}}, "resourceId": "sid-8B75F8D8-AC98-411B-A2DE-68196C0F72F7", "layers": [], "labels": [], "childShapes": [], "properties": {"resources": "", "outmsgstructure": "", "applyincalc": "true", "loopcardinality": "", "outmessagename": "", "inmessagename": "", "bgcolor": "#ffffcc", "bordercolor": "#000000", "time": "", "loopdataoutput": "", "testbefore": "false", "callacitivity": "false", "outmsgiscollection": "false", "monitoring": "", "operationname": "", "dataoutputset": "", "completionquantity": "1", "properties": "", "script": "", "assignments": "", "nonebehavioreventref": "signal", "scriptformat": "", "datainputset": "", "processid": "", "startquantity": "1", "tasktype": "None", "looptype": "None", "instantiate": "false", "behavior": "all", "inmsgimport": "", "costs": "", "inputdataitem": "", "loopdatainput": "", "name": "E", "outmsgitemkind": "Information", "costcenter": "", "completioncondition": "", "isforcompensation": "false", "inmsgiscollection": "false", "inmsgitemkind": "Information", "inmsgstructure": "", "outputdataitem": "", "messageref": "", "loopcondition": "", "onebehavioreventref:": "signal", "implementation": "webService", "operationref": "", "outmsgimport": "", "documentation": "", "categories": "", "auditing": "", "complexbehaviordefinition": ""}, "stencil": {"id": "Task"}, "outgoing": [{"resourceId": "sid-92C62361-69E8-4F19-BDB4-D4E107C9E682"}], "glossaryLinks": {}, "formats": {}}, {"dockers": [{"y": 209.41775296299351794, "x": 1048.6499784933330375}], "bounds": {"lowerRight": {"y": 224.41775296299351794, "x": 1063.6499784933330375}, "upperLeft": {"y": 194.41775296299351794, "x": 1033.6499784933330375}}, "resourceId": "sid-8F6DFE57-6F00-4E67-8363-48BC968C01FA", "layers": [], "labels": [], "childShapes": [], "properties": {"trigger": "Message", "monitoring": "", "operationname": "", "applyincalc": "true", "costs": "", "bgcolor": "#ffffff", "inputset": "", "bordercolor": "#000000", "time": "", "datainputassociations": "", "name": "F", "documentation": "", "costcenter": "", "messagename": "", "datainput": "", "auditing": ""}, "stencil": {"id": "IntermediateMessageEventThrowing"}, "outgoing": [{"resourceId": "sid-3C7DCC7F-9461-4EA1-9510-3DB26734C791"}, {"resourceId": "sid-C934E4E7-48A5-48A5-A8BB-874290C47ACF"}], "glossaryLinks": {}, "formats": {}}, {"dockers": [{"y": 209.41775296299351794, "x": 1175.6999763729575079}], "bounds": {"lowerRight": {"y": 224.41775296299351794, "x": 1190.6999763729575079}, "upperLeft": {"y": 194.41775296299351794, "x": 1160.6999763729575079}}, "resourceId": "sid-6F6080D9-1452-48AF-AA66-0A829D4FE92A", "layers": [], "labels": [], "childShapes": [], "properties": {"trigger": "Timer", "bordercolor": "#000000", "timeduration": "", "monitoring": "", "timedate": "", "name": "G", "documentation": "", "timecycle": "", "auditing": "", "boundarycancelactivity2": "true", "bgcolor": "#ffffff"}, "stencil": {"id": "IntermediateTimerEvent"}, "outgoing": [{"resourceId": "sid-0AB0320B-C1E7-467E-AB5B-0C30A9DCA039"}], "glossaryLinks": {}, "formats": {}}, {"dockers": [], "bounds": {"lowerRight": {"y": 229.41775296299351794, "x": 1125.9789031819047977}, "upperLeft": {"y": 189.41775296299351794, "x": 1085.9789031819047977}}, "resourceId": "sid-512D56C7-BA58-4E52-A679-38854F7B3044", "layers": [], "labels": [], "childShapes": [], "properties": {"monitoring": "", "gates": "", "assignments": "", "bgcolor": "#ffffff", "bordercolor": "#000000", "pool": "", "name": "", "gates_assignments": "", "documentation": "", "categories": "", "auditing": "", "gates_outgoingsequenceflow": "", "lanes": "", "eventtype": "exclusive", "processid": ""}, "stencil": {"id": "EventbasedGateway"}, "outgoing": [{"resourceId": "sid-A4F6C017-E55B-4A92-A5C3-DA2991B277DE"}, {"resourceId": "sid-6AF1B237-8729-4D21-8350-9D1E237ED271"}], "glossaryLinks": {}, "formats": {}}, {"dockers": [], "bounds": {"lowerRight": {"y": 223.62662944449027691, "x": 1642.4499688001874347}, "upperLeft": {"y": 195.62662944449027691, "x": 1614.4499688001874347}}, "resourceId": "sid-650D0884-91F0-43CF-8F4A-054F9B605804", "layers": [], "labels": [{"ref": "text_name", "valign": "bottom", "y": -8, "top": true, "x": 14}], "childShapes": [], "properties": {"inputset": "", "trigger": "None", "bordercolor": "#000000", "monitoring": "", "datainputassociations": "", "name": "H", "documentation": "", "auditing": "", "datainput": "", "bgcolor": "#ffffff"}, "stencil": {"id": "EndNoneEvent"}, "outgoing": [], "glossaryLinks": {}, "formats": {}}, {"dockers": [{"y": 66.741490152744859188, "x": 758.24998333990606625}], "bounds": {"lowerRight": {"y": 81.741490152744859188, "x": 773.24998333990606625}, "upperLeft": {"y": 51.741490152744859188, "x": 743.24998333990606625}}, "resourceId": "sid-A458DF8D-DB60-48BA-8AF8-EE33BEDE63FC", "layers": [], "labels": [{"ref": "text_name", "valign": "bottom", "y": -8, "top": true, "x": 15}], "childShapes": [], "properties": {"trigger": "Message", "bordercolor": "#000000", "monitoring": "", "operationname": "", "name": "I", "documentation": "", "messagename": "", "auditing": "", "boundarycancelactivity2": "true", "bgcolor": "#ffffff"}, "stencil": {"id": "IntermediateMessageEventCatching"}, "outgoing": [{"resourceId": "sid-D35695B2-4B86-47B3-B0A3-FA62ACAC282B"}], "glossaryLinks": {}, "formats": {}}, {"dockers": [{"y": 147, "x": 758.24998333990606625}], "bounds": {"lowerRight": {"y": 162, "x": 773.24998333990606625}, "upperLeft": {"y": 132, "x": 743.24998333990606625}}, "resourceId": "sid-EE10ADC1-5102-40ED-9614-04F45431F932", "layers": [], "labels": [{"ref": "text_name", "align": "left", "valign": "bottom", "right": true, "y": 1, "top": true, "x": 26}], "childShapes": [], "properties": {"trigger": "Timer", "bordercolor": "#000000", "timeduration": "", "monitoring": "", "timedate": "", "name": "J", "documentation": "", "timecycle": "", "auditing": "", "boundarycancelactivity2": "true", "bgcolor": "#ffffff"}, "stencil": {"id": "IntermediateTimerEvent"}, "outgoing": [{"resourceId": "sid-9DE92D03-3885-418A-9D36-3B0E722D56BD"}], "glossaryLinks": {}, "formats": {}}], "properties": {"showcaption": "true", "bordercolor": "#000000", "monitoring": "", "parentlane": "", "name": "B", "documentation": "", "auditing": "", "bgcolor": "", "parentpool": ""}, "stencil": {"id": "Lane"}, "outgoing": [], "glossaryLinks": {}, "formats": {}}, {"dockers": [], "bounds": {"lowerRight": {"y": 980.25292965688959157, "x": 1811.5299900443314982}, "upperLeft": {"y": 503.03071139395279943, "x": 30}}, "resourceId": "sid-EB66E747-1177-4A9A-906E-70923E12CDAF", "layers": [], "labels": [], "childShapes": [{"dockers": [{"y": 178.34999727380269974, "x": 824.54998273408432397}], "bounds": {"lowerRight": {"y": 193.34999727380269974, "x": 839.54998273408432397}, "upperLeft": {"y": 163.34999727380269974, "x": 809.54998273408432397}}, "resourceId": "sid-8E957736-B003-47D5-B2F6-BAF76043D033", "layers": [], "labels": [], "childShapes": [], "properties": {"trigger": "Message", "bordercolor": "#000000", "monitoring": "", "operationname": "", "name": "AC", "documentation": "", "messagename": "", "auditing": "", "boundarycancelactivity2": "true", "bgcolor": "#ffffff"}, "stencil": {"id": "IntermediateMessageEventCatching"}, "outgoing": [{"resourceId": "sid-4D722861-9BAB-4A2B-89E9-2D277D674C48"}], "glossaryLinks": {}, "formats": {}}, {"dockers": [], "bounds": {"lowerRight": {"y": 198.34999727380269974, "x": 1480.7999600157743316}, "upperLeft": {"y": 158.34999727380269974, "x": 1440.7999600157743316}}, "resourceId": "sid-8CF70DDF-8E74-42B5-B087-BAB50BF9F1A5", "layers": [], "labels": [], "childShapes": [], "properties": {"xortype": "Data", "monitoring": "", "defaultgate": "", "gatewaytype": "XOR", "gates": "", "assignments": "", "bgcolor": "#ffffff", "bordercolor": "#000000", "pool": "", "gate_assignments": "", "markervisible": "true", "name": "", "documentation": "", "gates_assignments": "", "categories": "", "auditing": "", "gate_outgoingsequenceflow": "", "lanes": "", "gates_outgoingsequenceflow": "", "processid": ""}, "stencil": {"id": "Exclusive_Databased_Gateway"}, "outgoing": [{"resourceId": "sid-B31337A3-200F-40BB-9C7B-07C8FB309A87"}], "glossaryLinks": {}, "formats": {}}, {"dockers": [], "bounds": {"lowerRight": {"y": 192.34999727380269974, "x": 1696.8999678914551623}, "upperLeft": {"y": 164.34999727380269974, "x": 1668.8999678914551623}}, "resourceId": "sid-0ADB17F6-402D-43E1-9253-1F87F32E15CE", "layers": [], "labels": [{"ref": "text_name", "valign": "bottom", "y": -8, "top": true, "x": 14}], "childShapes": [], "properties": {"inputset": "", "trigger": "None", "bordercolor": "#000000", "monitoring": "", "datainputassociations": "", "name": "AD", "documentation": "", "auditing": "", "datainput": "", "bgcolor": "#ffffff"}, "stencil": {"id": "EndNoneEvent"}, "outgoing": [], "glossaryLinks": {}, "formats": {}}, {"dockers": [], "bounds": {"lowerRight": {"y": 447.70280970633325524, "x": 585}, "upperLeft": {"y": 347.70280970633325524, "x": 485}}, "resourceId": "sid-72FC6FD9-1E45-48EA-BFCA-76065DCD54A9", "layers": [], "labels": [], "childShapes": [], "properties": {"bordercolor": "#000000", "text": "", "textformat": "text/plain", "monitoring": "", "pool": "", "name": "", "documentation": "", "categories": "", "auditing": "", "lanes": ""}, "stencil": {"id": "TextAnnotation"}, "outgoing": [{"resourceId": "sid-515E5961-8797-461E-8B00-48F0EA3C93D1"}], "glossaryLinks": {}, "formats": {}}, {"dockers": [], "bounds": {"lowerRight": {"y": 218.34999727380272816, "x": 1618.3999588041313018}, "upperLeft": {"y": 138.34999727380272816, "x": 1518.3999588041313018}}, "resourceId": "sid-A35B38BD-AA0F-47A2-AE8A-51D733B51148", "layers": [], "labels": [], "childShapes": [], "properties": {"resources": "", "outmsgstructure": "", "applyincalc": "true", "loopcardinality": "", "outmessagename": "", "inmessagename": "", "bgcolor": "#ffffcc", "bordercolor": "#000000", "time": "", "loopdataoutput": "", "testbefore": "false", "callacitivity": "false", "outmsgiscollection": "false", "monitoring": "", "operationname": "", "dataoutputset": "", "completionquantity": "1", "properties": "", "script": "", "assignments": "", "nonebehavioreventref": "signal", "scriptformat": "", "datainputset": "", "processid": "", "startquantity": "1", "tasktype": "None", "looptype": "None", "instantiate": "false", "behavior": "all", "inmsgimport": "", "costs": "", "inputdataitem": "", "loopdatainput": "", "name": "AE", "outmsgitemkind": "Information", "costcenter": "", "completioncondition": "", "isforcompensation": "false", "inmsgiscollection": "false", "inmsgitemkind": "Information", "inmsgstructure": "", "outputdataitem": "", "messageref": "", "loopcondition": "", "onebehavioreventref:": "signal", "implementation": "webService", "operationref": "", "outmsgimport": "", "documentation": "", "categories": "", "auditing": "", "complexbehaviordefinition": ""}, "stencil": {"id": "Task"}, "outgoing": [{"resourceId": "sid-4C428869-FE57-4940-8819-4873683D35DB"}], "glossaryLinks": {}, "formats": {}}, {"dockers": [{"y": 59.769999252819843605, "x": 1105.9789031819045704}], "bounds": {"lowerRight": {"y": 74.769999252819843605, "x": 1120.9789031819045704}, "upperLeft": {"y": 44.769999252819843605, "x": 1090.9789031819045704}}, "resourceId": "sid-57D0DE45-67F1-48D0-8A38-EF329AC7A511", "layers": [], "labels": [], "childShapes": [], "properties": {"trigger": "Message", "bordercolor": "#000000", "monitoring": "", "operationname": "", "name": "AF", "documentation": "", "messagename": "", "auditing": "", "boundarycancelactivity2": "true", "bgcolor": "#ffffff"}, "stencil": {"id": "IntermediateMessageEventCatching"}, "outgoing": [{"resourceId": "sid-5F67E7A8-635B-4610-A896-8514B4B99717"}], "glossaryLinks": {}, "formats": {}}, {"dockers": [{"y": 296.07999297246931292, "x": 824.82497410112614489}], "bounds": {"lowerRight": {"y": 311.07999297246931292, "x": 839.82497410112614489}, "upperLeft": {"y": 281.07999297246931292, "x": 809.82497410112614489}}, "resourceId": "sid-198B32D5-ECBC-4058-AAA6-7CB5064FE515", "layers": [], "labels": [], "childShapes": [], "properties": {"bordercolor": "#000000", "trigger": "Message", "monitoring": "", "operationname": "", "name": "AG", "documentation": "", "messagename": "", "auditing": "", "boundarycancelactivity2": "true", "bgcolor": "#ffffff"}, "stencil": {"id": "IntermediateMessageEventCatching"}, "outgoing": [{"resourceId": "sid-110B8420-F11F-4409-B17D-237231B7C4D2"}], "glossaryLinks": {}, "formats": {}}, {"dockers": [], "bounds": {"lowerRight": {"y": 336.07999297246919923, "x": 1006.5999806137087944}, "upperLeft": {"y": 256.07999297246919923, "x": 906.59998061370879441}}, "resourceId": "sid-5AC83FA8-ECF9-4923-BA35-2114ADEE8BF5", "layers": [], "labels": [], "childShapes": [], "properties": {"resources": "", "outmsgstructure": "", "applyincalc": "true", "loopcardinality": "", "outmessagename": "", "inmessagename": "", "bgcolor": "#ffffcc", "bordercolor": "#000000", "time": "", "loopdataoutput": "", "testbefore": "false", "callacitivity": "false", "outmsgiscollection": "false", "monitoring": "", "operationname": "", "dataoutputset": "", "completionquantity": "1", "properties": "", "script": "", "assignments": "", "nonebehavioreventref": "signal", "scriptformat": "", "datainputset": "", "processid": "", "startquantity": "1", "tasktype": "None", "looptype": "None", "instantiate": "false", "behavior": "all", "inmsgimport": "", "costs": "", "inputdataitem": "", "loopdatainput": "", "name": "AH", "outmsgitemkind": "Information", "costcenter": "", "completioncondition": "", "isforcompensation": "false", "inmsgiscollection": "false", "inmsgitemkind": "Information", "inmsgstructure": "", "outputdataitem": "", "messageref": "", "loopcondition": "", "onebehavioreventref:": "signal", "implementation": "webService", "operationref": "", "outmsgimport": "", "documentation": "", "categories": "", "auditing": "", "complexbehaviordefinition": ""}, "stencil": {"id": "Task"}, "outgoing": [{"resourceId": "sid-F86E0EC6-4E80-41AC-B675-314C76B729DE"}], "glossaryLinks": {}, "formats": {}}, {"dockers": [], "bounds": {"lowerRight": {"y": 316.07999297246919923, "x": 1091.5999806137087944}, "upperLeft": {"y": 276.07999297246919923, "x": 1051.5999806137087944}}, "resourceId": "sid-3EE4C8E9-CB32-40E6-A2A4-4961059CB4DF", "layers": [], "labels": [{"ref": "text_name", "align": "center", "valign": "middle", "y": -22, "x": 31}], "childShapes": [], "properties": {"xortype": "Data", "monitoring": "", "defaultgate": "", "gatewaytype": "XOR", "gates": "", "assignments": "", "bgcolor": "#ffffff", "bordercolor": "#000000", "pool": "", "gate_assignments": "", "markervisible": "true", "name": "AI", "documentation": "", "gates_assignments": "", "categories": "", "auditing": "", "gate_outgoingsequenceflow": "", "lanes": "", "gates_outgoingsequenceflow": "", "processid": ""}, "stencil": {"id": "Exclusive_Databased_Gateway"}, "outgoing": [{"resourceId": "sid-4E1D6586-31C8-48B9-9ABB-1ED4A86FBC3B"}, {"resourceId": "sid-4B9D9FA4-5827-4FDD-B753-2A2CD668A85A"}], "glossaryLinks": {}, "formats": {}}, {"dockers": [{"y": 296.07999297246919923, "x": 1357.199973343849706}], "bounds": {"lowerRight": {"y": 311.07999297246919923, "x": 1372.199973343849706}, "upperLeft": {"y": 281.07999297246919923, "x": 1342.199973343849706}}, "resourceId": "sid-19D0FC55-D7BC-41CB-A51A-1B645196D5D8", "layers": [], "labels": [], "childShapes": [], "properties": {"trigger": "Message", "monitoring": "", "operationname": "", "applyincalc": "true", "costs": "", "bgcolor": "#ffffff", "inputset": "", "bordercolor": "#000000", "time": "", "datainputassociations": "", "name": "AJ", "documentation": "", "costcenter": "", "messagename": "", "datainput": "", "auditing": ""}, "stencil": {"id": "IntermediateMessageEventThrowing"}, "outgoing": [{"resourceId": "sid-4B28D79F-14F4-4B64-A79D-A643C71D38D5"}, {"resourceId": "sid-E376AF05-D3F1-4D77-ABAB-D62614903E18"}], "glossaryLinks": {}, "formats": {}}, {"dockers": [{"y": 411.82001530709226245, "x": 1283.2999751613142507}], "bounds": {"lowerRight": {"y": 426.82001530709226245, "x": 1298.2999751613142507}, "upperLeft": {"y": 396.82001530709226245, "x": 1268.2999751613142507}}, "resourceId": "sid-17E62BA8-3CA2-4F00-BD56-E44232393742", "layers": [], "labels": [{"ref": "text_name", "align": "right", "left": true, "valign": "bottom", "y": 1, "top": true, "x": 2}], "childShapes": [], "properties": {"trigger": "Message", "monitoring": "", "operationname": "", "applyincalc": "true", "costs": "", "bgcolor": "#ffffff", "inputset": "", "bordercolor": "#000000", "time": "", "datainputassociations": "", "name": "AK", "documentation": "", "costcenter": "", "messagename": "", "datainput": "", "auditing": ""}, "stencil": {"id": "IntermediateMessageEventThrowing"}, "outgoing": [{"resourceId": "sid-BEA5C881-F996-4D43-8092-D76F9EED12C5"}, {"resourceId": "sid-7080B24E-9ECB-4AFB-8786-C9230CE704C4"}], "glossaryLinks": {}, "formats": {}}, {"dockers": [], "bounds": {"lowerRight": {"y": 336.07999297246919923, "x": 1242.5499766758684927}, "upperLeft": {"y": 256.07999297246919923, "x": 1142.5499766758684927}}, "resourceId": "sid-DE94B6E0-F7CA-4275-A7FD-39D3882B5E90", "layers": [], "labels": [], "childShapes": [], "properties": {"resources": "", "outmsgstructure": "", "applyincalc": "true", "loopcardinality": "", "outmessagename": "", "inmessagename": "", "bgcolor": "#ffffcc", "bordercolor": "#000000", "time": "", "loopdataoutput": "", "testbefore": "false", "callacitivity": "false", "outmsgiscollection": "false", "monitoring": "", "operationname": "", "dataoutputset": "", "completionquantity": "1", "properties": "", "script": "", "assignments": "", "nonebehavioreventref": "signal", "scriptformat": "", "datainputset": "", "processid": "", "startquantity": "1", "tasktype": "None", "looptype": "None", "instantiate": "false", "behavior": "all", "inmsgimport": "", "costs": "", "inputdataitem": "", "loopdatainput": "", "name": "AL", "outmsgitemkind": "Information", "costcenter": "", "completioncondition": "", "isforcompensation": "false", "inmsgiscollection": "false", "inmsgitemkind": "Information", "inmsgstructure": "", "outputdataitem": "", "messageref": "", "loopcondition": "", "onebehavioreventref:": "signal", "implementation": "webService", "operationref": "", "outmsgimport": "", "documentation": "", "categories": "", "auditing": "", "complexbehaviordefinition": ""}, "stencil": {"id": "Task"}, "outgoing": [{"resourceId": "sid-14C83A6D-7E57-43BB-8A14-9BD0346A1B38"}], "glossaryLinks": {}, "formats": {}}, {"dockers": [], "bounds": {"lowerRight": {"y": 451.82001530709226245, "x": 1121.5999806137087944}, "upperLeft": {"y": 371.82001530709226245, "x": 1021.5999806137087944}}, "resourceId": "sid-6998789A-38C8-4947-9E82-70582EC0240D", "layers": [], "labels": [], "childShapes": [], "properties": {"resources": "", "outmsgstructure": "", "applyincalc": "true", "loopcardinality": "", "outmessagename": "", "inmessagename": "", "bgcolor": "#ffffcc", "bordercolor": "#000000", "time": "", "loopdataoutput": "", "testbefore": "false", "callacitivity": "false", "outmsgiscollection": "false", "monitoring": "", "operationname": "", "dataoutputset": "", "completionquantity": "1", "properties": "", "script": "", "assignments": "", "nonebehavioreventref": "signal", "scriptformat": "", "datainputset": "", "processid": "", "startquantity": "1", "tasktype": "None", "looptype": "None", "instantiate": "false", "behavior": "all", "inmsgimport": "", "costs": "", "inputdataitem": "", "loopdatainput": "", "name": "AM", "outmsgitemkind": "Information", "costcenter": "", "completioncondition": "", "isforcompensation": "false", "inmsgiscollection": "false", "inmsgitemkind": "Information", "inmsgstructure": "", "outputdataitem": "", "messageref": "", "loopcondition": "", "onebehavioreventref:": "signal", "implementation": "webService", "operationref": "", "outmsgimport": "", "documentation": "", "categories": "", "auditing": "", "complexbehaviordefinition": ""}, "stencil": {"id": "Task"}, "outgoing": [{"resourceId": "sid-0820E4DA-BBE6-4050-9909-FCE62BE92BC5"}], "glossaryLinks": {}, "formats": {}}, {"dockers": [{"y": 411.82001530709226245, "x": 1502.3999709205631916}], "bounds": {"lowerRight": {"y": 426.82001530709226245, "x": 1517.3999709205631916}, "upperLeft": {"y": 396.82001530709226245, "x": 1487.3999709205631916}}, "resourceId": "sid-8D6F0E3A-ED7C-4E77-B3E5-777AAA6DC58F", "layers": [], "labels": [], "childShapes": [], "properties": {"trigger": "Message", "bordercolor": "#000000", "monitoring": "", "operationname": "", "name": "AN", "documentation": "", "messagename": "", "auditing": "", "boundarycancelactivity2": "true", "bgcolor": "#ffffff"}, "stencil": {"id": "IntermediateMessageEventCatching"}, "outgoing": [{"resourceId": "sid-9891C07D-5D2C-4451-B357-25036161394B"}], "glossaryLinks": {}, "formats": {}}, {"dockers": [], "bounds": {"lowerRight": {"y": 431.82001530709226245, "x": 1400.3499730409387212}, "upperLeft": {"y": 391.82001530709226245, "x": 1360.3499730409387212}}, "resourceId": "sid-FFC74A58-F00A-4BDC-9B10-9046D7D7FEB6", "layers": [], "labels": [], "childShapes": [], "properties": {"monitoring": "", "gates": "", "assignments": "", "bgcolor": "#ffffff", "bordercolor": "#000000", "pool": "", "name": "", "gates_assignments": "", "documentation": "", "categories": "", "auditing": "", "gates_outgoingsequenceflow": "", "lanes": "", "eventtype": "exclusive", "processid": ""}, "stencil": {"id": "EventbasedGateway"}, "outgoing": [{"resourceId": "sid-0E9E0F20-83D6-4F3D-A981-A5D3F4451754"}, {"resourceId": "sid-F3DEE54A-8C87-4705-85FB-8AA177D7DE18"}], "glossaryLinks": {}, "formats": {}}, {"dockers": [], "bounds": {"lowerRight": {"y": 371.98732715986398034, "x": 687.47998610649131024}, "upperLeft": {"y": 16.677331420809196061, "x": 225.04999182140841185}}, "resourceId": "sid-4B1F84A1-1FAD-49FA-9787-20C30548AFB2", "layers": [], "labels": [], "childShapes": [], "properties": {"subprocesstype": "Embedded", "startquantity": "1", "looptype": "None", "processref": "", "transaction": "", "adhoccancelremaininginstances": "true", "behavior": "all", "loopcardinality": "", "bgcolor": "#ffffff", "inputdataitem": "", "bordercolor": "#000000", "transactionmethod": "compensate", "loopdatainput": "", "loopdataoutput": "", "isatransaction": "false", "testbefore": "false", "name": "AO", "activitytype": "Sub-Process", "completioncondition": "", "adhoccompletioncondition": "", "isforcompensation": "false", "adhocordering": "Sequential", "callacitivity": "false", "outputmaps": "", "monitoring": "", "dataoutputset": "", "completionquantity": "1", "isadhoc": "false", "outputdataitem": "", "properties": "", "assignments": "", "nonebehavioreventref": "signal", "loopcondition": "", "onebehavioreventref:": "signal", "inputmaps": "", "entry": "", "documentation": "", "diagramref": "", "categories": "", "auditing": "", "complexbehaviordefinition": "", "datainputset": "", "processid": ""}, "stencil": {"id": "Subprocess"}, "outgoing": [{"resourceId": "sid-F86CF338-FC95-4EA7-A768-227BF4D8CD93"}], "glossaryLinks": {}, "formats": {}}], "properties": {"showcaption": "true", "bordercolor": "#000000", "monitoring": "", "parentlane": "", "name": "C", "documentation": "", "auditing": "", "bgcolor": "", "parentpool": ""}, "stencil": {"id": "Lane"}, "outgoing": [], "glossaryLinks": {}, "formats": {}}], "properties": {"isclosed": "false", "enableinstancecompensation": "false", "boundaryvisible": "true", "monitoring": "", "processcategories": "", "minimum": "2", "status": "None", "isexecutable": "false", "processdocumentation": "", "processtype": "None", "bordercolor": "#000000", "processname": "", "multiinstance": "false", "maximum": "2", "name": "K", "documentation": "", "suppressjoinfailure": "false", "adhoccompletioncondition": "", "auditing": "", "adhocordering": "Parallel", "adhoc": "false", "processid": ""}, "stencil": {"id": "Pool"}, "outgoing": [], "glossaryLinks": {}, "formats": {}}, {"dockers": [], "bounds": {"lowerRight": {"y": 197.54266692327837518, "x": 265}, "upperLeft": {"y": 147.54266692327837518, "x": 165}}, "resourceId": "sid-5499AF81-163E-40AC-862E-711C7FB6E6CE", "layers": [], "labels": [], "childShapes": [], "properties": {"bordercolor": "#000000", "text": "", "textformat": "text/plain", "monitoring": "", "pool": "", "name": "", "documentation": "", "categories": "", "auditing": "", "lanes": ""}, "stencil": {"id": "TextAnnotation"}, "outgoing": [], "glossaryLinks": {}, "formats": {}}, {"dockers": [], "bounds": {"lowerRight": {"y": 347.54266692327837518, "x": 1959.0899913367509271}, "upperLeft": {"y": 282.54266692327837518, "x": 225}}, "resourceId": "sid-BFC796E0-0527-49DE-9B94-E9F5205F8E45", "layers": [], "labels": [], "childShapes": [{"dockers": [], "bounds": {"lowerRight": {"y": 65, "x": 1734.0899913367509271}, "upperLeft": {"y": 0, "x": 30}}, "resourceId": "sid-1AFE3160-36A1-4F98-9C75-2DA55E462BCE", "layers": [], "labels": [], "childShapes": [], "properties": {"showcaption": "true", "bordercolor": "#000000", "monitoring": "", "parentlane": "", "name": "", "documentation": "", "auditing": "", "bgcolor": "", "parentpool": ""}, "stencil": {"id": "Lane"}, "outgoing": [], "glossaryLinks": {}, "formats": {}}], "properties": {"isclosed": "false", "enableinstancecompensation": "false", "boundaryvisible": "true", "monitoring": "", "processcategories": "", "minimum": "2", "status": "None", "isexecutable": "false", "processdocumentation": "", "processtype": "None", "bordercolor": "#000000", "processname": "", "multiinstance": "false", "maximum": "2", "name": "L", "documentation": "", "suppressjoinfailure": "false", "adhoccompletioncondition": "", "auditing": "", "adhocordering": "Parallel", "adhoc": "false", "processid": ""}, "stencil": {"id": "Pool"}, "outgoing": [{"resourceId": "sid-387F5B21-6E6F-4BEF-BD2E-845732A472AA"}, {"resourceId": "sid-2CEDBAC1-5946-4F9F-B397-6E22F12F132E"}, {"resourceId": "sid-AAA78379-859B-4D4A-982B-3925FC84CD85"}, {"resourceId": "sid-6D775D34-9C23-4D35-8E05-042B2DE73ED6"}, {"resourceId": "sid-2B1C536A-B1E3-499B-988E-9966C764AE31"}], "glossaryLinks": {}, "formats": {}}, {"dockers": [{"y": 15, "x": 15}, {"y": 40, "x": 50}], "bounds": {"lowerRight": {"y": 590.97871385935627586, "x": 434.75624556992954695}, "upperLeft": {"y": 590.97871385935627586, "x": 373.95312414806335255}}, "resourceId": "sid-09406AC2-68ED-4D19-80B3-BFA68909A812", "layers": [], "labels": [], "target": {"resourceId": "sid-225E8DCD-C02E-46CE-BDB7-AE8A0B0CAB02"}, "childShapes": [], "properties": {"ConditionType": "None", "showdiamondmarker": "false", "bordercolor": "#000000", "monitoring": "", "name": "", "documentation": "", "probability": "", "conditionexpression": "", "isimmediate": "false", "auditing": ""}, "stencil": {"id": "SequenceFlow"}, "outgoing": [{"resourceId": "sid-225E8DCD-C02E-46CE-BDB7-AE8A0B0CAB02"}], "glossaryLinks": {}, "formats": {}}, {"dockers": [{"y": 48, "x": 1}, {"y": 1385.425461322519368, "x": 668}, {"y": 1279.9453074536177155, "x": 668}, {"y": 962.85541103063769697, "x": 715.7158495754466685}], "bounds": {"lowerRight": {"y": 1385.425461322519368, "x": 740}, "upperLeft": {"y": 962.85541103063769697, "x": 668}}, "resourceId": "sid-515E5961-8797-461E-8B00-48F0EA3C93D1", "layers": [], "labels": [], "childShapes": [], "properties": {"bordercolor": "#000000", "type": "none", "assignments": "", "transformation": ""}, "stencil": {"id": "Association_Undirected"}, "outgoing": [], "glossaryLinks": {}, "formats": {}}, {"dockers": [{"y": 20.5, "x": 20.5}, {"y": 40, "x": 50}], "bounds": {"lowerRight": {"y": 1168.4781366567308396, "x": 1773.0335640100504406}, "upperLeft": {"y": 1168.3077861232468422, "x": 1736.5444801506298518}}, "resourceId": "sid-B31337A3-200F-40BB-9C7B-07C8FB309A87", "layers": [], "labels": [], "target": {"resourceId": "sid-A35B38BD-AA0F-47A2-AE8A-51D733B51148"}, "childShapes": [], "properties": {"ConditionType": "None", "showdiamondmarker": "false", "bordercolor": "#000000", "monitoring": "", "name": "", "documentation": "", "probability": "", "conditionexpression": "", "isimmediate": "false", "auditing": ""}, "stencil": {"id": "SequenceFlow"}, "outgoing": [{"resourceId": "sid-A35B38BD-AA0F-47A2-AE8A-51D733B51148"}], "glossaryLinks": {}, "formats": {}}, {"dockers": [{"y": 40, "x": 50}, {"y": 15, "x": 15}], "bounds": {"lowerRight": {"y": 590.80576674656401792, "x": 580.16405911078413737}, "upperLeft": {"y": 590.65162221426771794, "x": 535.5999927301407979}}, "resourceId": "sid-384F7FF4-0DB9-40E8-B927-1E7E9138200D", "layers": [], "labels": [], "target": {"resourceId": "sid-9220DB0F-0C1F-41DB-8235-32030F58522F"}, "childShapes": [], "properties": {"ConditionType": "None", "showdiamondmarker": "false", "bordercolor": "#000000", "monitoring": "", "name": "", "documentation": "", "probability": "", "conditionexpression": "", "isimmediate": "false", "auditing": ""}, "stencil": {"id": "SequenceFlow"}, "outgoing": [{"resourceId": "sid-9220DB0F-0C1F-41DB-8235-32030F58522F"}], "glossaryLinks": {}, "formats": {}}, {"dockers": [{"y": 15, "x": 15}, {"y": 842.29998727774636791, "x": 595.7999903068543972}, {"y": 842.29998727774636791, "x": 494.84999424469475571}], "bounds": {"lowerRight": {"y": 842.29998727774636791, "x": 595.7999903068543972}, "upperLeft": {"y": 606.34572879324969108, "x": 494.84999424469475571}}, "resourceId": "sid-67118558-178B-4CFF-AFA2-57DA9E6533D5", "layers": [], "labels": [], "childShapes": [], "properties": {"ConditionType": "None", "showdiamondmarker": "false", "bordercolor": "#000000", "monitoring": "", "name": "", "documentation": "", "probability": "", "conditionexpression": "", "isimmediate": "false", "auditing": ""}, "stencil": {"id": "SequenceFlow"}, "outgoing": [], "glossaryLinks": {}, "formats": {}}, {"dockers": [{"y": 15, "x": 15}, {"y": 13, "x": 370.7999903068543972}], "bounds": {"lowerRight": {"y": 574.61428323738527979, "x": 595.7999903068543972}, "upperLeft": {"y": 347.54266692327837518, "x": 595.7999903068543972}}, "resourceId": "sid-24488107-7F13-4EB5-913A-AB9B4BE8377E", "layers": [], "labels": [], "target": {"resourceId": "sid-BFC796E0-0527-49DE-9B94-E9F5205F8E45"}, "childShapes": [], "properties": {"bordercolor": "#000000", "monitoring": "", "name": "M", "documentation": "", "auditing": ""}, "stencil": {"id": "MessageFlow"}, "outgoing": [{"resourceId": "sid-BFC796E0-0527-49DE-9B94-E9F5205F8E45"}], "glossaryLinks": {}, "formats": {}}, {"dockers": [{"y": 954.20830147134267918, "x": 729.70004963310805124}, {"y": 1168.0726488899886135, "x": 987.36004194817542157}, {"y": 15, "x": 15}], "bounds": {"lowerRight": {"y": 1168.0726488899886135, "x": 1064.1453044862862498}, "upperLeft": {"y": 954.20830147134267918, "x": 729.70004963310805124}}, "resourceId": "sid-4E9381B3-7452-469E-BACF-9BCB5EC39BCA", "layers": [], "labels": [], "target": {"resourceId": "sid-8E957736-B003-47D5-B2F6-BAF76043D033"}, "childShapes": [], "properties": {"ConditionType": "None", "showdiamondmarker": "false", "bordercolor": "#000000", "monitoring": "", "name": "", "documentation": "", "probability": "", "conditionexpression": "", "isimmediate": "false", "auditing": ""}, "stencil": {"id": "SequenceFlow"}, "outgoing": [{"resourceId": "sid-8E957736-B003-47D5-B2F6-BAF76043D033"}], "glossaryLinks": {}, "formats": {}}, {"dockers": [{"y": 37.170000464463214485, "x": 467.48026515962783378}, {"y": 292.63625408081372825, "x": 272.6382784814554725}], "bounds": {"lowerRight": {"y": 486.65936990113408456, "x": 680.68246443007194557}, "upperLeft": {"y": 347.54266692327837518, "x": 621.70757519984476858}}, "resourceId": "sid-2CEDBAC1-5946-4F9F-B397-6E22F12F132E", "layers": [], "labels": [], "target": {"resourceId": "sid-D721455F-4D5D-46BB-81AF-320880B856E5"}, "childShapes": [], "properties": {"bordercolor": "#000000", "monitoring": "", "name": "N", "documentation": "", "auditing": ""}, "stencil": {"id": "MessageFlow"}, "outgoing": [{"resourceId": "sid-D721455F-4D5D-46BB-81AF-320880B856E5"}], "glossaryLinks": {}, "formats": {}}, {"dockers": [{"y": 40, "x": 50}, {"y": 14, "x": 14}], "bounds": {"lowerRight": {"y": 1168.0726488899888409, "x": 1923.4819980765346372}, "upperLeft": {"y": 1168.0726488899888409, "x": 1873.3999588041313018}}, "resourceId": "sid-4C428869-FE57-4940-8819-4873683D35DB", "layers": [], "labels": [], "target": {"resourceId": "sid-0ADB17F6-402D-43E1-9253-1F87F32E15CE"}, "childShapes": [], "properties": {"ConditionType": "None", "showdiamondmarker": "false", "bordercolor": "#000000", "monitoring": "", "name": "", "documentation": "", "probability": "", "conditionexpression": "", "isimmediate": "false", "auditing": ""}, "stencil": {"id": "SequenceFlow"}, "outgoing": [{"resourceId": "sid-0ADB17F6-402D-43E1-9253-1F87F32E15CE"}], "glossaryLinks": {}, "formats": {}}, {"dockers": [{"y": 944.84998515737072466, "x": 737.92531525758431599}, {"y": 944.84998515737072466, "x": 868.08764929874519112}, {"y": 904.29265329229235704, "x": 868.08764929874519112}, {"y": 15, "x": 15}], "bounds": {"lowerRight": {"y": 944.84998515737072466, "x": 997.50693378885068796}, "upperLeft": {"y": 904.29265329229235704, "x": 737.92531525758431599}}, "resourceId": "sid-71F26067-D46B-4A7B-ABB4-9D64704A443B", "layers": [], "labels": [], "target": {"resourceId": "sid-0096BAAB-7501-40F0-8C67-B1A880F5308C"}, "childShapes": [], "properties": {"ConditionType": "None", "showdiamondmarker": "false", "bordercolor": "#000000", "monitoring": "", "name": "", "documentation": "", "probability": "", "conditionexpression": "", "isimmediate": "false", "auditing": ""}, "stencil": {"id": "SequenceFlow"}, "outgoing": [{"resourceId": "sid-0096BAAB-7501-40F0-8C67-B1A880F5308C"}], "glossaryLinks": {}, "formats": {}}, {"dockers": [{"y": 15, "x": 15}, {"y": 20.5, "x": 20.5}], "bounds": {"lowerRight": {"y": 1168.5562386526685259, "x": 1695.4015235340204981}, "upperLeft": {"y": 1168.0851528773091559, "x": 1095.4738100183249117}}, "resourceId": "sid-4D722861-9BAB-4A2B-89E9-2D277D674C48", "layers": [], "labels": [], "target": {"resourceId": "sid-8CF70DDF-8E74-42B5-B087-BAB50BF9F1A5"}, "childShapes": [], "properties": {"ConditionType": "None", "showdiamondmarker": "false", "bordercolor": "#000000", "monitoring": "", "name": "", "documentation": "", "probability": "", "conditionexpression": "", "isimmediate": "false", "auditing": ""}, "stencil": {"id": "SequenceFlow"}, "outgoing": [{"resourceId": "sid-8CF70DDF-8E74-42B5-B087-BAB50BF9F1A5"}], "glossaryLinks": {}, "formats": {}}, {"dockers": [{"y": 15, "x": 15}, {"y": 40, "x": 50}], "bounds": {"lowerRight": {"y": 904.29265329229235704, "x": 1161.0124812952581124}, "upperLeft": {"y": 904.29265329229235704, "x": 1028.9712722000710983}}, "resourceId": "sid-5586D056-EBE1-4416-96F4-027A64E3B7B8", "layers": [], "labels": [], "target": {"resourceId": "sid-8B75F8D8-AC98-411B-A2DE-68196C0F72F7"}, "childShapes": [], "properties": {"ConditionType": "None", "showdiamondmarker": "false", "bordercolor": "#000000", "monitoring": "", "name": "", "documentation": "", "probability": "", "conditionexpression": "", "isimmediate": "false", "auditing": ""}, "stencil": {"id": "SequenceFlow"}, "outgoing": [{"resourceId": "sid-8B75F8D8-AC98-411B-A2DE-68196C0F72F7"}], "glossaryLinks": {}, "formats": {}}, {"dockers": [{"y": 40, "x": 50}, {"y": 15, "x": 15}], "bounds": {"lowerRight": {"y": 904.29265329229235704, "x": 1288.2671663246417211}, "upperLeft": {"y": 904.29265329229235704, "x": 1261.5999806137087944}}, "resourceId": "sid-92C62361-69E8-4F19-BDB4-D4E107C9E682", "layers": [], "labels": [], "target": {"resourceId": "sid-8F6DFE57-6F00-4E67-8363-48BC968C01FA"}, "childShapes": [], "properties": {"ConditionType": "None", "showdiamondmarker": "false", "bordercolor": "#000000", "monitoring": "", "name": "", "documentation": "", "probability": "", "conditionexpression": "", "isimmediate": "false", "auditing": ""}, "stencil": {"id": "SequenceFlow"}, "outgoing": [{"resourceId": "sid-8F6DFE57-6F00-4E67-8363-48BC968C01FA"}], "glossaryLinks": {}, "formats": {}}, {"dockers": [{"y": 20, "x": 15}, {"y": 20.5, "x": 20.5}], "bounds": {"lowerRight": {"y": 1163.3650813734536769, "x": 1700.0801280942416724}, "upperLeft": {"y": 1058.5861559048678373, "x": 1373.7288029077935789}}, "resourceId": "sid-5F67E7A8-635B-4610-A896-8514B4B99717", "layers": [], "labels": [], "target": {"resourceId": "sid-8CF70DDF-8E74-42B5-B087-BAB50BF9F1A5"}, "childShapes": [], "properties": {"ConditionType": "None", "showdiamondmarker": "false", "bordercolor": "#000000", "monitoring": "", "name": "", "documentation": "", "probability": "", "conditionexpression": "", "isimmediate": "false", "auditing": ""}, "stencil": {"id": "SequenceFlow"}, "outgoing": [{"resourceId": "sid-8CF70DDF-8E74-42B5-B087-BAB50BF9F1A5"}], "glossaryLinks": {}, "formats": {}}, {"dockers": [{"y": 15, "x": 15}, {"y": 20.5, "x": 20.5}], "bounds": {"lowerRight": {"y": 904.61213242321252892, "x": 1340.6002476964326888}, "upperLeft": {"y": 904.42629916137218515, "x": 1319.1071722892513662}}, "resourceId": "sid-C934E4E7-48A5-48A5-A8BB-874290C47ACF", "layers": [], "labels": [], "target": {"resourceId": "sid-512D56C7-BA58-4E52-A679-38854F7B3044"}, "childShapes": [], "properties": {"ConditionType": "None", "showdiamondmarker": "false", "bordercolor": "#000000", "monitoring": "", "name": "", "documentation": "", "probability": "", "conditionexpression": "", "isimmediate": "false", "auditing": ""}, "stencil": {"id": "SequenceFlow"}, "outgoing": [{"resourceId": "sid-512D56C7-BA58-4E52-A679-38854F7B3044"}], "glossaryLinks": {}, "formats": {}}, {"dockers": [{"y": 20, "x": 28.996821661586864138}, {"y": 15, "x": 15}], "bounds": {"lowerRight": {"y": 904.29265329229235704, "x": 1415.4677299207387478}, "upperLeft": {"y": 904.29265329229235704, "x": 1381.4127055751187072}}, "resourceId": "sid-A4F6C017-E55B-4A92-A5C3-DA2991B277DE", "layers": [], "labels": [], "target": {"resourceId": "sid-6F6080D9-1452-48AF-AA66-0A829D4FE92A"}, "childShapes": [], "properties": {"ConditionType": "None", "showdiamondmarker": "false", "bordercolor": "#000000", "monitoring": "", "name": "", "documentation": "", "probability": "", "conditionexpression": "", "isimmediate": "false", "auditing": ""}, "stencil": {"id": "SequenceFlow"}, "outgoing": [{"resourceId": "sid-6F6080D9-1452-48AF-AA66-0A829D4FE92A"}], "glossaryLinks": {}, "formats": {}}, {"dockers": [{"y": 61, "x": 133}, {"y": 15, "x": 15}], "bounds": {"lowerRight": {"y": 575.48050798419535568, "x": 358}, "upperLeft": {"y": 347.54266692327837518, "x": 358}}, "resourceId": "sid-387F5B21-6E6F-4BEF-BD2E-845732A472AA", "layers": [], "labels": [], "target": {"resourceId": "sid-873E0716-6EBD-462A-9191-EBE1118FFA92"}, "childShapes": [], "properties": {"bordercolor": "#000000", "monitoring": "", "name": "O", "documentation": "", "auditing": ""}, "stencil": {"id": "MessageFlow"}, "outgoing": [{"resourceId": "sid-873E0716-6EBD-462A-9191-EBE1118FFA92"}], "glossaryLinks": {}, "formats": {}}, {"dockers": [{"y": 964.34998515737072466, "x": 718.42531525758431599}, {"y": 1285.802644588655312, "x": 718.42531525758431599}, {"y": 15, "x": 15}], "bounds": {"lowerRight": {"y": 1285.802644588655312, "x": 1064.7077999275502407}, "upperLeft": {"y": 964.34998515737072466, "x": 718.42531525758431599}}, "resourceId": "sid-47DAC286-078A-4638-872C-3570E6EFB682", "layers": [], "labels": [], "target": {"resourceId": "sid-198B32D5-ECBC-4058-AAA6-7CB5064FE515"}, "childShapes": [], "properties": {"ConditionType": "None", "showdiamondmarker": "false", "bordercolor": "#000000", "monitoring": "", "name": "", "documentation": "", "probability": "", "conditionexpression": "", "isimmediate": "false", "auditing": ""}, "stencil": {"id": "SequenceFlow"}, "outgoing": [{"resourceId": "sid-198B32D5-ECBC-4058-AAA6-7CB5064FE515"}], "glossaryLinks": {}, "formats": {}}, {"dockers": [{"y": 26.568053287352540792, "x": 19.999999999999772626}, {"y": 8.9500001009703282762, "x": 15}], "bounds": {"lowerRight": {"y": 1034.1562794455805943, "x": 1360.9789031819045704}, "upperLeft": {"y": 924.29026386623854705, "x": 1360.9789031819045704}}, "resourceId": "sid-6AF1B237-8729-4D21-8350-9D1E237ED271", "layers": [], "labels": [], "target": {"resourceId": "sid-57D0DE45-67F1-48D0-8A38-EF329AC7A511"}, "childShapes": [], "properties": {"ConditionType": "None", "showdiamondmarker": "false", "bordercolor": "#000000", "monitoring": "", "name": "", "documentation": "", "probability": "", "conditionexpression": "", "isimmediate": "false", "auditing": ""}, "stencil": {"id": "SequenceFlow"}, "outgoing": [{"resourceId": "sid-57D0DE45-67F1-48D0-8A38-EF329AC7A511"}], "glossaryLinks": {}, "formats": {}}, {"dockers": [{"y": 15, "x": 15}, {"y": 40, "x": 50}], "bounds": {"lowerRight": {"y": 1285.802644588655312, "x": 1161.1843531714903293}, "upperLeft": {"y": 1285.802644588655312, "x": 1095.2378654384397123}}, "resourceId": "sid-110B8420-F11F-4409-B17D-237231B7C4D2", "layers": [], "labels": [], "target": {"resourceId": "sid-5AC83FA8-ECF9-4923-BA35-2114ADEE8BF5"}, "childShapes": [], "properties": {"ConditionType": "None", "showdiamondmarker": "false", "bordercolor": "#000000", "monitoring": "", "name": "", "documentation": "", "probability": "", "conditionexpression": "", "isimmediate": "false", "auditing": ""}, "stencil": {"id": "SequenceFlow"}, "outgoing": [{"resourceId": "sid-5AC83FA8-ECF9-4923-BA35-2114ADEE8BF5"}], "glossaryLinks": {}, "formats": {}}, {"dockers": [{"y": 40, "x": 50}, {"y": 20.5, "x": 20.5}], "bounds": {"lowerRight": {"y": 1286.2123781248890282, "x": 1306.2484274837163412}, "upperLeft": {"y": 1286.0190948051056239, "x": 1261.5999806137087944}}, "resourceId": "sid-F86E0EC6-4E80-41AC-B675-314C76B729DE", "layers": [], "labels": [], "target": {"resourceId": "sid-3EE4C8E9-CB32-40E6-A2A4-4961059CB4DF"}, "childShapes": [], "properties": {"ConditionType": "None", "showdiamondmarker": "false", "bordercolor": "#000000", "monitoring": "", "name": "", "documentation": "", "probability": "", "conditionexpression": "", "isimmediate": "false", "auditing": ""}, "stencil": {"id": "SequenceFlow"}, "outgoing": [{"resourceId": "sid-3EE4C8E9-CB32-40E6-A2A4-4961059CB4DF"}], "glossaryLinks": {}, "formats": {}}, {"dockers": [{"y": 40, "x": 50}, {"y": 15, "x": 15}], "bounds": {"lowerRight": {"y": 1401.5426669232783752, "x": 1522.4148192946856852}, "upperLeft": {"y": 1401.5426669232783752, "x": 1376.5999806137087944}}, "resourceId": "sid-0820E4DA-BBE6-4050-9909-FCE62BE92BC5", "layers": [], "labels": [], "target": {"resourceId": "sid-17E62BA8-3CA2-4F00-BD56-E44232393742"}, "childShapes": [], "properties": {"ConditionType": "None", "showdiamondmarker": "false", "bordercolor": "#000000", "monitoring": "", "name": "", "documentation": "", "probability": "", "conditionexpression": "", "isimmediate": "false", "auditing": ""}, "stencil": {"id": "SequenceFlow"}, "outgoing": [{"resourceId": "sid-17E62BA8-3CA2-4F00-BD56-E44232393742"}], "glossaryLinks": {}, "formats": {}}, {"dockers": [{"y": 15, "x": 15}, {"y": 1285.802644588655312, "x": 1937.8999678914551623}, {"y": 14, "x": 14}], "bounds": {"lowerRight": {"y": 1285.802644588655312, "x": 1937.8999678914551623}, "upperLeft": {"y": 1182.8691327609262771, "x": 1627.8310277864179625}}, "resourceId": "sid-4B28D79F-14F4-4B64-A79D-A643C71D38D5", "layers": [], "labels": [], "target": {"resourceId": "sid-0ADB17F6-402D-43E1-9253-1F87F32E15CE"}, "childShapes": [], "properties": {"ConditionType": "None", "showdiamondmarker": "false", "bordercolor": "#000000", "monitoring": "", "name": "", "documentation": "", "probability": "", "conditionexpression": "", "isimmediate": "false", "auditing": ""}, "stencil": {"id": "SequenceFlow"}, "outgoing": [{"resourceId": "sid-0ADB17F6-402D-43E1-9253-1F87F32E15CE"}], "glossaryLinks": {}, "formats": {}}, {"dockers": [{"y": 20.5, "x": 20.5}, {"y": 19.054381366617690219, "x": 50.5}], "bounds": {"lowerRight": {"y": 1361.1801725669977259, "x": 1327.0999806137087944}, "upperLeft": {"y": 1305.802644588655312, "x": 1327.0999806137087944}}, "resourceId": "sid-4B9D9FA4-5827-4FDD-B753-2A2CD668A85A", "layers": [], "labels": [], "target": {"resourceId": "sid-6998789A-38C8-4947-9E82-70582EC0240D"}, "childShapes": [], "properties": {"ConditionType": "None", "showdiamondmarker": "false", "bordercolor": "#000000", "monitoring": "", "name": "P", "documentation": "", "probability": "", "conditionexpression": "", "isimmediate": "false", "auditing": ""}, "stencil": {"id": "SequenceFlow"}, "outgoing": [{"resourceId": "sid-6998789A-38C8-4947-9E82-70582EC0240D"}], "glossaryLinks": {}, "formats": {}}, {"dockers": [{"y": 20.5, "x": 20.5}, {"y": 40, "x": 50}], "bounds": {"lowerRight": {"y": 1286.2203685242427582, "x": 1396.6761587970856908}, "upperLeft": {"y": 1286.0138269030678657, "x": 1346.9202838827161486}}, "resourceId": "sid-4E1D6586-31C8-48B9-9ABB-1ED4A86FBC3B", "layers": [], "labels": [{"ref": "text_name", "edge": "startbottom"}], "target": {"resourceId": "sid-DE94B6E0-F7CA-4275-A7FD-39D3882B5E90"}, "childShapes": [], "properties": {"ConditionType": "None", "showdiamondmarker": "false", "bordercolor": "#000000", "monitoring": "", "name": "Q", "documentation": "", "probability": "", "conditionexpression": "", "isimmediate": "false", "auditing": ""}, "stencil": {"id": "SequenceFlow"}, "outgoing": [{"resourceId": "sid-DE94B6E0-F7CA-4275-A7FD-39D3882B5E90"}], "glossaryLinks": {}, "formats": {}}, {"dockers": [{"y": 40, "x": 50}, {"y": 15, "x": 15}], "bounds": {"lowerRight": {"y": 1285.802644588655312, "x": 1597.0503642551952908}, "upperLeft": {"y": 1285.802644588655312, "x": 1497.5499766758684927}}, "resourceId": "sid-14C83A6D-7E57-43BB-8A14-9BD0346A1B38", "layers": [], "labels": [], "target": {"resourceId": "sid-19D0FC55-D7BC-41CB-A51A-1B645196D5D8"}, "childShapes": [], "properties": {"ConditionType": "None", "showdiamondmarker": "false", "bordercolor": "#000000", "monitoring": "", "name": "", "documentation": "", "probability": "", "conditionexpression": "", "isimmediate": "false", "auditing": ""}, "stencil": {"id": "SequenceFlow"}, "outgoing": [{"resourceId": "sid-19D0FC55-D7BC-41CB-A51A-1B645196D5D8"}], "glossaryLinks": {}, "formats": {}}, {"dockers": [{"y": 15, "x": 15}, {"y": 1079.2626376264033752, "x": 1538.2999751613142507}, {"y": 62.580000040388085836, "x": 1375}], "bounds": {"lowerRight": {"y": 1386.0652437322078185, "x": 1599.7966136382917739}, "upperLeft": {"y": 347.54266692327837518, "x": 1538.2999751613142507}}, "resourceId": "sid-BEA5C881-F996-4D43-8092-D76F9EED12C5", "layers": [], "labels": [{"ref": "text_name", "edge": "endtop"}], "target": {"resourceId": "sid-BFC796E0-0527-49DE-9B94-E9F5205F8E45"}, "childShapes": [], "properties": {"bordercolor": "#000000", "monitoring": "", "name": "R", "documentation": "", "auditing": ""}, "stencil": {"id": "MessageFlow"}, "outgoing": [{"resourceId": "sid-BFC796E0-0527-49DE-9B94-E9F5205F8E45"}], "glossaryLinks": {}, "formats": {}}, {"dockers": [{"y": 15, "x": 15}, {"y": 20.5, "x": 20.5}], "bounds": {"lowerRight": {"y": 1401.9359789138666201, "x": 1615.0351428571498218}, "upperLeft": {"y": 1401.6220111826901302, "x": 1553.7800398360614054}}, "resourceId": "sid-7080B24E-9ECB-4AFB-8786-C9230CE704C4", "layers": [], "labels": [], "target": {"resourceId": "sid-FFC74A58-F00A-4BDC-9B10-9046D7D7FEB6"}, "childShapes": [], "properties": {"ConditionType": "None", "showdiamondmarker": "false", "bordercolor": "#000000", "monitoring": "", "name": "", "documentation": "", "probability": "", "conditionexpression": "", "isimmediate": "false", "auditing": ""}, "stencil": {"id": "SequenceFlow"}, "outgoing": [{"resourceId": "sid-FFC74A58-F00A-4BDC-9B10-9046D7D7FEB6"}], "glossaryLinks": {}, "formats": {}}, {"dockers": [{"y": 20.5, "x": 20.5}, {"y": 15, "x": 15}], "bounds": {"lowerRight": {"y": 1401.96042842448378, "x": 1742.1558390045165652}, "upperLeft": {"y": 1401.6053741720729704, "x": 1655.8421517491581199}}, "resourceId": "sid-0E9E0F20-83D6-4F3D-A981-A5D3F4451754", "layers": [], "labels": [], "target": {"resourceId": "sid-8D6F0E3A-ED7C-4E77-B3E5-777AAA6DC58F"}, "childShapes": [], "properties": {"ConditionType": "None", "showdiamondmarker": "false", "bordercolor": "#000000", "monitoring": "", "name": "", "documentation": "", "probability": "", "conditionexpression": "", "isimmediate": "false", "auditing": ""}, "stencil": {"id": "SequenceFlow"}, "outgoing": [{"resourceId": "sid-8D6F0E3A-ED7C-4E77-B3E5-777AAA6DC58F"}], "glossaryLinks": {}, "formats": {}}, {"dockers": [{"y": 15, "x": 15}, {"y": 1215.9926279819426327, "x": 1623.8200925714970708}, {"y": 1069.5827059857783752, "x": 1637}, {"y": 35.960000484657257402, "x": 1412}], "bounds": {"lowerRight": {"y": 1270.6360569589578517, "x": 1637}, "upperLeft": {"y": 347.54266692327837518, "x": 1614.7245044226276605}}, "resourceId": "sid-E376AF05-D3F1-4D77-ABAB-D62614903E18", "layers": [], "labels": [{"ref": "text_name", "edge": "endtop"}], "target": {"resourceId": "sid-BFC796E0-0527-49DE-9B94-E9F5205F8E45"}, "childShapes": [], "properties": {"bordercolor": "#000000", "monitoring": "", "name": "S", "documentation": "", "auditing": ""}, "stencil": {"id": "MessageFlow"}, "outgoing": [{"resourceId": "sid-BFC796E0-0527-49DE-9B94-E9F5205F8E45"}], "glossaryLinks": {}, "formats": {}}, {"dockers": [{"y": 15, "x": 15}, {"y": 1401.5426669232783752, "x": 2016}, {"y": 904.50152977378911601, "x": 2016}, {"y": 14, "x": 14}], "bounds": {"lowerRight": {"y": 1401.5426669232783752, "x": 2016}, "upperLeft": {"y": 904.50152977378911601, "x": 1772.5421600108447819}}, "resourceId": "sid-9891C07D-5D2C-4451-B357-25036161394B", "layers": [], "labels": [], "target": {"resourceId": "sid-650D0884-91F0-43CF-8F4A-054F9B605804"}, "childShapes": [], "properties": {"ConditionType": "None", "showdiamondmarker": "false", "bordercolor": "#000000", "monitoring": "", "name": "", "documentation": "", "probability": "", "conditionexpression": "", "isimmediate": "false", "auditing": ""}, "stencil": {"id": "SequenceFlow"}, "outgoing": [{"resourceId": "sid-650D0884-91F0-43CF-8F4A-054F9B605804"}], "glossaryLinks": {}, "formats": {}}, {"dockers": [{"y": 85.019983223437975539, "x": 181.82005051045405253}, {"y": 29, "x": 492.92531525758431599}], "bounds": {"lowerRight": {"y": 1005.8850587589721499, "x": 715.33774176744532269}, "upperLeft": {"y": 347.54266692327837518, "x": 668.01803841887010549}}, "resourceId": "sid-F86CF338-FC95-4EA7-A768-227BF4D8CD93", "layers": [], "labels": [{"ref": "text_name", "edge": "endtop"}], "target": {"resourceId": "sid-BFC796E0-0527-49DE-9B94-E9F5205F8E45"}, "childShapes": [], "properties": {"bordercolor": "#000000", "monitoring": "", "name": "T", "documentation": "", "auditing": ""}, "stencil": {"id": "MessageFlow"}, "outgoing": [{"resourceId": "sid-BFC796E0-0527-49DE-9B94-E9F5205F8E45"}], "glossaryLinks": {}, "formats": {}}, {"dockers": [{"y": 15, "x": 15}, {"y": 58.950000100970271433, "x": 1078.6499784933330375}], "bounds": {"lowerRight": {"y": 889.00280989095540463, "x": 1303.6499784933330375}, "upperLeft": {"y": 347.54266692327837518, "x": 1303.6499784933330375}}, "resourceId": "sid-3C7DCC7F-9461-4EA1-9510-3DB26734C791", "layers": [], "labels": [{"ref": "text_name", "edge": "endtop"}], "target": {"resourceId": "sid-BFC796E0-0527-49DE-9B94-E9F5205F8E45"}, "childShapes": [], "properties": {"bordercolor": "#000000", "monitoring": "", "name": "U", "documentation": "", "auditing": ""}, "stencil": {"id": "MessageFlow"}, "outgoing": [{"resourceId": "sid-BFC796E0-0527-49DE-9B94-E9F5205F8E45"}], "glossaryLinks": {}, "formats": {}}, {"dockers": [{"y": 349.96266688289028934, "x": 1131}, {"y": 1051.432660388702061, "x": 1131}, {"y": 6.9000130334613913874, "x": 14.495015668785526941}], "bounds": {"lowerRight": {"y": 1270.5406925348943332, "x": 1131}, "upperLeft": {"y": 349.96266688289028934, "x": 1080.9557807872834019}}, "resourceId": "sid-0D778FD9-F099-4BEE-8573-28F1F8817678", "layers": [], "labels": [{"ref": "text_name", "edge": "starttop"}], "target": {"resourceId": "sid-198B32D5-ECBC-4058-AAA6-7CB5064FE515"}, "childShapes": [], "properties": {"bordercolor": "#000000", "monitoring": "", "name": "V", "documentation": "", "auditing": ""}, "stencil": {"id": "MessageFlow"}, "outgoing": [{"resourceId": "sid-198B32D5-ECBC-4058-AAA6-7CB5064FE515"}], "glossaryLinks": {}, "formats": {}}, {"dockers": [{"y": 20.5, "x": 20.5}, {"y": 1451.5426669232783752, "x": 1635.8499730409387212}, {"y": 1451.5426669232783752, "x": 1013.2499833399060662}, {"y": 15, "x": 15}], "bounds": {"lowerRight": {"y": 1451.5426669232783752, "x": 1635.8499730409387212}, "upperLeft": {"y": 920.25652085251465451, "x": 1013.2499833399060662}}, "resourceId": "sid-F3DEE54A-8C87-4705-85FB-8AA177D7DE18", "layers": [], "labels": [], "target": {"resourceId": "sid-0096BAAB-7501-40F0-8C67-B1A880F5308C"}, "childShapes": [], "properties": {"ConditionType": "None", "showdiamondmarker": "false", "bordercolor": "#000000", "monitoring": "", "name": "", "documentation": "", "probability": "", "conditionexpression": "", "isimmediate": "false", "auditing": ""}, "stencil": {"id": "SequenceFlow"}, "outgoing": [{"resourceId": "sid-0096BAAB-7501-40F0-8C67-B1A880F5308C"}], "glossaryLinks": {}, "formats": {}}, {"dockers": [{"y": 937.16456312109096416, "x": 730.79123540958266858}, {"y": 15, "x": 15}], "bounds": {"lowerRight": {"y": 937.16456312109096416, "x": 1000.2637524597423635}, "upperLeft": {"y": 769.68733576940246621, "x": 730.79123540958266858}}, "resourceId": "sid-BC79843B-352C-48A5-8663-631A52EDB255", "layers": [], "labels": [], "target": {"resourceId": "sid-A458DF8D-DB60-48BA-8AF8-EE33BEDE63FC"}, "childShapes": [], "properties": {"ConditionType": "None", "showdiamondmarker": "false", "bordercolor": "#000000", "monitoring": "", "name": "", "documentation": "", "probability": "", "conditionexpression": "", "isimmediate": "false", "auditing": ""}, "stencil": {"id": "SequenceFlow"}, "outgoing": [{"resourceId": "sid-A458DF8D-DB60-48BA-8AF8-EE33BEDE63FC"}], "glossaryLinks": {}, "formats": {}}, {"dockers": [{"y": 63.790000020194042918, "x": 854.54998273408432397}, {"y": 15, "x": 15}], "bounds": {"lowerRight": {"y": 1152.6280007698351255, "x": 1079.549982734084324}, "upperLeft": {"y": 347.54266692327837518, "x": 1079.549982734084324}}, "resourceId": "sid-6D775D34-9C23-4D35-8E05-042B2DE73ED6", "layers": [], "labels": [{"ref": "text_name", "edge": "starttop"}], "target": {"resourceId": "sid-8E957736-B003-47D5-B2F6-BAF76043D033"}, "childShapes": [], "properties": {"bordercolor": "#000000", "monitoring": "", "name": "W", "documentation": "", "auditing": ""}, "stencil": {"id": "MessageFlow"}, "outgoing": [{"resourceId": "sid-8E957736-B003-47D5-B2F6-BAF76043D033"}], "glossaryLinks": {}, "formats": {}}, {"dockers": [{"y": 49.270000262522728462, "x": 788.24998333990606625}, {"y": 15, "x": 15}], "bounds": {"lowerRight": {"y": 746.34556373197324319, "x": 1013.2499833399060662}, "upperLeft": {"y": 347.54266692327837518, "x": 1013.2499833399060662}}, "resourceId": "sid-2B1C536A-B1E3-499B-988E-9966C764AE31", "layers": [], "labels": [{"ref": "text_name", "edge": "starttop"}], "target": {"resourceId": "sid-A458DF8D-DB60-48BA-8AF8-EE33BEDE63FC"}, "childShapes": [], "properties": {"bordercolor": "#000000", "monitoring": "", "name": "X", "documentation": "", "auditing": ""}, "stencil": {"id": "MessageFlow"}, "outgoing": [{"resourceId": "sid-A458DF8D-DB60-48BA-8AF8-EE33BEDE63FC"}], "glossaryLinks": {}, "formats": {}}, {"dockers": [{"y": 15, "x": 15}, {"y": 15, "x": 15}], "bounds": {"lowerRight": {"y": 888.66349244159073351, "x": 1013.2499833399060662}, "upperLeft": {"y": 857.50406118000046263, "x": 1013.2499833399060662}}, "resourceId": "sid-9DE92D03-3885-418A-9D36-3B0E722D56BD", "layers": [], "labels": [], "target": {"resourceId": "sid-0096BAAB-7501-40F0-8C67-B1A880F5308C"}, "childShapes": [], "properties": {"ConditionType": "None", "showdiamondmarker": "false", "bordercolor": "#000000", "monitoring": "", "name": "", "documentation": "", "probability": "", "conditionexpression": "", "isimmediate": "false", "auditing": ""}, "stencil": {"id": "SequenceFlow"}, "outgoing": [{"resourceId": "sid-0096BAAB-7501-40F0-8C67-B1A880F5308C"}], "glossaryLinks": {}, "formats": {}}, {"dockers": [{"y": 15, "x": 15}, {"y": 15, "x": 15}], "bounds": {"lowerRight": {"y": 826.45344934112017654, "x": 1013.2499833399060662}, "upperLeft": {"y": 777.03784147022247453, "x": 1013.2499833399060662}}, "resourceId": "sid-D35695B2-4B86-47B3-B0A3-FA62ACAC282B", "layers": [], "labels": [], "target": {"resourceId": "sid-EE10ADC1-5102-40ED-9614-04F45431F932"}, "childShapes": [], "properties": {"ConditionType": "None", "showdiamondmarker": "false", "bordercolor": "#000000", "monitoring": "", "name": "", "documentation": "", "probability": "", "conditionexpression": "", "isimmediate": "false", "auditing": ""}, "stencil": {"id": "SequenceFlow"}, "outgoing": [{"resourceId": "sid-EE10ADC1-5102-40ED-9614-04F45431F932"}], "glossaryLinks": {}, "formats": {}}, {"dockers": [{"y": 15, "x": 15}, {"y": 796.18001739275450745, "x": 1162.5999806137087944}, {"y": 24.085787305200902608, "x": 1}], "bounds": {"lowerRight": {"y": 895.25997674356938205, "x": 1162.5999806137087944}, "upperLeft": {"y": 630.54480070878616971, "x": 1025.7279902509621934}}, "resourceId": "sid-07602A0A-DEE8-4A5E-9AE9-59BA9E605613", "layers": [], "labels": [], "target": {"resourceId": "sid-156025B4-5613-4DDF-979B-DA03A056F0E9"}, "childShapes": [], "properties": {"bordercolor": "#000000", "type": "none", "assignments": "", "transformation": ""}, "stencil": {"id": "Association_Undirected"}, "outgoing": [{"resourceId": "sid-156025B4-5613-4DDF-979B-DA03A056F0E9"}], "glossaryLinks": {}, "formats": {}}, {"dockers": [{"y": 15, "x": 15}, {"y": 14, "x": 14}], "bounds": {"lowerRight": {"y": 904.4949489950674888, "x": 1869.185808972218183}, "upperLeft": {"y": 904.29964203289182478, "x": 1445.8484135298863293}}, "resourceId": "sid-0AB0320B-C1E7-467E-AB5B-0C30A9DCA039", "layers": [], "labels": [], "target": {"resourceId": "sid-650D0884-91F0-43CF-8F4A-054F9B605804"}, "childShapes": [], "properties": {"ConditionType": "None", "showdiamondmarker": "false", "bordercolor": "#000000", "monitoring": "", "name": "", "documentation": "", "probability": "", "conditionexpression": "", "isimmediate": "false", "auditing": ""}, "stencil": {"id": "SequenceFlow"}, "outgoing": [{"resourceId": "sid-650D0884-91F0-43CF-8F4A-054F9B605804"}], "glossaryLinks": {}, "formats": {}}, {"dockers": [{"y": 44.430000343298871712, "x": 1165}, {"y": 850, "x": 1390}, {"y": 10, "x": 15}], "bounds": {"lowerRight": {"y": 1034.3867578081301417, "x": 1390}, "upperLeft": {"y": 347.54266692327837518, "x": 1362.4868475676823891}}, "resourceId": "sid-AAA78379-859B-4D4A-982B-3925FC84CD85", "layers": [], "labels": [{"ref": "text_name", "edge": "starttop"}], "target": {"resourceId": "sid-57D0DE45-67F1-48D0-8A38-EF329AC7A511"}, "childShapes": [], "properties": {"bordercolor": "#000000", "monitoring": "", "name": "Y", "documentation": "", "auditing": ""}, "stencil": {"id": "MessageFlow"}, "outgoing": [{"resourceId": "sid-57D0DE45-67F1-48D0-8A38-EF329AC7A511"}], "glossaryLinks": {}, "formats": {}}], "properties": {"orientation": "horizontal", "monitoring": "", "modificationdate": "", "creationdate": "", "namespaces": "", "version": "", "targetnamespace": "http://www.signavio.com/bpmn20", "author": "", "name": "", "documentation": "", "language": "English", "typelanguage": "http://www.w3.org/2001/XMLSchema", "expressionlanguage": "http://www.w3.org/1999/XPath", "auditing": ""}, "offset": {"y": -0.00030182672162482049316, "x": 0}, "ssextensions": [], "stencilset": {"url": "/stencilsets/bpmn2.0/bpmn2.0.json?version=5.1.0", "namespace": "http://b3mn.org/stencilset/bpmn2.0#"}, "stencil": {"id": "BPMNDiagram"}, "formats": {}}