{"resourceId": "canvas", "properties": {"name": "", "documentation": "", "auditing": "", "monitoring": "", "version": "", "author": "", "language": "English", "namespaces": "", "targetnamespace": "http://www.signavio.com/bpmn20", "expressionlanguage": "http://www.w3.org/1999/XPath", "typelanguage": "http://www.w3.org/2001/XMLSchema", "creationdate": "", "modificationdate": "", "orientation": "horizontal"}, "stencil": {"id": "BPMNDiagram"}, "childShapes": [{"resourceId": "sid-38E13E63-54FF-4C54-BD53-3460086A1E0D", "properties": {"name": "", "documentation": "", "auditing": "", "monitoring": "", "boundaryvisible": true, "processname": "", "status": "None", "adhoc": "", "adhocordering": "Parallel", "adhoccompletioncondition": "", "suppressjoinfailure": "", "enableinstancecompensation": "", "processcategories": "", "processdocumentation": "", "multiinstance": "", "minimum": 2, "maximum": 2, "processtype": "None", "isclosed": "", "isexecutable": "", "bgcolor": "#ffffff", "processid": "sid-DFA773C6-92F2-4DDA-BE4D-C21F8B5D0BE3", "bordercolor": "#000000"}, "stencil": {"id": "Pool"}, "childShapes": [{"resourceId": "sid-879D3684-AC9C-4EEF-8C8B-BC1637BBD2F1", "properties": {"name": "Sales", "documentation": "", "auditing": "", "monitoring": "", "parentpool": "", "parentlane": "", "showcaption": true, "bgcolor": "", "bordercolor": "#000000"}, "stencil": {"id": "Lane"}, "childShapes": [{"resourceId": "sid-B7CC55A7-FEA8-4907-A5E4-A1C58BC0B685", "properties": {"processid": "", "name": "Review Purchase Order", "documentation": "", "auditing": "", "monitoring": "", "categories": "", "startquantity": 1, "completionquantity": 1, "isforcompensation": "", "assignments": "", "callacitivity": "", "tasktype": "None", "implementation": "webService", "resources": "", "messageref": "", "operationref": "", "instantiate": "", "script": "", "scriptformat": "", "bgcolor": "#ffffcc", "looptype": "None", "testbefore": "", "loopcondition": "", "loopmaximum": "", "loopcardinality": "", "loopdatainput": "", "loopdataoutput": "", "inputdataitem": "", "outputdataitem": "", "behavior": "all", "complexbehaviordefinition": "", "completioncondition": "", "onebehavioreventref:": "signal", "nonebehavioreventref": "signal", "properties": "", "datainputset": "", "dataoutputset": "", "operationname": "", "inmessagename": "", "inmsgitemkind": "Information", "inmsgstructure": "", "inmsgimport": "", "inmsgiscollection": "", "outmessagename": "", "outmsgitemkind": "Information", "outmsgstructure": "", "outmsgimport": "", "outmsgiscollection": "", "bordercolor": "#000000", "time": "", "costs": "", "costcenter": "", "applyincalc": true, "stakeholder": "Process Owner"}, "stencil": {"id": "Task"}, "childShapes": [], "outgoing": [{"resourceId": "sid-A5DB84AC-6F16-448C-8314-256A91EB7792"}], "bounds": {"lowerRight": {"x": 361.74292422827960536, "y": 171.71840247816152214}, "upperLeft": {"x": 261.74292422827960536, "y": 91.71840247816152214}}, "dockers": []}, {"resourceId": "sid-951BF929-B9C7-45E0-B5EF-5C90D572EF93", "properties": {"name": "", "documentation": "", "auditing": "", "monitoring": "", "categories": "", "assignments": "", "pool": "", "lanes": "", "gates": "", "gates_outgoingsequenceflow": "", "gates_assignments": "", "bgcolor": "#ffffff", "processid": "", "gatewaytype": "XOR", "xortype": "Data", "markervisible": "true", "defaultgate": "", "gate_outgoingsequenceflow": "", "gate_assignments": "", "bordercolor": "#000000"}, "stencil": {"id": "Exclusive_Databased_Gateway"}, "childShapes": [], "outgoing": [{"resourceId": "sid-32723140-CC89-4685-96DD-CA5C1658F743"}, {"resourceId": "sid-BA227280-D97A-487C-9890-0CC70CE7CAF5"}], "bounds": {"lowerRight": {"x": 455.62453663754865829, "y": 151.71840247816152214}, "upperLeft": {"x": 415.62453663754865829, "y": 111.71840247816152214}}, "dockers": []}, {"resourceId": "sid-7234A48C-4291-456B-AD5E-A6FE969B19F9", "properties": {"processid": "", "name": "Send order back to retailer", "documentation": "", "auditing": "", "monitoring": "", "categories": "", "startquantity": 1, "completionquantity": 1, "isforcompensation": "", "assignments": "", "callacitivity": "", "tasktype": "None", "implementation": "webService", "resources": "", "messageref": "", "operationref": "", "instantiate": "", "script": "", "scriptformat": "", "bgcolor": "#ffffcc", "looptype": "None", "testbefore": "", "loopcondition": "", "loopmaximum": "", "loopcardinality": "", "loopdatainput": "", "loopdataoutput": "", "inputdataitem": "", "outputdataitem": "", "behavior": "all", "complexbehaviordefinition": "", "completioncondition": "", "onebehavioreventref:": "signal", "nonebehavioreventref": "signal", "properties": "", "datainputset": "", "dataoutputset": "", "operationname": "", "inmessagename": "", "inmsgitemkind": "Information", "inmsgstructure": "", "inmsgimport": "", "inmsgiscollection": "", "outmessagename": "", "outmsgitemkind": "Information", "outmsgstructure": "", "outmsgimport": "", "outmsgiscollection": "", "bordercolor": "#000000", "time": "", "costs": "", "costcenter": "", "applyincalc": true, "stakeholder": "Process Owner"}, "stencil": {"id": "Task"}, "childShapes": [], "outgoing": [], "bounds": {"lowerRight": {"x": 614.68587823142036086, "y": 171.71840247816152214}, "upperLeft": {"x": 514.68587823142036086, "y": 91.71840247816152214}}, "dockers": []}, {"resourceId": "sid-59B15BE7-335F-4C8C-A96B-EE290C534D5B", "properties": {"processid": "", "name": "Receive Complete Bike\n", "documentation": "", "auditing": "", "monitoring": "", "categories": "", "startquantity": 1, "completionquantity": 1, "isforcompensation": "", "assignments": "", "callacitivity": "", "tasktype": "None", "implementation": "webService", "resources": "", "messageref": "", "operationref": "", "instantiate": "", "script": "", "scriptformat": "", "bgcolor": "#ffffcc", "looptype": "None", "testbefore": "", "loopcondition": "", "loopmaximum": "", "loopcardinality": "", "loopdatainput": "", "loopdataoutput": "", "inputdataitem": "", "outputdataitem": "", "behavior": "all", "complexbehaviordefinition": "", "completioncondition": "", "onebehavioreventref:": "signal", "nonebehavioreventref": "signal", "properties": "", "datainputset": "", "dataoutputset": "", "operationname": "", "inmessagename": "", "inmsgitemkind": "Information", "inmsgstructure": "", "inmsgimport": "", "inmsgiscollection": "", "outmessagename": "", "outmsgitemkind": "Information", "outmsgstructure": "", "outmsgimport": "", "outmsgiscollection": "", "bordercolor": "#000000", "time": "", "costs": "", "costcenter": "", "applyincalc": true, "stakeholder": "Process Owner"}, "stencil": {"id": "Task"}, "childShapes": [], "outgoing": [{"resourceId": "sid-FB8F5B0E-33FA-406E-8162-D492F389D7E6"}], "bounds": {"lowerRight": {"x": 1353.9024272597766867, "y": 118.90613415938719299}, "upperLeft": {"x": 1253.9024272597766867, "y": 38.906134159387192994}}, "dockers": []}, {"resourceId": "sid-D05B37A2-5FAE-4D7F-BCB3-27EA84BFADC5", "properties": {"processid": "", "name": "Ship Complete Bike", "documentation": "", "auditing": "", "monitoring": "", "categories": "", "startquantity": 1, "completionquantity": 1, "isforcompensation": "", "assignments": "", "callacitivity": "", "tasktype": "None", "implementation": "webService", "resources": "", "messageref": "", "operationref": "", "instantiate": "", "script": "", "scriptformat": "", "bgcolor": "#ffffcc", "looptype": "None", "testbefore": "", "loopcondition": "", "loopmaximum": "", "loopcardinality": "", "loopdatainput": "", "loopdataoutput": "", "inputdataitem": "", "outputdataitem": "", "behavior": "all", "complexbehaviordefinition": "", "completioncondition": "", "onebehavioreventref:": "signal", "nonebehavioreventref": "signal", "properties": "", "datainputset": "", "dataoutputset": "", "operationname": "", "inmessagename": "", "inmsgitemkind": "Information", "inmsgstructure": "", "inmsgimport": "", "inmsgiscollection": "", "outmessagename": "", "outmsgitemkind": "Information", "outmsgstructure": "", "outmsgimport": "", "outmsgiscollection": "", "bordercolor": "#000000", "time": "", "costs": "", "costcenter": "", "applyincalc": true, "stakeholder": "Process Owner"}, "stencil": {"id": "Task"}, "childShapes": [], "outgoing": [], "bounds": {"lowerRight": {"x": 1498.9024272597766867, "y": 118.90613415938719299}, "upperLeft": {"x": 1398.9024272597766867, "y": 38.906134159387192994}}, "dockers": []}, {"resourceId": "sid-AB2AEDE6-7E1D-45B9-889C-9188B30AA5CF", "properties": {"processid": "", "name": "Send Purchase Order ", "documentation": "", "auditing": "", "monitoring": "", "categories": "", "startquantity": 1, "completionquantity": 1, "isforcompensation": "", "assignments": "", "callacitivity": "", "tasktype": "None", "implementation": "webService", "resources": "", "messageref": "", "operationref": "", "instantiate": "", "script": "", "scriptformat": "", "bgcolor": "#ffffcc", "looptype": "None", "testbefore": "", "loopcondition": "", "loopmaximum": "", "loopcardinality": "", "loopdatainput": "", "loopdataoutput": "", "inputdataitem": "", "outputdataitem": "", "behavior": "all", "complexbehaviordefinition": "", "completioncondition": "", "onebehavioreventref:": "signal", "nonebehavioreventref": "signal", "properties": "", "datainputset": "", "dataoutputset": "", "operationname": "", "inmessagename": "", "inmsgitemkind": "Information", "inmsgstructure": "", "inmsgimport": "", "inmsgiscollection": "", "outmessagename": "", "outmsgitemkind": "Information", "outmsgstructure": "", "outmsgimport": "", "outmsgiscollection": "", "bordercolor": "#000000", "time": "", "costs": "", "costcenter": "", "applyincalc": true, "stakeholder": "Process Owner"}, "stencil": {"id": "Task"}, "childShapes": [], "outgoing": [], "bounds": {"lowerRight": {"x": 225.62453663754865829, "y": 118.90613415938719299}, "upperLeft": {"x": 125.62453663754865829, "y": 38.906134159387192994}}, "dockers": []}, {"resourceId": "sid-D405A80D-C274-497D-8FBF-61ABB52794A0", "properties": {"processid": "", "name": "Receive Completed \nPurchase Order", "documentation": "", "auditing": "", "monitoring": "", "categories": "", "startquantity": 1, "completionquantity": 1, "isforcompensation": "", "assignments": "", "callacitivity": "", "tasktype": "None", "implementation": "webService", "resources": "", "messageref": "", "operationref": "", "instantiate": "", "script": "", "scriptformat": "", "bgcolor": "#ffffcc", "looptype": "None", "testbefore": "", "loopcondition": "", "loopmaximum": "", "loopcardinality": "", "loopdatainput": "", "loopdataoutput": "", "inputdataitem": "", "outputdataitem": "", "behavior": "all", "complexbehaviordefinition": "", "completioncondition": "", "onebehavioreventref:": "signal", "nonebehavioreventref": "signal", "properties": "", "datainputset": "", "dataoutputset": "", "operationname": "", "inmessagename": "", "inmsgitemkind": "Information", "inmsgstructure": "", "inmsgimport": "", "inmsgiscollection": "", "outmessagename": "", "outmsgitemkind": "Information", "outmsgstructure": "", "outmsgimport": "", "outmsgiscollection": "", "bordercolor": "#000000", "time": "", "costs": "", "costcenter": "", "applyincalc": true, "stakeholder": "Process Owner"}, "stencil": {"id": "Task"}, "childShapes": [], "outgoing": [], "bounds": {"lowerRight": {"x": 225.62453663754865829, "y": 171.71840247816157898}, "upperLeft": {"x": 125.62453663754865829, "y": 91.718402478161578983}}, "dockers": []}], "outgoing": [], "bounds": {"lowerRight": {"x": 1749.0278288405679632, "y": 249.99999999999971578}, "upperLeft": {"x": 30, "y": 0}}, "dockers": []}, {"resourceId": "sid-9FEA76CC-2C51-48AF-B65B-6D8B7307AEF2", "properties": {"name": "Accounts Receivable\n", "documentation": "", "auditing": "", "monitoring": "", "parentpool": "", "parentlane": "", "showcaption": true, "bgcolor": "", "bordercolor": "#000000"}, "stencil": {"id": "Lane"}, "childShapes": [], "outgoing": [], "bounds": {"lowerRight": {"x": 1749.0278288405679632, "y": 499.99999999999982947}, "upperLeft": {"x": 30, "y": 249.99999999999971578}}, "dockers": []}, {"resourceId": "sid-5110B2F2-9135-4E96-A57E-632BB43AD6C5", "properties": {"name": "Assembly", "documentation": "", "auditing": "", "monitoring": "", "parentpool": "", "parentlane": "", "showcaption": true, "bgcolor": "", "bordercolor": "#000000"}, "stencil": {"id": "Lane"}, "childShapes": [{"resourceId": "sid-98A5E478-6F0D-4341-89E2-90D769A3F1A0", "properties": {"processid": "", "name": "Deliver \npurchase", "documentation": "", "auditing": "", "monitoring": "", "categories": "", "startquantity": 1, "completionquantity": 1, "isforcompensation": "", "assignments": "", "callacitivity": "", "tasktype": "None", "implementation": "webService", "resources": "", "messageref": "", "operationref": "", "instantiate": "", "script": "", "scriptformat": "", "bgcolor": "#ffffcc", "looptype": "None", "testbefore": "", "loopcondition": "", "loopmaximum": "", "loopcardinality": "", "loopdatainput": "", "loopdataoutput": "", "inputdataitem": "", "outputdataitem": "", "behavior": "all", "complexbehaviordefinition": "", "completioncondition": "", "onebehavioreventref:": "signal", "nonebehavioreventref": "signal", "properties": "", "datainputset": "", "dataoutputset": "", "operationname": "", "inmessagename": "", "inmsgitemkind": "Information", "inmsgstructure": "", "inmsgimport": "", "inmsgiscollection": "", "outmessagename": "", "outmsgitemkind": "Information", "outmsgstructure": "", "outmsgimport": "", "outmsgiscollection": "", "bordercolor": "#000000", "time": "", "costs": "", "costcenter": "", "applyincalc": true, "stakeholder": "Process Owner"}, "stencil": {"id": "Task"}, "childShapes": [], "outgoing": [{"resourceId": "sid-5143A507-9BDB-4395-98AC-79251BABD4D1"}], "bounds": {"lowerRight": {"x": 848.12268318774340514, "y": 165}, "upperLeft": {"x": 748.12268318774340514, "y": 85}}, "dockers": []}, {"resourceId": "sid-0EDCC583-532D-4BAD-AFB3-5DBDAE84E397", "properties": {"processid": "", "name": "Review Purchase", "documentation": "", "auditing": "", "monitoring": "", "categories": "", "startquantity": 1, "completionquantity": 1, "isforcompensation": "", "assignments": "", "callacitivity": "", "tasktype": "None", "implementation": "webService", "resources": "", "messageref": "", "operationref": "", "instantiate": "", "script": "", "scriptformat": "", "bgcolor": "#ffffcc", "looptype": "None", "testbefore": "", "loopcondition": "", "loopmaximum": "", "loopcardinality": "", "loopdatainput": "", "loopdataoutput": "", "inputdataitem": "", "outputdataitem": "", "behavior": "all", "complexbehaviordefinition": "", "completioncondition": "", "onebehavioreventref:": "signal", "nonebehavioreventref": "signal", "properties": "", "datainputset": "", "dataoutputset": "", "operationname": "", "inmessagename": "", "inmsgitemkind": "Information", "inmsgstructure": "", "inmsgimport": "", "inmsgiscollection": "", "outmessagename": "", "outmsgitemkind": "Information", "outmsgstructure": "", "outmsgimport": "", "outmsgiscollection": "", "bordercolor": "#000000", "time": "", "costs": "", "costcenter": "", "applyincalc": true, "stakeholder": "Process Owner"}, "stencil": {"id": "Task"}, "childShapes": [], "outgoing": [{"resourceId": "sid-F9927CE9-BCE4-4E75-A24E-AC25B51F2307"}], "bounds": {"lowerRight": {"x": 1003.7472198252921771, "y": 165}, "upperLeft": {"x": 903.74721982529217712, "y": 85}}, "dockers": []}, {"resourceId": "sid-833040C4-6063-4B7C-A0A1-194271DC6C8D", "properties": {"name": "", "documentation": "", "auditing": "", "monitoring": "", "categories": "", "assignments": "", "pool": "", "lanes": "", "gates": "", "gates_outgoingsequenceflow": "", "gates_assignments": "", "bgcolor": "#ffffff", "processid": "", "gatewaytype": "XOR", "xortype": "Data", "markervisible": "true", "defaultgate": "", "gate_outgoingsequenceflow": "", "gate_assignments": "", "bordercolor": "#000000"}, "stencil": {"id": "Exclusive_Databased_Gateway"}, "childShapes": [], "outgoing": [{"resourceId": "sid-55374AA0-4CD3-4CD2-AFAF-8405908375AE"}, {"resourceId": "sid-8F1187EA-2B9D-4FC4-BB85-5B3A835879A5"}], "bounds": {"lowerRight": {"x": 1088.7472198252921771, "y": 145}, "upperLeft": {"x": 1048.7472198252921771, "y": 105}}, "dockers": []}, {"resourceId": "sid-F3630D9A-A869-4FED-BBB4-7658F8EE2BA9", "properties": {"processid": "", "name": "Assemble Bike", "documentation": "", "auditing": "", "monitoring": "", "categories": "", "startquantity": 1, "completionquantity": 1, "isforcompensation": "", "assignments": "", "callacitivity": "", "tasktype": "None", "implementation": "webService", "resources": "", "messageref": "", "operationref": "", "instantiate": "", "script": "", "scriptformat": "", "bgcolor": "#ffffcc", "looptype": "None", "testbefore": "", "loopcondition": "", "loopmaximum": "", "loopcardinality": "", "loopdatainput": "", "loopdataoutput": "", "inputdataitem": "", "outputdataitem": "", "behavior": "all", "complexbehaviordefinition": "", "completioncondition": "", "onebehavioreventref:": "signal", "nonebehavioreventref": "signal", "properties": "", "datainputset": "", "dataoutputset": "", "operationname": "", "inmessagename": "", "inmsgitemkind": "Information", "inmsgstructure": "", "inmsgimport": "", "inmsgiscollection": "", "outmessagename": "", "outmsgitemkind": "Information", "outmsgstructure": "", "outmsgimport": "", "outmsgiscollection": "", "bordercolor": "#000000", "time": "", "costs": "", "costcenter": "", "applyincalc": true, "stakeholder": "Process Owner"}, "stencil": {"id": "Task"}, "childShapes": [], "outgoing": [{"resourceId": "sid-E9D8B94E-D1E3-4CB5-A831-9894615CBA30"}], "bounds": {"lowerRight": {"x": 1233.7472198252921771, "y": 165}, "upperLeft": {"x": 1133.7472198252921771, "y": 85}}, "dockers": []}, {"resourceId": "sid-FB86A76E-07A2-45C7-B065-319CBB08D1DB", "properties": {"processid": "", "name": "", "documentation": "", "auditing": "", "monitoring": "", "categories": "", "startquantity": 1, "completionquantity": 1, "isforcompensation": "", "assignments": "", "callacitivity": "", "tasktype": "None", "implementation": "webService", "resources": "", "messageref": "", "operationref": "", "instantiate": "", "script": "", "scriptformat": "", "bgcolor": "#ffffcc", "looptype": "None", "testbefore": "", "loopcondition": "", "loopmaximum": "", "loopcardinality": "", "loopdatainput": "", "loopdataoutput": "", "inputdataitem": "", "outputdataitem": "", "behavior": "all", "complexbehaviordefinition": "", "completioncondition": "", "onebehavioreventref:": "signal", "nonebehavioreventref": "signal", "properties": "", "datainputset": "", "dataoutputset": "", "operationname": "", "inmessagename": "", "inmsgitemkind": "Information", "inmsgstructure": "", "inmsgimport": "", "inmsgiscollection": "", "outmessagename": "", "outmsgitemkind": "Information", "outmsgstructure": "", "outmsgimport": "", "outmsgiscollection": "", "bordercolor": "#000000", "time": "", "costs": "", "costcenter": "", "applyincalc": true, "stakeholder": "Process Owner"}, "stencil": {"id": "Task"}, "childShapes": [], "outgoing": [], "bounds": {"lowerRight": {"x": 1233.7472198252921771, "y": 274.00000000000022737}, "upperLeft": {"x": 1133.7472198252921771, "y": 194.00000000000022737}}, "dockers": []}, {"resourceId": "sid-E828596F-287F-4BE3-BC77-9B66B8F662A8", "properties": {"processid": "", "name": "", "documentation": "", "auditing": "", "monitoring": "", "categories": "", "startquantity": 1, "completionquantity": 1, "isforcompensation": "", "assignments": "", "callacitivity": "", "tasktype": "None", "implementation": "webService", "resources": "", "messageref": "", "operationref": "", "instantiate": "", "script": "", "scriptformat": "", "bgcolor": "#ffffcc", "looptype": "None", "testbefore": "", "loopcondition": "", "loopmaximum": "", "loopcardinality": "", "loopdatainput": "", "loopdataoutput": "", "inputdataitem": "", "outputdataitem": "", "behavior": "all", "complexbehaviordefinition": "", "completioncondition": "", "onebehavioreventref:": "signal", "nonebehavioreventref": "signal", "properties": "", "datainputset": "", "dataoutputset": "", "operationname": "", "inmessagename": "", "inmsgitemkind": "Information", "inmsgstructure": "", "inmsgimport": "", "inmsgiscollection": "", "outmessagename": "", "outmsgitemkind": "Information", "outmsgstructure": "", "outmsgimport": "", "outmsgiscollection": "", "bordercolor": "#000000", "time": "", "costs": "", "costcenter": "", "applyincalc": true, "stakeholder": "Process Owner"}, "stencil": {"id": "Task"}, "childShapes": [], "outgoing": [{"resourceId": "sid-68743144-9972-4B6B-9A27-E28617332862"}], "bounds": {"lowerRight": {"x": 1378.7472198252921771, "y": 165}, "upperLeft": {"x": 1278.7472198252921771, "y": 85}}, "dockers": []}], "outgoing": [], "bounds": {"lowerRight": {"x": 1749.0278288405679632, "y": 749.99999999999977263}, "upperLeft": {"x": 30, "y": 499.99999999999982947}}, "dockers": []}, {"resourceId": "sid-2605453C-90F4-4FD8-A080-C47C438CDB19", "properties": {"name": "Procurement", "documentation": "", "auditing": "", "monitoring": "", "parentpool": "", "parentlane": "", "showcaption": true, "bgcolor": "", "bordercolor": "#000000"}, "stencil": {"id": "Lane"}, "childShapes": [{"resourceId": "sid-0D8D8D78-E299-44DE-B41F-64B750668929", "properties": {"processid": "", "name": "Send Order to Manufacturer", "documentation": "", "auditing": "", "monitoring": "", "categories": "", "startquantity": 1, "completionquantity": 1, "isforcompensation": "", "assignments": "", "callacitivity": "", "tasktype": "None", "implementation": "webService", "resources": "", "messageref": "", "operationref": "", "instantiate": "", "script": "", "scriptformat": "", "bgcolor": "#ffffcc", "looptype": "None", "testbefore": "", "loopcondition": "", "loopmaximum": "", "loopcardinality": "", "loopdatainput": "", "loopdataoutput": "", "inputdataitem": "", "outputdataitem": "", "behavior": "all", "complexbehaviordefinition": "", "completioncondition": "", "onebehavioreventref:": "signal", "nonebehavioreventref": "signal", "properties": "", "datainputset": "", "dataoutputset": "", "operationname": "", "inmessagename": "", "inmsgitemkind": "Information", "inmsgstructure": "", "inmsgimport": "", "inmsgiscollection": "", "outmessagename": "", "outmsgitemkind": "Information", "outmsgstructure": "", "outmsgimport": "", "outmsgiscollection": "", "bordercolor": "#000000", "time": "", "costs": "", "costcenter": "", "applyincalc": true, "stakeholder": "Process Owner"}, "stencil": {"id": "Task"}, "childShapes": [], "outgoing": [{"resourceId": "sid-38AA99C7-29A7-4A11-A936-C7B2CDD763BE"}], "bounds": {"lowerRight": {"x": 614.68587823142036086, "y": 147.02881734713082551}, "upperLeft": {"x": 514.68587823142036086, "y": 67.02881734713082551}}, "dockers": []}, {"resourceId": "sid-CA907A69-FAF7-4045-BE15-4FDA348CC7A2", "properties": {"processid": "", "name": "Receive Purchase", "documentation": "", "auditing": "", "monitoring": "", "categories": "", "startquantity": 1, "completionquantity": 1, "isforcompensation": "", "assignments": "", "callacitivity": "", "tasktype": "None", "implementation": "webService", "resources": "", "messageref": "", "operationref": "", "instantiate": "", "script": "", "scriptformat": "", "bgcolor": "#ffffcc", "looptype": "None", "testbefore": "", "loopcondition": "", "loopmaximum": "", "loopcardinality": "", "loopdatainput": "", "loopdataoutput": "", "inputdataitem": "", "outputdataitem": "", "behavior": "all", "complexbehaviordefinition": "", "completioncondition": "", "onebehavioreventref:": "signal", "nonebehavioreventref": "signal", "properties": "", "datainputset": "", "dataoutputset": "", "operationname": "", "inmessagename": "", "inmsgitemkind": "Information", "inmsgstructure": "", "inmsgimport": "", "inmsgiscollection": "", "outmessagename": "", "outmsgitemkind": "Information", "outmsgstructure": "", "outmsgimport": "", "outmsgiscollection": "", "bordercolor": "#000000", "time": "", "costs": "", "costcenter": "", "applyincalc": true, "stakeholder": "Process Owner"}, "stencil": {"id": "Task"}, "childShapes": [], "outgoing": [{"resourceId": "sid-30A60DBF-1B8A-44EA-BB67-6F3B5200D291"}], "bounds": {"lowerRight": {"x": 759.68587823142036086, "y": 147.02881734713082551}, "upperLeft": {"x": 659.68587823142036086, "y": 67.02881734713082551}}, "dockers": []}], "outgoing": [], "bounds": {"lowerRight": {"x": 1749.0278288405679632, "y": 999.99999999999977263}, "upperLeft": {"x": 30, "y": 749.99999999999977263}}, "dockers": []}, {"resourceId": "sid-45C00690-8FA9-4AA1-B5D7-384DE9378627", "properties": {"name": "Accounts Payable\n", "documentation": "", "auditing": "", "monitoring": "", "parentpool": "", "parentlane": "", "showcaption": true, "bgcolor": "", "bordercolor": "#000000"}, "stencil": {"id": "Lane"}, "childShapes": [], "outgoing": [], "bounds": {"lowerRight": {"x": 1749.0278288405679632, "y": 1467.8743512925680079}, "upperLeft": {"x": 30, "y": 999.99999999999977263}}, "dockers": []}], "outgoing": [], "bounds": {"lowerRight": {"x": 1895.7462313187295422, "y": 2214.5927537707293595}, "upperLeft": {"x": 146.71840247816157898, "y": 746.71840247816157898}}, "dockers": []}, {"resourceId": "sid-A5DB84AC-6F16-448C-8314-256A91EB7792", "properties": {"name": "", "documentation": "", "auditing": "", "monitoring": "", "conditiontype": "None", "conditionexpression": "", "isimmediate": "", "showdiamondmarker": "", "bordercolor": "#000000", "probability": ""}, "stencil": {"id": "SequenceFlow"}, "childShapes": [], "outgoing": [{"resourceId": "sid-951BF929-B9C7-45E0-B5EF-5C90D572EF93"}], "bounds": {"lowerRight": {"x": 592.4083202564088424, "y": 878.85466010201764675}, "upperLeft": {"x": 539.01961732111237779, "y": 878.64004356062866918}}, "dockers": [{"x": 50, "y": 40}, {"x": 20.5, "y": 20.5}], "target": {"resourceId": "sid-951BF929-B9C7-45E0-B5EF-5C90D572EF93"}}, {"resourceId": "sid-32723140-CC89-4685-96DD-CA5C1658F743", "properties": {"name": "Approve", "documentation": "", "auditing": "", "monitoring": "", "conditiontype": "None", "conditionexpression": "", "isimmediate": "", "showdiamondmarker": "", "bordercolor": "#000000", "probability": ""}, "stencil": {"id": "SequenceFlow"}, "childShapes": [], "outgoing": [{"resourceId": "sid-0D8D8D78-E299-44DE-B41F-64B750668929"}], "bounds": {"lowerRight": {"x": 691.18939213067790206, "y": 1603.7472198252921771}, "upperLeft": {"x": 612.84293911571023727, "y": 898.43680495632315797}}, "dockers": [{"x": 20.5, "y": 20.5}, {"x": 612.84293911571023727, "y": 1603.7472198252921771}, {"x": 50, "y": 40}], "target": {"resourceId": "sid-0D8D8D78-E299-44DE-B41F-64B750668929"}}, {"resourceId": "sid-BA227280-D97A-487C-9890-0CC70CE7CAF5", "properties": {"name": "Reject", "documentation": "", "auditing": "", "monitoring": "", "conditiontype": "None", "conditionexpression": "", "isimmediate": "", "showdiamondmarker": "", "bordercolor": "#000000", "probability": ""}, "stencil": {"id": "SequenceFlow"}, "childShapes": [], "outgoing": [{"resourceId": "sid-7234A48C-4291-456B-AD5E-A6FE969B19F9"}], "bounds": {"lowerRight": {"x": 691.18939969350708452, "y": 878.85869704172375805}, "upperLeft": {"x": 632.9262556957214656, "y": 878.63210037092255789}}, "dockers": [{"x": 20.5, "y": 20.5}, {"x": 50, "y": 40}], "target": {"resourceId": "sid-7234A48C-4291-456B-AD5E-A6FE969B19F9"}}, {"resourceId": "sid-38AA99C7-29A7-4A11-A936-C7B2CDD763BE", "properties": {"name": "", "documentation": "", "auditing": "", "monitoring": "", "conditiontype": "None", "conditionexpression": "", "isimmediate": "", "showdiamondmarker": "", "bordercolor": "#000000", "probability": ""}, "stencil": {"id": "SequenceFlow"}, "childShapes": [], "outgoing": [{"resourceId": "sid-CA907A69-FAF7-4045-BE15-4FDA348CC7A2"}], "bounds": {"lowerRight": {"x": 835.56053070958193985, "y": 1603.7472198252921771}, "upperLeft": {"x": 791.40428070958193985, "y": 1603.7472198252921771}}, "dockers": [{"x": 50, "y": 40}, {"x": 50, "y": 40}], "target": {"resourceId": "sid-CA907A69-FAF7-4045-BE15-4FDA348CC7A2"}}, {"resourceId": "sid-30A60DBF-1B8A-44EA-BB67-6F3B5200D291", "properties": {"name": "", "documentation": "", "auditing": "", "monitoring": "", "conditiontype": "None", "conditionexpression": "", "isimmediate": "", "showdiamondmarker": "", "bordercolor": "#000000", "probability": ""}, "stencil": {"id": "SequenceFlow"}, "childShapes": [], "outgoing": [{"resourceId": "sid-98A5E478-6F0D-4341-89E2-90D769A3F1A0"}], "bounds": {"lowerRight": {"x": 974.84108566590498413, "y": 1603.7472198252921771}, "upperLeft": {"x": 936.40428070958193985, "y": 1411.7184024781613516}}, "dockers": [{"x": 50, "y": 40}, {"x": 974.84108566590498413, "y": 1603.7472198252921771}, {"x": 50, "y": 40}], "target": {"resourceId": "sid-98A5E478-6F0D-4341-89E2-90D769A3F1A0"}}, {"resourceId": "sid-5143A507-9BDB-4395-98AC-79251BABD4D1", "properties": {"name": "", "documentation": "", "auditing": "", "monitoring": "", "conditiontype": "None", "conditionexpression": "", "isimmediate": "", "showdiamondmarker": "", "bordercolor": "#000000", "probability": ""}, "stencil": {"id": "SequenceFlow"}, "childShapes": [], "outgoing": [{"resourceId": "sid-0EDCC583-532D-4BAD-AFB3-5DBDAE84E397"}], "bounds": {"lowerRight": {"x": 1079.6171379117390643, "y": 1371.7184024781613516}, "upperLeft": {"x": 1024.8410856659049841, "y": 1371.7184024781613516}}, "dockers": [{"x": 50, "y": 40}, {"x": 50, "y": 40}], "target": {"resourceId": "sid-0EDCC583-532D-4BAD-AFB3-5DBDAE84E397"}}, {"resourceId": "sid-F9927CE9-BCE4-4E75-A24E-AC25B51F2307", "properties": {"name": "", "documentation": "", "auditing": "", "monitoring": "", "conditiontype": "None", "conditionexpression": "", "isimmediate": "", "showdiamondmarker": "", "bordercolor": "#000000", "probability": ""}, "stencil": {"id": "SequenceFlow"}, "childShapes": [], "outgoing": [{"resourceId": "sid-833040C4-6063-4B7C-A0A1-194271DC6C8D"}], "bounds": {"lowerRight": {"x": 1225.1140691734613029, "y": 1372.1281360143950678}, "upperLeft": {"x": 1180.4656223034537561, "y": 1371.9348526946116635}}, "dockers": [{"x": 50, "y": 40}, {"x": 20.5, "y": 20.5}], "target": {"resourceId": "sid-833040C4-6063-4B7C-A0A1-194271DC6C8D"}}, {"resourceId": "sid-55374AA0-4CD3-4CD2-AFAF-8405908375AE", "properties": {"name": "", "documentation": "", "auditing": "", "monitoring": "", "conditiontype": "None", "conditionexpression": "", "isimmediate": "", "showdiamondmarker": "", "bordercolor": "#000000", "probability": ""}, "stencil": {"id": "SequenceFlow"}, "childShapes": [], "outgoing": [{"resourceId": "sid-F3630D9A-A869-4FED-BBB4-7658F8EE2BA9"}], "bounds": {"lowerRight": {"x": 1310.266413087842011, "y": 1372.1320044575691099}, "upperLeft": {"x": 1265.7507690190655012, "y": 1371.9376129987535933}}, "dockers": [{"x": 20.5, "y": 20.5}, {"x": 50, "y": 40}], "target": {"resourceId": "sid-F3630D9A-A869-4FED-BBB4-7658F8EE2BA9"}}, {"resourceId": "sid-8F1187EA-2B9D-4FC4-BB85-5B3A835879A5", "properties": {"name": "", "documentation": "", "auditing": "", "monitoring": "", "conditiontype": "None", "conditionexpression": "", "isimmediate": "", "showdiamondmarker": "", "bordercolor": "#000000", "probability": ""}, "stencil": {"id": "SequenceFlow"}, "childShapes": [], "outgoing": [{"resourceId": "sid-FB86A76E-07A2-45C7-B065-319CBB08D1DB"}], "bounds": {"lowerRight": {"x": 1310.2664035534537561, "y": 1480.718402478161579}, "upperLeft": {"x": 1245.9656223034537561, "y": 1391.7184024781613516}}, "dockers": [{"x": 20.5, "y": 20.5}, {"x": 1245.9656223034537561, "y": 1480.718402478161579}, {"x": 50, "y": 40}], "target": {"resourceId": "sid-FB86A76E-07A2-45C7-B065-319CBB08D1DB"}}, {"resourceId": "sid-E9D8B94E-D1E3-4CB5-A831-9894615CBA30", "properties": {"name": "", "documentation": "", "auditing": "", "monitoring": "", "conditiontype": "None", "conditionexpression": "", "isimmediate": "", "showdiamondmarker": "", "bordercolor": "#000000", "probability": ""}, "stencil": {"id": "SequenceFlow"}, "childShapes": [], "outgoing": [{"resourceId": "sid-E828596F-287F-4BE3-BC77-9B66B8F662A8"}], "bounds": {"lowerRight": {"x": 1454.6218723034537561, "y": 1371.7184024781613516}, "upperLeft": {"x": 1410.4656223034537561, "y": 1371.7184024781613516}}, "dockers": [{"x": 50, "y": 40}, {"x": 50, "y": 40}], "target": {"resourceId": "sid-E828596F-287F-4BE3-BC77-9B66B8F662A8"}}, {"resourceId": "sid-68743144-9972-4B6B-9A27-E28617332862", "properties": {"name": "", "documentation": "", "auditing": "", "monitoring": "", "conditiontype": "None", "conditionexpression": "", "isimmediate": "", "showdiamondmarker": "", "bordercolor": "#000000", "probability": ""}, "stencil": {"id": "SequenceFlow"}, "childShapes": [], "outgoing": [{"resourceId": "sid-59B15BE7-335F-4C8C-A96B-EE290C534D5B"}], "bounds": {"lowerRight": {"x": 1505.4656223034537561, "y": 1331.254587954523231}, "upperLeft": {"x": 1480.6208297379382657, "y": 865.62453663754877198}}, "dockers": [{"x": 50, "y": 40}, {"x": 1505.4656223034537561, "y": 1098.6714695578550618}, {"x": 1480.6208297379382657, "y": 1098.6714695578550618}, {"x": 50, "y": 40}], "target": {"resourceId": "sid-59B15BE7-335F-4C8C-A96B-EE290C534D5B"}}, {"resourceId": "sid-FB8F5B0E-33FA-406E-8162-D492F389D7E6", "properties": {"name": "", "documentation": "", "auditing": "", "monitoring": "", "conditiontype": "None", "conditionexpression": "", "isimmediate": "", "showdiamondmarker": "", "bordercolor": "#000000", "probability": ""}, "stencil": {"id": "SequenceFlow"}, "childShapes": [], "outgoing": [{"resourceId": "sid-D05B37A2-5FAE-4D7F-BCB3-27EA84BFADC5"}], "bounds": {"lowerRight": {"x": 1574.7770797379382657, "y": 825.62453663754877198}, "upperLeft": {"x": 1530.6208297379382657, "y": 825.62453663754877198}}, "dockers": [{"x": 50, "y": 40}, {"x": 50, "y": 40}], "target": {"resourceId": "sid-D05B37A2-5FAE-4D7F-BCB3-27EA84BFADC5"}}, {"resourceId": "sid-66BA7B40-8166-481C-B414-3296D6F0DAE1", "properties": {"name": "Barcelona (Retailer)", "documentation": "", "auditing": "", "monitoring": "", "boundaryvisible": true, "processname": "", "status": "None", "adhoc": "", "adhocordering": "Parallel", "adhoccompletioncondition": "", "suppressjoinfailure": "", "enableinstancecompensation": "", "processcategories": "", "processdocumentation": "", "multiinstance": "", "minimum": 2, "maximum": 2, "processtype": "None", "isclosed": "", "isexecutable": "", "bgcolor": "#ffffff", "processid": "sid-A4771F85-F23F-42FA-998C-219E4B66DFE8", "bordercolor": "#000000"}, "stencil": {"id": "Pool"}, "childShapes": [{"resourceId": "sid-6646CEBA-4A7A-4ABB-B252-4456B1C37FF5", "properties": {"name": "", "documentation": "", "auditing": "", "monitoring": "", "parentpool": "", "parentlane": "", "showcaption": false, "bgcolor": "", "bordercolor": "#000000"}, "stencil": {"id": "Lane"}, "childShapes": [], "outgoing": [], "bounds": {"lowerRight": {"x": 600, "y": 250}, "upperLeft": {"x": 30, "y": 0}}, "dockers": []}], "outgoing": [], "bounds": {"lowerRight": {"x": 1226.5871662766965073, "y": 563.29358313834825367}, "upperLeft": {"x": 626.58716627669650734, "y": 313.29358313834825367}}, "dockers": []}], "bounds": {"lowerRight": {"x": 1995.7462313187295422, "y": 2314.5927537707293595}, "upperLeft": {"x": 0, "y": 0}}, "stencilset": {"url": "/stencilsets/bpmn2.0/bpmn2.0.json?version=5.4.1", "namespace": "http://b3mn.org/stencilset/bpmn2.0#"}, "ssextensions": ["http://oryx-editor.org/stencilsets/extensions/bpmn2.0basicsubset#"]}