{"bounds": {"lowerRight": {"y": 1600.0000000000002274, "x": 2085}, "upperLeft": {"y": 0, "x": 0}}, "resourceId": "canvas", "childShapes": [{"dockers": [], "bounds": {"lowerRight": {"y": 917.85072283588465325, "x": 1777.7020507407710284}, "upperLeft": {"y": 612.30756657048175384, "x": 132.86707571385534266}}, "resourceId": "sid-5440D212-E1B7-4722-AF3D-E23F529BA2C1", "layers": [], "labels": [], "childShapes": [{"dockers": [], "bounds": {"lowerRight": {"y": 156.29759777936487808, "x": 1644.8349750269157994}, "upperLeft": {"y": 0, "x": 30}}, "resourceId": "sid-7F18D6C3-0A34-48C6-B49C-1F566AAA8078", "layers": [], "labels": [], "childShapes": [{"dockers": [], "bounds": {"lowerRight": {"y": 93, "x": 59.720245428313205593}, "upperLeft": {"y": 63, "x": 29.720245428313205593}}, "resourceId": "sid-F470CBA5-C6EF-4CC3-80B2-87B8785BDFC4", "layers": [], "labels": [], "childShapes": [], "properties": {"trigger": "None", "monitoring": "", "outputset": "", "applyincalc": "true", "frequency": "", "bgcolor": "#ffffff", "bordercolor": "#000000", "dataoutputassociations": "", "name": "", "dataoutput": "", "documentation": "", "auditing": "", "processid": ""}, "stencil": {"id": "StartNoneEvent"}, "outgoing": [{"resourceId": "sid-E5DD7376-8177-4EB7-ABA7-426B1B2F5589"}], "glossaryLinks": {}, "formats": {}}, {"dockers": [], "bounds": {"lowerRight": {"y": 118, "x": 184.72024542831320559}, "upperLeft": {"y": 38, "x": 84.720245428313205593}}, "resourceId": "sid-C4B74E87-B62B-4E57-B2E0-9C59C1693F52", "layers": [], "labels": [], "childShapes": [], "properties": {"resources": "", "outmsgstructure": "", "applyincalc": "true", "loopcardinality": "", "outmessagename": "", "inmessagename": "", "bgcolor": "#ffffcc", "bordercolor": "#000000", "time": "", "loopdataoutput": "", "testbefore": "false", "callacitivity": "false", "outmsgiscollection": "false", "monitoring": "", "operationname": "", "dataoutputset": "", "completionquantity": "1", "properties": "", "script": "", "assignments": "", "nonebehavioreventref": "signal", "scriptformat": "", "datainputset": "", "processid": "", "startquantity": "1", "tasktype": "None", "looptype": "None", "instantiate": "false", "behavior": "all", "inmsgimport": "", "costs": "", "inputdataitem": "", "loopdatainput": "", "name": "A", "outmsgitemkind": "Information", "costcenter": "", "completioncondition": "", "isforcompensation": "false", "inmsgiscollection": "false", "inmsgitemkind": "Information", "inmsgstructure": "", "outputdataitem": "", "messageref": "", "loopcondition": "", "onebehavioreventref:": "signal", "implementation": "webService", "operationref": "", "outmsgimport": "", "documentation": "", "categories": "", "auditing": "", "complexbehaviordefinition": ""}, "stencil": {"id": "Task"}, "outgoing": [{"resourceId": "sid-5AE6B991-0753-4316-9F64-34890D059BFA"}, {"resourceId": "sid-3596397D-390B-470D-8DC6-BCC1C067902B"}], "glossaryLinks": {}, "formats": {}}, {"dockers": [{"y": 78, "x": 625.80290615282251565}], "bounds": {"lowerRight": {"y": 93, "x": 640.80290615282251565}, "upperLeft": {"y": 63, "x": 610.80290615282251565}}, "resourceId": "sid-FF7C62F5-BA41-443D-A344-070AFA6EE05F", "layers": [], "labels": [], "childShapes": [], "properties": {"trigger": "Message", "bordercolor": "#000000", "monitoring": "", "operationname": "", "name": "", "documentation": "", "messagename": "", "auditing": "", "boundarycancelactivity2": "true", "bgcolor": "#ffffff"}, "stencil": {"id": "IntermediateMessageEventCatching"}, "outgoing": [{"resourceId": "sid-5AA13352-E975-44B7-B45E-909A4D874375"}], "glossaryLinks": {}, "formats": {}}, {"dockers": [], "bounds": {"lowerRight": {"y": 118, "x": 795.52290233528094632}, "upperLeft": {"y": 38, "x": 695.52290233528094632}}, "resourceId": "sid-6EA352D2-2047-4183-91D6-B5FC45CBC02F", "layers": [], "labels": [], "childShapes": [], "properties": {"resources": "", "outmsgstructure": "", "applyincalc": "true", "loopcardinality": "", "outmessagename": "", "inmessagename": "", "bgcolor": "#ffffcc", "bordercolor": "#000000", "time": "", "loopdataoutput": "", "testbefore": "false", "callacitivity": "false", "outmsgiscollection": "false", "monitoring": "", "operationname": "", "dataoutputset": "", "completionquantity": "1", "properties": "", "script": "", "assignments": "", "nonebehavioreventref": "signal", "scriptformat": "", "datainputset": "", "processid": "", "startquantity": "1", "tasktype": "None", "looptype": "None", "instantiate": "false", "behavior": "all", "inmsgimport": "", "costs": "", "inputdataitem": "", "loopdatainput": "", "name": "B", "outmsgitemkind": "Information", "costcenter": "", "completioncondition": "", "isforcompensation": "false", "inmsgiscollection": "false", "inmsgitemkind": "Information", "inmsgstructure": "", "outputdataitem": "", "messageref": "", "loopcondition": "", "onebehavioreventref:": "signal", "implementation": "webService", "operationref": "", "outmsgimport": "", "documentation": "", "categories": "", "auditing": "", "complexbehaviordefinition": ""}, "stencil": {"id": "Task"}, "outgoing": [{"resourceId": "sid-F7D32CA3-0DF5-4661-9B66-CF380ED82735"}], "glossaryLinks": {}, "formats": {}}, {"dockers": [], "bounds": {"lowerRight": {"y": 118, "x": 955.31289947212496827}, "upperLeft": {"y": 38, "x": 855.31289947212496827}}, "resourceId": "sid-C0C4C2BC-2995-460A-B7EF-ACF754731FEE", "layers": [], "labels": [], "childShapes": [], "properties": {"resources": "", "outmsgstructure": "", "applyincalc": "true", "loopcardinality": "", "outmessagename": "", "inmessagename": "", "bgcolor": "#ffffcc", "bordercolor": "#000000", "time": "", "loopdataoutput": "", "testbefore": "false", "callacitivity": "false", "outmsgiscollection": "false", "monitoring": "", "operationname": "", "dataoutputset": "", "completionquantity": "1", "properties": "", "script": "", "assignments": "", "nonebehavioreventref": "signal", "scriptformat": "", "datainputset": "", "processid": "", "startquantity": "1", "tasktype": "None", "looptype": "None", "instantiate": "false", "behavior": "all", "inmsgimport": "", "costs": "", "inputdataitem": "", "loopdatainput": "", "name": "C", "outmsgitemkind": "Information", "costcenter": "", "completioncondition": "", "isforcompensation": "false", "inmsgiscollection": "false", "inmsgitemkind": "Information", "inmsgstructure": "", "outputdataitem": "", "messageref": "", "loopcondition": "", "onebehavioreventref:": "signal", "implementation": "webService", "operationref": "", "outmsgimport": "", "documentation": "", "categories": "", "auditing": "", "complexbehaviordefinition": ""}, "stencil": {"id": "Task"}, "outgoing": [{"resourceId": "sid-6E1E15B0-B4F3-4A04-B3A7-BFBC7AB8E68B"}, {"resourceId": "sid-8BFC1002-3F2E-4EE1-993C-0B0C6A9CCF7E"}], "glossaryLinks": {}, "formats": {}}], "properties": {"showcaption": "true", "bordercolor": "#000000", "monitoring": "", "parentlane": "", "name": "F", "documentation": "", "auditing": "", "bgcolor": "", "parentpool": ""}, "stencil": {"id": "Lane"}, "outgoing": [], "glossaryLinks": {}, "formats": {}}, {"dockers": [], "bounds": {"lowerRight": {"y": 305.54315626540289941, "x": 1644.8349750269157994}, "upperLeft": {"y": 156.29759777936487808, "x": 30}}, "resourceId": "sid-C385F04C-8E2A-4DA7-A6CF-93D56BBECF31", "layers": [], "labels": [], "childShapes": [{"dockers": [{"y": 78.000000000000113687, "x": 1184.8228927914274209}], "bounds": {"lowerRight": {"y": 93.000000000000113687, "x": 1199.8228927914274209}, "upperLeft": {"y": 63.000000000000113687, "x": 1169.8228927914274209}}, "resourceId": "sid-E9301D39-98AB-43C2-B732-5976B1E68700", "layers": [], "labels": [], "childShapes": [], "properties": {"trigger": "Message", "bordercolor": "#000000", "monitoring": "", "operationname": "", "name": "", "documentation": "", "messagename": "", "auditing": "", "boundarycancelactivity2": "true", "bgcolor": "#ffffff"}, "stencil": {"id": "IntermediateMessageEventCatching"}, "outgoing": [{"resourceId": "sid-D7C4D31B-BBB5-4097-BC42-AA501ED37A8F"}], "glossaryLinks": {}, "formats": {}}, {"dockers": [], "bounds": {"lowerRight": {"y": 118.00000000000011369, "x": 1354.6128899282712155}, "upperLeft": {"y": 38.000000000000113687, "x": 1254.6128899282712155}}, "resourceId": "sid-CED90471-60FB-4527-BEDB-4D3D858FDF6C", "layers": [], "labels": [], "childShapes": [], "properties": {"resources": "", "outmsgstructure": "", "applyincalc": "true", "loopcardinality": "", "outmessagename": "", "inmessagename": "", "bgcolor": "#ffffcc", "bordercolor": "#000000", "time": "", "loopdataoutput": "", "testbefore": "false", "callacitivity": "false", "outmsgiscollection": "false", "monitoring": "", "operationname": "", "dataoutputset": "", "completionquantity": "1", "properties": "", "script": "", "assignments": "", "nonebehavioreventref": "signal", "scriptformat": "", "datainputset": "", "processid": "", "startquantity": "1", "tasktype": "None", "looptype": "None", "instantiate": "false", "behavior": "all", "inmsgimport": "", "costs": "", "inputdataitem": "", "loopdatainput": "", "name": "H", "outmsgitemkind": "Information", "costcenter": "", "completioncondition": "", "isforcompensation": "false", "inmsgiscollection": "false", "inmsgitemkind": "Information", "inmsgstructure": "", "outputdataitem": "", "messageref": "", "loopcondition": "", "onebehavioreventref:": "signal", "implementation": "webService", "operationref": "", "outmsgimport": "", "documentation": "", "categories": "", "auditing": "", "complexbehaviordefinition": ""}, "stencil": {"id": "Task"}, "outgoing": [{"resourceId": "sid-6D19AB0F-F44C-4011-ACEF-152771DE0052"}], "glossaryLinks": {}, "formats": {}}, {"dockers": [], "bounds": {"lowerRight": {"y": 118.00000000000011369, "x": 1514.3328861107297598}, "upperLeft": {"y": 38.000000000000113687, "x": 1414.3328861107297598}}, "resourceId": "sid-B7A0787A-E518-49C5-931E-806E3939E680", "layers": [], "labels": [], "childShapes": [], "properties": {"resources": "", "outmsgstructure": "", "applyincalc": "true", "loopcardinality": "", "outmessagename": "", "inmessagename": "", "bgcolor": "#ffffcc", "bordercolor": "#000000", "time": "", "loopdataoutput": "", "testbefore": "false", "callacitivity": "false", "outmsgiscollection": "false", "monitoring": "", "operationname": "", "dataoutputset": "", "completionquantity": "1", "properties": "", "script": "", "assignments": "", "nonebehavioreventref": "signal", "scriptformat": "", "datainputset": "", "processid": "", "startquantity": "1", "tasktype": "None", "looptype": "None", "instantiate": "false", "behavior": "all", "inmsgimport": "", "costs": "", "inputdataitem": "", "loopdatainput": "", "name": "I", "outmsgitemkind": "Information", "costcenter": "", "completioncondition": "", "isforcompensation": "false", "inmsgiscollection": "false", "inmsgitemkind": "Information", "inmsgstructure": "", "outputdataitem": "", "messageref": "", "loopcondition": "", "onebehavioreventref:": "signal", "implementation": "webService", "operationref": "", "outmsgimport": "", "documentation": "", "categories": "", "auditing": "", "complexbehaviordefinition": ""}, "stencil": {"id": "Task"}, "outgoing": [{"resourceId": "sid-74B96B6F-0626-426A-AADD-60A933A38EEE"}], "glossaryLinks": {}, "formats": {}}, {"dockers": [], "bounds": {"lowerRight": {"y": 92.000000000000113687, "x": 1587.3328861107297598}, "upperLeft": {"y": 64.000000000000113687, "x": 1559.3328861107297598}}, "resourceId": "sid-75232DAB-FEBC-474F-931B-628BD7C99AA7", "layers": [], "labels": [], "childShapes": [], "properties": {"inputset": "", "trigger": "None", "bordercolor": "#000000", "monitoring": "", "datainputassociations": "", "name": "", "documentation": "", "auditing": "", "datainput": "", "bgcolor": "#ffffff"}, "stencil": {"id": "EndNoneEvent"}, "outgoing": [], "glossaryLinks": {}, "formats": {}}], "properties": {"showcaption": "true", "bordercolor": "#000000", "monitoring": "", "parentlane": "", "name": "G", "documentation": "", "auditing": "", "bgcolor": "", "parentpool": ""}, "stencil": {"id": "Lane"}, "outgoing": [], "glossaryLinks": {}, "formats": {}}], "properties": {"isclosed": "false", "enableinstancecompensation": "false", "boundaryvisible": "true", "monitoring": "", "processcategories": "", "minimum": "2", "status": "None", "isexecutable": "false", "processdocumentation": "", "processtype": "None", "bordercolor": "#000000", "processname": "", "multiinstance": "false", "maximum": "2", "name": "L", "documentation": "", "suppressjoinfailure": "false", "adhoccompletioncondition": "", "auditing": "", "adhocordering": "Parallel", "adhoc": "false", "processid": ""}, "stencil": {"id": "Pool"}, "outgoing": [], "glossaryLinks": {}, "formats": {}}, {"dockers": [], "bounds": {"lowerRight": {"y": 458.49111697207604266, "x": 976.92398078504129444}, "upperLeft": {"y": 160, "x": 216.72007370964607276}}, "resourceId": "sid-B60D2542-9E91-447B-A5D9-B74D1428A415", "layers": [], "labels": [], "childShapes": [{"dockers": [], "bounds": {"lowerRight": {"y": 149.24555848603802133, "x": 760.2039070753952501}, "upperLeft": {"y": 0, "x": 30}}, "resourceId": "sid-E3A8873D-3F1C-422A-AA5B-18ABFD47DF85", "layers": [], "labels": [], "childShapes": [{"dockers": [], "bounds": {"lowerRight": {"y": 89.999999999999843681, "x": 65.867247432522503914}, "upperLeft": {"y": 59.999999999999843681, "x": 35.867247432522503914}}, "resourceId": "sid-920A52FC-9B81-4368-9C1C-7ECDA2469310", "layers": [], "labels": [], "childShapes": [], "properties": {"trigger": "Message", "monitoring": "", "operationname": "", "outputset": "", "applyincalc": "true", "frequency": "", "isinterrupting": "true", "bgcolor": "#ffffff", "bordercolor": "#000000", "dataoutputassociations": "", "name": "", "messagename": "", "dataoutput": "", "documentation": "", "auditing": "", "processid": ""}, "stencil": {"id": "StartMessageEvent"}, "outgoing": [{"resourceId": "sid-9A4B1C04-0A54-404D-ADAC-B14EC6299FE7"}], "glossaryLinks": {}, "formats": {}}, {"dockers": [{"y": 74.99999999999982947, "x": 126.14700200420929832}], "bounds": {"lowerRight": {"y": 89.99999999999982947, "x": 141.14700200420929832}, "upperLeft": {"y": 59.99999999999982947, "x": 111.14700200420929832}}, "resourceId": "sid-B996E986-0AA1-49F6-82C5-ECFF3908AF48", "layers": [], "labels": [], "childShapes": [], "properties": {"trigger": "Rule", "bordercolor": "#000000", "monitoring": "", "dataoutputassociations": "", "outputset": "", "condition": "", "name": "D", "documentation": "", "dataoutput": "", "auditing": "", "boundarycancelactivity2": "true", "bgcolor": "#ffffff"}, "stencil": {"id": "IntermediateConditionalEvent"}, "outgoing": [{"resourceId": "sid-6111721D-1A73-479E-BBEC-0FDE61742BF7"}], "glossaryLinks": {}, "formats": {}}, {"dockers": [], "bounds": {"lowerRight": {"y": 114.99999999999984368, "x": 285.02798371746212069}, "upperLeft": {"y": 34.999999999999843681, "x": 185.02798371746212069}}, "resourceId": "sid-7CC05038-8E7D-4D42-BF95-7C80B11DD034", "layers": [], "labels": [], "childShapes": [], "properties": {"resources": "", "outmsgstructure": "", "applyincalc": "true", "loopcardinality": "", "outmessagename": "", "inmessagename": "", "bgcolor": "#ffffcc", "bordercolor": "#000000", "time": "", "loopdataoutput": "", "testbefore": "false", "callacitivity": "false", "outmsgiscollection": "false", "monitoring": "", "operationname": "", "dataoutputset": "", "completionquantity": "1", "properties": "", "script": "", "assignments": "", "nonebehavioreventref": "signal", "scriptformat": "", "datainputset": "", "processid": "", "startquantity": "1", "tasktype": "None", "looptype": "None", "instantiate": "false", "behavior": "all", "inmsgimport": "", "costs": "", "inputdataitem": "", "loopdatainput": "", "name": "E", "outmsgitemkind": "Information", "costcenter": "", "completioncondition": "", "isforcompensation": "false", "inmsgiscollection": "false", "inmsgitemkind": "Information", "inmsgstructure": "", "outputdataitem": "", "messageref": "", "loopcondition": "", "onebehavioreventref:": "signal", "implementation": "webService", "operationref": "", "outmsgimport": "", "documentation": "", "categories": "", "auditing": "", "complexbehaviordefinition": ""}, "stencil": {"id": "Task"}, "outgoing": [{"resourceId": "sid-608EFC47-DFD7-477E-9DF7-D28C1A58E309"}], "glossaryLinks": {}, "formats": {}}], "properties": {"showcaption": "true", "bordercolor": "#000000", "monitoring": "", "parentlane": "", "name": "V", "documentation": "", "auditing": "", "bgcolor": "", "parentpool": ""}, "stencil": {"id": "Lane"}, "outgoing": [], "glossaryLinks": {}, "formats": {}}, {"dockers": [], "bounds": {"lowerRight": {"y": 298.49111697207604266, "x": 760.2039070753952501}, "upperLeft": {"y": 149.24555848603802133, "x": 30}}, "resourceId": "sid-E4DD97FD-1A38-46A5-884D-47E218B451DE", "layers": [], "labels": [], "childShapes": [{"dockers": [], "bounds": {"lowerRight": {"y": 114.99999999999984368, "x": 432.22991197457326962}, "upperLeft": {"y": 34.999999999999843681, "x": 332.22991197457326962}}, "resourceId": "sid-69BC8C44-D8AB-4433-AE5A-A3D9685B8C7F", "layers": [], "labels": [], "childShapes": [], "properties": {"resources": "", "outmsgstructure": "", "applyincalc": "true", "loopcardinality": "", "outmessagename": "", "inmessagename": "", "bgcolor": "#ffffcc", "bordercolor": "#000000", "time": "", "loopdataoutput": "", "testbefore": "false", "callacitivity": "false", "outmsgiscollection": "false", "monitoring": "", "operationname": "", "dataoutputset": "", "completionquantity": "1", "properties": "", "script": "", "assignments": "", "nonebehavioreventref": "signal", "scriptformat": "", "datainputset": "", "processid": "", "startquantity": "1", "tasktype": "None", "looptype": "None", "instantiate": "false", "behavior": "all", "inmsgimport": "", "costs": "", "inputdataitem": "", "loopdatainput": "", "name": "T", "outmsgitemkind": "Information", "costcenter": "", "completioncondition": "", "isforcompensation": "false", "inmsgiscollection": "false", "inmsgitemkind": "Information", "inmsgstructure": "", "outputdataitem": "", "messageref": "", "loopcondition": "", "onebehavioreventref:": "signal", "implementation": "webService", "operationref": "", "outmsgimport": "", "documentation": "", "categories": "", "auditing": "", "complexbehaviordefinition": ""}, "stencil": {"id": "Task"}, "outgoing": [{"resourceId": "sid-E35C82FB-D6F6-45CC-A2A6-83CD5B9C0ED1"}, {"resourceId": "sid-2181C26E-49DB-478B-A24A-437D028EBC3B"}], "glossaryLinks": {}, "formats": {}}, {"dockers": [], "bounds": {"lowerRight": {"y": 114.99999999999984368, "x": 591.94990815703181397}, "upperLeft": {"y": 34.999999999999843681, "x": 491.94990815703181397}}, "resourceId": "sid-0C8BD98E-7F1C-4003-878B-D61B0C36D528", "layers": [], "labels": [], "childShapes": [], "properties": {"resources": "", "outmsgstructure": "", "applyincalc": "true", "loopcardinality": "", "outmessagename": "", "inmessagename": "", "bgcolor": "#ffffcc", "bordercolor": "#000000", "time": "", "loopdataoutput": "", "testbefore": "false", "callacitivity": "false", "outmsgiscollection": "false", "monitoring": "", "operationname": "", "dataoutputset": "", "completionquantity": "1", "properties": "", "script": "", "assignments": "", "nonebehavioreventref": "signal", "scriptformat": "", "datainputset": "", "processid": "", "startquantity": "1", "tasktype": "None", "looptype": "None", "instantiate": "false", "behavior": "all", "inmsgimport": "", "costs": "", "inputdataitem": "", "loopdatainput": "", "name": "U", "outmsgitemkind": "Information", "costcenter": "", "completioncondition": "", "isforcompensation": "false", "inmsgiscollection": "false", "inmsgitemkind": "Information", "inmsgstructure": "", "outputdataitem": "", "messageref": "", "loopcondition": "", "onebehavioreventref:": "signal", "implementation": "webService", "operationref": "", "outmsgimport": "", "documentation": "", "categories": "", "auditing": "", "complexbehaviordefinition": ""}, "stencil": {"id": "Task"}, "outgoing": [{"resourceId": "sid-1116FF34-C01B-411B-B292-C5EF2FBFEB79"}, {"resourceId": "sid-AB20386B-2C53-41DD-BC05-ADC3C91B1DCA"}], "glossaryLinks": {}, "formats": {}}, {"dockers": [], "bounds": {"lowerRight": {"y": 88.999999999999843681, "x": 664.94990815703181397}, "upperLeft": {"y": 60.999999999999843681, "x": 636.94990815703181397}}, "resourceId": "sid-3D836F9E-0C4F-42E9-B650-396D9E9A4644", "layers": [], "labels": [], "childShapes": [], "properties": {"inputset": "", "trigger": "None", "bordercolor": "#000000", "monitoring": "", "datainputassociations": "", "name": "", "documentation": "", "auditing": "", "datainput": "", "bgcolor": "#ffffff"}, "stencil": {"id": "EndNoneEvent"}, "outgoing": [], "glossaryLinks": {}, "formats": {}}], "properties": {"showcaption": "true", "bordercolor": "#000000", "monitoring": "", "parentlane": "", "name": "W", "documentation": "", "auditing": "", "bgcolor": "", "parentpool": ""}, "stencil": {"id": "Lane"}, "outgoing": [], "glossaryLinks": {}, "formats": {}}], "properties": {"isclosed": "false", "enableinstancecompensation": "false", "boundaryvisible": "true", "monitoring": "", "processcategories": "", "minimum": "2", "status": "None", "isexecutable": "false", "processdocumentation": "", "processtype": "None", "bordercolor": "#000000", "processname": "", "multiinstance": "false", "maximum": "2", "name": "M", "documentation": "", "suppressjoinfailure": "false", "adhoccompletioncondition": "", "auditing": "", "adhocordering": "Parallel", "adhoc": "false", "processid": ""}, "stencil": {"id": "Pool"}, "outgoing": [], "glossaryLinks": {}, "formats": {}}, {"dockers": [], "bounds": {"lowerRight": {"y": 1227.3205322404405706, "x": 1536.7910564988958413}, "upperLeft": {"y": 1078.0749737544022082, "x": 958.31997709475092506}}, "resourceId": "sid-9BE361BF-FCE0-428E-8FD0-C2AC99AB93FA", "layers": [], "labels": [], "childShapes": [{"dockers": [], "bounds": {"lowerRight": {"y": 149.24555848603836239, "x": 578.47107940414491623}, "upperLeft": {"y": 0, "x": 30}}, "resourceId": "sid-4B1B8A6F-35D5-46AA-A7B2-3EDD23A621FA", "layers": [], "labels": [], "childShapes": [{"dockers": [], "bounds": {"lowerRight": {"y": 90, "x": 94.859998091229385864}, "upperLeft": {"y": 60, "x": 64.859998091229385864}}, "resourceId": "sid-282F27E1-EF1A-43E4-9B9B-DE7132EA983C", "layers": [], "labels": [], "childShapes": [], "properties": {"trigger": "Message", "monitoring": "", "operationname": "", "outputset": "", "applyincalc": "true", "frequency": "", "isinterrupting": "true", "bgcolor": "#ffffff", "bordercolor": "#000000", "dataoutputassociations": "", "name": "", "messagename": "", "dataoutput": "", "documentation": "", "auditing": "", "processid": ""}, "stencil": {"id": "StartMessageEvent"}, "outgoing": [{"resourceId": "sid-B3C67C12-AB3E-4F24-8895-94A9284CDD6D"}], "glossaryLinks": {}, "formats": {}}, {"dockers": [], "bounds": {"lowerRight": {"y": 115, "x": 249.64999522807329413}, "upperLeft": {"y": 35, "x": 149.64999522807329413}}, "resourceId": "sid-8090FD2E-49E6-4F2C-967A-1C575B43077C", "layers": [], "labels": [], "childShapes": [], "properties": {"resources": "", "outmsgstructure": "", "applyincalc": "true", "loopcardinality": "", "outmessagename": "", "inmessagename": "", "bgcolor": "#ffffcc", "bordercolor": "#000000", "time": "", "loopdataoutput": "", "testbefore": "false", "callacitivity": "false", "outmsgiscollection": "false", "monitoring": "", "operationname": "", "dataoutputset": "", "completionquantity": "1", "properties": "", "script": "", "assignments": "", "nonebehavioreventref": "signal", "scriptformat": "", "datainputset": "", "processid": "", "startquantity": "1", "tasktype": "None", "looptype": "None", "instantiate": "false", "behavior": "all", "inmsgimport": "", "costs": "", "inputdataitem": "", "loopdatainput": "", "name": "J", "outmsgitemkind": "Information", "costcenter": "", "completioncondition": "", "isforcompensation": "false", "inmsgiscollection": "false", "inmsgitemkind": "Information", "inmsgstructure": "", "outputdataitem": "", "messageref": "", "loopcondition": "", "onebehavioreventref:": "signal", "implementation": "webService", "operationref": "", "outmsgimport": "", "documentation": "", "categories": "", "auditing": "", "complexbehaviordefinition": ""}, "stencil": {"id": "Task"}, "outgoing": [{"resourceId": "sid-0CE9A522-7AC7-4FBF-B0AE-CFD41859E16F"}], "glossaryLinks": {}, "formats": {}}, {"dockers": [], "bounds": {"lowerRight": {"y": 115, "x": 409.36999141053183848}, "upperLeft": {"y": 35, "x": 309.36999141053183848}}, "resourceId": "sid-DD31CD93-CE77-42B0-9270-DA7F0AA039CF", "layers": [], "labels": [], "childShapes": [], "properties": {"resources": "", "outmsgstructure": "", "applyincalc": "true", "loopcardinality": "", "outmessagename": "", "inmessagename": "", "bgcolor": "#ffffcc", "bordercolor": "#000000", "time": "", "loopdataoutput": "", "testbefore": "false", "callacitivity": "false", "outmsgiscollection": "false", "monitoring": "", "operationname": "", "dataoutputset": "", "completionquantity": "1", "properties": "", "script": "", "assignments": "", "nonebehavioreventref": "signal", "scriptformat": "", "datainputset": "", "processid": "", "startquantity": "1", "tasktype": "None", "looptype": "None", "instantiate": "false", "behavior": "all", "inmsgimport": "", "costs": "", "inputdataitem": "", "loopdatainput": "", "name": "K", "outmsgitemkind": "Information", "costcenter": "", "completioncondition": "", "isforcompensation": "false", "inmsgiscollection": "false", "inmsgitemkind": "Information", "inmsgstructure": "", "outputdataitem": "", "messageref": "", "loopcondition": "", "onebehavioreventref:": "signal", "implementation": "webService", "operationref": "", "outmsgimport": "", "documentation": "", "categories": "", "auditing": "", "complexbehaviordefinition": ""}, "stencil": {"id": "Task"}, "outgoing": [{"resourceId": "sid-0653FE65-960F-47EB-B698-5B391C5FD39D"}, {"resourceId": "sid-6C2C01EB-0968-46DB-9C47-076D85CDD3B6"}, {"resourceId": "sid-8F30BCBB-7F51-4984-8DA0-9C338E027801"}], "glossaryLinks": {}, "formats": {}}, {"dockers": [], "bounds": {"lowerRight": {"y": 89, "x": 482.36999141053183848}, "upperLeft": {"y": 61, "x": 454.36999141053183848}}, "resourceId": "sid-F9AE3BC6-06B8-4F67-AAC5-BD20DDD083A6", "layers": [], "labels": [], "childShapes": [], "properties": {"inputset": "", "trigger": "None", "bordercolor": "#000000", "monitoring": "", "datainputassociations": "", "name": "", "documentation": "", "auditing": "", "datainput": "", "bgcolor": "#ffffff"}, "stencil": {"id": "EndNoneEvent"}, "outgoing": [], "glossaryLinks": {}, "formats": {}}], "properties": {"showcaption": "true", "bordercolor": "#000000", "monitoring": "", "parentlane": "", "name": "", "documentation": "", "auditing": "", "bgcolor": "", "parentpool": ""}, "stencil": {"id": "Lane"}, "outgoing": [], "glossaryLinks": {}, "formats": {}}], "properties": {"isclosed": "false", "enableinstancecompensation": "false", "boundaryvisible": "true", "monitoring": "", "processcategories": "", "minimum": "2", "status": "None", "isexecutable": "false", "processdocumentation": "", "processtype": "None", "bordercolor": "#000000", "processname": "", "multiinstance": "false", "maximum": "2", "name": "N", "documentation": "", "suppressjoinfailure": "false", "adhoccompletioncondition": "", "auditing": "", "adhocordering": "Parallel", "adhoc": "false", "processid": ""}, "stencil": {"id": "Pool"}, "outgoing": [], "glossaryLinks": {}, "formats": {}}, {"dockers": [{"y": 15, "x": 15}, {"y": 40, "x": 50}], "bounds": {"lowerRight": {"y": 690.30756657048175384, "x": 247.36857114216854825}, "upperLeft": {"y": 690.30756657048175384, "x": 222.64982114216854825}}, "resourceId": "sid-E5DD7376-8177-4EB7-ABA7-426B1B2F5589", "layers": [], "labels": [], "target": {"resourceId": "sid-C4B74E87-B62B-4E57-B2E0-9C59C1693F52"}, "childShapes": [], "properties": {"ConditionType": "None", "showdiamondmarker": "false", "bordercolor": "#000000", "monitoring": "", "name": "", "documentation": "", "probability": "", "conditionexpression": "", "isimmediate": "false", "auditing": ""}, "stencil": {"id": "SequenceFlow"}, "outgoing": [{"resourceId": "sid-C4B74E87-B62B-4E57-B2E0-9C59C1693F52"}], "glossaryLinks": {}, "formats": {}}, {"dockers": [{"y": 15, "x": 15}, {"y": 15, "x": 15}], "bounds": {"lowerRight": {"y": 234.99999999999982947, "x": 357.75212173166409002}, "upperLeft": {"y": 234.99999999999982947, "x": 312.70227512435980088}}, "resourceId": "sid-9A4B1C04-0A54-404D-ADAC-B14EC6299FE7", "layers": [], "labels": [], "target": {"resourceId": "sid-B996E986-0AA1-49F6-82C5-ECFF3908AF48"}, "childShapes": [], "properties": {"ConditionType": "None", "showdiamondmarker": "false", "bordercolor": "#000000", "monitoring": "", "name": "", "documentation": "", "probability": "", "conditionexpression": "", "isimmediate": "false", "auditing": ""}, "stencil": {"id": "SequenceFlow"}, "outgoing": [{"resourceId": "sid-B996E986-0AA1-49F6-82C5-ECFF3908AF48"}], "glossaryLinks": {}, "formats": {}}, {"dockers": [{"y": 15, "x": 15}, {"y": 40, "x": 50}], "bounds": {"lowerRight": {"y": 234.99999999999982947, "x": 431.41136258829050121}, "upperLeft": {"y": 234.99999999999982947, "x": 388.32783109764670826}}, "resourceId": "sid-6111721D-1A73-479E-BBEC-0FDE61742BF7", "layers": [], "labels": [], "target": {"resourceId": "sid-7CC05038-8E7D-4D42-BF95-7C80B11DD034"}, "childShapes": [], "properties": {"ConditionType": "None", "showdiamondmarker": "false", "bordercolor": "#000000", "monitoring": "", "name": "", "documentation": "", "probability": "", "conditionexpression": "", "isimmediate": "false", "auditing": ""}, "stencil": {"id": "SequenceFlow"}, "outgoing": [{"resourceId": "sid-7CC05038-8E7D-4D42-BF95-7C80B11DD034"}], "glossaryLinks": {}, "formats": {}}, {"dockers": [{"y": 116.29824901750748722, "x": 0}, {"y": 31.670170409578307869, "x": 44.000000000000007105}], "bounds": {"lowerRight": {"y": 499.27674994389053609, "x": 297.58732114216854825}, "upperLeft": {"y": 450.20396701182920651, "x": 242.78542054434808506}}, "resourceId": "sid-2E637905-F8A7-4DDE-A67C-9E884E86B80E", "layers": [], "labels": [], "target": {"resourceId": "sid-AD430369-A377-41C3-BA04-CC875C963B96"}, "childShapes": [], "properties": {"bordercolor": "#000000", "type": "none", "assignments": "", "transformation": ""}, "stencil": {"id": "Association_Undirected"}, "outgoing": [{"resourceId": "sid-AD430369-A377-41C3-BA04-CC875C963B96"}], "glossaryLinks": {}, "formats": {}}, {"dockers": [{"y": 40, "x": 50}, {"y": 15, "x": 15}], "bounds": {"lowerRight": {"y": 650.17957256833096835, "x": 297.58732114216854825}, "upperLeft": {"y": 250.22836145532741625, "x": 297.58732114216854825}}, "resourceId": "sid-5AE6B991-0753-4316-9F64-34890D059BFA", "layers": [], "labels": [], "target": {"resourceId": "sid-920A52FC-9B81-4368-9C1C-7ECDA2469310"}, "childShapes": [], "properties": {"bordercolor": "#000000", "monitoring": "", "name": "", "documentation": "", "auditing": ""}, "stencil": {"id": "MessageFlow"}, "outgoing": [{"resourceId": "sid-920A52FC-9B81-4368-9C1C-7ECDA2469310"}, {"resourceId": "sid-2E637905-F8A7-4DDE-A67C-9E884E86B80E"}], "glossaryLinks": {}, "formats": {}}, {"dockers": [{"y": 40, "x": 50}, {"y": 235, "x": 555.34902155566373949}, {"y": 384.24555848603802133, "x": 555.34902155566373949}, {"y": 40, "x": 50}], "bounds": {"lowerRight": {"y": 384.24555848603802133, "x": 578.49933791034607111}, "upperLeft": {"y": 234.99999999999994316, "x": 531.74805742710816503}}, "resourceId": "sid-608EFC47-DFD7-477E-9DF7-D28C1A58E309", "layers": [], "labels": [], "target": {"resourceId": "sid-69BC8C44-D8AB-4433-AE5A-A3D9685B8C7F"}, "childShapes": [], "properties": {"ConditionType": "None", "showdiamondmarker": "false", "bordercolor": "#000000", "monitoring": "", "name": "", "documentation": "", "probability": "", "conditionexpression": "", "isimmediate": "false", "auditing": ""}, "stencil": {"id": "SequenceFlow"}, "outgoing": [{"resourceId": "sid-69BC8C44-D8AB-4433-AE5A-A3D9685B8C7F"}], "glossaryLinks": {}, "formats": {}}, {"dockers": [], "bounds": {"lowerRight": {"y": 562.46532888933938921, "x": 251.58732114216854825}, "upperLeft": {"y": 499.12498807018278058, "x": 163.58732114216851983}}, "resourceId": "sid-AD430369-A377-41C3-BA04-CC875C963B96", "layers": [], "labels": [], "childShapes": [], "properties": {"bordercolor": "#000000", "iscollection": "false", "monitoring": "", "input_output": "None", "name": "O", "state": "", "documentation": "", "categories": "", "properties": "", "auditing": "", "bgcolor": "#ffffff"}, "stencil": {"id": "DataObject"}, "outgoing": [], "glossaryLinks": {}, "formats": {}}, {"dockers": [{"y": 40, "x": 50}, {"y": 40, "x": 50}], "bounds": {"lowerRight": {"y": 384.2455584860378508, "x": 737.75748305965953477}, "upperLeft": {"y": 384.2455584860378508, "x": 678.94998568421931395}}, "resourceId": "sid-E35C82FB-D6F6-45CC-A2A6-83CD5B9C0ED1", "layers": [], "labels": [], "target": {"resourceId": "sid-0C8BD98E-7F1C-4003-878B-D61B0C36D528"}, "childShapes": [], "properties": {"ConditionType": "None", "showdiamondmarker": "false", "bordercolor": "#000000", "monitoring": "", "name": "", "documentation": "", "probability": "", "conditionexpression": "", "isimmediate": "false", "auditing": ""}, "stencil": {"id": "SequenceFlow"}, "outgoing": [{"resourceId": "sid-0C8BD98E-7F1C-4003-878B-D61B0C36D528"}], "glossaryLinks": {}, "formats": {}}, {"dockers": [{"y": 40, "x": 50}, {"y": 15, "x": 15}], "bounds": {"lowerRight": {"y": 690.30756657048175384, "x": 773.28279454076459842}, "upperLeft": {"y": 690.30756657048175384, "x": 347.58732114216854825}}, "resourceId": "sid-3596397D-390B-470D-8DC6-BCC1C067902B", "layers": [], "labels": [], "target": {"resourceId": "sid-FF7C62F5-BA41-443D-A344-070AFA6EE05F"}, "childShapes": [], "properties": {"ConditionType": "None", "showdiamondmarker": "false", "bordercolor": "#000000", "monitoring": "", "name": "", "documentation": "", "probability": "", "conditionexpression": "", "isimmediate": "false", "auditing": ""}, "stencil": {"id": "SequenceFlow"}, "outgoing": [{"resourceId": "sid-FF7C62F5-BA41-443D-A344-070AFA6EE05F"}], "glossaryLinks": {}, "formats": {}}, {"dockers": [{"y": 40, "x": 50}, {"y": 15, "x": 15}], "bounds": {"lowerRight": {"y": 674.9609099415234823, "x": 788.66998186667785831}, "upperLeft": {"y": 424.2455584860378508, "x": 788.66998186667785831}}, "resourceId": "sid-1116FF34-C01B-411B-B292-C5EF2FBFEB79", "layers": [], "labels": [], "target": {"resourceId": "sid-FF7C62F5-BA41-443D-A344-070AFA6EE05F"}, "childShapes": [], "properties": {"bordercolor": "#000000", "monitoring": "", "name": "", "documentation": "", "auditing": ""}, "stencil": {"id": "MessageFlow"}, "outgoing": [{"resourceId": "sid-FF7C62F5-BA41-443D-A344-070AFA6EE05F"}], "glossaryLinks": {}, "formats": {}}, {"dockers": [{"y": 15, "x": 15}, {"y": 40, "x": 50}], "bounds": {"lowerRight": {"y": 690.30756657048175384, "x": 857.81841712983714388}, "upperLeft": {"y": 690.30756657048175384, "x": 804.63498138948511951}}, "resourceId": "sid-5AA13352-E975-44B7-B45E-909A4D874375", "layers": [], "labels": [], "target": {"resourceId": "sid-6EA352D2-2047-4183-91D6-B5FC45CBC02F"}, "childShapes": [], "properties": {"ConditionType": "None", "showdiamondmarker": "false", "bordercolor": "#000000", "monitoring": "", "name": "", "documentation": "", "probability": "", "conditionexpression": "", "isimmediate": "false", "auditing": ""}, "stencil": {"id": "SequenceFlow"}, "outgoing": [{"resourceId": "sid-6EA352D2-2047-4183-91D6-B5FC45CBC02F"}], "glossaryLinks": {}, "formats": {}}, {"dockers": [], "bounds": {"lowerRight": {"y": 562.46532888933938921, "x": 726.84498425264132493}, "upperLeft": {"y": 499.12498807018278058, "x": 638.84498425264132493}}, "resourceId": "sid-E0676859-EE24-492C-9307-8F711C9ECA03", "layers": [], "labels": [], "childShapes": [], "properties": {"bordercolor": "#000000", "iscollection": "false", "monitoring": "", "input_output": "None", "name": "P", "state": "", "documentation": "", "categories": "", "properties": "", "auditing": "", "bgcolor": "#ffffff"}, "stencil": {"id": "DataObject"}, "outgoing": [{"resourceId": "sid-6D459501-1E78-4F3C-9F36-9E72D509C75A"}], "glossaryLinks": {}, "formats": {}}, {"dockers": [{"y": 40, "x": 50}, {"y": 31.670170409578304316, "x": 44}], "bounds": {"lowerRight": {"y": 498.94380784198028778, "x": 671.13134943481156824}, "upperLeft": {"y": 424.2455584860378508, "x": 643.66036321393767139}}, "resourceId": "sid-2181C26E-49DB-478B-A24A-437D028EBC3B", "layers": [], "labels": [], "target": {"resourceId": "sid-E0676859-EE24-492C-9307-8F711C9ECA03"}, "childShapes": [], "properties": {"bordercolor": "#000000", "text": "", "assignments": "", "transformation": ""}, "stencil": {"id": "Association_Unidirectional"}, "outgoing": [{"resourceId": "sid-E0676859-EE24-492C-9307-8F711C9ECA03"}], "glossaryLinks": {}, "formats": {}}, {"dockers": [{"y": 31.670170409578304316, "x": 44}, {"y": 250.71535145548546097, "x": 0}], "bounds": {"lowerRight": {"y": 549.60323421378063813, "x": 788.66998186667785831}, "upperLeft": {"y": 538.61519486960446557, "x": 726.84498425264132493}}, "resourceId": "sid-6D459501-1E78-4F3C-9F36-9E72D509C75A", "layers": [], "labels": [], "target": {"resourceId": "sid-1116FF34-C01B-411B-B292-C5EF2FBFEB79"}, "childShapes": [], "properties": {"bordercolor": "#000000", "type": "none", "assignments": "", "transformation": ""}, "stencil": {"id": "Association_Undirected"}, "outgoing": [{"resourceId": "sid-1116FF34-C01B-411B-B292-C5EF2FBFEB79"}], "glossaryLinks": {}, "formats": {}}, {"dockers": [{"y": 40, "x": 50}, {"y": 40, "x": 50}], "bounds": {"lowerRight": {"y": 690.30756657048175384, "x": 1017.245601080716483}, "upperLeft": {"y": 690.30756657048175384, "x": 958.38997804913628897}}, "resourceId": "sid-F7D32CA3-0DF5-4661-9B66-CF380ED82735", "layers": [], "labels": [], "target": {"resourceId": "sid-C0C4C2BC-2995-460A-B7EF-ACF754731FEE"}, "childShapes": [], "properties": {"ConditionType": "None", "showdiamondmarker": "false", "bordercolor": "#000000", "monitoring": "", "name": "", "documentation": "", "probability": "", "conditionexpression": "", "isimmediate": "false", "auditing": ""}, "stencil": {"id": "SequenceFlow"}, "outgoing": [{"resourceId": "sid-C0C4C2BC-2995-460A-B7EF-ACF754731FEE"}], "glossaryLinks": {}, "formats": {}}, {"dockers": [{"y": 40, "x": 50}, {"y": 0, "x": 15}], "bounds": {"lowerRight": {"y": 1138.0749737544022082, "x": 1068.1799751859803109}, "upperLeft": {"y": 730.30756657048175384, "x": 1068.1799751859803109}}, "resourceId": "sid-6E1E15B0-B4F3-4A04-B3A7-BFBC7AB8E68B", "layers": [], "labels": [], "target": {"resourceId": "sid-282F27E1-EF1A-43E4-9B9B-DE7132EA983C"}, "childShapes": [], "properties": {"bordercolor": "#000000", "monitoring": "", "name": "", "documentation": "", "auditing": ""}, "stencil": {"id": "MessageFlow"}, "outgoing": [{"resourceId": "sid-282F27E1-EF1A-43E4-9B9B-DE7132EA983C"}], "glossaryLinks": {}, "formats": {}}, {"dockers": [], "bounds": {"lowerRight": {"y": 1029.5553164823295447, "x": 1186.0399732772093557}, "upperLeft": {"y": 966.21497566317293604, "x": 1098.0399732772093557}}, "resourceId": "sid-301134BC-9EF7-41C4-A4E9-38F3595EE701", "layers": [], "labels": [], "childShapes": [], "properties": {"bordercolor": "#000000", "iscollection": "false", "monitoring": "", "input_output": "None", "name": "Q", "state": "", "documentation": "", "categories": "", "properties": "", "auditing": "", "bgcolor": "#ffffff"}, "stencil": {"id": "DataObject"}, "outgoing": [{"resourceId": "sid-D0FE96C2-1D1F-4A46-9311-333C3000805C"}, {"resourceId": "sid-99275766-2259-47A5-A15B-08C4D67E1314"}], "glossaryLinks": {}, "formats": {}}, {"dockers": [], "bounds": {"lowerRight": {"y": 1029.5553164823295447, "x": 1046.3199770947508114}, "upperLeft": {"y": 966.21497566317293604, "x": 958.31997709475092506}}, "resourceId": "sid-0102BF30-F4A1-4B33-9BFA-4FC9AB611CCC", "layers": [], "labels": [], "childShapes": [], "properties": {"bordercolor": "#000000", "iscollection": "false", "monitoring": "", "input_output": "None", "name": "R", "state": "", "documentation": "", "categories": "", "properties": "", "auditing": "", "bgcolor": "#ffffff"}, "stencil": {"id": "DataObject"}, "outgoing": [{"resourceId": "sid-A2D316AB-84C4-42D5-938A-72D700BA643D"}], "glossaryLinks": {}, "formats": {}}, {"dockers": [{"y": 31.670170409578304316, "x": 44}, {"y": 407.76740718392045437, "x": 0}], "bounds": {"lowerRight": {"y": 965.88275066136736768, "x": 1104.929704350758584}, "upperLeft": {"y": 934.19127016244192419, "x": 1068.1799751859803109}}, "resourceId": "sid-D0FE96C2-1D1F-4A46-9311-333C3000805C", "layers": [], "labels": [], "target": {"resourceId": "sid-6E1E15B0-B4F3-4A04-B3A7-BFBC7AB8E68B"}, "childShapes": [], "properties": {"bordercolor": "#000000", "type": "none", "assignments": "", "transformation": ""}, "stencil": {"id": "Association_Undirected"}, "outgoing": [{"resourceId": "sid-6E1E15B0-B4F3-4A04-B3A7-BFBC7AB8E68B"}], "glossaryLinks": {}, "formats": {}}, {"dockers": [{"y": 31.670170409578304316, "x": 44}, {"y": 407.76740718392045437, "x": 0}], "bounds": {"lowerRight": {"y": 965.84062963007283997, "x": 1068.1799751859803109}, "upperLeft": {"y": 934.19127016244192419, "x": 1035.4542739417665871}}, "resourceId": "sid-A2D316AB-84C4-42D5-938A-72D700BA643D", "layers": [], "labels": [], "target": {"resourceId": "sid-6E1E15B0-B4F3-4A04-B3A7-BFBC7AB8E68B"}, "childShapes": [], "properties": {"bordercolor": "#000000", "type": "none", "assignments": "", "transformation": ""}, "stencil": {"id": "Association_Undirected"}, "outgoing": [{"resourceId": "sid-6E1E15B0-B4F3-4A04-B3A7-BFBC7AB8E68B"}], "glossaryLinks": {}, "formats": {}}, {"dockers": [{"y": 31.670170409578304316, "x": 44}, {"y": 40, "x": 50}], "bounds": {"lowerRight": {"y": 1112.7124206969961051, "x": 1176.0242665307655443}, "upperLeft": {"y": 1029.5553164823295447, "x": 1151.4130805125000734}}, "resourceId": "sid-99275766-2259-47A5-A15B-08C4D67E1314", "layers": [], "labels": [], "target": {"resourceId": "sid-8090FD2E-49E6-4F2C-967A-1C575B43077C"}, "childShapes": [], "properties": {"bordercolor": "#000000", "text": "", "assignments": "", "transformation": ""}, "stencil": {"id": "Association_Unidirectional"}, "outgoing": [{"resourceId": "sid-8090FD2E-49E6-4F2C-967A-1C575B43077C"}], "glossaryLinks": {}, "formats": {}}, {"dockers": [{"y": 15, "x": 15}, {"y": 40, "x": 50}], "bounds": {"lowerRight": {"y": 1153.0749737544022082, "x": 1137.3694266333495762}, "upperLeft": {"y": 1153.0749737544022082, "x": 1084.1537248280858421}}, "resourceId": "sid-B3C67C12-AB3E-4F24-8895-94A9284CDD6D", "layers": [], "labels": [], "target": {"resourceId": "sid-8090FD2E-49E6-4F2C-967A-1C575B43077C"}, "childShapes": [], "properties": {"ConditionType": "None", "showdiamondmarker": "false", "bordercolor": "#000000", "monitoring": "", "name": "", "documentation": "", "probability": "", "conditionexpression": "", "isimmediate": "false", "auditing": ""}, "stencil": {"id": "SequenceFlow"}, "outgoing": [{"resourceId": "sid-8090FD2E-49E6-4F2C-967A-1C575B43077C"}], "glossaryLinks": {}, "formats": {}}, {"dockers": [], "bounds": {"lowerRight": {"y": 1027.1609756631728487, "x": 1581.1799632561630915}, "upperLeft": {"y": 969.21497566317293604, "x": 1517.3049632561630915}}, "resourceId": "sid-BBD58B1D-B5C1-4B8A-B73F-12121CB2EF68", "layers": [], "labels": [], "childShapes": [], "properties": {"bordercolor": "#000000", "monitoring": "", "name": "", "documentation": "", "categories": "", "auditing": "", "bgcolor": "#e1e1e1"}, "stencil": {"id": "ITSystem"}, "outgoing": [{"resourceId": "sid-5BCCD6EE-678B-4BD3-84A8-09AABD2FD6F3"}, {"resourceId": "sid-8A2DEDD0-2EDF-44A4-ACC4-93335CEF43DA"}], "glossaryLinks": {}, "formats": {}}, {"dockers": [{"y": 40, "x": 50}, {"y": 40, "x": 50}], "bounds": {"lowerRight": {"y": 1153.0749737544022082, "x": 1296.7774696982642126}, "upperLeft": {"y": 1153.0749737544022082, "x": 1237.9699723228241055}}, "resourceId": "sid-0CE9A522-7AC7-4FBF-B0AE-CFD41859E16F", "layers": [], "labels": [], "target": {"resourceId": "sid-DD31CD93-CE77-42B0-9270-DA7F0AA039CF"}, "childShapes": [], "properties": {"ConditionType": "None", "showdiamondmarker": "false", "bordercolor": "#000000", "monitoring": "", "name": "", "documentation": "", "probability": "", "conditionexpression": "", "isimmediate": "false", "auditing": ""}, "stencil": {"id": "SequenceFlow"}, "outgoing": [{"resourceId": "sid-DD31CD93-CE77-42B0-9270-DA7F0AA039CF"}], "glossaryLinks": {}, "formats": {}}, {"dockers": [], "bounds": {"lowerRight": {"y": 1029.5553164823295447, "x": 1485.5149661193188422}, "upperLeft": {"y": 966.21497566317293604, "x": 1397.5149661193190695}}, "resourceId": "sid-6BA95815-F0F7-4328-9A31-FB2B5BE9C36C", "layers": [], "labels": [], "childShapes": [], "properties": {"bordercolor": "#000000", "iscollection": "false", "monitoring": "", "input_output": "None", "name": "S", "state": "", "documentation": "", "categories": "", "properties": "", "auditing": "", "bgcolor": "#ffffff"}, "stencil": {"id": "DataObject"}, "outgoing": [{"resourceId": "sid-E4B584E8-6E65-4DFE-9883-EF17C75F4F93"}], "glossaryLinks": {}, "formats": {}}, {"dockers": [{"y": 28.972999999999956344, "x": 31.9375}, {"y": 31.670170409578304316, "x": 43.999999999999886313}], "bounds": {"lowerRight": {"y": 998.10709134998808167, "x": 1520.4689718516058292}, "upperLeft": {"y": 998.00883317523380356, "x": 1485.5149661193188422}}, "resourceId": "sid-5BCCD6EE-678B-4BD3-84A8-09AABD2FD6F3", "layers": [], "labels": [], "target": {"resourceId": "sid-6BA95815-F0F7-4328-9A31-FB2B5BE9C36C"}, "childShapes": [], "properties": {"bordercolor": "#000000", "type": "none", "assignments": "", "transformation": ""}, "stencil": {"id": "Association_Undirected"}, "outgoing": [{"resourceId": "sid-6BA95815-F0F7-4328-9A31-FB2B5BE9C36C"}], "glossaryLinks": {}, "formats": {}}, {"dockers": [{"y": 40, "x": 50}, {"y": 31.670170409578304316, "x": 43.999999999999886313}], "bounds": {"lowerRight": {"y": 1112.8155484327226077, "x": 1422.3677468234106982}, "upperLeft": {"y": 1029.5553164823295447, "x": 1372.0300978886189114}}, "resourceId": "sid-0653FE65-960F-47EB-B698-5B391C5FD39D", "layers": [], "labels": [], "target": {"resourceId": "sid-6BA95815-F0F7-4328-9A31-FB2B5BE9C36C"}, "childShapes": [], "properties": {"bordercolor": "#000000", "text": "", "assignments": "", "transformation": ""}, "stencil": {"id": "Association_Unidirectional"}, "outgoing": [{"resourceId": "sid-6BA95815-F0F7-4328-9A31-FB2B5BE9C36C"}], "glossaryLinks": {}, "formats": {}}, {"dockers": [{"y": 40, "x": 50}, {"y": 690.30756657048175384, "x": 1225.4349718456314804}, {"y": 846.60516434984674561, "x": 1225.4349718456314804}, {"y": 15, "x": 15}], "bounds": {"lowerRight": {"y": 846.60516434984674561, "x": 1332.363211084229988}, "upperLeft": {"y": 690.30756657048175384, "x": 1118.1799751859803109}}, "resourceId": "sid-8BFC1002-3F2E-4EE1-993C-0B0C6A9CCF7E", "layers": [], "labels": [], "target": {"resourceId": "sid-E9301D39-98AB-43C2-B732-5976B1E68700"}, "childShapes": [], "properties": {"ConditionType": "None", "showdiamondmarker": "false", "bordercolor": "#000000", "monitoring": "", "name": "", "documentation": "", "probability": "", "conditionexpression": "", "isimmediate": "false", "auditing": ""}, "stencil": {"id": "SequenceFlow"}, "outgoing": [{"resourceId": "sid-E9301D39-98AB-43C2-B732-5976B1E68700"}], "glossaryLinks": {}, "formats": {}}, {"dockers": [{"y": 15, "x": 15}, {"y": 40, "x": 50}], "bounds": {"lowerRight": {"y": 846.60516434984674561, "x": 1416.8794199526519151}, "upperLeft": {"y": 846.60516434984674561, "x": 1363.663718147388181}}, "resourceId": "sid-D7C4D31B-BBB5-4097-BC42-AA501ED37A8F", "layers": [], "labels": [], "target": {"resourceId": "sid-CED90471-60FB-4527-BEDB-4D3D858FDF6C"}, "childShapes": [], "properties": {"ConditionType": "None", "showdiamondmarker": "false", "bordercolor": "#000000", "monitoring": "", "name": "", "documentation": "", "probability": "", "conditionexpression": "", "isimmediate": "false", "auditing": ""}, "stencil": {"id": "SequenceFlow"}, "outgoing": [{"resourceId": "sid-CED90471-60FB-4527-BEDB-4D3D858FDF6C"}], "glossaryLinks": {}, "formats": {}}, {"dockers": [{"y": 31.670170409578304316, "x": 43.999999999999886313}, {"y": 40, "x": 50}], "bounds": {"lowerRight": {"y": 966.17081149735190593, "x": 1460.6145498145738202}, "upperLeft": {"y": 886.60516434984674561, "x": 1446.9582684831752886}}, "resourceId": "sid-E4B584E8-6E65-4DFE-9883-EF17C75F4F93", "layers": [], "labels": [], "target": {"resourceId": "sid-CED90471-60FB-4527-BEDB-4D3D858FDF6C"}, "childShapes": [], "properties": {"bordercolor": "#000000", "text": "", "assignments": "", "transformation": ""}, "stencil": {"id": "Association_Unidirectional"}, "outgoing": [{"resourceId": "sid-CED90471-60FB-4527-BEDB-4D3D858FDF6C"}], "glossaryLinks": {}, "formats": {}}, {"dockers": [{"y": 40, "x": 50}, {"y": 40, "x": 50}], "bounds": {"lowerRight": {"y": 846.60516434984674561, "x": 1576.2874630175665516}, "upperLeft": {"y": 846.60516434984674561, "x": 1517.4799656421264444}}, "resourceId": "sid-6D19AB0F-F44C-4011-ACEF-152771DE0052", "layers": [], "labels": [], "target": {"resourceId": "sid-B7A0787A-E518-49C5-931E-806E3939E680"}, "childShapes": [], "properties": {"ConditionType": "None", "showdiamondmarker": "false", "bordercolor": "#000000", "monitoring": "", "name": "", "documentation": "", "probability": "", "conditionexpression": "", "isimmediate": "false", "auditing": ""}, "stencil": {"id": "SequenceFlow"}, "outgoing": [{"resourceId": "sid-B7A0787A-E518-49C5-931E-806E3939E680"}], "glossaryLinks": {}, "formats": {}}, {"dockers": [{"y": 40, "x": 50}, {"y": 15, "x": 15}], "bounds": {"lowerRight": {"y": 1112.569099885846299, "x": 1347.6899685052826499}, "upperLeft": {"y": 861.97093666568525805, "x": 1347.6899685052826499}}, "resourceId": "sid-6C2C01EB-0968-46DB-9C47-076D85CDD3B6", "layers": [], "labels": [], "target": {"resourceId": "sid-E9301D39-98AB-43C2-B732-5976B1E68700"}, "childShapes": [], "properties": {"bordercolor": "#000000", "monitoring": "", "name": "", "documentation": "", "auditing": ""}, "stencil": {"id": "MessageFlow"}, "outgoing": [{"resourceId": "sid-E9301D39-98AB-43C2-B732-5976B1E68700"}, {"resourceId": "sid-39F0968C-C7A2-4539-95D9-D4DA490967A4"}], "glossaryLinks": {}, "formats": {}}, {"dockers": [{"y": 40, "x": 50}, {"y": 14, "x": 14}], "bounds": {"lowerRight": {"y": 846.60516434984674561, "x": 1721.5749618245849888}, "upperLeft": {"y": 846.60516434984674561, "x": 1677.1999618245849888}}, "resourceId": "sid-74B96B6F-0626-426A-AADD-60A933A38EEE", "layers": [], "labels": [], "target": {"resourceId": "sid-75232DAB-FEBC-474F-931B-628BD7C99AA7"}, "childShapes": [], "properties": {"ConditionType": "None", "showdiamondmarker": "false", "bordercolor": "#000000", "monitoring": "", "name": "", "documentation": "", "probability": "", "conditionexpression": "", "isimmediate": "false", "auditing": ""}, "stencil": {"id": "SequenceFlow"}, "outgoing": [{"resourceId": "sid-75232DAB-FEBC-474F-931B-628BD7C99AA7"}], "glossaryLinks": {}, "formats": {}}, {"dockers": [{"y": 40, "x": 50}, {"y": 14, "x": 14}], "bounds": {"lowerRight": {"y": 1153.0749737544022082, "x": 1442.0649685052826499}, "upperLeft": {"y": 1153.0749737544022082, "x": 1397.6899685052826499}}, "resourceId": "sid-8F30BCBB-7F51-4984-8DA0-9C338E027801", "layers": [], "labels": [], "target": {"resourceId": "sid-F9AE3BC6-06B8-4F67-AAC5-BD20DDD083A6"}, "childShapes": [], "properties": {"ConditionType": "None", "showdiamondmarker": "false", "bordercolor": "#000000", "monitoring": "", "name": "", "documentation": "", "probability": "", "conditionexpression": "", "isimmediate": "false", "auditing": ""}, "stencil": {"id": "SequenceFlow"}, "outgoing": [{"resourceId": "sid-F9AE3BC6-06B8-4F67-AAC5-BD20DDD083A6"}], "glossaryLinks": {}, "formats": {}}, {"dockers": [{"y": 40, "x": 50}, {"y": 14, "x": 14}], "bounds": {"lowerRight": {"y": 384.2455584860378508, "x": 883.04498186667785831}, "upperLeft": {"y": 384.2455584860378508, "x": 838.66998186667785831}}, "resourceId": "sid-AB20386B-2C53-41DD-BC05-ADC3C91B1DCA", "layers": [], "labels": [], "target": {"resourceId": "sid-3D836F9E-0C4F-42E9-B650-396D9E9A4644"}, "childShapes": [], "properties": {"ConditionType": "None", "showdiamondmarker": "false", "bordercolor": "#000000", "monitoring": "", "name": "", "documentation": "", "probability": "", "conditionexpression": "", "isimmediate": "false", "auditing": ""}, "stencil": {"id": "SequenceFlow"}, "outgoing": [{"resourceId": "sid-3D836F9E-0C4F-42E9-B650-396D9E9A4644"}], "glossaryLinks": {}, "formats": {}}, {"dockers": [{"y": 125.29908161008052048, "x": 0}, {"y": 31.670170409578304316, "x": 43.999999999999886313}], "bounds": {"lowerRight": {"y": 992.7968846030161103, "x": 1396.5408377444282451}, "upperLeft": {"y": 987.27001827576577853, "x": 1347.6899685052826499}}, "resourceId": "sid-39F0968C-C7A2-4539-95D9-D4DA490967A4", "layers": [], "labels": [], "target": {"resourceId": "sid-6BA95815-F0F7-4328-9A31-FB2B5BE9C36C"}, "childShapes": [], "properties": {"bordercolor": "#000000", "type": "none", "assignments": "", "transformation": ""}, "stencil": {"id": "Association_Undirected"}, "outgoing": [{"resourceId": "sid-6BA95815-F0F7-4328-9A31-FB2B5BE9C36C"}], "glossaryLinks": {}, "formats": {}}, {"dockers": [{"y": 28.972999999999956344, "x": 31.9375}, {"y": 31.670170409578304316, "x": 43.999999999999886313}], "bounds": {"lowerRight": {"y": 998.10709134998808167, "x": 1520.4689718516058292}, "upperLeft": {"y": 998.00883317523380356, "x": 1485.5149661193188422}}, "resourceId": "sid-8A2DEDD0-2EDF-44A4-ACC4-93335CEF43DA", "layers": [], "labels": [], "target": {"resourceId": "sid-6BA95815-F0F7-4328-9A31-FB2B5BE9C36C"}, "childShapes": [], "properties": {"bordercolor": "#000000", "type": "none", "assignments": "", "transformation": ""}, "stencil": {"id": "Association_Undirected"}, "outgoing": [{"resourceId": "sid-6BA95815-F0F7-4328-9A31-FB2B5BE9C36C"}], "glossaryLinks": {}, "formats": {}}], "properties": {"orientation": "horizontal", "monitoring": "", "modificationdate": "", "creationdate": "", "namespaces": "", "version": "", "targetnamespace": "http://www.signavio.com/bpmn20", "author": "", "name": "", "documentation": "", "language": "English", "typelanguage": "http://www.w3.org/2001/XMLSchema", "expressionlanguage": "http://www.w3.org/1999/XPath", "auditing": ""}, "offset": {"y": 0, "x": -0.00011178614465734426631}, "ssextensions": [], "stencilset": {"url": "/stencilsets/bpmn2.0/bpmn2.0.json?version=5.4.1", "namespace": "http://b3mn.org/stencilset/bpmn2.0#"}, "stencil": {"id": "BPMNDiagram"}, "formats": {}}