{"revision": {"creationDate": null, "isLastRevision": true, "revisionNumber": 1, "elementCounts": {"total": 65, "Lane": 5, "IntermediateMessageEventCatching": 2, "IntermediateConditionalEvent": 1, "Pool": 3, "StartNoneEvent": 1, "Association_Unidirectional": 4, "MessageFlow": 4, "StartMessageEvent": 2, "Association_Undirected": 7, "ITSystem": 1, "DataObject": 5, "Task": 10, "SequenceFlow": 16, "EndNoneEvent": 3, "BPMNDiagram": 1}, "connectedness": 88}, "model": {"modelId": "101213990", "modelDate": "2012-08-30", "groupName": "BPMN2.0_Process", "naturalLanguage": "en", "modelName": "101213990", "TimestampModelCollection": "2012-08-30 14:08:38", "modelingLanguage": "bpmn20", "directoryId": "69540404", "numberOfRevisions": 1}}