{"revision": {"creationDate": null, "isLastRevision": true, "revisionNumber": 3, "elementCounts": {"total": 20, "StartNoneEvent": 1, "Task": 6, "SequenceFlow": 10, "EndNoneEvent": 1, "Exclusive_Databased_Gateway": 1, "BPMNDiagram": 1}, "connectedness": 100}, "model": {"modelId": "101230737", "modelDate": "2012-06-06", "groupName": "BPMN2.0_Process", "naturalLanguage": "en", "modelName": "Process Optimization", "TimestampModelCollection": "2012-08-30 14:08:38", "modelingLanguage": "bpmn20", "directoryId": "1259889687", "numberOfRevisions": 3}}