{"revision": {"creationDate": null, "isLastRevision": true, "revisionNumber": 10, "elementCounts": {"total": 42, "EndMessageEvent": 1, "Lane": 3, "StartNoneEvent": 2, "Pool": 3, "Task": 8, "SequenceFlow": 13, "EndNoneEvent": 4, "BPMNDiagram": 1, "Exclusive_Databased_Gateway": 2, "MessageFlow": 4, "StartMessageEvent": 1}, "connectedness": 92}, "model": {"modelId": "1013472006", "modelDate": "2012-05-18", "groupName": "BPMN2.0_Process", "naturalLanguage": "en", "modelName": "HW 1 Website _ Shopping Revision", "TimestampModelCollection": "2012-08-30 14:08:38", "modelingLanguage": "bpmn20", "directoryId": "1357379827", "numberOfRevisions": 10}}