{"resourceId": "canvas", "properties": {"name": "", "documentation": "", "auditing": "", "monitoring": "", "version": "", "author": "", "language": "English", "namespaces": "", "targetnamespace": "http://www.signavio.com/bpmn20", "expressionlanguage": "http://www.w3.org/1999/XPath", "typelanguage": "http://www.w3.org/2001/XMLSchema", "creationdate": "", "modificationdate": "", "orientation": "horizontal"}, "stencil": {"id": "BPMNDiagram"}, "childShapes": [{"resourceId": "sid-0B97DA6C-569F-4AE5-8BE8-E6A1BD722B85", "properties": {"name": "Wiggo", "documentation": "", "auditing": "", "monitoring": "", "boundaryvisible": true, "processname": "", "status": "None", "adhoc": "", "adhocordering": "Parallel", "adhoccompletioncondition": "", "suppressjoinfailure": "", "enableinstancecompensation": "", "processcategories": "", "processdocumentation": "", "multiinstance": "", "minimum": 2, "maximum": 2, "processtype": "None", "isclosed": "", "isexecutable": "", "bgcolor": "#ffffff", "processid": "sid-78FDEE44-1EEE-4E96-856B-DBC368BF0642", "bordercolor": "#000000"}, "stencil": {"id": "Pool"}, "childShapes": [{"resourceId": "sid-8E59E834-B797-47E6-92BD-8C288CFC96D8", "properties": {"name": "Production", "documentation": "", "auditing": "", "monitoring": "", "parentpool": "", "parentlane": "", "showcaption": true, "bgcolor": "", "bordercolor": "#000000"}, "stencil": {"id": "Lane"}, "childShapes": [{"resourceId": "sid-C88B1DD2-E6C8-419B-B8E4-74F4AA124BD5", "properties": {"processid": "", "name": "Check product availibility", "documentation": "", "auditing": "", "monitoring": "", "categories": "", "startquantity": 1, "completionquantity": 1, "isforcompensation": "", "assignments": "", "callacitivity": "", "tasktype": "None", "implementation": "webService", "resources": "", "messageref": "", "operationref": "", "instantiate": "", "script": "", "scriptformat": "", "bgcolor": "#ffffcc", "looptype": "None", "testbefore": "", "loopcondition": "", "loopmaximum": "", "loopcardinality": "", "loopdatainput": "", "loopdataoutput": "", "inputdataitem": "", "outputdataitem": "", "behavior": "all", "complexbehaviordefinition": "", "completioncondition": "", "onebehavioreventref:": "signal", "nonebehavioreventref": "signal", "properties": "", "datainputset": "", "dataoutputset": "", "operationname": "", "inmessagename": "", "inmsgitemkind": "Information", "inmsgstructure": "", "inmsgimport": "", "inmsgiscollection": "", "outmessagename": "", "outmsgitemkind": "Information", "outmsgstructure": "", "outmsgimport": "", "outmsgiscollection": "", "bordercolor": "#000000", "time": "", "costs": "", "costcenter": "", "applyincalc": true, "externaldocuments": [], "risklevel": ""}, "stencil": {"id": "Task"}, "childShapes": [], "outgoing": [{"resourceId": "sid-A29B9DC0-3A3A-4A74-AF48-1AE3D0605830"}], "bounds": {"lowerRight": {"x": 482, "y": 248}, "upperLeft": {"x": 382, "y": 168}}, "dockers": []}, {"resourceId": "sid-D20C1C4E-E6EF-44AF-AC06-52CFA7377163", "properties": {"processid": "", "name": "Pick product from warehouse", "documentation": "", "auditing": "", "monitoring": "", "categories": "", "startquantity": 1, "completionquantity": 1, "isforcompensation": "", "assignments": "", "callacitivity": "", "tasktype": "None", "implementation": "webService", "resources": "", "messageref": "", "operationref": "", "instantiate": "", "script": "", "scriptformat": "", "bgcolor": "#ffffcc", "looptype": "None", "testbefore": "", "loopcondition": "", "loopmaximum": "", "loopcardinality": "", "loopdatainput": "", "loopdataoutput": "", "inputdataitem": "", "outputdataitem": "", "behavior": "all", "complexbehaviordefinition": "", "completioncondition": "", "onebehavioreventref:": "signal", "nonebehavioreventref": "signal", "properties": "", "datainputset": "", "dataoutputset": "", "operationname": "", "inmessagename": "", "inmsgitemkind": "Information", "inmsgstructure": "", "inmsgimport": "", "inmsgiscollection": "", "outmessagename": "", "outmsgitemkind": "Information", "outmsgstructure": "", "outmsgimport": "", "outmsgiscollection": "", "bordercolor": "#000000", "time": "", "costs": "", "costcenter": "", "applyincalc": true, "externaldocuments": [], "risklevel": ""}, "stencil": {"id": "Task"}, "childShapes": [], "outgoing": [{"resourceId": "sid-D4D2BA91-0240-4B04-B63A-CA46EABF6B3F"}], "bounds": {"lowerRight": {"x": 677, "y": 160}, "upperLeft": {"x": 577, "y": 80}}, "dockers": []}, {"resourceId": "sid-19438680-1042-4A74-8DE1-18AA4CD627B4", "properties": {"processid": "", "name": "start production", "documentation": "", "auditing": "", "monitoring": "", "categories": "", "startquantity": 1, "completionquantity": 1, "isforcompensation": "", "assignments": "", "callacitivity": "", "tasktype": "None", "implementation": "webService", "resources": "", "messageref": "", "operationref": "", "instantiate": "", "script": "", "scriptformat": "", "bgcolor": "#ffffcc", "looptype": "None", "testbefore": "", "loopcondition": "", "loopmaximum": "", "loopcardinality": "", "loopdatainput": "", "loopdataoutput": "", "inputdataitem": "", "outputdataitem": "", "behavior": "all", "complexbehaviordefinition": "", "completioncondition": "", "onebehavioreventref:": "signal", "nonebehavioreventref": "signal", "properties": "", "datainputset": "", "dataoutputset": "", "operationname": "", "inmessagename": "", "inmsgitemkind": "Information", "inmsgstructure": "", "inmsgimport": "", "inmsgiscollection": "", "outmessagename": "", "outmsgitemkind": "Information", "outmsgstructure": "", "outmsgimport": "", "outmsgiscollection": "", "bordercolor": "#000000", "time": "", "costs": "", "costcenter": "", "applyincalc": true, "externaldocuments": [], "risklevel": ""}, "stencil": {"id": "Task"}, "childShapes": [], "outgoing": [{"resourceId": "sid-B8376E9B-8320-4E9F-9F74-73E0E946ED5E"}], "bounds": {"lowerRight": {"x": 947.42152133891568155, "y": 248.00000000000011369}, "upperLeft": {"x": 847.42152133891568155, "y": 168.00000000000011369}}, "dockers": []}, {"resourceId": "sid-7E440717-CF5E-485B-84EA-9BAE0164D23C", "properties": {"name": "", "documentation": "", "auditing": "", "monitoring": "", "categories": "", "assignments": "", "pool": "", "lanes": "", "gates": "", "gates_outgoingsequenceflow": "", "gates_assignments": "", "bgcolor": "#ffffff", "processid": "", "gatewaytype": "XOR", "xortype": "Data", "markervisible": "true", "defaultgate": "", "gate_outgoingsequenceflow": "", "gate_assignments": "", "bordercolor": "#000000"}, "stencil": {"id": "Exclusive_Databased_Gateway"}, "childShapes": [], "outgoing": [{"resourceId": "sid-7A0391D0-DB86-40AD-9ADF-9EF42BAA7061"}, {"resourceId": "sid-3D7D2E80-815C-4E39-981A-310BA63FCE95"}], "bounds": {"lowerRight": {"x": 557, "y": 228}, "upperLeft": {"x": 517, "y": 188}}, "dockers": []}, {"resourceId": "sid-14AFADBA-3D14-47CE-9E77-89E79D2BCE0D", "properties": {"processid": "", "name": "Pack product", "documentation": "", "auditing": "", "monitoring": "", "categories": "", "startquantity": 1, "completionquantity": 1, "isforcompensation": "", "assignments": "", "callacitivity": "", "tasktype": "None", "implementation": "webService", "resources": "", "messageref": "", "operationref": "", "instantiate": "", "script": "", "scriptformat": "", "bgcolor": "#ffffcc", "looptype": "None", "testbefore": "", "loopcondition": "", "loopmaximum": "", "loopcardinality": "", "loopdatainput": "", "loopdataoutput": "", "inputdataitem": "", "outputdataitem": "", "behavior": "all", "complexbehaviordefinition": "", "completioncondition": "", "onebehavioreventref:": "signal", "nonebehavioreventref": "signal", "properties": "", "datainputset": "", "dataoutputset": "", "operationname": "", "inmessagename": "", "inmsgitemkind": "Information", "inmsgstructure": "", "inmsgimport": "", "inmsgiscollection": "", "outmessagename": "", "outmsgitemkind": "Information", "outmsgstructure": "", "outmsgimport": "", "outmsgiscollection": "", "bordercolor": "#000000", "time": "", "costs": "", "costcenter": "", "applyincalc": true, "externaldocuments": [], "risklevel": ""}, "stencil": {"id": "Task"}, "childShapes": [], "outgoing": [{"resourceId": "sid-28DD7BED-28D7-4819-BED5-16431C6ECDC0"}], "bounds": {"lowerRight": {"x": 1444.8999713684386279, "y": 248.00000000000011369}, "upperLeft": {"x": 1344.8999713684386279, "y": 168.00000000000011369}}, "dockers": []}, {"resourceId": "sid-6F4251B5-7AF9-48BF-858F-35B94E66771E", "properties": {"name": "", "documentation": "", "auditing": "", "monitoring": "", "categories": "", "assignments": "", "pool": "", "lanes": "", "gates": "", "gates_outgoingsequenceflow": "", "gates_assignments": "", "bgcolor": "#ffffff", "processid": "", "gatewaytype": "XOR", "xortype": "Data", "markervisible": "true", "defaultgate": "", "gate_outgoingsequenceflow": "", "gate_assignments": "", "bordercolor": "#000000"}, "stencil": {"id": "Exclusive_Databased_Gateway"}, "childShapes": [], "outgoing": [], "bounds": {"lowerRight": {"x": 1041.1520249821451216, "y": 305}, "upperLeft": {"x": 1001.1520249821451216, "y": 265}}, "dockers": []}, {"resourceId": "sid-23770F15-6A2E-45DD-889C-ACF0D13A3DA2", "properties": {"processid": "", "name": "Check materials", "documentation": "", "auditing": "", "monitoring": "", "categories": "", "startquantity": 1, "completionquantity": 1, "isforcompensation": "", "assignments": "", "callacitivity": "", "tasktype": "None", "implementation": "webService", "resources": "", "messageref": "", "operationref": "", "instantiate": "", "script": "", "scriptformat": "", "bgcolor": "#ffffcc", "looptype": "None", "testbefore": "", "loopcondition": "", "loopmaximum": "", "loopcardinality": "", "loopdatainput": "", "loopdataoutput": "", "inputdataitem": "", "outputdataitem": "", "behavior": "all", "complexbehaviordefinition": "", "completioncondition": "", "onebehavioreventref:": "signal", "nonebehavioreventref": "signal", "properties": "", "datainputset": "", "dataoutputset": "", "operationname": "", "inmessagename": "", "inmsgitemkind": "Information", "inmsgstructure": "", "inmsgimport": "", "inmsgiscollection": "", "outmessagename": "", "outmsgitemkind": "Information", "outmsgstructure": "", "outmsgimport": "", "outmsgiscollection": "", "bordercolor": "#000000", "time": "", "costs": "", "costcenter": "", "applyincalc": true, "externaldocuments": "", "risklevel": ""}, "stencil": {"id": "Task"}, "childShapes": [], "outgoing": [{"resourceId": "sid-819E18D3-AA44-4053-B9C9-77A2B4075D44"}], "bounds": {"lowerRight": {"x": 677, "y": 325}, "upperLeft": {"x": 577, "y": 245}}, "dockers": []}, {"resourceId": "sid-C81F9A77-BB13-4033-A84D-74C03B0B1D89", "properties": {"name": "", "documentation": "", "auditing": "", "monitoring": "", "categories": "", "assignments": "", "pool": "", "lanes": "", "gates": "", "gates_outgoingsequenceflow": "", "gates_assignments": "", "bgcolor": "#ffffff", "processid": "", "gatewaytype": "XOR", "xortype": "Data", "markervisible": "true", "defaultgate": "", "gate_outgoingsequenceflow": "", "gate_assignments": "", "bordercolor": "#000000"}, "stencil": {"id": "Exclusive_Databased_Gateway"}, "childShapes": [], "outgoing": [{"resourceId": "sid-7B4EC72B-F04B-418E-8E0C-29E4F8DCF0CA"}, {"resourceId": "sid-BDD51C34-4E95-4357-B049-C9F825DBC7D6"}], "bounds": {"lowerRight": {"x": 777.61401873660884121, "y": 305}, "upperLeft": {"x": 737.61401873660884121, "y": 265}}, "dockers": []}, {"resourceId": "sid-E3419D03-65C7-4B90-B4D9-2929EE22496E", "properties": {"processid": "", "name": "Order materials", "documentation": "", "auditing": "", "monitoring": "", "categories": "", "startquantity": 1, "completionquantity": 1, "isforcompensation": "", "assignments": "", "callacitivity": "", "tasktype": "None", "implementation": "webService", "resources": "", "messageref": "", "operationref": "", "instantiate": "", "script": "", "scriptformat": "", "bgcolor": "#ffffcc", "looptype": "None", "testbefore": "", "loopcondition": "", "loopmaximum": "", "loopcardinality": "", "loopdatainput": "", "loopdataoutput": "", "inputdataitem": "", "outputdataitem": "", "behavior": "all", "complexbehaviordefinition": "", "completioncondition": "", "onebehavioreventref:": "signal", "nonebehavioreventref": "signal", "properties": "", "datainputset": "", "dataoutputset": "", "operationname": "", "inmessagename": "", "inmsgitemkind": "Information", "inmsgstructure": "", "inmsgimport": "", "inmsgiscollection": "", "outmessagename": "", "outmsgitemkind": "Information", "outmsgstructure": "", "outmsgimport": "", "outmsgiscollection": "", "bordercolor": "#000000", "time": "", "costs": "", "costcenter": "", "applyincalc": true, "externaldocuments": "", "risklevel": ""}, "stencil": {"id": "Task"}, "childShapes": [], "outgoing": [{"resourceId": "sid-97E65B6C-3170-4EA3-85A8-409E455C7C0C"}, {"resourceId": "sid-9B790898-0ED4-4406-8EAC-076F11D178F8"}], "bounds": {"lowerRight": {"x": 947.42152133891568155, "y": 381.11352550260653516}, "upperLeft": {"x": 847.42152133891568155, "y": 301.11352550260653516}}, "dockers": []}, {"resourceId": "sid-C14C490A-D572-4AA0-B779-60ACEB51D55C", "properties": {"name": "", "documentation": "", "auditing": "", "monitoring": "", "categories": "", "assignments": "", "pool": "", "lanes": "", "gates": "", "gates_outgoingsequenceflow": "", "gates_assignments": "", "bgcolor": "#ffffff", "processid": "", "gatewaytype": "XOR", "xortype": "Data", "markervisible": "true", "defaultgate": "", "gate_outgoingsequenceflow": "", "gate_assignments": "", "bordercolor": "#000000"}, "stencil": {"id": "Exclusive_Databased_Gateway"}, "childShapes": [], "outgoing": [{"resourceId": "sid-F3C0B557-3DAE-4887-A746-1C7A61D128F3"}], "bounds": {"lowerRight": {"x": 1238.8055296662973888, "y": 228.00000000000011369}, "upperLeft": {"x": 1198.8055296662973888, "y": 188.00000000000011369}}, "dockers": []}, {"resourceId": "sid-03862806-46B9-4D3C-9A04-EA2EEBB29248", "properties": {"processid": "", "name": "Product", "documentation": "", "auditing": "", "monitoring": "", "categories": "", "startquantity": 1, "completionquantity": 1, "isforcompensation": "", "assignments": "", "callacitivity": "", "tasktype": "None", "implementation": "webService", "resources": "", "messageref": "", "operationref": "", "instantiate": "", "script": "", "scriptformat": "", "bgcolor": "#ffffcc", "looptype": "None", "testbefore": "", "loopcondition": "", "loopmaximum": "", "loopcardinality": "", "loopdatainput": "", "loopdataoutput": "", "inputdataitem": "", "outputdataitem": "", "behavior": "all", "complexbehaviordefinition": "", "completioncondition": "", "onebehavioreventref:": "signal", "nonebehavioreventref": "signal", "properties": "", "datainputset": "", "dataoutputset": "", "operationname": "", "inmessagename": "", "inmsgitemkind": "Information", "inmsgstructure": "", "inmsgimport": "", "inmsgiscollection": "", "outmessagename": "", "outmsgitemkind": "Information", "outmsgstructure": "", "outmsgimport": "", "outmsgiscollection": "", "bordercolor": "#000000", "time": "", "costs": "", "costcenter": "", "applyincalc": true, "externaldocuments": "", "risklevel": ""}, "stencil": {"id": "Task"}, "childShapes": [], "outgoing": [{"resourceId": "sid-30BDB30B-D8F8-452B-830F-2D33940DED48"}], "bounds": {"lowerRight": {"x": 1188.9980270639905484, "y": 324.99999999999988631}, "upperLeft": {"x": 1088.9980270639905484, "y": 244.99999999999988631}}, "dockers": []}], "outgoing": [], "bounds": {"lowerRight": {"x": 1754.3629913150930406, "y": 832}, "upperLeft": {"x": 30, "y": 416}}, "dockers": []}, {"resourceId": "sid-7746A47F-7C3E-426D-AB9C-3272AA755988", "properties": {"name": "Sales", "documentation": "", "auditing": "", "monitoring": "", "parentpool": "", "parentlane": "", "showcaption": true, "bgcolor": "", "bordercolor": "#000000"}, "stencil": {"id": "Lane"}, "childShapes": [{"resourceId": "sid-46BDE9D3-7AC9-464D-A5B0-59C088C70438", "properties": {"name": "Order", "documentation": "", "auditing": "", "monitoring": "", "dataoutputassociations": "", "dataoutput": "", "outputset": "", "bgcolor": "#ffffff", "bordercolor": "#000000", "processid": "", "trigger": "None", "frequency": "", "applyincalc": true}, "stencil": {"id": "StartNoneEvent"}, "childShapes": [], "outgoing": [], "bounds": {"lowerRight": {"x": 67, "y": 361}, "upperLeft": {"x": 37, "y": 331}}, "dockers": []}, {"resourceId": "sid-756F19B7-E628-45F8-90E4-74F6457E02DC", "properties": {"processid": "", "name": "Check customer", "documentation": "", "auditing": "", "monitoring": "", "categories": "", "startquantity": 1, "completionquantity": 1, "isforcompensation": "", "assignments": "", "callacitivity": "", "tasktype": "None", "implementation": "webService", "resources": "", "messageref": "", "operationref": "", "instantiate": "", "script": "", "scriptformat": "", "bgcolor": "#ffffcc", "looptype": "None", "testbefore": "", "loopcondition": "", "loopmaximum": "", "loopcardinality": "", "loopdatainput": "", "loopdataoutput": "", "inputdataitem": "", "outputdataitem": "", "behavior": "all", "complexbehaviordefinition": "", "completioncondition": "", "onebehavioreventref:": "signal", "nonebehavioreventref": "signal", "properties": "", "datainputset": "", "dataoutputset": "", "operationname": "", "inmessagename": "", "inmsgitemkind": "Information", "inmsgstructure": "", "inmsgimport": "", "inmsgiscollection": "", "outmessagename": "", "outmsgitemkind": "Information", "outmsgstructure": "", "outmsgimport": "", "outmsgiscollection": "", "bordercolor": "#000000", "time": "", "costs": "", "costcenter": "", "applyincalc": true, "externaldocuments": [], "risklevel": ""}, "stencil": {"id": "Task"}, "childShapes": [], "outgoing": [{"resourceId": "sid-E515C58D-CB61-45F8-ABE6-4A9665D157E7"}], "bounds": {"lowerRight": {"x": 227, "y": 248}, "upperLeft": {"x": 127, "y": 168}}, "dockers": []}, {"resourceId": "sid-825F43AE-5863-49F4-9DBF-8928B2EE305E", "properties": {"name": "", "documentation": "", "auditing": "", "monitoring": "", "categories": "", "assignments": "", "pool": "", "lanes": "", "gates": "", "gates_outgoingsequenceflow": "", "gates_assignments": "", "bgcolor": "#ffffff", "processid": "", "gatewaytype": "AND", "bordercolor": "#000000"}, "stencil": {"id": "ParallelGateway"}, "childShapes": [], "outgoing": [{"resourceId": "sid-74ECA625-87A6-44A1-88EC-7228E98382B5"}], "bounds": {"lowerRight": {"x": 197, "y": 366}, "upperLeft": {"x": 157, "y": 326}}, "dockers": []}, {"resourceId": "sid-B3998AD7-CD33-4F61-9C46-B3FB8E0B878A", "properties": {"name": "Ok?", "documentation": "", "auditing": "", "monitoring": "", "categories": "", "assignments": "", "pool": "", "lanes": "", "gates": "", "gates_outgoingsequenceflow": "", "gates_assignments": "", "bgcolor": "#ffffff", "processid": "", "gatewaytype": "XOR", "xortype": "Data", "markervisible": "true", "defaultgate": "", "gate_outgoingsequenceflow": "", "gate_assignments": "", "bordercolor": "#000000"}, "stencil": {"id": "Exclusive_Databased_Gateway"}, "childShapes": [], "outgoing": [{"resourceId": "sid-50B56733-3EBC-40F2-9D26-8670AFFD9018"}, {"resourceId": "sid-A6BBA7AC-B86A-40E8-A491-516528FDFD0D"}], "bounds": {"lowerRight": {"x": 302, "y": 228}, "upperLeft": {"x": 262, "y": 188}}, "dockers": []}, {"resourceId": "sid-37311557-C588-4D36-B9F0-A5A01AAF747F", "properties": {"name": "", "documentation": "", "auditing": "", "monitoring": "", "messagename": "", "operationname": "", "bgcolor": "#ffffff", "trigger": "Message", "bordercolor": "#000000"}, "stencil": {"id": "EndMessageEvent"}, "childShapes": [], "outgoing": [{"resourceId": "sid-3A646510-2D8F-4AAB-B140-7D35E252520B"}], "bounds": {"lowerRight": {"x": 551, "y": 149}, "upperLeft": {"x": 523, "y": 121}}, "dockers": []}, {"resourceId": "sid-C191840C-4EC3-47B4-AD9B-A2A63DF277D7", "properties": {"processid": "", "name": "Send product", "documentation": "", "auditing": "", "monitoring": "", "categories": "", "startquantity": 1, "completionquantity": 1, "isforcompensation": "", "assignments": "", "callacitivity": "", "tasktype": "None", "implementation": "webService", "resources": "", "messageref": "", "operationref": "", "instantiate": "", "script": "", "scriptformat": "", "bgcolor": "#ffffcc", "looptype": "None", "testbefore": "", "loopcondition": "", "loopmaximum": "", "loopcardinality": "", "loopdatainput": "", "loopdataoutput": "", "inputdataitem": "", "outputdataitem": "", "behavior": "all", "complexbehaviordefinition": "", "completioncondition": "", "onebehavioreventref:": "signal", "nonebehavioreventref": "signal", "properties": "", "datainputset": "", "dataoutputset": "", "operationname": "", "inmessagename": "", "inmsgitemkind": "Information", "inmsgstructure": "", "inmsgimport": "", "inmsgiscollection": "", "outmessagename": "", "outmsgitemkind": "Information", "outmsgstructure": "", "outmsgimport": "", "outmsgiscollection": "", "bordercolor": "#000000", "time": "", "costs": "", "costcenter": "", "applyincalc": true, "externaldocuments": [], "risklevel": ""}, "stencil": {"id": "Task"}, "childShapes": [], "outgoing": [{"resourceId": "sid-410F6B31-C60B-4DBF-A85E-549A1CF766D0"}], "bounds": {"lowerRight": {"x": 948.57551925707025475, "y": 384.9230010409227134}, "upperLeft": {"x": 848.57551925707036844, "y": 304.9230010409227134}}, "dockers": []}, {"resourceId": "sid-574640FF-7340-4B78-8F86-3DCEB0178850", "properties": {"processid": "", "name": "Send invoice", "documentation": "", "auditing": "", "monitoring": "", "categories": "", "startquantity": 1, "completionquantity": 1, "isforcompensation": "", "assignments": "", "callacitivity": "", "tasktype": "None", "implementation": "webService", "resources": "", "messageref": "", "operationref": "", "instantiate": "", "script": "", "scriptformat": "", "bgcolor": "#ffffcc", "looptype": "None", "testbefore": "", "loopcondition": "", "loopmaximum": "", "loopcardinality": "", "loopdatainput": "", "loopdataoutput": "", "inputdataitem": "", "outputdataitem": "", "behavior": "all", "complexbehaviordefinition": "", "completioncondition": "", "onebehavioreventref:": "signal", "nonebehavioreventref": "signal", "properties": "", "datainputset": "", "dataoutputset": "", "operationname": "", "inmessagename": "", "inmsgitemkind": "Information", "inmsgstructure": "", "inmsgimport": "", "inmsgiscollection": "", "outmessagename": "", "outmsgitemkind": "Information", "outmsgstructure": "", "outmsgimport": "", "outmsgiscollection": "", "bordercolor": "#000000", "time": "", "costs": "", "costcenter": "", "applyincalc": true, "externaldocuments": [], "risklevel": ""}, "stencil": {"id": "Task"}, "childShapes": [], "outgoing": [{"resourceId": "sid-995801CC-0479-41B0-A0F6-0C3546968048"}, {"resourceId": "sid-332FCC83-6603-41AE-8DB8-8C8E657CA14E"}], "bounds": {"lowerRight": {"x": 948.57551925707025475, "y": 282.15498438615929899}, "upperLeft": {"x": 848.57551925707025475, "y": 202.15498438615929899}}, "dockers": []}, {"resourceId": "sid-D13709B7-EC02-4A96-9C4F-E4FA460B702A", "properties": {"processid": "", "name": "Check payment", "documentation": "", "auditing": "", "monitoring": "", "categories": "", "startquantity": 1, "completionquantity": 1, "isforcompensation": "", "assignments": "", "callacitivity": "", "tasktype": "None", "implementation": "webService", "resources": "", "messageref": "", "operationref": "", "instantiate": "", "script": "", "scriptformat": "", "bgcolor": "#ffffcc", "looptype": "None", "testbefore": "", "loopcondition": "", "loopmaximum": "", "loopcardinality": "", "loopdatainput": "", "loopdataoutput": "", "inputdataitem": "", "outputdataitem": "", "behavior": "all", "complexbehaviordefinition": "", "completioncondition": "", "onebehavioreventref:": "signal", "nonebehavioreventref": "signal", "properties": "", "datainputset": "", "dataoutputset": "", "operationname": "", "inmessagename": "", "inmsgitemkind": "Information", "inmsgstructure": "", "inmsgimport": "", "inmsgiscollection": "", "outmessagename": "", "outmsgitemkind": "Information", "outmsgstructure": "", "outmsgimport": "", "outmsgiscollection": "", "bordercolor": "#000000", "time": "", "costs": "", "costcenter": "", "applyincalc": true, "externaldocuments": [], "risklevel": ""}, "stencil": {"id": "Task"}, "childShapes": [], "outgoing": [{"resourceId": "sid-B41B99DC-E27E-4710-B3CA-3DC44404CF9D"}], "bounds": {"lowerRight": {"x": 1244.8999713684386279, "y": 321}, "upperLeft": {"x": 1144.8999713684386279, "y": 241}}, "dockers": []}, {"resourceId": "sid-25E0FFF0-172B-49EC-8AF9-CE602A9A2237", "properties": {"name": "Paid?", "documentation": "", "auditing": "", "monitoring": "", "categories": "", "assignments": "", "pool": "", "lanes": "", "gates": "", "gates_outgoingsequenceflow": "", "gates_assignments": "", "bgcolor": "#ffffff", "processid": "", "gatewaytype": "XOR", "xortype": "Data", "markervisible": "true", "defaultgate": "", "gate_outgoingsequenceflow": "", "gate_assignments": "", "bordercolor": "#000000"}, "stencil": {"id": "Exclusive_Databased_Gateway"}, "childShapes": [], "outgoing": [{"resourceId": "sid-858D52AC-27FB-4E5E-BBBC-D892C9DF2732"}, {"resourceId": "sid-5FA475D3-DFC7-48F0-A920-4BF16A9C0692"}], "bounds": {"lowerRight": {"x": 1319.8999713684386279, "y": 301}, "upperLeft": {"x": 1279.8999713684386279, "y": 261}}, "dockers": []}, {"resourceId": "sid-DFAFC474-4B9A-4D59-B5BD-38F0EBA4CC42", "properties": {"name": "Order closed", "documentation": "", "auditing": "", "monitoring": "", "datainputassociations": "", "datainput": "", "inputset": "", "bgcolor": "#ffffff", "bordercolor": "#000000", "trigger": "None"}, "stencil": {"id": "EndNoneEvent"}, "childShapes": [], "outgoing": [], "bounds": {"lowerRight": {"x": 1648.1299608701995112, "y": 295}, "upperLeft": {"x": 1620.1299608701995112, "y": 267}}, "dockers": []}, {"resourceId": "sid-53C7D428-8615-4D88-A799-D91B26209C42", "properties": {"processid": "", "name": "Check reminders", "documentation": "", "auditing": "", "monitoring": "", "categories": "", "startquantity": 1, "completionquantity": 1, "isforcompensation": "", "assignments": "", "callacitivity": "", "tasktype": "None", "implementation": "webService", "resources": "", "messageref": "", "operationref": "", "instantiate": "", "script": "", "scriptformat": "", "bgcolor": "#ffffcc", "looptype": "None", "testbefore": "", "loopcondition": "", "loopmaximum": "", "loopcardinality": "", "loopdatainput": "", "loopdataoutput": "", "inputdataitem": "", "outputdataitem": "", "behavior": "all", "complexbehaviordefinition": "", "completioncondition": "", "onebehavioreventref:": "signal", "nonebehavioreventref": "signal", "properties": "", "datainputset": "", "dataoutputset": "", "operationname": "", "inmessagename": "", "inmsgitemkind": "Information", "inmsgstructure": "", "inmsgimport": "", "inmsgiscollection": "", "outmessagename": "", "outmsgitemkind": "Information", "outmsgstructure": "", "outmsgimport": "", "outmsgiscollection": "", "bordercolor": "#000000", "time": "", "costs": "", "costcenter": "", "applyincalc": true, "externaldocuments": [], "risklevel": ""}, "stencil": {"id": "Task"}, "childShapes": [], "outgoing": [{"resourceId": "sid-FC09FD33-E181-47E4-A096-300DEE9B2A09"}], "bounds": {"lowerRight": {"x": 1446.4849384421431751, "y": 220.12498807018278058}, "upperLeft": {"x": 1346.4849384421431751, "y": 140.12498807018278058}}, "dockers": []}, {"resourceId": "sid-1526E7FE-6320-4C23-9250-7D10234F1B8C", "properties": {"name": "", "documentation": "", "auditing": "", "monitoring": "", "categories": "", "assignments": "", "pool": "", "lanes": "", "gates": "", "gates_outgoingsequenceflow": "", "gates_assignments": "", "bgcolor": "#ffffff", "processid": "", "gatewaytype": "XOR", "xortype": "Data", "markervisible": "true", "defaultgate": "", "gate_outgoingsequenceflow": "", "gate_assignments": "", "bordercolor": "#000000"}, "stencil": {"id": "Exclusive_Databased_Gateway"}, "childShapes": [], "outgoing": [{"resourceId": "sid-2C8CF0DE-22E4-419C-B44E-10C2A02E1DF3"}, {"resourceId": "sid-831AC237-9D10-475A-93BD-ABAAE7FD6F71"}], "bounds": {"lowerRight": {"x": 1524.3049632561630915, "y": 200.12498807018278058}, "upperLeft": {"x": 1484.3049632561630915, "y": 160.12498807018278058}}, "dockers": []}, {"resourceId": "sid-597B3780-25EE-4DE0-A153-EFC5EB468934", "properties": {"processid": "", "name": "Take leagal actions", "documentation": "", "auditing": "", "monitoring": "", "categories": "", "startquantity": 1, "completionquantity": 1, "isforcompensation": "", "assignments": "", "callacitivity": "", "tasktype": "None", "implementation": "webService", "resources": "", "messageref": "", "operationref": "", "instantiate": "", "script": "", "scriptformat": "", "bgcolor": "#ffffcc", "looptype": "None", "testbefore": "", "loopcondition": "", "loopmaximum": "", "loopcardinality": "", "loopdatainput": "", "loopdataoutput": "", "inputdataitem": "", "outputdataitem": "", "behavior": "all", "complexbehaviordefinition": "", "completioncondition": "", "onebehavioreventref:": "signal", "nonebehavioreventref": "signal", "properties": "", "datainputset": "", "dataoutputset": "", "operationname": "", "inmessagename": "", "inmsgitemkind": "Information", "inmsgstructure": "", "inmsgimport": "", "inmsgiscollection": "", "outmessagename": "", "outmsgitemkind": "Information", "outmsgstructure": "", "outmsgimport": "", "outmsgiscollection": "", "bordercolor": "#000000", "time": "", "costs": "", "costcenter": "", "applyincalc": true, "externaldocuments": [], "risklevel": ""}, "stencil": {"id": "Task"}, "childShapes": [], "outgoing": [], "bounds": {"lowerRight": {"x": 1684.1299608701995112, "y": 220.12498807018278058}, "upperLeft": {"x": 1584.1299608701995112, "y": 140.12498807018278058}}, "dockers": []}, {"resourceId": "sid-6C6EB812-CCE7-455E-9565-8AC981947C95", "properties": {"processid": "", "name": "Decline customer", "documentation": "", "auditing": "", "monitoring": "", "categories": "", "startquantity": 1, "completionquantity": 1, "isforcompensation": "", "assignments": "", "callacitivity": "", "tasktype": "None", "implementation": "webService", "resources": "", "messageref": "", "operationref": "", "instantiate": "", "script": "", "scriptformat": "", "bgcolor": "#ffffcc", "looptype": "None", "testbefore": "", "loopcondition": "", "loopmaximum": "", "loopcardinality": "", "loopdatainput": "", "loopdataoutput": "", "inputdataitem": "", "outputdataitem": "", "behavior": "all", "complexbehaviordefinition": "", "completioncondition": "", "onebehavioreventref:": "signal", "nonebehavioreventref": "signal", "properties": "", "datainputset": "", "dataoutputset": "", "operationname": "", "inmessagename": "", "inmsgitemkind": "Information", "inmsgstructure": "", "inmsgimport": "", "inmsgiscollection": "", "outmessagename": "", "outmsgitemkind": "Information", "outmsgstructure": "", "outmsgimport": "", "outmsgiscollection": "", "bordercolor": "#000000", "time": "", "costs": "", "costcenter": "", "applyincalc": true, "externaldocuments": "", "risklevel": ""}, "stencil": {"id": "Task"}, "childShapes": [], "outgoing": [{"resourceId": "sid-18AD3129-775B-4570-B50A-C48832B76170"}], "bounds": {"lowerRight": {"x": 420.3455088478430639, "y": 175}, "upperLeft": {"x": 320.3455088478430639, "y": 95}}, "dockers": []}, {"resourceId": "sid-BDE60573-A431-4E04-A371-6372F7D7F715", "properties": {"name": "", "documentation": "", "auditing": "", "monitoring": "", "categories": "", "assignments": "", "pool": "", "lanes": "", "gates": "", "gates_outgoingsequenceflow": "", "gates_assignments": "", "bgcolor": "#ffffff", "processid": "", "gatewaytype": "AND", "bordercolor": "#000000"}, "stencil": {"id": "ParallelGateway"}, "childShapes": [], "outgoing": [{"resourceId": "sid-D370CC31-2825-41F4-870E-DC12E11A120F"}, {"resourceId": "sid-FD125E8C-8043-492E-9B4F-3EC3DA6A80B7"}], "bounds": {"lowerRight": {"x": 799.57551925707025475, "y": 301}, "upperLeft": {"x": 759.57551925707025475, "y": 261}}, "dockers": []}, {"resourceId": "sid-5D0B1737-BB97-47B4-B80A-51597F029C33", "properties": {"name": "", "documentation": "", "auditing": "", "monitoring": "", "categories": "", "assignments": "", "pool": "", "lanes": "", "gates": "", "gates_outgoingsequenceflow": "", "gates_assignments": "", "bgcolor": "#ffffff", "processid": "", "gatewaytype": "XOR", "xortype": "Data", "markervisible": "true", "defaultgate": "", "gate_outgoingsequenceflow": "", "gate_assignments": "", "bordercolor": "#000000"}, "stencil": {"id": "Exclusive_Databased_Gateway"}, "childShapes": [], "outgoing": [{"resourceId": "sid-DF6DA672-2325-42AA-B1A3-359F06001EA3"}], "bounds": {"lowerRight": {"x": 1105.0399732772093557, "y": 301}, "upperLeft": {"x": 1065.0399732772093557, "y": 261}}, "dockers": []}, {"resourceId": "sid-642CA225-D484-4160-BD4E-32FB55D57669", "properties": {"processid": "", "name": "Close order", "documentation": "", "auditing": "", "monitoring": "", "categories": "", "startquantity": 1, "completionquantity": 1, "isforcompensation": "", "assignments": "", "callacitivity": "", "tasktype": "None", "implementation": "webService", "resources": "", "messageref": "", "operationref": "", "instantiate": "", "script": "", "scriptformat": "", "bgcolor": "#ffffcc", "looptype": "None", "testbefore": "", "loopcondition": "", "loopmaximum": "", "loopcardinality": "", "loopdatainput": "", "loopdataoutput": "", "inputdataitem": "", "outputdataitem": "", "behavior": "all", "complexbehaviordefinition": "", "completioncondition": "", "onebehavioreventref:": "signal", "nonebehavioreventref": "signal", "properties": "", "datainputset": "", "dataoutputset": "", "operationname": "", "inmessagename": "", "inmsgitemkind": "Information", "inmsgstructure": "", "inmsgimport": "", "inmsgiscollection": "", "outmessagename": "", "outmsgitemkind": "Information", "outmsgstructure": "", "outmsgimport": "", "outmsgiscollection": "", "bordercolor": "#000000", "time": "", "costs": "", "costcenter": "", "applyincalc": true, "externaldocuments": "", "risklevel": ""}, "stencil": {"id": "Task"}, "childShapes": [], "outgoing": [{"resourceId": "sid-2C868041-65EF-488C-8AD7-CD15BCA1EB9B"}], "bounds": {"lowerRight": {"x": 1518.4205348709108421, "y": 321}, "upperLeft": {"x": 1418.4205348709108421, "y": 241}}, "dockers": []}, {"resourceId": "sid-78E84F7B-BE38-4D56-8D0C-6A35358C5E8B", "properties": {"name": "", "documentation": "", "auditing": "", "monitoring": "", "categories": "", "assignments": "", "pool": "", "lanes": "", "gates": "", "gates_outgoingsequenceflow": "", "gates_assignments": "", "bgcolor": "#ffffff", "processid": "", "gatewaytype": "AND", "bordercolor": "#000000"}, "stencil": {"id": "ParallelGateway"}, "childShapes": [], "outgoing": [{"resourceId": "sid-1ECA7B9B-711E-4A81-B272-E77F98C74A6D"}], "bounds": {"lowerRight": {"x": 1041.1520249821451216, "y": 302.0769989590772866}, "upperLeft": {"x": 1001.1520249821451216, "y": 262.0769989590772866}}, "dockers": []}, {"resourceId": "sid-E00BDE3B-ABC1-4D35-9806-C944F97E399B", "properties": {"processid": "", "name": "Send reminder", "documentation": "", "auditing": "", "monitoring": "", "categories": "", "startquantity": 1, "completionquantity": 1, "isforcompensation": "", "assignments": "", "callacitivity": "", "tasktype": "None", "implementation": "webService", "resources": "", "messageref": "", "operationref": "", "instantiate": "", "script": "", "scriptformat": "", "bgcolor": "#ffffcc", "looptype": "None", "testbefore": "", "loopcondition": "", "loopmaximum": "", "loopcardinality": "", "loopdatainput": "", "loopdataoutput": "", "inputdataitem": "", "outputdataitem": "", "behavior": "all", "complexbehaviordefinition": "", "completioncondition": "", "onebehavioreventref:": "signal", "nonebehavioreventref": "signal", "properties": "", "datainputset": "", "dataoutputset": "", "operationname": "", "inmessagename": "", "inmsgitemkind": "Information", "inmsgstructure": "", "inmsgimport": "", "inmsgiscollection": "", "outmessagename": "", "outmsgitemkind": "Information", "outmsgstructure": "", "outmsgimport": "", "outmsgiscollection": "", "bordercolor": "#000000", "time": "", "costs": "", "costcenter": "", "applyincalc": true, "externaldocuments": "", "risklevel": ""}, "stencil": {"id": "Task"}, "childShapes": [], "outgoing": [{"resourceId": "sid-16FEB680-92D6-4020-8C0E-6173B7376FCC"}], "bounds": {"lowerRight": {"x": 1268.8055296662973888, "y": 157.49798583984375}, "upperLeft": {"x": 1168.8055296662973888, "y": 77.49798583984375}}, "dockers": []}], "outgoing": [], "bounds": {"lowerRight": {"x": 1754.3629913150930406, "y": 416}, "upperLeft": {"x": 30, "y": 0}}, "dockers": []}], "outgoing": [], "bounds": {"lowerRight": {"x": 1777.3629913150930406, "y": 1191}, "upperLeft": {"x": 23, "y": 359}}, "dockers": []}, {"resourceId": "sid-74ECA625-87A6-44A1-88EC-7228E98382B5", "properties": {"name": "", "documentation": "", "auditing": "", "monitoring": "", "conditiontype": "None", "conditionexpression": "", "isimmediate": "", "showdiamondmarker": false, "bordercolor": "#000000", "probability": ""}, "stencil": {"id": "SequenceFlow"}, "childShapes": [], "outgoing": [{"resourceId": "sid-756F19B7-E628-45F8-90E4-74F6457E02DC"}], "bounds": {"lowerRight": {"x": 230.42607741522158449, "y": 685.02344401637731153}, "upperLeft": {"x": 230.14440433212996595, "y": 607}}, "dockers": [{"x": 20.5, "y": 20.5}, {"x": 50, "y": 40}], "target": {"resourceId": "sid-756F19B7-E628-45F8-90E4-74F6457E02DC"}}, {"resourceId": "sid-06206EFD-2800-489A-B19E-CF1A32475865", "properties": {"name": "", "documentation": "", "auditing": "", "monitoring": "", "conditiontype": "None", "conditionexpression": "", "isimmediate": "", "showdiamondmarker": false, "bordercolor": "#000000", "probability": ""}, "stencil": {"id": "SequenceFlow"}, "childShapes": [], "outgoing": [{"resourceId": "sid-825F43AE-5863-49F4-9DBF-8928B2EE305E"}], "bounds": {"lowerRight": {"x": 209.89065674401626893, "y": 705.33578212545035058}, "upperLeft": {"x": 105, "y": 704.5}}, "dockers": [{"x": 105, "y": 704.5}, {"x": 20.5, "y": 20.5}], "target": {"resourceId": "sid-825F43AE-5863-49F4-9DBF-8928B2EE305E"}}, {"resourceId": "sid-8E741831-A406-4E15-BF75-6968311DA4EA", "properties": {"name": "Customer", "documentation": "", "auditing": "", "monitoring": "", "boundaryvisible": true, "processname": "", "status": "None", "adhoc": "", "adhocordering": "Parallel", "adhoccompletioncondition": "", "suppressjoinfailure": "", "enableinstancecompensation": "", "processcategories": "", "processdocumentation": "", "multiinstance": "", "minimum": 2, "maximum": 2, "processtype": "None", "isclosed": "", "isexecutable": "", "bgcolor": "#ffffff", "processid": "sid-FA7249E2-6C43-416B-B587-918C0EC58BB3", "bordercolor": "#000000"}, "stencil": {"id": "Pool"}, "childShapes": [{"resourceId": "sid-8620FBC1-28B6-4F5D-BEAD-DD7839DD3308", "properties": {"name": "", "documentation": "", "auditing": "", "monitoring": "", "parentpool": "", "parentlane": "", "showcaption": false, "bgcolor": "", "bordercolor": "#000000"}, "stencil": {"id": "Lane"}, "childShapes": [], "outgoing": [], "bounds": {"lowerRight": {"x": 1742.3629913150930406, "y": 262}, "upperLeft": {"x": 30, "y": 0}}, "dockers": []}], "outgoing": [], "bounds": {"lowerRight": {"x": 1777.3629913150930406, "y": 322}, "upperLeft": {"x": 35, "y": 60}}, "dockers": []}, {"resourceId": "sid-836BD2F5-D90C-4BEB-A41F-A9EA3D66956C", "properties": {"name": "Place order", "documentation": "", "auditing": "", "monitoring": "", "bordercolor": "#000000"}, "stencil": {"id": "MessageFlow"}, "childShapes": [], "outgoing": [], "bounds": {"lowerRight": {"x": 105, "y": 701.357421875}, "upperLeft": {"x": 105, "y": 323}}, "dockers": [{"x": 105, "y": 323}, {"x": 105, "y": 701.357421875}]}, {"resourceId": "sid-A29B9DC0-3A3A-4A74-AF48-1AE3D0605830", "properties": {"name": "", "documentation": "", "auditing": "", "monitoring": "", "conditiontype": "None", "conditionexpression": "", "isimmediate": "", "showdiamondmarker": false, "bordercolor": "#000000", "probability": ""}, "stencil": {"id": "SequenceFlow"}, "childShapes": [], "outgoing": [{"resourceId": "sid-7E440717-CF5E-485B-84EA-9BAE0164D23C"}], "bounds": {"lowerRight": {"x": 569.71876123046604334, "y": 983.40151071673210481}, "upperLeft": {"x": 535, "y": 983.23696682464458263}}, "dockers": [{"x": 50, "y": 40}, {"x": 20.5, "y": 20.5}], "target": {"resourceId": "sid-7E440717-CF5E-485B-84EA-9BAE0164D23C"}}, {"resourceId": "sid-50B56733-3EBC-40F2-9D26-8670AFFD9018", "properties": {"name": "No", "documentation": "", "auditing": "", "monitoring": "", "conditiontype": "None", "conditionexpression": "", "isimmediate": "", "showdiamondmarker": false, "bordercolor": "#000000", "probability": ""}, "stencil": {"id": "SequenceFlow"}, "childShapes": [], "outgoing": [], "bounds": {"lowerRight": {"x": 369.54545698087775918, "y": 546.9765625}, "upperLeft": {"x": 335.5, "y": 494}}, "dockers": [{"x": 20.5, "y": 20.5}, {"x": 335.5, "y": 494}, {"x": 369.54545698087775918, "y": 494}]}, {"resourceId": "sid-3A646510-2D8F-4AAB-B140-7D35E252520B", "properties": {"name": "Declinement message", "documentation": "", "auditing": "", "monitoring": "", "bordercolor": "#000000"}, "stencil": {"id": "MessageFlow"}, "childShapes": [], "outgoing": [{"resourceId": "sid-8E741831-A406-4E15-BF75-6968311DA4EA"}], "bounds": {"lowerRight": {"x": 590, "y": 479.40625}, "upperLeft": {"x": 590, "y": 322}}, "dockers": [{"x": 14, "y": 14}, {"x": 555, "y": 260}], "labels": [{"distance": 5.203125, "x": 590, "y": 430.25691527133091085, "from": 0, "to": 1, "valign": "middle", "align": "center", "ref": "text_name"}], "target": {"resourceId": "sid-8E741831-A406-4E15-BF75-6968311DA4EA"}}, {"resourceId": "sid-B8376E9B-8320-4E9F-9F74-73E0E946ED5E", "properties": {"name": "", "documentation": "", "auditing": "", "monitoring": "", "conditiontype": "None", "conditionexpression": "", "isimmediate": "", "showdiamondmarker": false, "bordercolor": "#000000", "probability": ""}, "stencil": {"id": "SequenceFlow"}, "childShapes": [], "outgoing": [{"resourceId": "sid-6F4251B5-7AF9-48BF-858F-35B94E66771E"}], "bounds": {"lowerRight": {"x": 1074.6520249821451216, "y": 1039.51953125}, "upperLeft": {"x": 1000.4215213389156816, "y": 983.00000000000011369}}, "dockers": [{"x": 50, "y": 40}, {"x": 1074.6520249821451216, "y": 983.00000000000011369}, {"x": 20.5, "y": 20.5}], "target": {"resourceId": "sid-6F4251B5-7AF9-48BF-858F-35B94E66771E"}}, {"resourceId": "sid-E515C58D-CB61-45F8-ABE6-4A9665D157E7", "properties": {"name": "", "documentation": "", "auditing": "", "monitoring": "", "conditiontype": "None", "conditionexpression": "", "isimmediate": "", "showdiamondmarker": false, "bordercolor": "#000000", "probability": ""}, "stencil": {"id": "SequenceFlow"}, "childShapes": [], "outgoing": [{"resourceId": "sid-B3998AD7-CD33-4F61-9C46-B3FB8E0B878A"}], "bounds": {"lowerRight": {"x": 314.7187612304659865, "y": 567.40151071673210481}, "upperLeft": {"x": 280, "y": 567.23696682464458263}}, "dockers": [{"x": 50, "y": 40}, {"x": 20.5, "y": 20.5}], "target": {"resourceId": "sid-B3998AD7-CD33-4F61-9C46-B3FB8E0B878A"}}, {"resourceId": "sid-995801CC-0479-41B0-A0F6-0C3546968048", "properties": {"name": "", "documentation": "", "auditing": "", "monitoring": "", "bordercolor": "#000000"}, "stencil": {"id": "MessageFlow"}, "childShapes": [], "outgoing": [], "bounds": {"lowerRight": {"x": 951.57551925707025475, "y": 560.24632315688290873}, "upperLeft": {"x": 951.57551925707025475, "y": 325.03019317819320122}}, "dockers": [{"x": 50, "y": 40}, {"x": 951.57551925707025475, "y": 325.03019317819320122}]}, {"resourceId": "sid-0B0D5EB5-267A-467F-988B-DD4F2B383923", "properties": {"name": "Supplier", "documentation": "", "auditing": "", "monitoring": "", "boundaryvisible": true, "processname": "", "status": "None", "adhoc": "", "adhocordering": "Parallel", "adhoccompletioncondition": "", "suppressjoinfailure": "", "enableinstancecompensation": "", "processcategories": "", "processdocumentation": "", "multiinstance": "", "minimum": 2, "maximum": 2, "processtype": "None", "isclosed": "", "isexecutable": "", "bgcolor": "#ffffff", "processid": "sid-45EF0BE4-2C30-46F8-8CC8-8776D80F88DA", "bordercolor": "#000000"}, "stencil": {"id": "Pool"}, "childShapes": [{"resourceId": "sid-30F97335-CF52-4FB4-9261-C5815550AC99", "properties": {"name": "", "documentation": "", "auditing": "", "monitoring": "", "parentpool": "", "parentlane": "", "showcaption": false, "bgcolor": "", "bordercolor": "#000000"}, "stencil": {"id": "Lane"}, "childShapes": [], "outgoing": [], "bounds": {"lowerRight": {"x": 1742.3629913150930406, "y": 250}, "upperLeft": {"x": 30, "y": 0}}, "dockers": []}], "outgoing": [], "bounds": {"lowerRight": {"x": 1777.3629913150930406, "y": 1480}, "upperLeft": {"x": 35, "y": 1230}}, "dockers": []}, {"resourceId": "sid-B41B99DC-E27E-4710-B3CA-3DC44404CF9D", "properties": {"name": "", "documentation": "", "auditing": "", "monitoring": "", "conditiontype": "None", "conditionexpression": "", "isimmediate": "", "showdiamondmarker": false, "bordercolor": "#000000", "probability": ""}, "stencil": {"id": "SequenceFlow"}, "childShapes": [], "outgoing": [{"resourceId": "sid-25E0FFF0-172B-49EC-8AF9-CE602A9A2237"}], "bounds": {"lowerRight": {"x": 1332.6187325989046712, "y": 640.40151071673210481}, "upperLeft": {"x": 1297.8999713684386279, "y": 640.23696682464458263}}, "dockers": [{"x": 50, "y": 40}, {"x": 20.5, "y": 20.5}], "target": {"resourceId": "sid-25E0FFF0-172B-49EC-8AF9-CE602A9A2237"}}, {"resourceId": "sid-858D52AC-27FB-4E5E-BBBC-D892C9DF2732", "properties": {"name": "No", "documentation": "", "auditing": "", "monitoring": "", "conditiontype": "None", "conditionexpression": "", "isimmediate": "", "showdiamondmarker": false, "bordercolor": "#000000", "probability": ""}, "stencil": {"id": "SequenceFlow"}, "childShapes": [], "outgoing": [{"resourceId": "sid-53C7D428-8615-4D88-A799-D91B26209C42"}], "bounds": {"lowerRight": {"x": 1398.9411272947643283, "y": 619.70019298245745176}, "upperLeft": {"x": 1353.3999713684386279, "y": 539.12498807018278058}}, "dockers": [{"x": 20.5, "y": 20.5}, {"x": 1353.3999713684386279, "y": 539.12498807018278058}, {"x": 50, "y": 40}], "target": {"resourceId": "sid-53C7D428-8615-4D88-A799-D91B26209C42"}}, {"resourceId": "sid-FC09FD33-E181-47E4-A096-300DEE9B2A09", "properties": {"name": "", "documentation": "", "auditing": "", "monitoring": "", "conditiontype": "None", "conditionexpression": "", "isimmediate": "", "showdiamondmarker": false, "bordercolor": "#000000", "probability": ""}, "stencil": {"id": "SequenceFlow"}, "childShapes": [], "outgoing": [{"resourceId": "sid-1526E7FE-6320-4C23-9250-7D10234F1B8C"}], "bounds": {"lowerRight": {"x": 1536.4949692568691262, "y": 539.52662216768283088}, "upperLeft": {"x": 1499.4849384421431751, "y": 539.35578565394371253}}, "dockers": [{"x": 50, "y": 40}, {"x": 20.5, "y": 20.5}], "target": {"resourceId": "sid-1526E7FE-6320-4C23-9250-7D10234F1B8C"}}, {"resourceId": "sid-831AC237-9D10-475A-93BD-ABAAE7FD6F71", "properties": {"name": "Reminder < 3", "documentation": "", "auditing": "", "monitoring": "", "conditiontype": "None", "conditionexpression": "", "isimmediate": "", "showdiamondmarker": false, "bordercolor": "#000000", "probability": ""}, "stencil": {"id": "SequenceFlow"}, "childShapes": [], "outgoing": [{"resourceId": "sid-E00BDE3B-ABC1-4D35-9806-C944F97E399B"}], "bounds": {"lowerRight": {"x": 1557.8049632561630915, "y": 518.89779987320184773}, "upperLeft": {"x": 1321.8055296662973888, "y": 476.49798583984375}}, "dockers": [{"x": 20.5, "y": 20.5}, {"x": 1557.8049632561630915, "y": 476.49798583984375}, {"x": 50, "y": 40}], "target": {"resourceId": "sid-E00BDE3B-ABC1-4D35-9806-C944F97E399B"}}, {"resourceId": "sid-2C8CF0DE-22E4-419C-B44E-10C2A02E1DF3", "properties": {"name": "Reminder = 3", "documentation": "", "auditing": "", "monitoring": "", "conditiontype": "None", "conditionexpression": "", "isimmediate": "", "showdiamondmarker": false, "bordercolor": "#000000", "probability": ""}, "stencil": {"id": "SequenceFlow"}, "childShapes": [], "outgoing": [{"resourceId": "sid-597B3780-25EE-4DE0-A153-EFC5EB468934"}], "bounds": {"lowerRight": {"x": 1636.6227352210762547, "y": 539.62498807018278058}, "upperLeft": {"x": 1577.3049632561630915, "y": 539.62498807018278058}}, "dockers": [{"x": 20.5, "y": 20.5}, {"x": 50, "y": 40.5}], "target": {"resourceId": "sid-597B3780-25EE-4DE0-A153-EFC5EB468934"}}, {"resourceId": "sid-819E18D3-AA44-4053-B9C9-77A2B4075D44", "properties": {"name": "", "documentation": "", "auditing": "", "monitoring": "", "conditiontype": "None", "conditionexpression": "", "isimmediate": "", "showdiamondmarker": false, "bordercolor": "#000000", "probability": ""}, "stencil": {"id": "SequenceFlow"}, "childShapes": [], "outgoing": [{"resourceId": "sid-C81F9A77-BB13-4033-A84D-74C03B0B1D89"}], "bounds": {"lowerRight": {"x": 790.65178885160889877, "y": 1060.4219678029771785}, "upperLeft": {"x": 730, "y": 1060.190673737567522}}, "dockers": [{"x": 50, "y": 40}, {"x": 20.5, "y": 20.5}], "target": {"resourceId": "sid-C81F9A77-BB13-4033-A84D-74C03B0B1D89"}}, {"resourceId": "sid-7B4EC72B-F04B-418E-8E0C-29E4F8DCF0CA", "properties": {"name": "Yes", "documentation": "", "auditing": "", "monitoring": "", "conditiontype": "None", "conditionexpression": "", "isimmediate": "", "showdiamondmarker": false, "bordercolor": "#000000", "probability": ""}, "stencil": {"id": "SequenceFlow"}, "childShapes": [], "outgoing": [{"resourceId": "sid-19438680-1042-4A74-8DE1-18AA4CD627B4"}], "bounds": {"lowerRight": {"x": 900.42152133891568155, "y": 1039.51953125}, "upperLeft": {"x": 811.11401873660884121, "y": 983.00000000000011369}}, "dockers": [{"x": 20.5, "y": 20.5}, {"x": 811.11401873660884121, "y": 983.00000000000011369}, {"x": 1, "y": 40}], "target": {"resourceId": "sid-19438680-1042-4A74-8DE1-18AA4CD627B4"}}, {"resourceId": "sid-BDD51C34-4E95-4357-B049-C9F825DBC7D6", "properties": {"name": "No", "documentation": "", "auditing": "", "monitoring": "", "conditiontype": "None", "conditionexpression": "", "isimmediate": "", "showdiamondmarker": false, "bordercolor": "#000000", "probability": ""}, "stencil": {"id": "SequenceFlow"}, "childShapes": [], "outgoing": [{"resourceId": "sid-E3419D03-65C7-4B90-B4D9-2929EE22496E"}], "bounds": {"lowerRight": {"x": 900.42152133891568155, "y": 1116.1135255026065352}, "upperLeft": {"x": 811.11401873660884121, "y": 1080}}, "dockers": [{"x": 20.5, "y": 20.5}, {"x": 811.11401873660884121, "y": 1116.1135255026065352}, {"x": 1, "y": 40}], "target": {"resourceId": "sid-E3419D03-65C7-4B90-B4D9-2929EE22496E"}}, {"resourceId": "sid-97E65B6C-3170-4EA3-85A8-409E455C7C0C", "properties": {"name": "", "documentation": "", "auditing": "", "monitoring": "", "conditiontype": "None", "conditionexpression": "", "isimmediate": "", "showdiamondmarker": false, "bordercolor": "#000000", "probability": ""}, "stencil": {"id": "SequenceFlow"}, "childShapes": [], "outgoing": [{"resourceId": "sid-6F4251B5-7AF9-48BF-858F-35B94E66771E"}], "bounds": {"lowerRight": {"x": 1074.6520249821451216, "y": 1116.1135255026065352}, "upperLeft": {"x": 1000.4215213389156816, "y": 1080}}, "dockers": [{"x": 99, "y": 40}, {"x": 1074.6520249821451216, "y": 1116.1135255026065352}, {"x": 20.5, "y": 20.499999999999886313}], "target": {"resourceId": "sid-6F4251B5-7AF9-48BF-858F-35B94E66771E"}}, {"resourceId": "sid-9B790898-0ED4-4406-8EAC-076F11D178F8", "properties": {"name": "Place order", "documentation": "", "auditing": "", "monitoring": "", "bordercolor": "#000000"}, "stencil": {"id": "MessageFlow"}, "childShapes": [], "outgoing": [{"resourceId": "sid-0B0D5EB5-267A-467F-988B-DD4F2B383923"}], "bounds": {"lowerRight": {"x": 950.42152133891568155, "y": 1229.1175455450847949}, "upperLeft": {"x": 950.42152133891568155, "y": 1156.1135255026065352}}, "dockers": [{"x": 50, "y": 79}, {"x": 915.42152133891568155, "y": 1.3080855457590132573}], "target": {"resourceId": "sid-0B0D5EB5-267A-467F-988B-DD4F2B383923"}}, {"resourceId": "sid-A6BBA7AC-B86A-40E8-A491-516528FDFD0D", "properties": {"name": "Yes", "documentation": "", "auditing": "", "monitoring": "", "conditiontype": "None", "conditionexpression": "", "isimmediate": "", "showdiamondmarker": false, "bordercolor": "#000000", "probability": ""}, "stencil": {"id": "SequenceFlow"}, "childShapes": [], "outgoing": [{"resourceId": "sid-C88B1DD2-E6C8-419B-B8E4-74F4AA124BD5"}], "bounds": {"lowerRight": {"x": 434.78125, "y": 983}, "upperLeft": {"x": 335, "y": 587.5}}, "dockers": [{"x": 20, "y": 20}, {"x": 335, "y": 983}, {"x": 50, "y": 40}], "target": {"resourceId": "sid-C88B1DD2-E6C8-419B-B8E4-74F4AA124BD5"}}, {"resourceId": "sid-D4D2BA91-0240-4B04-B63A-CA46EABF6B3F", "properties": {"name": "", "documentation": "", "auditing": "", "monitoring": "", "conditiontype": "None", "conditionexpression": "", "isimmediate": "", "showdiamondmarker": false, "bordercolor": "#000000", "probability": ""}, "stencil": {"id": "SequenceFlow"}, "childShapes": [], "outgoing": [{"resourceId": "sid-C14C490A-D572-4AA0-B779-60ACEB51D55C"}], "bounds": {"lowerRight": {"x": 1269.5698962940971342, "y": 964.96714463854414134}, "upperLeft": {"x": 730, "y": 895}}, "dockers": [{"x": 50, "y": 40}, {"x": 1269.5698962940971342, "y": 895}, {"x": 17.764366627799745402, "y": 7.6982876144470537838}], "target": {"resourceId": "sid-C14C490A-D572-4AA0-B779-60ACEB51D55C"}}, {"resourceId": "sid-F3C0B557-3DAE-4887-A746-1C7A61D128F3", "properties": {"name": "", "documentation": "", "auditing": "", "monitoring": "", "conditiontype": "None", "conditionexpression": "", "isimmediate": "", "showdiamondmarker": "", "bordercolor": "#000000", "probability": ""}, "stencil": {"id": "SequenceFlow"}, "childShapes": [], "outgoing": [{"resourceId": "sid-14AFADBA-3D14-47CE-9E77-89E79D2BCE0D"}], "bounds": {"lowerRight": {"x": 1397.5140386937312087, "y": 983.44246504100226502}, "upperLeft": {"x": 1292.5111676734495632, "y": 983.14347245899796235}}, "dockers": [{"x": 20.5, "y": 20.5}, {"x": 50, "y": 40}], "target": {"resourceId": "sid-14AFADBA-3D14-47CE-9E77-89E79D2BCE0D"}}, {"resourceId": "sid-5FA475D3-DFC7-48F0-A920-4BF16A9C0692", "properties": {"name": "yes\n", "documentation": "", "auditing": "", "monitoring": "", "conditiontype": "None", "conditionexpression": "", "isimmediate": "", "showdiamondmarker": false, "bordercolor": "#000000", "probability": ""}, "stencil": {"id": "SequenceFlow"}, "childShapes": [], "outgoing": [{"resourceId": "sid-642CA225-D484-4160-BD4E-32FB55D57669"}], "bounds": {"lowerRight": {"x": 1470.4906955424412445, "y": 640.41767408233215519}, "upperLeft": {"x": 1372.9969255918063027, "y": 640.00810716766784481}}, "dockers": [{"x": 20.5, "y": 20.5}, {"x": 1, "y": 40}], "target": {"resourceId": "sid-642CA225-D484-4160-BD4E-32FB55D57669"}}, {"resourceId": "sid-18AD3129-775B-4570-B50A-C48832B76170", "properties": {"name": "", "documentation": "", "auditing": "", "monitoring": "", "conditiontype": "None", "conditionexpression": "", "isimmediate": "", "showdiamondmarker": false, "bordercolor": "#000000", "probability": ""}, "stencil": {"id": "SequenceFlow"}, "childShapes": [], "outgoing": [{"resourceId": "sid-37311557-C588-4D36-B9F0-A5A01AAF747F"}], "bounds": {"lowerRight": {"x": 575.21236431810666545, "y": 494}, "upperLeft": {"x": 473.34550884784300706, "y": 494}}, "dockers": [{"x": 98.999999999999943157, "y": 40}, {"x": 14, "y": 14}], "target": {"resourceId": "sid-37311557-C588-4D36-B9F0-A5A01AAF747F"}}, {"resourceId": "sid-30BDB30B-D8F8-452B-830F-2D33940DED48", "properties": {"name": "", "documentation": "", "auditing": "", "monitoring": "", "conditiontype": "None", "conditionexpression": "", "isimmediate": "", "showdiamondmarker": false, "bordercolor": "#000000", "probability": ""}, "stencil": {"id": "SequenceFlow"}, "childShapes": [], "outgoing": [{"resourceId": "sid-C14C490A-D572-4AA0-B779-60ACEB51D55C"}], "bounds": {"lowerRight": {"x": 1269.5698962940971342, "y": 1060.5}, "upperLeft": {"x": 1241.9980270639905484, "y": 1000.4846845840825154}}, "dockers": [{"x": 99, "y": 40.000000000000113687}, {"x": 1269.5698962940971342, "y": 1060.5}, {"x": 17.764366627799745402, "y": 35.516187513988370483}], "target": {"resourceId": "sid-C14C490A-D572-4AA0-B779-60ACEB51D55C"}}, {"resourceId": "sid-E8E58A58-3FC5-47AF-9782-23B65B03AB85", "properties": {"name": "", "documentation": "", "auditing": "", "monitoring": "", "conditiontype": "None", "conditionexpression": "", "isimmediate": "", "showdiamondmarker": false, "bordercolor": "#000000", "probability": ""}, "stencil": {"id": "SequenceFlow"}, "childShapes": [], "outgoing": [{"resourceId": "sid-03862806-46B9-4D3C-9A04-EA2EEBB29248"}], "bounds": {"lowerRight": {"x": 1141.7792895637562651, "y": 1059.7489063124987752}, "upperLeft": {"x": 1091.9980270639905484, "y": 1059.5}}, "dockers": [{"x": 1091.9980270639905484, "y": 1059.5}, {"x": 50, "y": 40.000000000000113687}], "target": {"resourceId": "sid-03862806-46B9-4D3C-9A04-EA2EEBB29248"}}, {"resourceId": "sid-28DD7BED-28D7-4819-BED5-16431C6ECDC0", "properties": {"name": "", "documentation": "", "auditing": "", "monitoring": "", "conditiontype": "None", "conditionexpression": "", "isimmediate": "", "showdiamondmarker": false, "bordercolor": "#000000", "probability": ""}, "stencil": {"id": "SequenceFlow"}, "childShapes": [], "outgoing": [{"resourceId": "sid-BDE60573-A431-4E04-A371-6372F7D7F715"}], "bounds": {"lowerRight": {"x": 1447.8999713684386279, "y": 942.474609375}, "upperLeft": {"x": 774.99789371976646635, "y": 640.5}}, "dockers": [{"x": 50, "y": 40}, {"x": 1447.8999713684386279, "y": 811.5}, {"x": 774.99789371976646635, "y": 811.5}, {"x": 774.99789371976646635, "y": 640.5}, {"x": 20.5, "y": 20.5}], "target": {"resourceId": "sid-BDE60573-A431-4E04-A371-6372F7D7F715"}}, {"resourceId": "sid-D370CC31-2825-41F4-870E-DC12E11A120F", "properties": {"name": "", "documentation": "", "auditing": "", "monitoring": "", "conditiontype": "None", "conditionexpression": "", "isimmediate": "", "showdiamondmarker": false, "bordercolor": "#000000", "probability": ""}, "stencil": {"id": "SequenceFlow"}, "childShapes": [], "outgoing": [{"resourceId": "sid-574640FF-7340-4B78-8F86-3DCEB0178850"}], "bounds": {"lowerRight": {"x": 901.57551925707025475, "y": 619.82757293107658825}, "upperLeft": {"x": 833.33822632105795947, "y": 601.15498438615929899}}, "dockers": [{"x": 20.5, "y": 20.5}, {"x": 833.57551925707025475, "y": 601.15498438615929899}, {"x": 1, "y": 40}], "target": {"resourceId": "sid-574640FF-7340-4B78-8F86-3DCEB0178850"}}, {"resourceId": "sid-FD125E8C-8043-492E-9B4F-3EC3DA6A80B7", "properties": {"name": "", "documentation": "", "auditing": "", "monitoring": "", "conditiontype": "None", "conditionexpression": "", "isimmediate": "", "showdiamondmarker": false, "bordercolor": "#000000", "probability": ""}, "stencil": {"id": "SequenceFlow"}, "childShapes": [], "outgoing": [{"resourceId": "sid-C191840C-4EC3-47B4-AD9B-A2A63DF277D7"}], "bounds": {"lowerRight": {"x": 900.58334065865869889, "y": 703.70784416919946125}, "upperLeft": {"x": 833.07551925707025475, "y": 660}}, "dockers": [{"x": 20.5, "y": 20.5}, {"x": 833.07551925707025475, "y": 703.4230010409227134}, {"x": 49.999999999999886313, "y": 40}], "target": {"resourceId": "sid-C191840C-4EC3-47B4-AD9B-A2A63DF277D7"}}, {"resourceId": "sid-DF6DA672-2325-42AA-B1A3-359F06001EA3", "properties": {"name": "", "documentation": "", "auditing": "", "monitoring": "", "conditiontype": "None", "conditionexpression": "", "isimmediate": "", "showdiamondmarker": false, "bordercolor": "#000000", "probability": ""}, "stencil": {"id": "SequenceFlow"}, "childShapes": [], "outgoing": [{"resourceId": "sid-D13709B7-EC02-4A96-9C4F-E4FA460B702A"}], "bounds": {"lowerRight": {"x": 1197.3462326850333284, "y": 640.40949049210962585}, "upperLeft": {"x": 1158.3362124974566996, "y": 640.23113450789037415}}, "dockers": [{"x": 20.5, "y": 20.5}, {"x": 50, "y": 40}], "target": {"resourceId": "sid-D13709B7-EC02-4A96-9C4F-E4FA460B702A"}}, {"resourceId": "sid-332FCC83-6603-41AE-8DB8-8C8E657CA14E", "properties": {"name": "", "documentation": "", "auditing": "", "monitoring": "", "conditiontype": "None", "conditionexpression": "", "isimmediate": "", "showdiamondmarker": false, "bordercolor": "#000000", "probability": ""}, "stencil": {"id": "SequenceFlow"}, "childShapes": [], "outgoing": [{"resourceId": "sid-78E84F7B-BE38-4D56-8D0C-6A35358C5E8B"}], "bounds": {"lowerRight": {"x": 1074.6520249821451216, "y": 620.1159916726182928}, "upperLeft": {"x": 1001.5755192570702548, "y": 600.65498438615929899}}, "dockers": [{"x": 50, "y": 40}, {"x": 1074.6520249821451216, "y": 600.65498438615929899}, {"x": 20.5, "y": 20.5}], "target": {"resourceId": "sid-78E84F7B-BE38-4D56-8D0C-6A35358C5E8B"}}, {"resourceId": "sid-410F6B31-C60B-4DBF-A85E-549A1CF766D0", "properties": {"name": "", "documentation": "", "auditing": "", "monitoring": "", "conditiontype": "None", "conditionexpression": "", "isimmediate": "", "showdiamondmarker": false, "bordercolor": "#000000", "probability": ""}, "stencil": {"id": "SequenceFlow"}, "childShapes": [], "outgoing": [{"resourceId": "sid-78E84F7B-BE38-4D56-8D0C-6A35358C5E8B"}], "bounds": {"lowerRight": {"x": 1074.6520249821451216, "y": 704.5}, "upperLeft": {"x": 1001.5755192570702548, "y": 661.0769989590772866}}, "dockers": [{"x": 50, "y": 40}, {"x": 1074.6520249821451216, "y": 704.5}, {"x": 20.5, "y": 20.5}], "target": {"resourceId": "sid-78E84F7B-BE38-4D56-8D0C-6A35358C5E8B"}}, {"resourceId": "sid-1ECA7B9B-711E-4A81-B272-E77F98C74A6D", "properties": {"name": "", "documentation": "", "auditing": "", "monitoring": "", "conditiontype": "None", "conditionexpression": "", "isimmediate": "", "showdiamondmarker": false, "bordercolor": "#000000", "probability": ""}, "stencil": {"id": "SequenceFlow"}, "childShapes": [], "outgoing": [{"resourceId": "sid-5D0B1737-BB97-47B4-B80A-51597F029C33"}], "bounds": {"lowerRight": {"x": 1119.0125630661086689, "y": 641.5769989590772866}, "upperLeft": {"x": 1094.1520249821451216, "y": 641.5769989590772866}}, "dockers": [{"x": 20.5, "y": 20.5}, {"x": 12.440406269814047846, "y": 21.576998959077286599}], "target": {"resourceId": "sid-5D0B1737-BB97-47B4-B80A-51597F029C33"}}, {"resourceId": "sid-2C868041-65EF-488C-8AD7-CD15BCA1EB9B", "properties": {"name": "", "documentation": "", "auditing": "", "monitoring": "", "conditiontype": "None", "conditionexpression": "", "isimmediate": "", "showdiamondmarker": false, "bordercolor": "#000000", "probability": ""}, "stencil": {"id": "SequenceFlow"}, "childShapes": [], "outgoing": [{"resourceId": "sid-DFAFC474-4B9A-4D59-B5BD-38F0EBA4CC42"}], "bounds": {"lowerRight": {"x": 1672.5366095186950588, "y": 640}, "upperLeft": {"x": 1571.4205348709108421, "y": 640}}, "dockers": [{"x": 50, "y": 40}, {"x": 14, "y": 14}], "target": {"resourceId": "sid-DFAFC474-4B9A-4D59-B5BD-38F0EBA4CC42"}}, {"resourceId": "sid-7A0391D0-DB86-40AD-9ADF-9EF42BAA7061", "properties": {"name": "Available", "documentation": "", "auditing": "", "monitoring": "", "conditiontype": "None", "conditionexpression": "", "isimmediate": "", "showdiamondmarker": false, "bordercolor": "#000000", "probability": ""}, "stencil": {"id": "SequenceFlow"}, "childShapes": [], "outgoing": [{"resourceId": "sid-D20C1C4E-E6EF-44AF-AC06-52CFA7377163"}], "bounds": {"lowerRight": {"x": 629.35546875, "y": 962.44921875}, "upperLeft": {"x": 590.5, "y": 895}}, "dockers": [{"x": 20.5, "y": 20.5}, {"x": 590.5, "y": 895}, {"x": 50, "y": 40}], "target": {"resourceId": "sid-D20C1C4E-E6EF-44AF-AC06-52CFA7377163"}}, {"resourceId": "sid-3D7D2E80-815C-4E39-981A-310BA63FCE95", "properties": {"name": "Unavailable", "documentation": "", "auditing": "", "monitoring": "", "conditiontype": "None", "conditionexpression": "", "isimmediate": "", "showdiamondmarker": false, "bordercolor": "#000000", "probability": ""}, "stencil": {"id": "SequenceFlow"}, "childShapes": [], "outgoing": [{"resourceId": "sid-23770F15-6A2E-45DD-889C-ACF0D13A3DA2"}], "bounds": {"lowerRight": {"x": 629.35546875, "y": 1060}, "upperLeft": {"x": 590.5, "y": 1003}}, "dockers": [{"x": 20.5, "y": 20.5}, {"x": 590.5, "y": 1060}, {"x": 50, "y": 40}], "target": {"resourceId": "sid-23770F15-6A2E-45DD-889C-ACF0D13A3DA2"}}, {"resourceId": "sid-16FEB680-92D6-4020-8C0E-6173B7376FCC", "properties": {"name": "", "documentation": "", "auditing": "", "monitoring": "", "conditiontype": "None", "conditionexpression": "", "isimmediate": "", "showdiamondmarker": "", "bordercolor": "#000000", "probability": ""}, "stencil": {"id": "SequenceFlow"}, "childShapes": [], "outgoing": [{"resourceId": "sid-5D0B1737-BB97-47B4-B80A-51597F029C33"}], "bounds": {"lowerRight": {"x": 1221.6884894296792936, "y": 619.83960771560668945}, "upperLeft": {"x": 1138.0399732772093557, "y": 476.49798583984375}}, "dockers": [{"x": 50, "y": 40}, {"x": 1138.0399732772093557, "y": 476.49798583984375}, {"x": 20, "y": 20}], "target": {"resourceId": "sid-5D0B1737-BB97-47B4-B80A-51597F029C33"}}], "bounds": {"lowerRight": {"x": 1877.3629913150930406, "y": 1580}, "upperLeft": {"x": 0, "y": 0}}, "stencilset": {"url": "/stencilsets/bpmn2.0/bpmn2.0.json?version=5.2.1", "namespace": "http://b3mn.org/stencilset/bpmn2.0#"}, "ssextensions": ["http://oryx-editor.org/stencilsets/extensions/bpmn2.0basicsubset#"]}