{"revision": {"creationDate": null, "isLastRevision": true, "revisionNumber": 12, "elementCounts": {"total": 63, "Lane": 3, "Pool": 3, "StartNoneEvent": 1, "MessageFlow": 4, "Association_Undirected": 8, "ITSystem": 4, "Task": 14, "SequenceFlow": 16, "DataObject": 4, "EndNoneEvent": 3, "BPMNDiagram": 1, "ParallelGateway": 2}, "connectedness": 85}, "model": {"modelId": "1014610976", "modelDate": "2012-08-30", "groupName": "BPMN2.0_Process", "naturalLanguage": "en", "modelName": "1014610976", "TimestampModelCollection": "2012-08-30 14:08:38", "modelingLanguage": "bpmn20", "directoryId": "1716040926", "numberOfRevisions": 12}}