{"bounds": {"lowerRight": {"y": 1050, "x": 1485}, "upperLeft": {"y": 0, "x": 0}}, "resourceId": "canvas", "childShapes": [{"dockers": [], "bounds": {"lowerRight": {"y": 619.17689916236622594, "x": 1048.3548451815222506}, "upperLeft": {"y": 292, "x": 58}}, "resourceId": "sid-A1F17D3B-3257-40CF-B0E8-FB8DF30D9EDF", "layers": [], "labels": [], "childShapes": [{"dockers": [], "bounds": {"lowerRight": {"y": 327.17689916236622594, "x": 990.35484518152225064}, "upperLeft": {"y": 0, "x": 30}}, "resourceId": "sid-C3A39B1D-22C5-49C8-B47A-7B605E9A8125", "layers": [], "labels": [], "childShapes": [{"dockers": [], "bounds": {"lowerRight": {"y": 114.99999999999977263, "x": 77}, "upperLeft": {"y": 84.999999999999772626, "x": 47}}, "resourceId": "sid-F17EEB19-E7C9-4DC6-9463-EF550E7ED7A5", "layers": [], "labels": [], "childShapes": [], "properties": {"trigger": "None", "monitoring": "", "outputset": "", "applyincalc": "true", "frequency": "", "bgcolor": "#ffffff", "bordercolor": "#000000", "dataoutputassociations": "", "name": "", "dataoutput": "", "documentation": "", "auditing": "", "processid": ""}, "stencil": {"id": "StartNoneEvent"}, "outgoing": [{"resourceId": "sid-8EDD5469-DF23-47CF-B1E3-F28BDA451232"}], "glossaryLinks": {}, "formats": {}}, {"dockers": [], "bounds": {"lowerRight": {"y": 140, "x": 461.50003018289976353}, "upperLeft": {"y": 59.999999999999772626, "x": 361.50003018289976353}}, "resourceId": "sid-19AD5C12-5DC9-4E54-B827-9DC04CD7E407", "layers": [], "labels": [], "childShapes": [], "properties": {"resources": "", "outmsgstructure": "", "applyincalc": "true", "loopcardinality": "", "outmessagename": "", "inmessagename": "", "bgcolor": "#ffffcc", "bordercolor": "#000000", "time": "", "loopdataoutput": "", "testbefore": "false", "callacitivity": "false", "outmsgiscollection": "false", "monitoring": "", "operationname": "", "dataoutputset": "", "completionquantity": "1", "properties": "", "script": "", "assignments": "", "nonebehavioreventref": "signal", "scriptformat": "", "datainputset": "", "processid": "", "startquantity": "1", "tasktype": "None", "looptype": "None", "instantiate": "false", "behavior": "all", "inmsgimport": "", "costs": "", "inputdataitem": "", "loopdatainput": "", "name": "A", "outmsgitemkind": "Information", "costcenter": "", "completioncondition": "", "isforcompensation": "false", "inmsgiscollection": "false", "inmsgitemkind": "Information", "inmsgstructure": "", "outputdataitem": "", "messageref": "", "loopcondition": "", "onebehavioreventref:": "signal", "implementation": "webService", "operationref": "", "outmsgimport": "", "documentation": "", "categories": "", "auditing": "", "complexbehaviordefinition": ""}, "stencil": {"id": "Task"}, "outgoing": [{"resourceId": "sid-2683B398-C766-4274-B2A4-BBCF4D8447A8"}], "glossaryLinks": {}, "formats": {}}, {"dockers": [], "bounds": {"lowerRight": {"y": 157.54500097256010349, "x": 691.09100944950762369}, "upperLeft": {"y": 42.454999027439896508, "x": 518.73100837633785432}}, "resourceId": "sid-684D202D-21FD-4102-BDC3-AB54BAABE050", "layers": [], "labels": [], "childShapes": [], "properties": {"resources": "", "outmsgstructure": "", "applyincalc": "true", "loopcardinality": "", "outmessagename": "", "inmessagename": "", "bgcolor": "#ffffcc", "bordercolor": "#000000", "time": "", "loopdataoutput": "", "testbefore": "false", "callacitivity": "false", "outmsgiscollection": "false", "monitoring": "", "operationname": "", "dataoutputset": "", "completionquantity": "1", "properties": "", "script": "", "assignments": "", "nonebehavioreventref": "signal", "scriptformat": "", "datainputset": "", "processid": "", "startquantity": "1", "tasktype": "None", "looptype": "None", "instantiate": "false", "behavior": "all", "inmsgimport": "", "costs": "", "inputdataitem": "", "loopdatainput": "", "name": "B", "outmsgitemkind": "Information", "costcenter": "", "completioncondition": "", "isforcompensation": "false", "inmsgiscollection": "false", "inmsgitemkind": "Information", "inmsgstructure": "", "outputdataitem": "", "messageref": "", "loopcondition": "", "onebehavioreventref:": "signal", "implementation": "webService", "operationref": "", "outmsgimport": "", "documentation": "", "categories": "", "auditing": "", "complexbehaviordefinition": ""}, "stencil": {"id": "Task"}, "outgoing": [{"resourceId": "sid-DDB3A96F-49D5-4AD7-B9A5-3B7D2FF48BBB"}, {"resourceId": "sid-4E178B91-EA2A-4881-B953-B4211A95EF78"}], "glossaryLinks": {}, "formats": {}}, {"dockers": [], "bounds": {"lowerRight": {"y": 299, "x": 728.73100837633785432}, "upperLeft": {"y": 233, "x": 563.73100837633785432}}, "resourceId": "sid-AF7D69E4-E1F3-4107-B09D-87234293BCA6", "layers": [], "labels": [], "childShapes": [], "properties": {"bordercolor": "#000000", "text": "", "textformat": "text/plain", "monitoring": "", "pool": "", "name": "", "documentation": "", "categories": "", "auditing": "", "lanes": ""}, "stencil": {"id": "TextAnnotation"}, "outgoing": [], "glossaryLinks": {}, "formats": {}}, {"dockers": [], "bounds": {"lowerRight": {"y": 140.45499902743989651, "x": 301.73100837633785432}, "upperLeft": {"y": 60.454999027439896508, "x": 148.73100837633785432}}, "resourceId": "sid-AF75CCEB-B43F-40D1-B1D6-5FF11E2291C7", "layers": [], "labels": [], "childShapes": [], "properties": {"resources": "", "outmsgstructure": "", "applyincalc": "true", "loopcardinality": "", "outmessagename": "", "inmessagename": "", "bgcolor": "#ffffcc", "bordercolor": "#000000", "time": "", "loopdataoutput": "", "testbefore": "false", "callacitivity": "false", "outmsgiscollection": "false", "monitoring": "", "operationname": "", "dataoutputset": "", "completionquantity": "1", "properties": "", "script": "", "assignments": "", "nonebehavioreventref": "signal", "scriptformat": "", "datainputset": "", "processid": "", "startquantity": "1", "tasktype": "None", "looptype": "None", "instantiate": "false", "behavior": "all", "inmsgimport": "", "costs": "", "inputdataitem": "", "loopdatainput": "", "name": "C", "outmsgitemkind": "Information", "costcenter": "", "completioncondition": "", "isforcompensation": "false", "inmsgiscollection": "false", "inmsgitemkind": "Information", "inmsgstructure": "", "outputdataitem": "", "messageref": "", "loopcondition": "", "onebehavioreventref:": "signal", "implementation": "webService", "operationref": "", "outmsgimport": "", "documentation": "", "categories": "", "auditing": "", "complexbehaviordefinition": ""}, "stencil": {"id": "Task"}, "outgoing": [{"resourceId": "sid-2A177D18-56E1-4EE5-BEC7-6DD9554CA707"}], "glossaryLinks": {}, "formats": {}}, {"dockers": [], "bounds": {"lowerRight": {"y": 113.99999999999977263, "x": 921.18991623662122947}, "upperLeft": {"y": 85.999999999999772626, "x": 893.18991623662122947}}, "resourceId": "sid-308B6E3B-F349-4FEB-8D61-0129E2F3C721", "layers": [], "labels": [], "childShapes": [], "properties": {"inputset": "", "bordercolor": "#000000", "trigger": "None", "monitoring": "", "datainputassociations": "", "name": "", "documentation": "", "auditing": "", "datainput": "", "bgcolor": "#ffffff"}, "stencil": {"id": "EndNoneEvent"}, "outgoing": [], "glossaryLinks": {}, "formats": {}}, {"dockers": [], "bounds": {"lowerRight": {"y": 139.99999999999977263, "x": 838.73100837633774063}, "upperLeft": {"y": 59.999999999999772626, "x": 738.73100837633785432}}, "resourceId": "sid-5CCE053F-09C7-474C-81BD-A5F544473C86", "layers": [], "labels": [], "childShapes": [], "properties": {"subprocesstype": "Embedded", "startquantity": "1", "looptype": "None", "processref": "", "transaction": "", "behavior": "all", "adhoccancelremaininginstances": "true", "applyincalc": "true", "loopcardinality": "", "costs": "", "bgcolor": "#ffffcc", "inputdataitem": "", "bordercolor": "#000000", "transactionmethod": "compensate", "loopdatainput": "", "time": "", "loopdataoutput": "", "isatransaction": "false", "testbefore": "false", "name": "D", "costcenter": "", "activitytype": "Sub-Process", "completioncondition": "", "adhoccompletioncondition": "", "isforcompensation": "false", "adhocordering": "Sequential", "callacitivity": "false", "outputmaps": "", "monitoring": "", "dataoutputset": "", "completionquantity": "1", "isadhoc": "false", "outputdataitem": "", "properties": "", "assignments": "", "nonebehavioreventref": "signal", "loopcondition": "", "onebehavioreventref:": "signal", "inputmaps": "", "entry": "", "documentation": "", "diagramref": "", "categories": "", "auditing": "", "complexbehaviordefinition": "", "datainputset": "", "processid": ""}, "stencil": {"id": "CollapsedSubprocess"}, "outgoing": [{"resourceId": "sid-7546F7C5-AE2D-4779-8329-E9EE24355033"}], "glossaryLinks": {}, "formats": {}}], "properties": {"showcaption": "true", "bordercolor": "#000000", "monitoring": "", "parentlane": "", "name": "", "documentation": "", "auditing": "", "bgcolor": "", "parentpool": ""}, "stencil": {"id": "Lane"}, "outgoing": [], "glossaryLinks": {}, "formats": {}}], "properties": {"isclosed": "false", "enableinstancecompensation": "false", "boundaryvisible": "true", "monitoring": "", "processcategories": "", "status": "None", "minimum": "2", "isexecutable": "false", "processdocumentation": "", "processname": "", "processtype": "None", "bordercolor": "#000000", "multiinstance": "false", "maximum": "2", "name": "E", "documentation": "", "suppressjoinfailure": "false", "auditing": "", "adhoccompletioncondition": "", "adhocordering": "Parallel", "adhoc": "false", "processid": ""}, "stencil": {"id": "Pool"}, "outgoing": [], "glossaryLinks": {}, "formats": {}}, {"dockers": [{"y": 15, "x": 15}, {"y": 40, "x": 76.5}], "bounds": {"lowerRight": {"y": 392.2407081294933846, "x": 236.35409821132853381}, "upperLeft": {"y": 392.04188892270531142, "x": 165.02766089741251676}}, "resourceId": "sid-8EDD5469-DF23-47CF-B1E3-F28BDA451232", "layers": [], "labels": [], "target": {"resourceId": "sid-AF75CCEB-B43F-40D1-B1D6-5FF11E2291C7"}, "childShapes": [], "properties": {"ConditionType": "None", "bordercolor": "#000000", "showdiamondmarker": "false", "monitoring": "", "name": "", "documentation": "", "probability": "", "conditionexpression": "", "auditing": "", "isimmediate": "false"}, "stencil": {"id": "SequenceFlow"}, "outgoing": [{"resourceId": "sid-AF75CCEB-B43F-40D1-B1D6-5FF11E2291C7"}], "glossaryLinks": {}, "formats": {}}, {"dockers": [{"y": 57.545000972560046648, "x": 86.180000536584884685}, {"y": 31.679999999999999716, "x": 1.6499999999999996891}], "bounds": {"lowerRight": {"y": 524.83012181104652427, "x": 679.09783233214136544}, "upperLeft": {"y": 449.54500097256010349, "x": 661.02629439710233328}}, "resourceId": "sid-DDB3A96F-49D5-4AD7-B9A5-3B7D2FF48BBB", "layers": [], "labels": [], "target": {"resourceId": "sid-AF7D69E4-E1F3-4107-B09D-87234293BCA6"}, "childShapes": [], "properties": {"bordercolor": "#000000", "type": "none", "assignments": "", "transformation": ""}, "stencil": {"id": "Association_Undirected"}, "outgoing": [{"resourceId": "sid-AF7D69E4-E1F3-4107-B09D-87234293BCA6"}], "glossaryLinks": {}, "formats": {}}, {"dockers": [{"y": 57.545000972560103492, "x": 86.180000536584884685}, {"y": 40, "x": 49.999999999999943157}], "bounds": {"lowerRight": {"y": 391.99999999999988631, "x": 826.18577414596404651}, "upperLeft": {"y": 391.99999999999988631, "x": 779.09100944950762369}}, "resourceId": "sid-4E178B91-EA2A-4881-B953-B4211A95EF78", "layers": [], "labels": [], "target": {"resourceId": "sid-5CCE053F-09C7-474C-81BD-A5F544473C86"}, "childShapes": [], "properties": {"ConditionType": "None", "bordercolor": "#000000", "showdiamondmarker": "false", "monitoring": "", "name": "", "documentation": "", "probability": "", "conditionexpression": "", "auditing": "", "isimmediate": "false"}, "stencil": {"id": "SequenceFlow"}, "outgoing": [{"resourceId": "sid-5CCE053F-09C7-474C-81BD-A5F544473C86"}], "glossaryLinks": {}, "formats": {}}, {"dockers": [{"y": 40, "x": 49.999999999999943157}, {"y": 14, "x": 14}], "bounds": {"lowerRight": {"y": 391.99999999999977263, "x": 980.30801297174423325}, "upperLeft": {"y": 391.99999999999977263, "x": 926.73100837633774063}}, "resourceId": "sid-7546F7C5-AE2D-4779-8329-E9EE24355033", "layers": [], "labels": [], "target": {"resourceId": "sid-308B6E3B-F349-4FEB-8D61-0129E2F3C721"}, "childShapes": [], "properties": {"ConditionType": "None", "showdiamondmarker": "false", "bordercolor": "#000000", "monitoring": "", "name": "", "documentation": "", "probability": "", "conditionexpression": "", "isimmediate": "false", "auditing": ""}, "stencil": {"id": "SequenceFlow"}, "outgoing": [{"resourceId": "sid-308B6E3B-F349-4FEB-8D61-0129E2F3C721"}], "glossaryLinks": {}, "formats": {}}, {"dockers": [{"y": 40, "x": 76.5}, {"y": 40.000000000000113687, "x": 50}], "bounds": {"lowerRight": {"y": 392.26813260562926189, "x": 449.0223242489059885}, "upperLeft": {"y": 392.12330180770044308, "x": 389.73100837633785432}}, "resourceId": "sid-2A177D18-56E1-4EE5-BEC7-6DD9554CA707", "layers": [], "labels": [], "target": {"resourceId": "sid-19AD5C12-5DC9-4E54-B827-9DC04CD7E407"}, "childShapes": [], "properties": {"ConditionType": "None", "showdiamondmarker": "false", "bordercolor": "#000000", "monitoring": "", "name": "", "documentation": "", "probability": "", "conditionexpression": "", "isimmediate": "false", "auditing": ""}, "stencil": {"id": "SequenceFlow"}, "outgoing": [{"resourceId": "sid-19AD5C12-5DC9-4E54-B827-9DC04CD7E407"}], "glossaryLinks": {}, "formats": {}}, {"dockers": [{"y": 40.000000000000113687, "x": 50}, {"y": 57.545000972560103492, "x": 86.180000536584884685}], "bounds": {"lowerRight": {"y": 392, "x": 605.78268244720936764}, "upperLeft": {"y": 391.99999999999994316, "x": 549.50003018289976353}}, "resourceId": "sid-2683B398-C766-4274-B2A4-BBCF4D8447A8", "layers": [], "labels": [], "target": {"resourceId": "sid-684D202D-21FD-4102-BDC3-AB54BAABE050"}, "childShapes": [], "properties": {"ConditionType": "None", "showdiamondmarker": "false", "bordercolor": "#000000", "monitoring": "", "name": "", "documentation": "", "probability": "", "conditionexpression": "", "isimmediate": "false", "auditing": ""}, "stencil": {"id": "SequenceFlow"}, "outgoing": [{"resourceId": "sid-684D202D-21FD-4102-BDC3-AB54BAABE050"}], "glossaryLinks": {}, "formats": {}}], "properties": {"orientation": "horizontal", "monitoring": "", "modificationdate": "", "creationdate": "", "namespaces": "", "version": "", "targetnamespace": "http://www.signavio.com/bpmn20", "author": "", "name": "", "documentation": "", "language": "English", "typelanguage": "http://www.w3.org/2001/XMLSchema", "expressionlanguage": "http://www.w3.org/1999/XPath", "auditing": ""}, "ssextensions": ["http://oryx-editor.org/stencilsets/extensions/bpmn2.0basicsubset#"], "stencilset": {"url": "/stencilsets/bpmn2.0/bpmn2.0.json?version=5.3.0", "namespace": "http://b3mn.org/stencilset/bpmn2.0#"}, "stencil": {"id": "BPMNDiagram"}, "formats": {}}