{"bounds": {"lowerRight": {"y": 1050, "x": 1485}, "upperLeft": {"y": 0, "x": 0}}, "resourceId": "canvas", "childShapes": [{"dockers": [{"y": 15, "x": 15}, {"y": 40, "x": 50}], "bounds": {"lowerRight": {"y": 287.5, "x": 239.78125}, "upperLeft": {"y": 287.5, "x": 165.21875}}, "resourceId": "sid-3C1965FA-E029-4214-85CE-1349F144F548", "layers": [], "labels": [], "target": {"resourceId": "sid-99998236-1EE0-41E7-A5CC-251E5189CAE0"}, "childShapes": [], "properties": {"ConditionType": "None", "showdiamondmarker": "false", "bordercolor": "#000000", "monitoring": "", "name": "", "documentation": "", "probability": "", "conditionexpression": "", "isimmediate": "false", "auditing": ""}, "stencil": {"id": "SequenceFlow"}, "outgoing": [{"resourceId": "sid-99998236-1EE0-41E7-A5CC-251E5189CAE0"}], "glossaryLinks": {}, "formats": {}}, {"dockers": [{"y": 40, "x": 50}, {"y": 40, "x": 50}], "bounds": {"lowerRight": {"y": 287.5, "x": 404.37109375}, "upperLeft": {"y": 287.5, "x": 340.62890625}}, "resourceId": "sid-DF80DE2A-CBD8-4FF6-9E00-F9C1E1A373F5", "layers": [], "labels": [], "target": {"resourceId": "sid-4256BCE0-5BDF-4DE3-9164-3076CA61B47F"}, "childShapes": [], "properties": {"ConditionType": "None", "showdiamondmarker": "false", "bordercolor": "#000000", "monitoring": "", "name": "", "documentation": "", "probability": "", "conditionexpression": "", "isimmediate": "false", "auditing": ""}, "stencil": {"id": "SequenceFlow"}, "outgoing": [{"resourceId": "sid-4256BCE0-5BDF-4DE3-9164-3076CA61B47F"}], "glossaryLinks": {}, "formats": {}}, {"dockers": [{"y": 40, "x": 50}, {"y": 20.759493670886076444, "x": 20.5}], "bounds": {"lowerRight": {"y": 288.33549636863489241, "x": 554.73050383974816668}, "upperLeft": {"y": 287.92637071997268094, "x": 505.89449616025177647}}, "resourceId": "sid-A664E94D-E281-4FCB-A226-A859AD322033", "layers": [], "labels": [], "target": {"resourceId": "sid-36E59C9C-62FE-4834-9107-A4CEA142AE17"}, "childShapes": [], "properties": {"ConditionType": "None", "showdiamondmarker": "false", "bordercolor": "#000000", "monitoring": "", "name": "", "documentation": "", "probability": "", "conditionexpression": "", "isimmediate": "false", "auditing": ""}, "stencil": {"id": "SequenceFlow"}, "outgoing": [{"resourceId": "sid-36E59C9C-62FE-4834-9107-A4CEA142AE17"}], "glossaryLinks": {}, "formats": {}}, {"dockers": [{"y": 20.5, "x": 20.5}, {"y": 125.5, "x": 575.5}, {"y": 20.5, "x": 20.5}], "bounds": {"lowerRight": {"y": 266.90625, "x": 644.8125}, "upperLeft": {"y": 125.5, "x": 575.5}}, "resourceId": "sid-75513F72-BB32-42F3-AAEA-07550B4940D9", "layers": [], "labels": [], "target": {"resourceId": "sid-A9FD1B1B-D918-423D-862D-4CC59FEFBDC9"}, "childShapes": [], "properties": {"ConditionType": "None", "showdiamondmarker": "false", "bordercolor": "#000000", "monitoring": "", "name": "", "documentation": "", "probability": "", "conditionexpression": "", "isimmediate": "false", "auditing": ""}, "stencil": {"id": "SequenceFlow"}, "outgoing": [{"resourceId": "sid-A9FD1B1B-D918-423D-862D-4CC59FEFBDC9"}], "glossaryLinks": {}, "formats": {}}, {"dockers": [{"y": 20.5, "x": 20.5}, {"y": 420.5, "x": 575.5}, {"y": 20.5, "x": 20.5}], "bounds": {"lowerRight": {"y": 420.5, "x": 644.8125}, "upperLeft": {"y": 307.84765625, "x": 575.5}}, "resourceId": "sid-0A55A69A-44DE-42D4-9AEC-BA2C6D9F3BD4", "layers": [], "labels": [], "target": {"resourceId": "sid-98896850-4C90-4CD7-9B3D-C00A6C871623"}, "childShapes": [], "properties": {"ConditionType": "None", "showdiamondmarker": "false", "bordercolor": "#000000", "monitoring": "", "name": "", "documentation": "", "probability": "", "conditionexpression": "", "isimmediate": "false", "auditing": ""}, "stencil": {"id": "SequenceFlow"}, "outgoing": [{"resourceId": "sid-98896850-4C90-4CD7-9B3D-C00A6C871623"}], "glossaryLinks": {}, "formats": {}}, {"dockers": [], "bounds": {"lowerRight": {"y": 543, "x": 1177}, "upperLeft": {"y": 60, "x": 45}}, "resourceId": "sid-6E759462-DF5F-4BE7-86C7-808FA27C51B8", "layers": [], "labels": [], "childShapes": [{"dockers": [], "bounds": {"lowerRight": {"y": 483, "x": 1132}, "upperLeft": {"y": 0, "x": 30}}, "resourceId": "sid-2E0A8245-0680-4EA0-A5B1-0183EF0343C3", "layers": [], "labels": [], "childShapes": [{"dockers": [], "bounds": {"lowerRight": {"y": 380, "x": 610}, "upperLeft": {"y": 340, "x": 570}}, "resourceId": "sid-98896850-4C90-4CD7-9B3D-C00A6C871623", "layers": [], "labels": [], "childShapes": [], "properties": {"xortype": "Data", "monitoring": "", "defaultgate": "", "gatewaytype": "XOR", "gates": "", "assignments": "", "bgcolor": "#ffffff", "bordercolor": "#000000", "pool": "", "gate_assignments": "", "markervisible": "true", "name": "A", "documentation": "", "gates_assignments": "", "categories": "", "auditing": "", "gate_outgoingsequenceflow": "", "lanes": "", "gates_outgoingsequenceflow": "", "processid": ""}, "stencil": {"id": "Exclusive_Databased_Gateway"}, "outgoing": [{"resourceId": "sid-6B3FA0D2-48BD-469B-8087-C0B3A536489A"}, {"resourceId": "sid-5A812BA5-4B34-4941-88D9-691305348930"}], "glossaryLinks": {}, "formats": {}}, {"dockers": [], "bounds": {"lowerRight": {"y": 242.5, "x": 90}, "upperLeft": {"y": 212.5, "x": 60}}, "resourceId": "sid-7804799B-5220-4E5F-BE15-63D7D4B35802", "layers": [], "labels": [], "childShapes": [], "properties": {"trigger": "None", "monitoring": "", "outputset": "", "applyincalc": "true", "frequency": "", "bgcolor": "#ffffff", "bordercolor": "#000000", "dataoutputassociations": "", "name": "B", "dataoutput": "", "documentation": "", "auditing": "", "processid": ""}, "stencil": {"id": "StartNoneEvent"}, "outgoing": [{"resourceId": "sid-3C1965FA-E029-4214-85CE-1349F144F548"}], "glossaryLinks": {}, "formats": {}}, {"dockers": [], "bounds": {"lowerRight": {"y": 267.5, "x": 265}, "upperLeft": {"y": 187.5, "x": 165}}, "resourceId": "sid-99998236-1EE0-41E7-A5CC-251E5189CAE0", "layers": [], "labels": [], "childShapes": [], "properties": {"resources": "", "outmsgstructure": "", "applyincalc": "true", "loopcardinality": "", "outmessagename": "", "inmessagename": "", "bgcolor": "#ffffcc", "bordercolor": "#000000", "time": "", "loopdataoutput": "", "testbefore": "false", "callacitivity": "false", "outmsgiscollection": "false", "monitoring": "", "operationname": "", "dataoutputset": "", "completionquantity": "1", "properties": "", "script": "", "assignments": "", "nonebehavioreventref": "signal", "scriptformat": "", "datainputset": "", "processid": "", "startquantity": "1", "tasktype": "None", "looptype": "None", "instantiate": "false", "behavior": "all", "inmsgimport": "", "costs": "", "inputdataitem": "", "loopdatainput": "", "name": "C", "outmsgitemkind": "Information", "costcenter": "", "completioncondition": "", "isforcompensation": "false", "inmsgiscollection": "false", "inmsgitemkind": "Information", "inmsgstructure": "", "outputdataitem": "", "messageref": "", "loopcondition": "", "onebehavioreventref:": "signal", "implementation": "webService", "operationref": "", "outmsgimport": "", "documentation": "", "categories": "", "auditing": "", "complexbehaviordefinition": ""}, "stencil": {"id": "Task"}, "outgoing": [{"resourceId": "sid-DF80DE2A-CBD8-4FF6-9E00-F9C1E1A373F5"}], "glossaryLinks": {}, "formats": {}}, {"dockers": [], "bounds": {"lowerRight": {"y": 267.5, "x": 430}, "upperLeft": {"y": 187.5, "x": 330}}, "resourceId": "sid-4256BCE0-5BDF-4DE3-9164-3076CA61B47F", "layers": [], "labels": [], "childShapes": [], "properties": {"resources": "", "outmsgstructure": "", "applyincalc": "true", "loopcardinality": "", "outmessagename": "", "inmessagename": "", "bgcolor": "#ffffcc", "bordercolor": "#000000", "time": "", "loopdataoutput": "", "testbefore": "false", "callacitivity": "false", "outmsgiscollection": "false", "monitoring": "", "operationname": "", "dataoutputset": "", "completionquantity": "1", "properties": "", "script": "", "assignments": "", "nonebehavioreventref": "signal", "scriptformat": "", "datainputset": "", "processid": "", "startquantity": "1", "tasktype": "None", "looptype": "None", "instantiate": "false", "behavior": "all", "inmsgimport": "", "costs": "", "inputdataitem": "", "loopdatainput": "", "name": "D", "outmsgitemkind": "Information", "costcenter": "", "completioncondition": "", "isforcompensation": "false", "inmsgiscollection": "false", "inmsgitemkind": "Information", "inmsgstructure": "", "outputdataitem": "", "messageref": "", "loopcondition": "", "onebehavioreventref:": "signal", "implementation": "webService", "operationref": "", "outmsgimport": "", "documentation": "", "categories": "", "auditing": "", "complexbehaviordefinition": ""}, "stencil": {"id": "Task"}, "outgoing": [{"resourceId": "sid-A664E94D-E281-4FCB-A226-A859AD322033"}], "glossaryLinks": {}, "formats": {}}, {"dockers": [], "bounds": {"lowerRight": {"y": 247.75, "x": 520}, "upperLeft": {"y": 207.75, "x": 480}}, "resourceId": "sid-36E59C9C-62FE-4834-9107-A4CEA142AE17", "layers": [], "labels": [], "childShapes": [], "properties": {"monitoring": "", "gatewaytype": "AND", "gates": "", "assignments": "", "bgcolor": "#ffffff", "bordercolor": "#000000", "pool": "", "name": "", "gates_assignments": "", "documentation": "", "categories": "", "auditing": "", "gates_outgoingsequenceflow": "", "lanes": "", "processid": ""}, "stencil": {"id": "ParallelGateway"}, "outgoing": [{"resourceId": "sid-75513F72-BB32-42F3-AAEA-07550B4940D9"}, {"resourceId": "sid-0A55A69A-44DE-42D4-9AEC-BA2C6D9F3BD4"}], "glossaryLinks": {}, "formats": {}}, {"dockers": [], "bounds": {"lowerRight": {"y": 85, "x": 610}, "upperLeft": {"y": 45, "x": 570}}, "resourceId": "sid-A9FD1B1B-D918-423D-862D-4CC59FEFBDC9", "layers": [], "labels": [], "childShapes": [], "properties": {"xortype": "Data", "monitoring": "", "defaultgate": "", "gatewaytype": "XOR", "gates": "", "assignments": "", "bgcolor": "#ffffff", "bordercolor": "#000000", "pool": "", "gate_assignments": "", "markervisible": "true", "name": "E", "documentation": "", "gates_assignments": "", "categories": "", "auditing": "", "gate_outgoingsequenceflow": "", "lanes": "", "gates_outgoingsequenceflow": "", "processid": ""}, "stencil": {"id": "Exclusive_Databased_Gateway"}, "outgoing": [{"resourceId": "sid-04665283-EAC6-433A-910B-0BDCAC210B85"}, {"resourceId": "sid-1C9A9B09-A18A-4CD7-A5FA-0ACAF2FB133B"}], "glossaryLinks": {}, "formats": {}}, {"dockers": [], "bounds": {"lowerRight": {"y": 190, "x": 760}, "upperLeft": {"y": 110, "x": 660}}, "resourceId": "sid-7713188E-23F0-4FBF-9DE1-3F35E888EE3D", "layers": [], "labels": [], "childShapes": [], "properties": {"resources": "", "outmsgstructure": "", "applyincalc": "true", "loopcardinality": "", "outmessagename": "", "inmessagename": "", "bgcolor": "#ffffcc", "bordercolor": "#000000", "time": "", "loopdataoutput": "", "testbefore": "false", "callacitivity": "false", "outmsgiscollection": "false", "monitoring": "", "operationname": "", "dataoutputset": "", "completionquantity": "1", "properties": "", "script": "", "assignments": "", "nonebehavioreventref": "signal", "scriptformat": "", "datainputset": "", "processid": "", "startquantity": "1", "tasktype": "None", "looptype": "None", "instantiate": "false", "behavior": "all", "inmsgimport": "", "costs": "", "inputdataitem": "", "loopdatainput": "", "name": "F", "outmsgitemkind": "Information", "costcenter": "", "completioncondition": "", "isforcompensation": "false", "inmsgiscollection": "false", "inmsgitemkind": "Information", "inmsgstructure": "", "outputdataitem": "", "messageref": "", "loopcondition": "", "onebehavioreventref:": "signal", "implementation": "webService", "operationref": "", "outmsgimport": "", "documentation": "", "categories": "", "auditing": "", "complexbehaviordefinition": ""}, "stencil": {"id": "Task"}, "outgoing": [{"resourceId": "sid-11B6C87B-3648-4CF3-8EA9-F869A09B0006"}], "glossaryLinks": {}, "formats": {}}, {"dockers": [], "bounds": {"lowerRight": {"y": 170, "x": 835}, "upperLeft": {"y": 130, "x": 795}}, "resourceId": "sid-568C3269-891D-41CE-BB29-92387CC5C5CA", "layers": [], "labels": [], "childShapes": [], "properties": {"xortype": "Data", "monitoring": "", "defaultgate": "", "gatewaytype": "XOR", "gates": "", "assignments": "", "bgcolor": "#ffffff", "bordercolor": "#000000", "pool": "", "gate_assignments": "", "markervisible": "true", "name": "", "documentation": "", "gates_assignments": "", "categories": "", "auditing": "", "gate_outgoingsequenceflow": "", "lanes": "", "gates_outgoingsequenceflow": "", "processid": ""}, "stencil": {"id": "Exclusive_Databased_Gateway"}, "outgoing": [{"resourceId": "sid-1501734F-1FCA-4FB4-BA02-951EDF833EBE"}], "glossaryLinks": {}, "formats": {}}, {"dockers": [], "bounds": {"lowerRight": {"y": 330, "x": 760}, "upperLeft": {"y": 250, "x": 660}}, "resourceId": "sid-A3384164-D91C-4A04-B35C-BE0CB22D8CC2", "layers": [], "labels": [], "childShapes": [], "properties": {"resources": "", "outmsgstructure": "", "applyincalc": "true", "loopcardinality": "", "outmessagename": "", "inmessagename": "", "bgcolor": "#ffffcc", "bordercolor": "#000000", "time": "", "loopdataoutput": "", "testbefore": "false", "callacitivity": "false", "outmsgiscollection": "false", "monitoring": "", "operationname": "", "dataoutputset": "", "completionquantity": "1", "properties": "", "script": "", "assignments": "", "nonebehavioreventref": "signal", "scriptformat": "", "datainputset": "", "processid": "", "startquantity": "1", "tasktype": "None", "looptype": "None", "instantiate": "false", "behavior": "all", "inmsgimport": "", "costs": "", "inputdataitem": "", "loopdatainput": "", "name": "G", "outmsgitemkind": "Information", "costcenter": "", "completioncondition": "", "isforcompensation": "false", "inmsgiscollection": "false", "inmsgitemkind": "Information", "inmsgstructure": "", "outputdataitem": "", "messageref": "", "loopcondition": "", "onebehavioreventref:": "signal", "implementation": "webService", "operationref": "", "outmsgimport": "", "documentation": "", "categories": "", "auditing": "", "complexbehaviordefinition": ""}, "stencil": {"id": "Task"}, "outgoing": [{"resourceId": "sid-18A55DAA-83D8-485A-ABBC-F449AD55E145"}], "glossaryLinks": {}, "formats": {}}, {"dockers": [], "bounds": {"lowerRight": {"y": 310, "x": 835}, "upperLeft": {"y": 270, "x": 795}}, "resourceId": "sid-ADC068AE-D1D5-4EFD-A78D-D86C490347E8", "layers": [], "labels": [], "childShapes": [], "properties": {"xortype": "Data", "monitoring": "", "defaultgate": "", "gatewaytype": "XOR", "gates": "", "assignments": "", "bgcolor": "#ffffff", "bordercolor": "#000000", "pool": "", "gate_assignments": "", "markervisible": "true", "name": "", "documentation": "", "gates_assignments": "", "categories": "", "auditing": "", "gate_outgoingsequenceflow": "", "lanes": "", "gates_outgoingsequenceflow": "", "processid": ""}, "stencil": {"id": "Exclusive_Databased_Gateway"}, "outgoing": [{"resourceId": "sid-95E57A6E-E0B3-4569-BB50-AE99282E992A"}], "glossaryLinks": {}, "formats": {}}, {"dockers": [], "bounds": {"lowerRight": {"y": 247.75, "x": 910}, "upperLeft": {"y": 207.75, "x": 870}}, "resourceId": "sid-6F5F0369-C97A-47F3-B475-B462AAE7AD10", "layers": [], "labels": [], "childShapes": [], "properties": {"monitoring": "", "gatewaytype": "AND", "gates": "", "assignments": "", "bgcolor": "#ffffff", "bordercolor": "#000000", "pool": "", "name": "", "gates_assignments": "", "documentation": "", "categories": "", "auditing": "", "gates_outgoingsequenceflow": "", "lanes": "", "processid": ""}, "stencil": {"id": "ParallelGateway"}, "outgoing": [{"resourceId": "sid-8E0502E2-07C2-49AE-975A-8AAAED2BC6A2"}], "glossaryLinks": {}, "formats": {}}, {"dockers": [], "bounds": {"lowerRight": {"y": 241.5, "x": 1003}, "upperLeft": {"y": 213.5, "x": 975}}, "resourceId": "sid-A883BF2D-E931-4EE3-A4D3-C698A2CBB01A", "layers": [], "labels": [], "childShapes": [], "properties": {"inputset": "", "trigger": "None", "bordercolor": "#000000", "monitoring": "", "datainputassociations": "", "name": "", "documentation": "", "auditing": "", "datainput": "", "bgcolor": "#ffffff"}, "stencil": {"id": "EndNoneEvent"}, "outgoing": [], "glossaryLinks": {}, "formats": {}}], "properties": {"showcaption": "true", "bordercolor": "#000000", "monitoring": "", "parentlane": "", "name": "", "documentation": "", "auditing": "", "bgcolor": "", "parentpool": ""}, "stencil": {"id": "Lane"}, "outgoing": [], "glossaryLinks": {}, "formats": {}}], "properties": {"isclosed": "false", "enableinstancecompensation": "false", "boundaryvisible": "true", "monitoring": "", "processcategories": "", "minimum": "2", "status": "None", "isexecutable": "false", "processdocumentation": "", "processtype": "None", "bordercolor": "#000000", "processname": "", "multiinstance": "false", "maximum": "2", "name": "H", "documentation": "", "suppressjoinfailure": "false", "adhoccompletioncondition": "", "auditing": "", "adhocordering": "Parallel", "adhoc": "false", "processid": ""}, "stencil": {"id": "Pool"}, "outgoing": [], "glossaryLinks": {}, "formats": {}}, {"dockers": [{"y": 20.5, "x": 20.5}, {"y": 210, "x": 665.5}, {"y": 40, "x": 50}], "bounds": {"lowerRight": {"y": 210, "x": 734.51953125}, "upperLeft": {"y": 145.64453125, "x": 665.5}}, "resourceId": "sid-04665283-EAC6-433A-910B-0BDCAC210B85", "layers": [], "labels": [], "target": {"resourceId": "sid-7713188E-23F0-4FBF-9DE1-3F35E888EE3D"}, "childShapes": [], "properties": {"ConditionType": "None", "showdiamondmarker": "false", "bordercolor": "#000000", "monitoring": "", "name": "I", "documentation": "", "probability": "", "conditionexpression": "", "isimmediate": "false", "auditing": ""}, "stencil": {"id": "SequenceFlow"}, "outgoing": [{"resourceId": "sid-7713188E-23F0-4FBF-9DE1-3F35E888EE3D"}], "glossaryLinks": {}, "formats": {}}, {"dockers": [{"y": 20.5, "x": 20.5}, {"y": 125.5, "x": 890.5}, {"y": 20.5, "x": 20.5}], "bounds": {"lowerRight": {"y": 189.578125, "x": 890.5}, "upperLeft": {"y": 125.5, "x": 685.8359375}}, "resourceId": "sid-1C9A9B09-A18A-4CD7-A5FA-0ACAF2FB133B", "layers": [], "labels": [], "target": {"resourceId": "sid-568C3269-891D-41CE-BB29-92387CC5C5CA"}, "childShapes": [], "properties": {"ConditionType": "None", "showdiamondmarker": "false", "bordercolor": "#000000", "monitoring": "", "name": "J", "documentation": "", "probability": "", "conditionexpression": "", "isimmediate": "false", "auditing": ""}, "stencil": {"id": "SequenceFlow"}, "outgoing": [{"resourceId": "sid-568C3269-891D-41CE-BB29-92387CC5C5CA"}], "glossaryLinks": {}, "formats": {}}, {"dockers": [{"y": 40, "x": 50}, {"y": 20, "x": 20}], "bounds": {"lowerRight": {"y": 210, "x": 870.1328125}, "upperLeft": {"y": 210, "x": 835.21875}}, "resourceId": "sid-11B6C87B-3648-4CF3-8EA9-F869A09B0006", "layers": [], "labels": [], "target": {"resourceId": "sid-568C3269-891D-41CE-BB29-92387CC5C5CA"}, "childShapes": [], "properties": {"ConditionType": "None", "showdiamondmarker": "false", "bordercolor": "#000000", "monitoring": "", "name": "", "documentation": "", "probability": "", "conditionexpression": "", "isimmediate": "false", "auditing": ""}, "stencil": {"id": "SequenceFlow"}, "outgoing": [{"resourceId": "sid-568C3269-891D-41CE-BB29-92387CC5C5CA"}], "glossaryLinks": {}, "formats": {}}, {"dockers": [{"y": 4, "x": 21.96875}, {"y": 350, "x": 666.96875}, {"y": 40, "x": 50}], "bounds": {"lowerRight": {"y": 401.3125, "x": 734.20556640625}, "upperLeft": {"y": 350, "x": 666.96875}}, "resourceId": "sid-5A812BA5-4B34-4941-88D9-691305348930", "layers": [], "labels": [], "target": {"resourceId": "sid-A3384164-D91C-4A04-B35C-BE0CB22D8CC2"}, "childShapes": [], "properties": {"ConditionType": "None", "showdiamondmarker": "false", "bordercolor": "#000000", "monitoring": "", "name": "", "documentation": "", "probability": "", "conditionexpression": "", "isimmediate": "false", "auditing": ""}, "stencil": {"id": "SequenceFlow"}, "outgoing": [{"resourceId": "sid-A3384164-D91C-4A04-B35C-BE0CB22D8CC2"}], "glossaryLinks": {}, "formats": {}}, {"dockers": [{"y": 40, "x": 50}, {"y": 20.5, "x": 20.5}], "bounds": {"lowerRight": {"y": 350.40151071673204797, "x": 869.71876123046604334}, "upperLeft": {"y": 350.23911428326795203, "x": 835.45311376953395666}}, "resourceId": "sid-18A55DAA-83D8-485A-ABBC-F449AD55E145", "layers": [], "labels": [], "target": {"resourceId": "sid-ADC068AE-D1D5-4EFD-A78D-D86C490347E8"}, "childShapes": [], "properties": {"ConditionType": "None", "showdiamondmarker": "false", "bordercolor": "#000000", "monitoring": "", "name": "", "documentation": "", "probability": "", "conditionexpression": "", "isimmediate": "false", "auditing": ""}, "stencil": {"id": "SequenceFlow"}, "outgoing": [{"resourceId": "sid-ADC068AE-D1D5-4EFD-A78D-D86C490347E8"}], "glossaryLinks": {}, "formats": {}}, {"dockers": [{"y": 20.5, "x": 20.5}, {"y": 420.5, "x": 890}, {"y": 20, "x": 20}], "bounds": {"lowerRight": {"y": 420.5, "x": 890}, "upperLeft": {"y": 369.7265625, "x": 685.79296875}}, "resourceId": "sid-6B3FA0D2-48BD-469B-8087-C0B3A536489A", "layers": [], "labels": [], "target": {"resourceId": "sid-ADC068AE-D1D5-4EFD-A78D-D86C490347E8"}, "childShapes": [], "properties": {"ConditionType": "None", "showdiamondmarker": "false", "bordercolor": "#000000", "monitoring": "", "name": "", "documentation": "", "probability": "", "conditionexpression": "", "isimmediate": "false", "auditing": ""}, "stencil": {"id": "SequenceFlow"}, "outgoing": [{"resourceId": "sid-ADC068AE-D1D5-4EFD-A78D-D86C490347E8"}], "glossaryLinks": {}, "formats": {}}, {"dockers": [{"y": 20.5, "x": 20.5}, {"y": 287.5, "x": 890.5}, {"y": 20.253164556962026666, "x": 20}], "bounds": {"lowerRight": {"y": 329.8125, "x": 944.21096030671230892}, "upperLeft": {"y": 287.5, "x": 890.5}}, "resourceId": "sid-95E57A6E-E0B3-4569-BB50-AE99282E992A", "layers": [], "labels": [], "target": {"resourceId": "sid-6F5F0369-C97A-47F3-B475-B462AAE7AD10"}, "childShapes": [], "properties": {"ConditionType": "None", "showdiamondmarker": "false", "bordercolor": "#000000", "monitoring": "", "name": "", "documentation": "", "probability": "", "conditionexpression": "", "isimmediate": "false", "auditing": ""}, "stencil": {"id": "SequenceFlow"}, "outgoing": [{"resourceId": "sid-6F5F0369-C97A-47F3-B475-B462AAE7AD10"}], "glossaryLinks": {}, "formats": {}}, {"dockers": [{"y": 20.5, "x": 20.5}, {"y": 287.5, "x": 890.5}, {"y": 20.253164556962026666, "x": 20}], "bounds": {"lowerRight": {"y": 287.86275773888229423, "x": 944.21096030671230892}, "upperLeft": {"y": 230.75, "x": 890.5}}, "resourceId": "sid-1501734F-1FCA-4FB4-BA02-951EDF833EBE", "layers": [], "labels": [], "target": {"resourceId": "sid-6F5F0369-C97A-47F3-B475-B462AAE7AD10"}, "childShapes": [], "properties": {"ConditionType": "None", "showdiamondmarker": "false", "bordercolor": "#000000", "monitoring": "", "name": "", "documentation": "", "probability": "", "conditionexpression": "", "isimmediate": "false", "auditing": ""}, "stencil": {"id": "SequenceFlow"}, "outgoing": [{"resourceId": "sid-6F5F0369-C97A-47F3-B475-B462AAE7AD10"}], "glossaryLinks": {}, "formats": {}}, {"dockers": [{"y": 20.5, "x": 20.5}, {"y": 14, "x": 14}], "bounds": {"lowerRight": {"y": 288.10176100751414197, "x": 1049.1484664868607979}, "upperLeft": {"y": 287.61308274248585803, "x": 984.96872101313908843}}, "resourceId": "sid-8E0502E2-07C2-49AE-975A-8AAAED2BC6A2", "layers": [], "labels": [], "target": {"resourceId": "sid-A883BF2D-E931-4EE3-A4D3-C698A2CBB01A"}, "childShapes": [], "properties": {"ConditionType": "None", "showdiamondmarker": "false", "bordercolor": "#000000", "monitoring": "", "name": "", "documentation": "", "probability": "", "conditionexpression": "", "isimmediate": "false", "auditing": ""}, "stencil": {"id": "SequenceFlow"}, "outgoing": [{"resourceId": "sid-A883BF2D-E931-4EE3-A4D3-C698A2CBB01A"}], "glossaryLinks": {}, "formats": {}}], "properties": {"orientation": "horizontal", "monitoring": "", "modificationdate": "", "creationdate": "", "namespaces": "", "version": "", "targetnamespace": "http://www.signavio.com/bpmn20", "author": "", "name": "", "documentation": "", "language": "English", "typelanguage": "http://www.w3.org/2001/XMLSchema", "expressionlanguage": "http://www.w3.org/1999/XPath", "auditing": ""}, "ssextensions": [], "stencilset": {"url": "/editor/stencilsets/bpmn2.0/bpmn2.0.json", "namespace": "http://b3mn.org/stencilset/bpmn2.0#"}, "stencil": {"id": "BPMNDiagram"}, "formats": {}}