{"revision": {"creationDate": null, "isLastRevision": true, "revisionNumber": 1, "elementCounts": {"total": 16, "Task": 3, "StartNoneEvent": 1, "SequenceFlow": 8, "EndNoneEvent": 1, "BPMNDiagram": 1, "InclusiveGateway": 2}, "connectedness": 100}, "model": {"modelId": "1018246115", "modelDate": "2010-01-18", "groupName": "BPMN2.0_Process", "naturalLanguage": "en", "modelName": "bpmn2.inclusive.gateway", "TimestampModelCollection": "2012-08-30 14:08:38", "modelingLanguage": "bpmn20", "directoryId": "305923565", "numberOfRevisions": 1}}