{"revision": {"creationDate": null, "isLastRevision": true, "revisionNumber": 2, "elementCounts": {"total": 36, "Lane": 2, "StartNoneEvent": 1, "Pool": 2, "Association_Unidirectional": 3, "MessageFlow": 1, "StartMessageEvent": 1, "SequenceFlow": 12, "DataObject": 3, "Task": 4, "EndNoneEvent": 2, "BPMNDiagram": 1, "ParallelGateway": 4}, "connectedness": 95}, "model": {"modelId": "1021591858", "modelDate": "2012-06-26", "groupName": "BPMN2.0_Process", "naturalLanguage": "en", "modelName": "Validate right to fly", "TimestampModelCollection": "2012-08-30 14:08:38", "modelingLanguage": "bpmn20", "directoryId": "476430627", "numberOfRevisions": 2}}