{"revision": {"creationDate": null, "isLastRevision": true, "revisionNumber": 2, "elementCounts": {"total": 23, "StartNoneEvent": 1, "Task": 5, "SequenceFlow": 9, "DataObject": 1, "EndNoneEvent": 1, "BPMNDiagram": 1, "ParallelGateway": 2, "Association_Unidirectional": 3}, "connectedness": 90}, "model": {"modelId": "1021852499", "modelDate": "2012-04-11", "groupName": "BPMN2.0_Process", "naturalLanguage": "en", "modelName": "Lima Sales", "TimestampModelCollection": "2012-08-30 14:08:38", "modelingLanguage": "bpmn20", "directoryId": "1357379827", "numberOfRevisions": 2}}