{"bounds": {"lowerRight": {"y": 1050, "x": 1485}, "upperLeft": {"y": 0, "x": 0}}, "resourceId": "canvas", "childShapes": [{"dockers": [], "bounds": {"lowerRight": {"y": 160, "x": 295}, "upperLeft": {"y": 120, "x": 255}}, "resourceId": "sid-9A22895A-EB14-4F69-A31E-AA00ADDE912D", "layers": [], "labels": [{"ref": "text_name", "align": "center", "valign": "middle", "y": -23, "x": 5}], "childShapes": [], "properties": {"xortype": "Data", "monitoring": "", "defaultgate": "", "gatewaytype": "XOR", "gates": "", "assignments": "", "bgcolor": "#ffffff", "bordercolor": "#000000", "pool": "", "gate_assignments": "", "markervisible": "true", "name": "A", "documentation": "", "gates_assignments": "", "categories": "", "auditing": "", "gate_outgoingsequenceflow": "", "lanes": "", "gates_outgoingsequenceflow": "", "processid": ""}, "stencil": {"id": "Exclusive_Databased_Gateway"}, "outgoing": [{"resourceId": "sid-ABD5571B-0084-452C-9E0F-0E02E75CF0CA"}, {"resourceId": "sid-C115A24C-A244-4853-AA06-4BEF829E0C0F"}], "glossaryLinks": {}, "formats": {}}, {"dockers": [], "bounds": {"lowerRight": {"y": 180, "x": 505}, "upperLeft": {"y": 100, "x": 405}}, "resourceId": "sid-ACECE4E1-BA95-492F-9A7D-62BE913227D6", "layers": [], "labels": [], "childShapes": [], "properties": {"resources": "", "outmsgstructure": "", "applyincalc": "true", "loopcardinality": "", "outmessagename": "", "inmessagename": "", "bgcolor": "#ffffcc", "bordercolor": "#000000", "time": "", "loopdataoutput": "", "testbefore": "false", "callacitivity": "false", "outmsgiscollection": "false", "monitoring": "", "operationname": "", "dataoutputset": "", "completionquantity": "1", "properties": "", "script": "", "assignments": "", "nonebehavioreventref": "signal", "scriptformat": "", "datainputset": "", "processid": "", "startquantity": "1", "tasktype": "None", "looptype": "None", "instantiate": "false", "behavior": "all", "inmsgimport": "", "costs": "", "inputdataitem": "", "loopdatainput": "", "name": "B", "outmsgitemkind": "Information", "costcenter": "", "completioncondition": "", "isforcompensation": "false", "inmsgiscollection": "false", "inmsgitemkind": "Information", "inmsgstructure": "", "outputdataitem": "", "messageref": "", "loopcondition": "", "onebehavioreventref:": "signal", "implementation": "webService", "operationref": "", "outmsgimport": "", "documentation": "", "categories": "", "auditing": "", "complexbehaviordefinition": ""}, "stencil": {"id": "Task"}, "outgoing": [], "glossaryLinks": {}, "formats": {}}, {"dockers": [], "bounds": {"lowerRight": {"y": 335, "x": 440}, "upperLeft": {"y": 255, "x": 340}}, "resourceId": "sid-E50AC4B9-1F2F-4746-AB87-EF27C8CA9C4D", "layers": [], "labels": [], "childShapes": [], "properties": {"resources": "", "outmsgstructure": "", "applyincalc": "true", "loopcardinality": "", "outmessagename": "", "inmessagename": "", "bgcolor": "#ffffcc", "bordercolor": "#000000", "time": "", "loopdataoutput": "", "testbefore": "false", "callacitivity": "false", "outmsgiscollection": "false", "monitoring": "", "operationname": "", "dataoutputset": "", "completionquantity": "1", "properties": "", "script": "", "assignments": "", "nonebehavioreventref": "signal", "scriptformat": "", "datainputset": "", "processid": "", "startquantity": "1", "tasktype": "None", "looptype": "None", "instantiate": "false", "behavior": "all", "inmsgimport": "", "costs": "", "inputdataitem": "", "loopdatainput": "", "name": "C", "outmsgitemkind": "Information", "costcenter": "", "completioncondition": "", "isforcompensation": "false", "inmsgiscollection": "false", "inmsgitemkind": "Information", "inmsgstructure": "", "outputdataitem": "", "messageref": "", "loopcondition": "", "onebehavioreventref:": "signal", "implementation": "webService", "operationref": "", "outmsgimport": "", "documentation": "", "categories": "", "auditing": "", "complexbehaviordefinition": ""}, "stencil": {"id": "Task"}, "outgoing": [], "glossaryLinks": {}, "formats": {}}, {"dockers": [], "bounds": {"lowerRight": {"y": 180, "x": 130}, "upperLeft": {"y": 100, "x": 30}}, "resourceId": "sid-11DE20F3-588B-4A8E-ABD5-D81B6CEFF0C7", "layers": [], "labels": [], "childShapes": [], "properties": {"resources": "", "outmsgstructure": "", "applyincalc": "true", "loopcardinality": "", "outmessagename": "", "inmessagename": "", "bgcolor": "#ffffcc", "bordercolor": "#000000", "time": "", "loopdataoutput": "", "testbefore": "false", "callacitivity": "false", "outmsgiscollection": "false", "monitoring": "", "operationname": "", "dataoutputset": "", "completionquantity": "1", "properties": "", "script": "", "assignments": "", "nonebehavioreventref": "signal", "scriptformat": "", "datainputset": "", "processid": "", "startquantity": "1", "tasktype": "None", "looptype": "None", "instantiate": "false", "behavior": "all", "inmsgimport": "", "costs": "", "inputdataitem": "", "loopdatainput": "", "name": "D", "outmsgitemkind": "Information", "costcenter": "", "completioncondition": "", "isforcompensation": "false", "inmsgiscollection": "false", "inmsgitemkind": "Information", "inmsgstructure": "", "outputdataitem": "", "messageref": "", "loopcondition": "", "onebehavioreventref:": "signal", "implementation": "webService", "operationref": "", "outmsgimport": "", "documentation": "", "categories": "", "auditing": "", "complexbehaviordefinition": ""}, "stencil": {"id": "Task"}, "outgoing": [{"resourceId": "sid-469CC45E-05DC-4C50-958A-8234731D1998"}], "glossaryLinks": {}, "formats": {}}, {"dockers": [{"y": 40, "x": 50}, {"y": 20.5, "x": 20.5}], "bounds": {"lowerRight": {"y": 140.4466612136074275, "x": 254.64453452050153714}, "upperLeft": {"y": 140.12787723785166349, "x": 130}}, "resourceId": "sid-469CC45E-05DC-4C50-958A-8234731D1998", "layers": [], "labels": [], "target": {"resourceId": "sid-9A22895A-EB14-4F69-A31E-AA00ADDE912D"}, "childShapes": [], "properties": {"ConditionType": "None", "showdiamondmarker": "false", "bordercolor": "#000000", "monitoring": "", "name": "", "documentation": "", "probability": "", "conditionexpression": "", "isimmediate": "false", "auditing": ""}, "stencil": {"id": "SequenceFlow"}, "outgoing": [{"resourceId": "sid-9A22895A-EB14-4F69-A31E-AA00ADDE912D"}], "glossaryLinks": {}, "formats": {}}, {"dockers": [{"y": 20.5, "x": 20.5}, {"y": 40, "x": 50}], "bounds": {"lowerRight": {"y": 140.4444801204861335, "x": 404.91797262952525216}, "upperLeft": {"y": 140.1395042545138665, "x": 295.43163674547474784}}, "resourceId": "sid-ABD5571B-0084-452C-9E0F-0E02E75CF0CA", "layers": [], "labels": [], "target": {"resourceId": "sid-ACECE4E1-BA95-492F-9A7D-62BE913227D6"}, "childShapes": [], "properties": {"ConditionType": "None", "showdiamondmarker": "false", "bordercolor": "#000000", "monitoring": "", "name": "E", "documentation": "", "probability": "", "conditionexpression": "", "isimmediate": "false", "auditing": ""}, "stencil": {"id": "SequenceFlow"}, "outgoing": [{"resourceId": "sid-ACECE4E1-BA95-492F-9A7D-62BE913227D6"}], "glossaryLinks": {}, "formats": {}}, {"dockers": [{"y": 20.5, "x": 20.5}, {"y": 295, "x": 275.5}, {"y": 40, "x": 50}], "bounds": {"lowerRight": {"y": 295, "x": 339.80078125}, "upperLeft": {"y": 160, "x": 275.5}}, "resourceId": "sid-C115A24C-A244-4853-AA06-4BEF829E0C0F", "layers": [], "labels": [{"to": 1, "orientation": "ur", "ref": "text_name", "distance": -17.5, "align": "right", "from": 0, "valign": "top", "y": 219, "x": 275.5}], "target": {"resourceId": "sid-E50AC4B9-1F2F-4746-AB87-EF27C8CA9C4D"}, "childShapes": [], "properties": {"ConditionType": "None", "showdiamondmarker": "false", "bordercolor": "#000000", "monitoring": "", "name": "F", "documentation": "", "probability": "", "conditionexpression": "", "isimmediate": "false", "auditing": ""}, "stencil": {"id": "SequenceFlow"}, "outgoing": [{"resourceId": "sid-E50AC4B9-1F2F-4746-AB87-EF27C8CA9C4D"}], "glossaryLinks": {}, "formats": {}}], "properties": {"orientation": "horizontal", "monitoring": "", "modificationdate": "", "creationdate": "", "namespaces": "", "version": "", "targetnamespace": "http://www.signavio.com/bpmn20", "author": "", "name": "", "documentation": "", "language": "English", "typelanguage": "http://www.w3.org/2001/XMLSchema", "expressionlanguage": "http://www.w3.org/1999/XPath", "auditing": ""}, "offset": {"y": 12, "x": 0}, "ssextensions": ["http://oryx-editor.org/stencilsets/extensions/bpmn2.0basicsubset#"], "stencilset": {"url": "/stencilsets/bpmn2.0/bpmn2.0.json?version=4.6.0", "namespace": "http://b3mn.org/stencilset/bpmn2.0#"}, "stencil": {"id": "BPMNDiagram"}, "formats": {}}