{"revision": {"creationDate": null, "isLastRevision": true, "revisionNumber": 6, "elementCounts": {"total": 91, "EndMessageEvent": 1, "Lane": 4, "IntermediateMessageEventCatching": 4, "StartNoneEvent": 2, "Pool": 2, "Association_Unidirectional": 10, "MessageFlow": 4, "Association_Undirected": 2, "SequenceFlow": 29, "Task": 19, "DataObject": 8, "EndNoneEvent": 1, "BPMNDiagram": 1, "IntermediateMessageEventThrowing": 4}, "connectedness": 96}, "model": {"modelId": "1021525987", "modelDate": "2012-08-30", "groupName": "BPMN2.0_Process", "naturalLanguage": "en", "modelName": "1021525987", "TimestampModelCollection": "2012-08-30 14:08:38", "modelingLanguage": "bpmn20", "directoryId": "1479774490", "numberOfRevisions": 6}}