{"bounds": {"lowerRight": {"y": 1128, "x": 1868}, "upperLeft": {"y": 0, "x": 0}}, "resourceId": "canvas", "childShapes": [{"dockers": [], "bounds": {"lowerRight": {"y": 1028, "x": 1768}, "upperLeft": {"y": 340, "x": 42}}, "resourceId": "sid-7ED86CDE-D7D2-413A-B6B5-3AE8BF803442", "layers": [], "labels": [], "childShapes": [{"dockers": [], "bounds": {"lowerRight": {"y": 688, "x": 1726}, "upperLeft": {"y": 452, "x": 30}}, "resourceId": "sid-41B95016-88A3-4977-82A1-8A5B0B4E608F", "layers": [], "labels": [], "childShapes": [{"dockers": [], "bounds": {"lowerRight": {"y": 170, "x": 1210.5}, "upperLeft": {"y": 90, "x": 1110.5}}, "resourceId": "sid-BA17F203-922C-4A1E-B812-3C7AE55BD24C", "layers": [], "labels": [], "childShapes": [], "properties": {"resources": "", "outmsgstructure": "", "applyincalc": "true", "loopcardinality": "", "outmessagename": "", "inmessagename": "", "bgcolor": "#ffffcc", "bordercolor": "#000000", "time": "", "loopdataoutput": "", "testbefore": "false", "callacitivity": "false", "outmsgiscollection": "false", "monitoring": "", "operationname": "", "dataoutputset": "", "completionquantity": "1", "properties": "", "script": "", "assignments": "", "nonebehavioreventref": "signal", "scriptformat": "", "datainputset": "", "processid": "", "startquantity": "1", "tasktype": "None", "looptype": "None", "instantiate": "false", "behavior": "all", "inmsgimport": "", "costs": "", "inputdataitem": "", "loopdatainput": "", "name": "AF", "outmsgitemkind": "Information", "costcenter": "", "completioncondition": "", "isforcompensation": "false", "inmsgiscollection": "false", "inmsgitemkind": "Information", "inmsgstructure": "", "outputdataitem": "", "messageref": "", "loopcondition": "", "onebehavioreventref:": "signal", "implementation": "webService", "operationref": "", "outmsgimport": "", "documentation": "", "categories": "", "auditing": "", "complexbehaviordefinition": ""}, "stencil": {"id": "Task"}, "outgoing": [{"resourceId": "sid-36D92760-B2CE-4FFF-B5AA-7F00F623D6AF"}], "glossaryLinks": {}, "formats": {}}], "properties": {"showcaption": "true", "bordercolor": "#000000", "monitoring": "", "parentlane": "", "name": "G", "documentation": "", "auditing": "", "bgcolor": "", "parentpool": ""}, "stencil": {"id": "Lane"}, "outgoing": [], "glossaryLinks": {}, "formats": {}}, {"dockers": [], "bounds": {"lowerRight": {"y": 250, "x": 1726}, "upperLeft": {"y": 0, "x": 30}}, "resourceId": "sid-D545C6DD-B7A1-4F22-8C24-E54BB1CA6205", "layers": [], "labels": [], "childShapes": [{"dockers": [], "bounds": {"lowerRight": {"y": 177.5, "x": 1094.5}, "upperLeft": {"y": 97.5, "x": 994.5}}, "resourceId": "sid-81F202C0-C8F5-4B10-9247-6A36E236357A", "layers": [], "labels": [], "childShapes": [], "properties": {"resources": "", "outmsgstructure": "", "applyincalc": "true", "loopcardinality": "", "outmessagename": "", "inmessagename": "", "bgcolor": "#ffffcc", "bordercolor": "#000000", "time": "", "loopdataoutput": "", "testbefore": "false", "callacitivity": "false", "outmsgiscollection": "false", "monitoring": "", "operationname": "", "dataoutputset": "", "completionquantity": "1", "properties": "", "script": "", "assignments": "", "nonebehavioreventref": "signal", "scriptformat": "", "datainputset": "", "processid": "", "startquantity": "1", "tasktype": "None", "looptype": "None", "instantiate": "false", "behavior": "all", "inmsgimport": "", "costs": "", "inputdataitem": "", "loopdatainput": "", "name": "J", "outmsgitemkind": "Information", "costcenter": "", "completioncondition": "", "isforcompensation": "false", "inmsgiscollection": "false", "inmsgitemkind": "Information", "inmsgstructure": "", "outputdataitem": "", "messageref": "", "loopcondition": "", "onebehavioreventref:": "signal", "implementation": "webService", "operationref": "", "outmsgimport": "", "documentation": "", "categories": "", "auditing": "", "complexbehaviordefinition": ""}, "stencil": {"id": "Task"}, "outgoing": [{"resourceId": "sid-7ECEF75D-7553-4CF8-B6CF-370ACE2AA429"}], "glossaryLinks": {}, "formats": {}}, {"dockers": [], "bounds": {"lowerRight": {"y": 177.5, "x": 1328}, "upperLeft": {"y": 97.5, "x": 1228}}, "resourceId": "sid-36E2E8C4-D6B1-4E2F-8AF5-59378B572D90", "layers": [], "labels": [], "childShapes": [], "properties": {"resources": "", "outmsgstructure": "", "applyincalc": "true", "loopcardinality": "", "outmessagename": "", "inmessagename": "", "bgcolor": "#ffffcc", "bordercolor": "#000000", "time": "", "loopdataoutput": "", "testbefore": "false", "callacitivity": "false", "outmsgiscollection": "false", "monitoring": "", "operationname": "", "dataoutputset": "", "completionquantity": "1", "properties": "", "script": "", "assignments": "", "nonebehavioreventref": "signal", "scriptformat": "", "datainputset": "", "processid": "", "startquantity": "1", "tasktype": "None", "looptype": "None", "instantiate": "false", "behavior": "all", "inmsgimport": "", "costs": "", "inputdataitem": "", "loopdatainput": "", "name": "K", "outmsgitemkind": "Information", "costcenter": "", "completioncondition": "", "isforcompensation": "false", "inmsgiscollection": "false", "inmsgitemkind": "Information", "inmsgstructure": "", "outputdataitem": "", "messageref": "", "loopcondition": "", "onebehavioreventref:": "signal", "implementation": "webService", "operationref": "", "outmsgimport": "", "documentation": "", "categories": "", "auditing": "", "complexbehaviordefinition": ""}, "stencil": {"id": "Task"}, "outgoing": [{"resourceId": "sid-2E45619C-7485-41C2-8CC5-7908F2384CC5"}, {"resourceId": "sid-03B44276-514F-47BD-BFFA-C22821FAB897"}], "glossaryLinks": {}, "formats": {}}, {"dockers": [], "bounds": {"lowerRight": {"y": 177.5, "x": 1448}, "upperLeft": {"y": 97.5, "x": 1348}}, "resourceId": "sid-A1DFEFCC-8056-4B40-B3BD-B271225A3960", "layers": [], "labels": [], "childShapes": [], "properties": {"resources": "", "outmsgstructure": "", "applyincalc": "true", "loopcardinality": "", "outmessagename": "", "inmessagename": "", "bgcolor": "#ffffcc", "bordercolor": "#000000", "time": "", "loopdataoutput": "", "testbefore": "false", "callacitivity": "false", "outmsgiscollection": "false", "monitoring": "", "operationname": "", "dataoutputset": "", "completionquantity": "1", "properties": "", "script": "", "assignments": "", "nonebehavioreventref": "signal", "scriptformat": "", "datainputset": "", "processid": "", "startquantity": "1", "tasktype": "None", "looptype": "None", "instantiate": "false", "behavior": "all", "inmsgimport": "", "costs": "", "inputdataitem": "", "loopdatainput": "", "name": "L", "outmsgitemkind": "Information", "costcenter": "", "completioncondition": "", "isforcompensation": "false", "inmsgiscollection": "false", "inmsgitemkind": "Information", "inmsgstructure": "", "outputdataitem": "", "messageref": "", "loopcondition": "", "onebehavioreventref:": "signal", "implementation": "webService", "operationref": "", "outmsgimport": "", "documentation": "", "categories": "", "auditing": "", "complexbehaviordefinition": ""}, "stencil": {"id": "Task"}, "outgoing": [{"resourceId": "sid-C124BE7C-98A9-407C-92F2-333B29333C9E"}, {"resourceId": "sid-82002862-9B9A-4AF9-A6EB-4312F204075D"}], "glossaryLinks": {}, "formats": {}}, {"dockers": [], "bounds": {"lowerRight": {"y": 238.5, "x": 1028.5}, "upperLeft": {"y": 190, "x": 940.5}}, "resourceId": "sid-BD02AEDB-22F5-4CF1-A2AA-D6B2A9B0A83F", "layers": [], "labels": [], "childShapes": [], "properties": {"bordercolor": "#000000", "iscollection": "false", "monitoring": "", "input_output": "None", "name": "M", "state": "", "documentation": "", "categories": "", "properties": "", "auditing": "", "bgcolor": "#ffffff"}, "stencil": {"id": "DataObject"}, "outgoing": [{"resourceId": "sid-E9CD96B2-B6E1-4BA6-A32A-743885075D7D"}], "glossaryLinks": {}, "formats": {}}, {"dockers": [], "bounds": {"lowerRight": {"y": 58.5, "x": 1442}, "upperLeft": {"y": 10, "x": 1354}}, "resourceId": "sid-F618BD89-8306-433D-AB2C-14573DF2C30F", "layers": [], "labels": [], "childShapes": [], "properties": {"bordercolor": "#000000", "iscollection": "false", "monitoring": "", "input_output": "None", "name": "N", "state": "", "documentation": "", "categories": "", "properties": "", "auditing": "", "bgcolor": "#ffffff"}, "stencil": {"id": "DataObject"}, "outgoing": [{"resourceId": "sid-EA04D605-4191-4839-9642-952C769798CD"}], "glossaryLinks": {}, "formats": {}}, {"dockers": [], "bounds": {"lowerRight": {"y": 177.5, "x": 185}, "upperLeft": {"y": 97.5, "x": 85}}, "resourceId": "sid-BDB131B9-2273-4840-9E4E-DE8621AF3C5A", "layers": [], "labels": [], "childShapes": [], "properties": {"resources": "", "outmsgstructure": "", "applyincalc": "true", "loopcardinality": "", "outmessagename": "", "inmessagename": "", "bgcolor": "#ffffcc", "bordercolor": "#000000", "time": "", "loopdataoutput": "", "testbefore": "false", "callacitivity": "false", "outmsgiscollection": "false", "monitoring": "", "operationname": "", "dataoutputset": "", "completionquantity": "1", "properties": "", "script": "", "assignments": "", "nonebehavioreventref": "signal", "scriptformat": "", "datainputset": "", "processid": "", "startquantity": "1", "tasktype": "None", "looptype": "None", "instantiate": "false", "behavior": "all", "inmsgimport": "", "costs": "", "inputdataitem": "", "loopdatainput": "", "name": "O", "outmsgitemkind": "Information", "costcenter": "", "completioncondition": "", "isforcompensation": "false", "inmsgiscollection": "false", "inmsgitemkind": "Information", "inmsgstructure": "", "outputdataitem": "", "messageref": "", "loopcondition": "", "onebehavioreventref:": "signal", "implementation": "webService", "operationref": "", "outmsgimport": "", "documentation": "", "categories": "", "auditing": "", "complexbehaviordefinition": ""}, "stencil": {"id": "Task"}, "outgoing": [{"resourceId": "sid-ED0C9FA0-CACA-4375-8A4D-853CB3C412A4"}, {"resourceId": "sid-55E0DED3-13F2-4D3A-81B2-2540F8D524DE"}], "glossaryLinks": {}, "formats": {}}, {"dockers": [], "bounds": {"lowerRight": {"y": 152.5, "x": 60}, "upperLeft": {"y": 122.5, "x": 30}}, "resourceId": "sid-BD4E56F7-CEB5-4512-9800-80FE20399184", "layers": [], "labels": [], "childShapes": [], "properties": {"trigger": "None", "monitoring": "", "outputset": "", "applyincalc": "true", "frequency": "", "bgcolor": "#ffffff", "bordercolor": "#000000", "dataoutputassociations": "", "name": "", "documentation": "", "dataoutput": "", "auditing": "", "processid": ""}, "stencil": {"id": "StartNoneEvent"}, "outgoing": [{"resourceId": "sid-EFAAD7AD-30B0-4A28-969C-1B5201A84764"}], "glossaryLinks": {}, "formats": {}}, {"dockers": [], "bounds": {"lowerRight": {"y": 177.5, "x": 308}, "upperLeft": {"y": 97.5, "x": 208}}, "resourceId": "sid-7F1BF904-69F2-459E-BE0E-6C0A02D7648A", "layers": [], "labels": [], "childShapes": [], "properties": {"resources": "", "outmsgstructure": "", "applyincalc": "true", "loopcardinality": "", "outmessagename": "", "inmessagename": "", "bgcolor": "#ffffcc", "bordercolor": "#000000", "time": "", "loopdataoutput": "", "testbefore": "false", "callacitivity": "false", "outmsgiscollection": "false", "monitoring": "", "operationname": "", "dataoutputset": "", "completionquantity": "1", "properties": "", "script": "", "assignments": "", "nonebehavioreventref": "signal", "scriptformat": "", "datainputset": "", "processid": "", "startquantity": "1", "tasktype": "None", "looptype": "None", "instantiate": "false", "behavior": "all", "inmsgimport": "", "costs": "", "inputdataitem": "", "loopdatainput": "", "name": "P", "outmsgitemkind": "Information", "costcenter": "", "completioncondition": "", "isforcompensation": "false", "inmsgiscollection": "false", "inmsgitemkind": "Information", "inmsgstructure": "", "outputdataitem": "", "messageref": "", "loopcondition": "", "onebehavioreventref:": "signal", "implementation": "webService", "operationref": "", "outmsgimport": "", "documentation": "", "categories": "", "auditing": "", "complexbehaviordefinition": ""}, "stencil": {"id": "Task"}, "outgoing": [{"resourceId": "sid-FF6276A4-DB47-4FFE-998E-DCCBAA63AFFA"}], "glossaryLinks": {}, "formats": {}}, {"dockers": [], "bounds": {"lowerRight": {"y": 177.5, "x": 487}, "upperLeft": {"y": 97.5, "x": 387}}, "resourceId": "sid-55A0A331-6D46-4E4E-A700-E3E78396DB5C", "layers": [], "labels": [], "childShapes": [], "properties": {"resources": "", "outmsgstructure": "", "applyincalc": "true", "loopcardinality": "", "outmessagename": "", "inmessagename": "", "bgcolor": "#ffffcc", "bordercolor": "#000000", "time": "", "loopdataoutput": "", "testbefore": "false", "callacitivity": "false", "outmsgiscollection": "false", "monitoring": "", "operationname": "", "dataoutputset": "", "completionquantity": "1", "properties": "", "script": "", "assignments": "", "nonebehavioreventref": "signal", "scriptformat": "", "datainputset": "", "processid": "", "startquantity": "1", "tasktype": "None", "looptype": "None", "instantiate": "false", "behavior": "all", "inmsgimport": "", "costs": "", "inputdataitem": "", "loopdatainput": "", "name": "Q", "outmsgitemkind": "Information", "costcenter": "", "completioncondition": "", "isforcompensation": "false", "inmsgiscollection": "false", "inmsgitemkind": "Information", "inmsgstructure": "", "outputdataitem": "", "messageref": "", "loopcondition": "", "onebehavioreventref:": "signal", "implementation": "webService", "operationref": "", "outmsgimport": "", "documentation": "", "categories": "", "auditing": "", "complexbehaviordefinition": ""}, "stencil": {"id": "Task"}, "outgoing": [{"resourceId": "sid-1F7C0C31-A3C3-44D5-BD1F-BB432443AF68"}, {"resourceId": "sid-60D6BB13-9B4B-459C-8620-48C94BD4BE23"}], "glossaryLinks": {}, "formats": {}}, {"dockers": [], "bounds": {"lowerRight": {"y": 177.5, "x": 610.5}, "upperLeft": {"y": 97.5, "x": 510.5}}, "resourceId": "sid-46137B9B-9DB1-49E4-8118-251B6EA811E1", "layers": [], "labels": [], "childShapes": [], "properties": {"resources": "", "outmsgstructure": "", "applyincalc": "true", "loopcardinality": "", "outmessagename": "", "inmessagename": "", "bgcolor": "#ffffcc", "bordercolor": "#000000", "time": "", "loopdataoutput": "", "testbefore": "false", "callacitivity": "false", "outmsgiscollection": "false", "monitoring": "", "operationname": "", "dataoutputset": "", "completionquantity": "1", "properties": "", "script": "", "assignments": "", "nonebehavioreventref": "signal", "scriptformat": "", "datainputset": "", "processid": "", "startquantity": "1", "tasktype": "None", "looptype": "None", "instantiate": "false", "behavior": "all", "inmsgimport": "", "costs": "", "inputdataitem": "", "loopdatainput": "", "name": "R", "outmsgitemkind": "Information", "costcenter": "", "completioncondition": "", "isforcompensation": "false", "inmsgiscollection": "false", "inmsgitemkind": "Information", "inmsgstructure": "", "outputdataitem": "", "messageref": "", "loopcondition": "", "onebehavioreventref:": "signal", "implementation": "webService", "operationref": "", "outmsgimport": "", "documentation": "", "categories": "", "auditing": "", "complexbehaviordefinition": ""}, "stencil": {"id": "Task"}, "outgoing": [{"resourceId": "sid-65E99106-8BE9-4A90-A9A4-8FD8339DB904"}, {"resourceId": "sid-1048ACAC-8B22-448B-AB43-06789D43CBA1"}], "glossaryLinks": {}, "formats": {}}, {"dockers": [], "bounds": {"lowerRight": {"y": 177.5, "x": 737}, "upperLeft": {"y": 97.5, "x": 637}}, "resourceId": "sid-CD1C8DC9-BD53-40AE-90BA-1543C79965DD", "layers": [], "labels": [], "childShapes": [], "properties": {"resources": "", "outmsgstructure": "", "applyincalc": "true", "loopcardinality": "", "outmessagename": "", "inmessagename": "", "bgcolor": "#ffffcc", "bordercolor": "#000000", "time": "", "loopdataoutput": "", "testbefore": "false", "callacitivity": "false", "outmsgiscollection": "false", "monitoring": "", "operationname": "", "dataoutputset": "", "completionquantity": "1", "properties": "", "script": "", "assignments": "", "nonebehavioreventref": "signal", "scriptformat": "", "datainputset": "", "processid": "", "startquantity": "1", "tasktype": "None", "looptype": "None", "instantiate": "false", "behavior": "all", "inmsgimport": "", "costs": "", "inputdataitem": "", "loopdatainput": "", "name": "S", "outmsgitemkind": "Information", "costcenter": "", "completioncondition": "", "isforcompensation": "false", "inmsgiscollection": "false", "inmsgitemkind": "Information", "inmsgstructure": "", "outputdataitem": "", "messageref": "", "loopcondition": "", "onebehavioreventref:": "signal", "implementation": "webService", "operationref": "", "outmsgimport": "", "documentation": "", "categories": "", "auditing": "", "complexbehaviordefinition": ""}, "stencil": {"id": "Task"}, "outgoing": [{"resourceId": "sid-82D63B98-BC26-414F-9B1C-E9A7F21F5472"}, {"resourceId": "sid-64C5781B-B3D2-4231-97BD-4CA6AD4BE004"}], "glossaryLinks": {}, "formats": {}}, {"dockers": [], "bounds": {"lowerRight": {"y": 177.5, "x": 928.25774793388427497}, "upperLeft": {"y": 97.5, "x": 828.25774793388427497}}, "resourceId": "sid-BB5CD6B0-02BD-4DC2-AF7E-F4FDF05A724A", "layers": [], "labels": [], "childShapes": [], "properties": {"resources": "", "outmsgstructure": "", "applyincalc": "true", "loopcardinality": "", "outmessagename": "", "inmessagename": "", "bgcolor": "#ffffcc", "bordercolor": "#000000", "time": "", "loopdataoutput": "", "testbefore": "false", "callacitivity": "false", "outmsgiscollection": "false", "monitoring": "", "operationname": "", "dataoutputset": "", "completionquantity": "1", "properties": "", "script": "", "assignments": "", "nonebehavioreventref": "signal", "scriptformat": "", "datainputset": "", "processid": "", "startquantity": "1", "tasktype": "None", "looptype": "None", "instantiate": "false", "behavior": "all", "inmsgimport": "", "costs": "", "inputdataitem": "", "loopdatainput": "", "name": "T", "outmsgitemkind": "Information", "costcenter": "", "completioncondition": "", "isforcompensation": "false", "inmsgiscollection": "false", "inmsgitemkind": "Information", "inmsgstructure": "", "outputdataitem": "", "messageref": "", "loopcondition": "", "onebehavioreventref:": "signal", "implementation": "webService", "operationref": "", "outmsgimport": "", "documentation": "", "categories": "", "auditing": "", "complexbehaviordefinition": ""}, "stencil": {"id": "Task"}, "outgoing": [{"resourceId": "sid-25FA6A30-0BBC-4C1D-874D-8B3FA4360C40"}], "glossaryLinks": {}, "formats": {}}, {"dockers": [], "bounds": {"lowerRight": {"y": 177.5, "x": 1210.5}, "upperLeft": {"y": 97.5, "x": 1110.5}}, "resourceId": "sid-416B81C4-E476-4C82-954A-6AFC925D8B6E", "layers": [], "labels": [], "childShapes": [], "properties": {"resources": "", "outmsgstructure": "", "applyincalc": "true", "loopcardinality": "", "outmessagename": "", "inmessagename": "", "bgcolor": "#ffffcc", "bordercolor": "#000000", "time": "", "loopdataoutput": "", "testbefore": "false", "callacitivity": "false", "outmsgiscollection": "false", "monitoring": "", "operationname": "", "dataoutputset": "", "completionquantity": "1", "properties": "", "script": "", "assignments": "", "nonebehavioreventref": "signal", "scriptformat": "", "datainputset": "", "processid": "", "startquantity": "1", "tasktype": "None", "looptype": "None", "instantiate": "false", "behavior": "all", "inmsgimport": "", "costs": "", "inputdataitem": "", "loopdatainput": "", "name": "U", "outmsgitemkind": "Information", "costcenter": "", "completioncondition": "", "isforcompensation": "false", "inmsgiscollection": "false", "inmsgitemkind": "Information", "inmsgstructure": "", "outputdataitem": "", "messageref": "", "loopcondition": "", "onebehavioreventref:": "signal", "implementation": "webService", "operationref": "", "outmsgimport": "", "documentation": "", "categories": "", "auditing": "", "complexbehaviordefinition": ""}, "stencil": {"id": "Task"}, "outgoing": [{"resourceId": "sid-9B722A86-306E-4DEA-A873-17C2F56383D6"}, {"resourceId": "sid-BFF2507F-7D30-4A37-B80E-A72EC13887BA"}], "glossaryLinks": {}, "formats": {}}, {"dockers": [], "bounds": {"lowerRight": {"y": 238, "x": 797}, "upperLeft": {"y": 189.5, "x": 709}}, "resourceId": "sid-048F6D37-B64D-4C86-B909-2E42AEB03B30", "layers": [], "labels": [], "childShapes": [], "properties": {"bordercolor": "#000000", "iscollection": "false", "monitoring": "", "input_output": "None", "name": "V", "state": "", "documentation": "", "categories": "", "properties": "", "auditing": "", "bgcolor": "#ffffff"}, "stencil": {"id": "DataObject"}, "outgoing": [{"resourceId": "sid-67386E63-B40A-4E49-AC84-0CFBE4D2EAE5"}, {"resourceId": "sid-ED52D280-77FF-4CB6-873D-D9CDACE35352"}], "glossaryLinks": {}, "formats": {}}, {"dockers": [], "bounds": {"lowerRight": {"y": 237.75, "x": 604.5}, "upperLeft": {"y": 189.25, "x": 516.5}}, "resourceId": "sid-FBA459DC-C272-49A1-9CB5-302D54CCF287", "layers": [], "labels": [], "childShapes": [], "properties": {"bordercolor": "#000000", "iscollection": "false", "monitoring": "", "input_output": "None", "name": "W", "state": "", "documentation": "", "categories": "", "properties": "", "auditing": "", "bgcolor": "#ffffff"}, "stencil": {"id": "DataObject"}, "outgoing": [], "glossaryLinks": {}, "formats": {}}, {"dockers": [], "bounds": {"lowerRight": {"y": 238.25, "x": 481}, "upperLeft": {"y": 189.75, "x": 393}}, "resourceId": "sid-BE280065-A658-4AB4-9EA9-1C3096C1BD3D", "layers": [], "labels": [], "childShapes": [], "properties": {"bordercolor": "#000000", "iscollection": "false", "monitoring": "", "input_output": "None", "name": "X", "state": "", "documentation": "", "categories": "", "properties": "", "auditing": "", "bgcolor": "#ffffff"}, "stencil": {"id": "DataObject"}, "outgoing": [], "glossaryLinks": {}, "formats": {}}, {"dockers": [], "bounds": {"lowerRight": {"y": 237.5, "x": 302}, "upperLeft": {"y": 189, "x": 214}}, "resourceId": "sid-EAE57805-B388-4FB2-9506-5AD385CF57C1", "layers": [], "labels": [], "childShapes": [], "properties": {"bordercolor": "#000000", "iscollection": "false", "monitoring": "", "input_output": "None", "name": "Y", "state": "", "documentation": "", "categories": "", "properties": "", "auditing": "", "bgcolor": "#ffffff"}, "stencil": {"id": "DataObject"}, "outgoing": [{"resourceId": "sid-84BE2FD7-9E66-47EE-A65D-0FDD79E426A5"}], "glossaryLinks": {}, "formats": {}}, {"dockers": [], "bounds": {"lowerRight": {"y": 238.25, "x": 181}, "upperLeft": {"y": 189.75, "x": 93}}, "resourceId": "sid-21C215A2-5D75-4BFE-AEFD-1D27E4B3178F", "layers": [], "labels": [], "childShapes": [], "properties": {"bordercolor": "#000000", "iscollection": "false", "monitoring": "", "input_output": "None", "name": "Z", "state": "", "documentation": "", "categories": "", "properties": "", "auditing": "", "bgcolor": "#ffffff"}, "stencil": {"id": "DataObject"}, "outgoing": [], "glossaryLinks": {}, "formats": {}}, {"dockers": [], "bounds": {"lowerRight": {"y": 238, "x": 1268.5}, "upperLeft": {"y": 189.5, "x": 1180.5}}, "resourceId": "sid-371816A8-E8E8-4B10-806E-0AAF0BA88B52", "layers": [], "labels": [], "childShapes": [], "properties": {"bordercolor": "#000000", "iscollection": "false", "monitoring": "", "input_output": "None", "name": "AA", "state": "", "documentation": "", "categories": "", "properties": "", "auditing": "", "bgcolor": "#ffffff"}, "stencil": {"id": "DataObject"}, "outgoing": [], "glossaryLinks": {}, "formats": {}}, {"dockers": [{"y": 137.75, "x": 349.0206611570247901}], "bounds": {"lowerRight": {"y": 152.75, "x": 364.0206611570247901}, "upperLeft": {"y": 122.75, "x": 334.0206611570247901}}, "resourceId": "sid-BBB0E9F9-F42F-4508-8969-B60773C9BB7F", "layers": [], "labels": [], "childShapes": [], "properties": {"bordercolor": "#000000", "trigger": "Message", "monitoring": "", "operationname": "", "name": "", "documentation": "", "messagename": "", "auditing": "", "boundarycancelactivity2": "true", "bgcolor": "#ffffff"}, "stencil": {"id": "IntermediateMessageEventCatching"}, "outgoing": [{"resourceId": "sid-70ADC523-43D2-42A0-8632-F559DCE06F3A"}], "glossaryLinks": {}, "formats": {}}, {"dockers": [{"y": 137.75, "x": 958.38662190082641246}], "bounds": {"lowerRight": {"y": 152.75, "x": 973.38662190082641246}, "upperLeft": {"y": 122.75, "x": 943.38662190082641246}}, "resourceId": "sid-5246890F-B022-48CC-A560-B0A6A0E29DAA", "layers": [], "labels": [], "childShapes": [], "properties": {"bordercolor": "#000000", "trigger": "Message", "monitoring": "", "operationname": "", "name": "", "documentation": "", "messagename": "", "auditing": "", "boundarycancelactivity2": "true", "bgcolor": "#ffffff"}, "stencil": {"id": "IntermediateMessageEventCatching"}, "outgoing": [{"resourceId": "sid-CF043AB3-0729-42B3-B167-3FCBE7E1A3D5"}], "glossaryLinks": {}, "formats": {}}, {"dockers": [{"y": 137.75, "x": 1483.2899664256196957}], "bounds": {"lowerRight": {"y": 152.75, "x": 1498.2899664256196957}, "upperLeft": {"y": 122.75, "x": 1468.2899664256196957}}, "resourceId": "sid-11D40F68-9F77-4784-9396-3B6A86CD97E6", "layers": [], "labels": [], "childShapes": [], "properties": {"trigger": "Message", "monitoring": "", "operationname": "", "applyincalc": "true", "costs": "", "bgcolor": "#ffffff", "inputset": "", "bordercolor": "#000000", "time": "", "datainputassociations": "", "name": "", "documentation": "", "costcenter": "", "messagename": "", "datainput": "", "auditing": ""}, "stencil": {"id": "IntermediateMessageEventThrowing"}, "outgoing": [{"resourceId": "sid-92430E25-4745-44B5-8B1C-D5CB178ACE49"}, {"resourceId": "sid-C6182312-B1FE-465D-A16F-DDE045B61ECA"}], "glossaryLinks": {}, "formats": {}}, {"dockers": [], "bounds": {"lowerRight": {"y": 177.75, "x": 1628}, "upperLeft": {"y": 97.75, "x": 1528}}, "resourceId": "sid-79B664C6-E651-47B6-B998-66128EDC3C74", "layers": [], "labels": [], "childShapes": [], "properties": {"resources": "", "outmsgstructure": "", "applyincalc": "true", "loopcardinality": "", "outmessagename": "", "inmessagename": "", "bgcolor": "#ffffcc", "bordercolor": "#000000", "time": "", "loopdataoutput": "", "testbefore": "false", "callacitivity": "false", "outmsgiscollection": "false", "monitoring": "", "operationname": "", "dataoutputset": "", "completionquantity": "1", "properties": "", "script": "", "assignments": "", "nonebehavioreventref": "signal", "scriptformat": "", "datainputset": "", "processid": "", "startquantity": "1", "tasktype": "None", "looptype": "None", "instantiate": "false", "behavior": "all", "inmsgimport": "", "costs": "", "inputdataitem": "", "loopdatainput": "", "name": "AB", "outmsgitemkind": "Information", "costcenter": "", "completioncondition": "", "isforcompensation": "false", "inmsgiscollection": "false", "inmsgitemkind": "Information", "inmsgstructure": "", "outputdataitem": "", "messageref": "", "loopcondition": "", "onebehavioreventref:": "signal", "implementation": "webService", "operationref": "", "outmsgimport": "", "documentation": "", "categories": "", "auditing": "", "complexbehaviordefinition": ""}, "stencil": {"id": "Task"}, "outgoing": [{"resourceId": "sid-8FB15744-EB37-4022-8106-B48C201F511B"}], "glossaryLinks": {}, "formats": {}}, {"dockers": [], "bounds": {"lowerRight": {"y": 152.125, "x": 1681}, "upperLeft": {"y": 124.125, "x": 1653}}, "resourceId": "sid-C2C77E53-C7F2-4769-9255-4FABDE80CCA6", "layers": [], "labels": [], "childShapes": [], "properties": {"bordercolor": "#000000", "trigger": "Message", "monitoring": "", "operationname": "", "name": "", "documentation": "", "messagename": "", "auditing": "", "bgcolor": "#ffffff"}, "stencil": {"id": "EndMessageEvent"}, "outgoing": [], "glossaryLinks": {}, "formats": {}}], "properties": {"showcaption": "true", "bordercolor": "#000000", "monitoring": "", "parentlane": "", "name": "H", "documentation": "", "auditing": "", "bgcolor": "", "parentpool": ""}, "stencil": {"id": "Lane"}, "outgoing": [], "glossaryLinks": {}, "formats": {}}, {"dockers": [], "bounds": {"lowerRight": {"y": 452, "x": 1726}, "upperLeft": {"y": 250, "x": 30}}, "resourceId": "sid-0EBA8DA3-103D-4371-8229-F8BC7948AAAB", "layers": [], "labels": [], "childShapes": [{"dockers": [], "bounds": {"lowerRight": {"y": 160, "x": 738}, "upperLeft": {"y": 80, "x": 638}}, "resourceId": "sid-338C43D9-20F9-49FF-90DF-D3D9F83E14CB", "layers": [], "labels": [], "childShapes": [], "properties": {"resources": "", "outmsgstructure": "", "applyincalc": "true", "loopcardinality": "", "outmessagename": "", "inmessagename": "", "bgcolor": "#ffffcc", "bordercolor": "#000000", "time": "", "loopdataoutput": "", "testbefore": "false", "callacitivity": "false", "outmsgiscollection": "false", "monitoring": "", "operationname": "", "dataoutputset": "", "completionquantity": "1", "properties": "", "script": "", "assignments": "", "nonebehavioreventref": "signal", "scriptformat": "", "datainputset": "", "processid": "", "startquantity": "1", "tasktype": "None", "looptype": "None", "instantiate": "false", "behavior": "all", "inmsgimport": "", "costs": "", "inputdataitem": "", "loopdatainput": "", "name": "AC", "outmsgitemkind": "Information", "costcenter": "", "completioncondition": "", "isforcompensation": "false", "inmsgiscollection": "false", "inmsgitemkind": "Information", "inmsgstructure": "", "outputdataitem": "", "messageref": "", "loopcondition": "", "onebehavioreventref:": "signal", "implementation": "webService", "operationref": "", "outmsgimport": "", "documentation": "", "categories": "", "auditing": "", "complexbehaviordefinition": ""}, "stencil": {"id": "Task"}, "outgoing": [{"resourceId": "sid-86A80000-89E2-40B7-8F90-CBADD1E42D71"}], "glossaryLinks": {}, "formats": {}}, {"dockers": [{"y": 120, "x": 803.51549586776854994}], "bounds": {"lowerRight": {"y": 135, "x": 818.51549586776854994}, "upperLeft": {"y": 105, "x": 788.51549586776854994}}, "resourceId": "sid-C26EA995-A696-45B2-94AE-7BA12C2181CE", "layers": [], "labels": [], "childShapes": [], "properties": {"trigger": "Message", "monitoring": "", "operationname": "", "applyincalc": "true", "costs": "", "bgcolor": "#ffffff", "inputset": "", "bordercolor": "#000000", "time": "", "datainputassociations": "", "name": "", "documentation": "", "costcenter": "", "messagename": "", "datainput": "", "auditing": ""}, "stencil": {"id": "IntermediateMessageEventThrowing"}, "outgoing": [{"resourceId": "sid-001E3A7E-DE3F-42F7-BC1B-1A81DA912F30"}, {"resourceId": "sid-385DEAF0-1371-470B-A6D2-599113A4683F"}], "glossaryLinks": {}, "formats": {}}], "properties": {"showcaption": "true", "bordercolor": "#000000", "monitoring": "", "parentlane": "", "name": "I", "documentation": "", "auditing": "", "bgcolor": "", "parentpool": ""}, "stencil": {"id": "Lane"}, "outgoing": [], "glossaryLinks": {}, "formats": {}}], "properties": {"isclosed": "false", "enableinstancecompensation": "false", "boundaryvisible": "true", "monitoring": "", "processcategories": "", "minimum": "2", "status": "None", "isexecutable": "false", "processdocumentation": "", "processtype": "None", "bordercolor": "#000000", "processname": "", "multiinstance": "false", "maximum": "2", "name": "AD", "documentation": "", "suppressjoinfailure": "false", "adhoccompletioncondition": "", "auditing": "", "adhocordering": "Parallel", "adhoc": "false", "processid": ""}, "stencil": {"id": "Pool"}, "outgoing": [], "glossaryLinks": {}, "formats": {}}, {"dockers": [{"y": 15, "x": 15}, {"y": 40, "x": 50}], "bounds": {"lowerRight": {"y": 477.5, "x": 156.78125}, "upperLeft": {"y": 477.5, "x": 132.0625}}, "resourceId": "sid-EFAAD7AD-30B0-4A28-969C-1B5201A84764", "layers": [], "labels": [], "target": {"resourceId": "sid-BDB131B9-2273-4840-9E4E-DE8621AF3C5A"}, "childShapes": [], "properties": {"ConditionType": "None", "showdiamondmarker": "false", "bordercolor": "#000000", "monitoring": "", "name": "", "documentation": "", "probability": "", "conditionexpression": "", "isimmediate": "false", "auditing": ""}, "stencil": {"id": "SequenceFlow"}, "outgoing": [{"resourceId": "sid-BDB131B9-2273-4840-9E4E-DE8621AF3C5A"}], "glossaryLinks": {}, "formats": {}}, {"dockers": [{"y": 40, "x": 50}, {"y": 40, "x": 50}], "bounds": {"lowerRight": {"y": 477.5, "x": 279.03125}, "upperLeft": {"y": 477.5, "x": 257}}, "resourceId": "sid-ED0C9FA0-CACA-4375-8A4D-853CB3C412A4", "layers": [], "labels": [], "target": {"resourceId": "sid-7F1BF904-69F2-459E-BE0E-6C0A02D7648A"}, "childShapes": [], "properties": {"ConditionType": "None", "showdiamondmarker": "false", "bordercolor": "#000000", "monitoring": "", "name": "", "documentation": "", "probability": "", "conditionexpression": "", "isimmediate": "false", "auditing": ""}, "stencil": {"id": "SequenceFlow"}, "outgoing": [{"resourceId": "sid-7F1BF904-69F2-459E-BE0E-6C0A02D7648A"}], "glossaryLinks": {}, "formats": {}}, {"dockers": [{"y": 40, "x": 50}, {"y": 40, "x": 50}], "bounds": {"lowerRight": {"y": 477.5, "x": 1419.3125}, "upperLeft": {"y": 477.5, "x": 1400}}, "resourceId": "sid-2E45619C-7485-41C2-8CC5-7908F2384CC5", "layers": [], "labels": [], "target": {"resourceId": "sid-A1DFEFCC-8056-4B40-B3BD-B271225A3960"}, "childShapes": [], "properties": {"ConditionType": "None", "showdiamondmarker": "false", "bordercolor": "#000000", "monitoring": "", "name": "", "documentation": "", "probability": "", "conditionexpression": "", "isimmediate": "false", "auditing": ""}, "stencil": {"id": "SequenceFlow"}, "outgoing": [{"resourceId": "sid-A1DFEFCC-8056-4B40-B3BD-B271225A3960"}], "glossaryLinks": {}, "formats": {}}, {"dockers": [{"y": 40, "x": 50}, {"y": 40, "x": 50}], "bounds": {"lowerRight": {"y": 477.5, "x": 582.29296875}, "upperLeft": {"y": 477.5, "x": 559}}, "resourceId": "sid-1F7C0C31-A3C3-44D5-BD1F-BB432443AF68", "layers": [], "labels": [], "target": {"resourceId": "sid-46137B9B-9DB1-49E4-8118-251B6EA811E1"}, "childShapes": [], "properties": {"ConditionType": "None", "showdiamondmarker": "false", "bordercolor": "#000000", "monitoring": "", "name": "", "documentation": "", "probability": "", "conditionexpression": "", "isimmediate": "false", "auditing": ""}, "stencil": {"id": "SequenceFlow"}, "outgoing": [{"resourceId": "sid-46137B9B-9DB1-49E4-8118-251B6EA811E1"}], "glossaryLinks": {}, "formats": {}}, {"dockers": [{"y": 40, "x": 50}, {"y": 40, "x": 50}], "bounds": {"lowerRight": {"y": 477.5, "x": 708.5859375}, "upperLeft": {"y": 477.5, "x": 682.5}}, "resourceId": "sid-65E99106-8BE9-4A90-A9A4-8FD8339DB904", "layers": [], "labels": [], "target": {"resourceId": "sid-CD1C8DC9-BD53-40AE-90BA-1543C79965DD"}, "childShapes": [], "properties": {"ConditionType": "None", "showdiamondmarker": "false", "bordercolor": "#000000", "monitoring": "", "name": "", "documentation": "", "probability": "", "conditionexpression": "", "isimmediate": "false", "auditing": ""}, "stencil": {"id": "SequenceFlow"}, "outgoing": [{"resourceId": "sid-CD1C8DC9-BD53-40AE-90BA-1543C79965DD"}], "glossaryLinks": {}, "formats": {}}, {"dockers": [{"y": 40, "x": 50}, {"y": 593.75, "x": 759}, {"y": 593.75, "x": 760}, {"y": 40, "x": 50}], "bounds": {"lowerRight": {"y": 669.0390625, "x": 760}, "upperLeft": {"y": 517.5, "x": 759}}, "resourceId": "sid-82D63B98-BC26-414F-9B1C-E9A7F21F5472", "layers": [], "labels": [], "target": {"resourceId": "sid-338C43D9-20F9-49FF-90DF-D3D9F83E14CB"}, "childShapes": [], "properties": {"ConditionType": "None", "showdiamondmarker": "false", "bordercolor": "#000000", "monitoring": "", "name": "", "documentation": "", "probability": "", "conditionexpression": "", "isimmediate": "false", "auditing": ""}, "stencil": {"id": "SequenceFlow"}, "outgoing": [{"resourceId": "sid-338C43D9-20F9-49FF-90DF-D3D9F83E14CB"}], "glossaryLinks": {}, "formats": {}}, {"dockers": [{"y": 40, "x": 50}, {"y": 24.25, "x": 44}], "bounds": {"lowerRight": {"y": 529.16577709089290238, "x": 803.72054148195320522}, "upperLeft": {"y": 517.5, "x": 793.62295081967215538}}, "resourceId": "sid-64C5781B-B3D2-4231-97BD-4CA6AD4BE004", "layers": [], "labels": [], "target": {"resourceId": "sid-048F6D37-B64D-4C86-B909-2E42AEB03B30"}, "childShapes": [], "properties": {"bordercolor": "#000000", "text": "", "assignments": "", "transformation": ""}, "stencil": {"id": "Association_Unidirectional"}, "outgoing": [{"resourceId": "sid-048F6D37-B64D-4C86-B909-2E42AEB03B30"}], "glossaryLinks": {}, "formats": {}}, {"dockers": [{"y": 24.25, "x": 44}, {"y": 40, "x": 50}], "bounds": {"lowerRight": {"y": 529.47779519418168093, "x": 1085.2296416938111179}, "upperLeft": {"y": 517.5, "x": 1075.8658930078058802}}, "resourceId": "sid-E9CD96B2-B6E1-4BA6-A32A-743885075D7D", "layers": [], "labels": [], "target": {"resourceId": "sid-81F202C0-C8F5-4B10-9247-6A36E236357A"}, "childShapes": [], "properties": {"bordercolor": "#000000", "text": "", "assignments": "", "transformation": ""}, "stencil": {"id": "Association_Unidirectional"}, "outgoing": [{"resourceId": "sid-81F202C0-C8F5-4B10-9247-6A36E236357A"}], "glossaryLinks": {}, "formats": {}}, {"dockers": [{"y": 40, "x": 50}, {"y": 24.25, "x": 44}], "bounds": {"lowerRight": {"y": 528.75, "x": 632.5}, "upperLeft": {"y": 517.5, "x": 632.5}}, "resourceId": "sid-1048ACAC-8B22-448B-AB43-06789D43CBA1", "layers": [], "labels": [], "target": {"resourceId": "sid-FBA459DC-C272-49A1-9CB5-302D54CCF287"}, "childShapes": [], "properties": {"bordercolor": "#000000", "text": "", "assignments": "", "transformation": ""}, "stencil": {"id": "Association_Unidirectional"}, "outgoing": [{"resourceId": "sid-FBA459DC-C272-49A1-9CB5-302D54CCF287"}], "glossaryLinks": {}, "formats": {}}, {"dockers": [{"y": 40, "x": 50}, {"y": 24.25, "x": 44}], "bounds": {"lowerRight": {"y": 529.09375, "x": 509}, "upperLeft": {"y": 517.5, "x": 509}}, "resourceId": "sid-60D6BB13-9B4B-459C-8620-48C94BD4BE23", "layers": [], "labels": [], "target": {"resourceId": "sid-BE280065-A658-4AB4-9EA9-1C3096C1BD3D"}, "childShapes": [], "properties": {"bordercolor": "#000000", "text": "", "assignments": "", "transformation": ""}, "stencil": {"id": "Association_Unidirectional"}, "outgoing": [{"resourceId": "sid-BE280065-A658-4AB4-9EA9-1C3096C1BD3D"}], "glossaryLinks": {}, "formats": {}}, {"dockers": [{"y": 24.25, "x": 44}, {"y": 40, "x": 50}], "bounds": {"lowerRight": {"y": 528.578125, "x": 330}, "upperLeft": {"y": 517.5, "x": 330}}, "resourceId": "sid-84BE2FD7-9E66-47EE-A65D-0FDD79E426A5", "layers": [], "labels": [], "target": {"resourceId": "sid-7F1BF904-69F2-459E-BE0E-6C0A02D7648A"}, "childShapes": [], "properties": {"bordercolor": "#000000", "text": "", "assignments": "", "transformation": ""}, "stencil": {"id": "Association_Unidirectional"}, "outgoing": [{"resourceId": "sid-7F1BF904-69F2-459E-BE0E-6C0A02D7648A"}], "glossaryLinks": {}, "formats": {}}, {"dockers": [{"y": 40, "x": 50}, {"y": 24.25, "x": 44}], "bounds": {"lowerRight": {"y": 529.09409157381128352, "x": 208.34886513918459627}, "upperLeft": {"y": 517.5, "x": 208.04575163398692439}}, "resourceId": "sid-55E0DED3-13F2-4D3A-81B2-2540F8D524DE", "layers": [], "labels": [], "target": {"resourceId": "sid-21C215A2-5D75-4BFE-AEFD-1D27E4B3178F"}, "childShapes": [], "properties": {"bordercolor": "#000000", "text": "", "assignments": "", "transformation": ""}, "stencil": {"id": "Association_Unidirectional"}, "outgoing": [{"resourceId": "sid-21C215A2-5D75-4BFE-AEFD-1D27E4B3178F"}], "glossaryLinks": {}, "formats": {}}, {"dockers": [{"y": 40, "x": 50}, {"y": 24.25, "x": 44}], "bounds": {"lowerRight": {"y": 529.15592282931118007, "x": 1275.8571024403397587}, "upperLeft": {"y": 517.5, "x": 1266.073770491803316}}, "resourceId": "sid-9B722A86-306E-4DEA-A873-17C2F56383D6", "layers": [], "labels": [], "target": {"resourceId": "sid-371816A8-E8E8-4B10-806E-0AAF0BA88B52"}, "childShapes": [], "properties": {"bordercolor": "#000000", "text": "", "assignments": "", "transformation": ""}, "stencil": {"id": "Association_Unidirectional"}, "outgoing": [{"resourceId": "sid-371816A8-E8E8-4B10-806E-0AAF0BA88B52"}], "glossaryLinks": {}, "formats": {}}, {"dockers": [{"y": 40, "x": 50}, {"y": 24.25, "x": 44}], "bounds": {"lowerRight": {"y": 529.10327402970392541, "x": 1321.9344262295082899}, "upperLeft": {"y": 517.5, "x": 1313.7931126480109469}}, "resourceId": "sid-03B44276-514F-47BD-BFFA-C22821FAB897", "layers": [], "labels": [], "target": {"resourceId": "sid-371816A8-E8E8-4B10-806E-0AAF0BA88B52"}, "childShapes": [], "properties": {"bordercolor": "#000000", "text": "", "assignments": "", "transformation": ""}, "stencil": {"id": "Association_Unidirectional"}, "outgoing": [{"resourceId": "sid-371816A8-E8E8-4B10-806E-0AAF0BA88B52"}], "glossaryLinks": {}, "formats": {}}, {"dockers": [{"y": 54.056603773584868122, "x": 51}, {"y": 24.25, "x": 44}], "bounds": {"lowerRight": {"y": 437.4020852716919876, "x": 1470.5383506404600666}, "upperLeft": {"y": 398.5, "x": 1470.2067232297238206}}, "resourceId": "sid-C124BE7C-98A9-407C-92F2-333B29333C9E", "layers": [], "labels": [], "target": {"resourceId": "sid-F618BD89-8306-433D-AB2C-14573DF2C30F"}, "childShapes": [], "properties": {"bordercolor": "#000000", "text": "", "assignments": "", "transformation": ""}, "stencil": {"id": "Association_Unidirectional"}, "outgoing": [{"resourceId": "sid-F618BD89-8306-433D-AB2C-14573DF2C30F"}], "glossaryLinks": {}, "formats": {}}, {"dockers": [{"y": 40, "x": 50}, {"y": 922, "x": 1350}, {"y": 40, "x": 50}], "bounds": {"lowerRight": {"y": 922, "x": 1350}, "upperLeft": {"y": 517.5, "x": 1282.5}}, "resourceId": "sid-36D92760-B2CE-4FFF-B5AA-7F00F623D6AF", "layers": [], "labels": [], "target": {"resourceId": "sid-36E2E8C4-D6B1-4E2F-8AF5-59378B572D90"}, "childShapes": [], "properties": {"ConditionType": "None", "showdiamondmarker": "false", "bordercolor": "#000000", "monitoring": "", "name": "", "documentation": "", "probability": "", "conditionexpression": "", "isimmediate": "false", "auditing": ""}, "stencil": {"id": "SequenceFlow"}, "outgoing": [{"resourceId": "sid-36E2E8C4-D6B1-4E2F-8AF5-59378B572D90"}], "glossaryLinks": {}, "formats": {}}, {"dockers": [{"y": 40, "x": 50}, {"y": 40, "x": 50}], "bounds": {"lowerRight": {"y": 881.064453125, "x": 1232.5}, "upperLeft": {"y": 517.5, "x": 1232.5}}, "resourceId": "sid-BFF2507F-7D30-4A37-B80E-A72EC13887BA", "layers": [], "labels": [], "target": {"resourceId": "sid-BA17F203-922C-4A1E-B812-3C7AE55BD24C"}, "childShapes": [], "properties": {"ConditionType": "None", "showdiamondmarker": "false", "bordercolor": "#000000", "monitoring": "", "name": "", "documentation": "", "probability": "", "conditionexpression": "", "isimmediate": "false", "auditing": ""}, "stencil": {"id": "SequenceFlow"}, "outgoing": [{"resourceId": "sid-BA17F203-922C-4A1E-B812-3C7AE55BD24C"}], "glossaryLinks": {}, "formats": {}}, {"dockers": [], "bounds": {"lowerRight": {"y": 282.5, "x": 1768}, "upperLeft": {"y": 32.5, "x": 42}}, "resourceId": "sid-31992001-E0FA-4525-8B8B-FB4C52086A3C", "layers": [], "labels": [], "childShapes": [{"dockers": [], "bounds": {"lowerRight": {"y": 250, "x": 1726}, "upperLeft": {"y": 0, "x": 30}}, "resourceId": "sid-9F33DC6D-79F0-4D8D-8F88-E8CBEABA603E", "layers": [], "labels": [], "childShapes": [{"dockers": [], "bounds": {"lowerRight": {"y": 132.6652892561983208, "x": 59.694214876033058204}, "upperLeft": {"y": 102.6652892561983208, "x": 29.694214876033058204}}, "resourceId": "sid-1346A916-8F2A-4D62-B321-E992532131FF", "layers": [], "labels": [], "childShapes": [], "properties": {"trigger": "None", "monitoring": "", "outputset": "", "applyincalc": "true", "frequency": "", "bgcolor": "#ffffff", "bordercolor": "#000000", "dataoutputassociations": "", "name": "", "documentation": "", "dataoutput": "", "auditing": "", "processid": ""}, "stencil": {"id": "StartNoneEvent"}, "outgoing": [{"resourceId": "sid-C340E350-B854-432C-9BB0-462229CE6F25"}], "glossaryLinks": {}, "formats": {}}, {"dockers": [], "bounds": {"lowerRight": {"y": 157.6652892561983208, "x": 184.69421487603307241}, "upperLeft": {"y": 77.6652892561983208, "x": 84.694214876033072414}}, "resourceId": "sid-3CE30B0E-DAAC-4A0E-9CBB-C1AA54F7A17D", "layers": [], "labels": [], "childShapes": [], "properties": {"resources": "", "outmsgstructure": "", "applyincalc": "true", "loopcardinality": "", "outmessagename": "", "inmessagename": "", "bgcolor": "#ffffcc", "bordercolor": "#000000", "time": "", "loopdataoutput": "", "testbefore": "false", "callacitivity": "false", "outmsgiscollection": "false", "monitoring": "", "operationname": "", "dataoutputset": "", "completionquantity": "1", "properties": "", "script": "", "assignments": "", "nonebehavioreventref": "signal", "scriptformat": "", "datainputset": "", "processid": "", "startquantity": "1", "tasktype": "None", "looptype": "None", "instantiate": "false", "behavior": "all", "inmsgimport": "", "costs": "", "inputdataitem": "", "loopdatainput": "", "name": "A", "outmsgitemkind": "Information", "costcenter": "", "completioncondition": "", "isforcompensation": "false", "inmsgiscollection": "false", "inmsgitemkind": "Information", "inmsgstructure": "", "outputdataitem": "", "messageref": "", "loopcondition": "", "onebehavioreventref:": "signal", "implementation": "webService", "operationref": "", "outmsgimport": "", "documentation": "", "categories": "", "auditing": "", "complexbehaviordefinition": ""}, "stencil": {"id": "Task"}, "outgoing": [{"resourceId": "sid-E06D259C-85CF-42BE-9728-F94E83255559"}], "glossaryLinks": {}, "formats": {}}, {"dockers": [], "bounds": {"lowerRight": {"y": 157.6652892561983208, "x": 309.69421487603307241}, "upperLeft": {"y": 77.6652892561983208, "x": 209.69421487603307241}}, "resourceId": "sid-05E9BFDB-7BF9-4D4E-836D-97666CEB08BC", "layers": [], "labels": [], "childShapes": [], "properties": {"resources": "", "outmsgstructure": "", "applyincalc": "true", "loopcardinality": "", "outmessagename": "", "inmessagename": "", "bgcolor": "#ffffcc", "bordercolor": "#000000", "time": "", "loopdataoutput": "", "testbefore": "false", "callacitivity": "false", "outmsgiscollection": "false", "monitoring": "", "operationname": "", "dataoutputset": "", "completionquantity": "1", "properties": "", "script": "", "assignments": "", "nonebehavioreventref": "signal", "scriptformat": "", "datainputset": "", "processid": "", "startquantity": "1", "tasktype": "None", "looptype": "None", "instantiate": "false", "behavior": "all", "inmsgimport": "", "costs": "", "inputdataitem": "", "loopdatainput": "", "name": "B", "outmsgitemkind": "Information", "costcenter": "", "completioncondition": "", "isforcompensation": "false", "inmsgiscollection": "false", "inmsgitemkind": "Information", "inmsgstructure": "", "outputdataitem": "", "messageref": "", "loopcondition": "", "onebehavioreventref:": "signal", "implementation": "webService", "operationref": "", "outmsgimport": "", "documentation": "", "categories": "", "auditing": "", "complexbehaviordefinition": ""}, "stencil": {"id": "Task"}, "outgoing": [{"resourceId": "sid-8C364095-9D4D-438C-9307-629490380AF7"}], "glossaryLinks": {}, "formats": {}}, {"dockers": [{"y": 117.9979338842974812, "x": 349.0206611570247901}], "bounds": {"lowerRight": {"y": 132.9979338842974812, "x": 364.0206611570247901}, "upperLeft": {"y": 102.9979338842974812, "x": 334.0206611570247901}}, "resourceId": "sid-E41B8994-FCC6-4BE3-806B-E96AFC9704D1", "layers": [], "labels": [], "childShapes": [], "properties": {"trigger": "Message", "monitoring": "", "operationname": "", "applyincalc": "true", "costs": "", "bgcolor": "#ffffff", "inputset": "", "bordercolor": "#000000", "time": "", "datainputassociations": "", "name": "", "documentation": "", "costcenter": "", "messagename": "", "datainput": "", "auditing": ""}, "stencil": {"id": "IntermediateMessageEventThrowing"}, "outgoing": [{"resourceId": "sid-32F7E2EA-D2C4-4914-8751-0C689631D5BF"}, {"resourceId": "sid-FDB63AF7-F56C-4814-8AD1-85ED8A5A4D27"}], "glossaryLinks": {}, "formats": {}}, {"dockers": [], "bounds": {"lowerRight": {"y": 157.9979338842974812, "x": 489.0206611570247901}, "upperLeft": {"y": 77.9979338842974812, "x": 389.0206611570247901}}, "resourceId": "sid-53F9A817-ED4D-4C6D-9C22-B560066EBD5B", "layers": [], "labels": [], "childShapes": [], "properties": {"resources": "", "outmsgstructure": "", "applyincalc": "true", "loopcardinality": "", "outmessagename": "", "inmessagename": "", "bgcolor": "#ffffcc", "bordercolor": "#000000", "time": "", "loopdataoutput": "", "testbefore": "false", "callacitivity": "false", "outmsgiscollection": "false", "monitoring": "", "operationname": "", "dataoutputset": "", "completionquantity": "1", "properties": "", "script": "", "assignments": "", "nonebehavioreventref": "signal", "scriptformat": "", "datainputset": "", "processid": "", "startquantity": "1", "tasktype": "None", "looptype": "None", "instantiate": "false", "behavior": "all", "inmsgimport": "", "costs": "", "inputdataitem": "", "loopdatainput": "", "name": "C", "outmsgitemkind": "Information", "costcenter": "", "completioncondition": "", "isforcompensation": "false", "inmsgiscollection": "false", "inmsgitemkind": "Information", "inmsgstructure": "", "outputdataitem": "", "messageref": "", "loopcondition": "", "onebehavioreventref:": "signal", "implementation": "webService", "operationref": "", "outmsgimport": "", "documentation": "", "categories": "", "auditing": "", "complexbehaviordefinition": ""}, "stencil": {"id": "Task"}, "outgoing": [{"resourceId": "sid-9DBD9DFC-79C4-4948-9761-6ED4D9CDCF0C"}], "glossaryLinks": {}, "formats": {}}, {"dockers": [{"y": 118.4969008264462218, "x": 803.51549586776854994}], "bounds": {"lowerRight": {"y": 133.4969008264462218, "x": 818.51549586776854994}, "upperLeft": {"y": 103.4969008264462218, "x": 788.51549586776854994}}, "resourceId": "sid-65162F44-1388-433C-A8E0-E21F14401BE4", "layers": [], "labels": [], "childShapes": [], "properties": {"bordercolor": "#000000", "trigger": "Message", "monitoring": "", "operationname": "", "name": "", "documentation": "", "messagename": "", "auditing": "", "boundarycancelactivity2": "true", "bgcolor": "#ffffff"}, "stencil": {"id": "IntermediateMessageEventCatching"}, "outgoing": [{"resourceId": "sid-F091DD30-0F97-46D6-838C-EA238B266FC9"}], "glossaryLinks": {}, "formats": {}}, {"dockers": [], "bounds": {"lowerRight": {"y": 158.4969008264462218, "x": 928.25774793388427497}, "upperLeft": {"y": 78.496900826446221799, "x": 828.25774793388427497}}, "resourceId": "sid-9190C7E3-39B5-45F4-B2E9-2F1F7BBFCD5E", "layers": [], "labels": [], "childShapes": [], "properties": {"resources": "", "outmsgstructure": "", "applyincalc": "true", "loopcardinality": "", "outmessagename": "", "inmessagename": "", "bgcolor": "#ffffcc", "bordercolor": "#000000", "time": "", "loopdataoutput": "", "testbefore": "false", "callacitivity": "false", "outmsgiscollection": "false", "monitoring": "", "operationname": "", "dataoutputset": "", "completionquantity": "1", "properties": "", "script": "", "assignments": "", "nonebehavioreventref": "signal", "scriptformat": "", "datainputset": "", "processid": "", "startquantity": "1", "tasktype": "None", "looptype": "None", "instantiate": "false", "behavior": "all", "inmsgimport": "", "costs": "", "inputdataitem": "", "loopdatainput": "", "name": "D", "outmsgitemkind": "Information", "costcenter": "", "completioncondition": "", "isforcompensation": "false", "inmsgiscollection": "false", "inmsgitemkind": "Information", "inmsgstructure": "", "outputdataitem": "", "messageref": "", "loopcondition": "", "onebehavioreventref:": "signal", "implementation": "webService", "operationref": "", "outmsgimport": "", "documentation": "", "categories": "", "auditing": "", "complexbehaviordefinition": ""}, "stencil": {"id": "Task"}, "outgoing": [{"resourceId": "sid-978914A6-ABE3-4D2B-96DE-C59D7C7FF975"}], "glossaryLinks": {}, "formats": {}}, {"dockers": [{"y": 118.7453512396693327, "x": 958.38662190082641246}], "bounds": {"lowerRight": {"y": 133.7453512396693327, "x": 973.38662190082641246}, "upperLeft": {"y": 103.7453512396693327, "x": 943.38662190082641246}}, "resourceId": "sid-E5916287-EF39-49D4-B56C-19389F9A32DE", "layers": [], "labels": [], "childShapes": [], "properties": {"trigger": "Message", "monitoring": "", "operationname": "", "applyincalc": "true", "costs": "", "bgcolor": "#ffffff", "inputset": "", "bordercolor": "#000000", "time": "", "datainputassociations": "", "name": "", "documentation": "", "costcenter": "", "messagename": "", "datainput": "", "auditing": ""}, "stencil": {"id": "IntermediateMessageEventThrowing"}, "outgoing": [{"resourceId": "sid-48923620-6594-4ADB-ACFA-2EC2CC3A8FC2"}, {"resourceId": "sid-103880A2-F9CE-4802-A1AB-D7AE6F1AA3D0"}], "glossaryLinks": {}, "formats": {}}, {"dockers": [], "bounds": {"lowerRight": {"y": 158.7453512396693327, "x": 1278.3866219008264125}, "upperLeft": {"y": 78.745351239669332699, "x": 1178.3866219008264125}}, "resourceId": "sid-E87F90E3-91E9-4CB3-B007-FCE3FADF24A0", "layers": [], "labels": [], "childShapes": [], "properties": {"resources": "", "outmsgstructure": "", "applyincalc": "true", "loopcardinality": "", "outmessagename": "", "inmessagename": "", "bgcolor": "#ffffcc", "bordercolor": "#000000", "time": "", "loopdataoutput": "", "testbefore": "false", "callacitivity": "false", "outmsgiscollection": "false", "monitoring": "", "operationname": "", "dataoutputset": "", "completionquantity": "1", "properties": "", "script": "", "assignments": "", "nonebehavioreventref": "signal", "scriptformat": "", "datainputset": "", "processid": "", "startquantity": "1", "tasktype": "None", "looptype": "None", "instantiate": "false", "behavior": "all", "inmsgimport": "", "costs": "", "inputdataitem": "", "loopdatainput": "", "name": "E", "outmsgitemkind": "Information", "costcenter": "", "completioncondition": "", "isforcompensation": "false", "inmsgiscollection": "false", "inmsgitemkind": "Information", "inmsgstructure": "", "outputdataitem": "", "messageref": "", "loopcondition": "", "onebehavioreventref:": "signal", "implementation": "webService", "operationref": "", "outmsgimport": "", "documentation": "", "categories": "", "auditing": "", "complexbehaviordefinition": ""}, "stencil": {"id": "Task"}, "outgoing": [{"resourceId": "sid-5011C2B4-830D-4FE5-A6C5-68BB0F28B369"}], "glossaryLinks": {}, "formats": {}}, {"dockers": [{"y": 119.11802685950399905, "x": 1483.2899664256196957}], "bounds": {"lowerRight": {"y": 134.11802685950399905, "x": 1498.2899664256196957}, "upperLeft": {"y": 104.11802685950399905, "x": 1468.2899664256196957}}, "resourceId": "sid-85F78A65-7836-4F92-81FF-1D569CB8F5E9", "layers": [], "labels": [], "childShapes": [], "properties": {"bordercolor": "#000000", "trigger": "Message", "monitoring": "", "operationname": "", "name": "", "documentation": "", "messagename": "", "auditing": "", "boundarycancelactivity2": "true", "bgcolor": "#ffffff"}, "stencil": {"id": "IntermediateMessageEventCatching"}, "outgoing": [{"resourceId": "sid-0E9948AF-5A47-40E5-A536-821C72953571"}], "glossaryLinks": {}, "formats": {}}, {"dockers": [], "bounds": {"lowerRight": {"y": 159.11802685950399905, "x": 1623.2899664256196957}, "upperLeft": {"y": 79.118026859503999049, "x": 1523.2899664256196957}}, "resourceId": "sid-17196C11-C651-48C7-99AD-3C615977D1CC", "layers": [], "labels": [], "childShapes": [], "properties": {"resources": "", "outmsgstructure": "", "applyincalc": "true", "loopcardinality": "", "outmessagename": "", "inmessagename": "", "bgcolor": "#ffffcc", "bordercolor": "#000000", "time": "", "loopdataoutput": "", "testbefore": "false", "callacitivity": "false", "outmsgiscollection": "false", "monitoring": "", "operationname": "", "dataoutputset": "", "completionquantity": "1", "properties": "", "script": "", "assignments": "", "nonebehavioreventref": "signal", "scriptformat": "", "datainputset": "", "processid": "", "startquantity": "1", "tasktype": "None", "looptype": "None", "instantiate": "false", "behavior": "all", "inmsgimport": "", "costs": "", "inputdataitem": "", "loopdatainput": "", "name": "F", "outmsgitemkind": "Information", "costcenter": "", "completioncondition": "", "isforcompensation": "false", "inmsgiscollection": "false", "inmsgitemkind": "Information", "inmsgstructure": "", "outputdataitem": "", "messageref": "", "loopcondition": "", "onebehavioreventref:": "signal", "implementation": "webService", "operationref": "", "outmsgimport": "", "documentation": "", "categories": "", "auditing": "", "complexbehaviordefinition": ""}, "stencil": {"id": "Task"}, "outgoing": [{"resourceId": "sid-6E6C213F-02CE-413E-8756-C760A24062A2"}], "glossaryLinks": {}, "formats": {}}, {"dockers": [], "bounds": {"lowerRight": {"y": 133.11802685950399905, "x": 1676.2899664256196957}, "upperLeft": {"y": 105.11802685950399905, "x": 1648.2899664256196957}}, "resourceId": "sid-57F17974-84D5-4849-A410-E4AB8A71AD08", "layers": [], "labels": [], "childShapes": [], "properties": {"inputset": "", "trigger": "None", "bordercolor": "#000000", "monitoring": "", "datainputassociations": "", "name": "", "documentation": "", "auditing": "", "datainput": "", "bgcolor": "#ffffff"}, "stencil": {"id": "EndNoneEvent"}, "outgoing": [], "glossaryLinks": {}, "formats": {}}], "properties": {"showcaption": "true", "bordercolor": "#000000", "monitoring": "", "parentlane": "", "name": "", "documentation": "", "auditing": "", "bgcolor": "", "parentpool": ""}, "stencil": {"id": "Lane"}, "outgoing": [], "glossaryLinks": {}, "formats": {}}], "properties": {"isclosed": "false", "enableinstancecompensation": "false", "boundaryvisible": "true", "monitoring": "", "processcategories": "", "minimum": "2", "status": "None", "isexecutable": "false", "processdocumentation": "", "processtype": "None", "bordercolor": "#000000", "processname": "", "multiinstance": "false", "maximum": "2", "name": "AE", "documentation": "", "suppressjoinfailure": "false", "adhoccompletioncondition": "", "auditing": "", "adhocordering": "Parallel", "adhoc": "false", "processid": ""}, "stencil": {"id": "Pool"}, "outgoing": [], "glossaryLinks": {}, "formats": {}}, {"dockers": [{"y": 15, "x": 15}, {"y": 40, "x": 50}], "bounds": {"lowerRight": {"y": 150.1652892561983208, "x": 156.47546487603307241}, "upperLeft": {"y": 150.1652892561983208, "x": 131.75671487603307241}}, "resourceId": "sid-C340E350-B854-432C-9BB0-462229CE6F25", "layers": [], "labels": [], "target": {"resourceId": "sid-3CE30B0E-DAAC-4A0E-9CBB-C1AA54F7A17D"}, "childShapes": [], "properties": {"ConditionType": "None", "showdiamondmarker": "false", "bordercolor": "#000000", "monitoring": "", "name": "", "documentation": "", "probability": "", "conditionexpression": "", "isimmediate": "false", "auditing": ""}, "stencil": {"id": "SequenceFlow"}, "outgoing": [{"resourceId": "sid-3CE30B0E-DAAC-4A0E-9CBB-C1AA54F7A17D"}], "glossaryLinks": {}, "formats": {}}, {"dockers": [{"y": 40, "x": 50}, {"y": 40, "x": 50}], "bounds": {"lowerRight": {"y": 150.1652892561983208, "x": 280.88952737603307241}, "upperLeft": {"y": 150.1652892561983208, "x": 256.69421487603307241}}, "resourceId": "sid-E06D259C-85CF-42BE-9728-F94E83255559", "layers": [], "labels": [], "target": {"resourceId": "sid-05E9BFDB-7BF9-4D4E-836D-97666CEB08BC"}, "childShapes": [], "properties": {"ConditionType": "None", "showdiamondmarker": "false", "bordercolor": "#000000", "monitoring": "", "name": "", "documentation": "", "probability": "", "conditionexpression": "", "isimmediate": "false", "auditing": ""}, "stencil": {"id": "SequenceFlow"}, "outgoing": [{"resourceId": "sid-05E9BFDB-7BF9-4D4E-836D-97666CEB08BC"}], "glossaryLinks": {}, "formats": {}}, {"dockers": [{"y": 40, "x": 50}, {"y": 15.340188758980126238, "x": 15.355329949238585741}], "bounds": {"lowerRight": {"y": 150.72023367299865981, "x": 405.66260283571006084}, "upperLeft": {"y": 150.54041194854553964, "x": 381.69421487603307241}}, "resourceId": "sid-8C364095-9D4D-438C-9307-629490380AF7", "layers": [], "labels": [], "target": {"resourceId": "sid-E41B8994-FCC6-4BE3-806B-E96AFC9704D1"}, "childShapes": [], "properties": {"ConditionType": "None", "showdiamondmarker": "false", "bordercolor": "#000000", "monitoring": "", "name": "", "documentation": "", "probability": "", "conditionexpression": "", "isimmediate": "false", "auditing": ""}, "stencil": {"id": "SequenceFlow"}, "outgoing": [{"resourceId": "sid-E41B8994-FCC6-4BE3-806B-E96AFC9704D1"}], "glossaryLinks": {}, "formats": {}}, {"dockers": [{"y": 40, "x": 50}, {"y": 15.254237288135591655, "x": 15}], "bounds": {"lowerRight": {"y": 477.91991048555928501, "x": 405.79869819564112277}, "upperLeft": {"y": 477.77699056550778778, "x": 380}}, "resourceId": "sid-FF6276A4-DB47-4FFE-998E-DCCBAA63AFFA", "layers": [], "labels": [], "target": {"resourceId": "sid-BBB0E9F9-F42F-4508-8969-B60773C9BB7F"}, "childShapes": [], "properties": {"ConditionType": "None", "showdiamondmarker": "false", "bordercolor": "#000000", "monitoring": "", "name": "", "documentation": "", "probability": "", "conditionexpression": "", "isimmediate": "false", "auditing": ""}, "stencil": {"id": "SequenceFlow"}, "outgoing": [{"resourceId": "sid-BBB0E9F9-F42F-4508-8969-B60773C9BB7F"}], "glossaryLinks": {}, "formats": {}}, {"dockers": [{"y": 15, "x": 15}, {"y": 15, "x": 15}], "bounds": {"lowerRight": {"y": 462.68838778409087809, "x": 421.0206611570247901}, "upperLeft": {"y": 165.55954610020654627, "x": 421.0206611570247901}}, "resourceId": "sid-32F7E2EA-D2C4-4914-8751-0C689631D5BF", "layers": [], "labels": [], "target": {"resourceId": "sid-BBB0E9F9-F42F-4508-8969-B60773C9BB7F"}, "childShapes": [], "properties": {"bordercolor": "#000000", "monitoring": "", "name": "", "documentation": "", "auditing": ""}, "stencil": {"id": "MessageFlow"}, "outgoing": [{"resourceId": "sid-BBB0E9F9-F42F-4508-8969-B60773C9BB7F"}], "glossaryLinks": {}, "formats": {}}, {"dockers": [{"y": 15, "x": 15}, {"y": 40, "x": 50}], "bounds": {"lowerRight": {"y": 477.70614281021926217, "x": 458.51162593807976009}, "upperLeft": {"y": 477.64346656478073783, "x": 436.45476739869701532}}, "resourceId": "sid-70ADC523-43D2-42A0-8632-F559DCE06F3A", "layers": [], "labels": [], "target": {"resourceId": "sid-55A0A331-6D46-4E4E-A700-E3E78396DB5C"}, "childShapes": [], "properties": {"ConditionType": "None", "showdiamondmarker": "false", "bordercolor": "#000000", "monitoring": "", "name": "", "documentation": "", "probability": "", "conditionexpression": "", "isimmediate": "false", "auditing": ""}, "stencil": {"id": "SequenceFlow"}, "outgoing": [{"resourceId": "sid-55A0A331-6D46-4E4E-A700-E3E78396DB5C"}], "glossaryLinks": {}, "formats": {}}, {"dockers": [{"y": 15, "x": 15}, {"y": 40, "x": 50}], "bounds": {"lowerRight": {"y": 150.4979338842974812, "x": 460.8019111570247901}, "upperLeft": {"y": 150.4979338842974812, "x": 436.0831611570247901}}, "resourceId": "sid-FDB63AF7-F56C-4814-8AD1-85ED8A5A4D27", "layers": [], "labels": [], "target": {"resourceId": "sid-53F9A817-ED4D-4C6D-9C22-B560066EBD5B"}, "childShapes": [], "properties": {"ConditionType": "None", "showdiamondmarker": "false", "bordercolor": "#000000", "monitoring": "", "name": "", "documentation": "", "probability": "", "conditionexpression": "", "isimmediate": "false", "auditing": ""}, "stencil": {"id": "SequenceFlow"}, "outgoing": [{"resourceId": "sid-53F9A817-ED4D-4C6D-9C22-B560066EBD5B"}], "glossaryLinks": {}, "formats": {}}, {"dockers": [{"y": 40, "x": 50}, {"y": 15, "x": 15}], "bounds": {"lowerRight": {"y": 710, "x": 860.0760588842974812}, "upperLeft": {"y": 710, "x": 810}}, "resourceId": "sid-86A80000-89E2-40B7-8F90-CBADD1E42D71", "layers": [], "labels": [], "target": {"resourceId": "sid-C26EA995-A696-45B2-94AE-7BA12C2181CE"}, "childShapes": [], "properties": {"ConditionType": "None", "showdiamondmarker": "false", "bordercolor": "#000000", "monitoring": "", "name": "", "documentation": "", "probability": "", "conditionexpression": "", "isimmediate": "false", "auditing": ""}, "stencil": {"id": "SequenceFlow"}, "outgoing": [{"resourceId": "sid-C26EA995-A696-45B2-94AE-7BA12C2181CE"}], "glossaryLinks": {}, "formats": {}}, {"dockers": [{"y": 15, "x": 15}, {"y": 710, "x": 950.25774793388427497}, {"y": 40, "x": 50}], "bounds": {"lowerRight": {"y": 710, "x": 950.25774793388427497}, "upperLeft": {"y": 517.5, "x": 890.52966813016519154}}, "resourceId": "sid-001E3A7E-DE3F-42F7-BC1B-1A81DA912F30", "layers": [], "labels": [], "target": {"resourceId": "sid-BB5CD6B0-02BD-4DC2-AF7E-F4FDF05A724A"}, "childShapes": [], "properties": {"ConditionType": "None", "showdiamondmarker": "false", "bordercolor": "#000000", "monitoring": "", "name": "", "documentation": "", "probability": "", "conditionexpression": "", "isimmediate": "false", "auditing": ""}, "stencil": {"id": "SequenceFlow"}, "outgoing": [{"resourceId": "sid-BB5CD6B0-02BD-4DC2-AF7E-F4FDF05A724A"}], "glossaryLinks": {}, "formats": {}}, {"dockers": [{"y": 40, "x": 50}, {"y": 150.4979338842974812, "x": 593.52582644628091657}, {"y": 151.51303675292621165, "x": 593.52582644628091657}, {"y": 15.516135926479995177, "x": 15.010337698139185392}], "bounds": {"lowerRight": {"y": 151.51303675292621165, "x": 860.20552070436428949}, "upperLeft": {"y": 150.4979338842974812, "x": 561.02066115702473326}}, "resourceId": "sid-9DBD9DFC-79C4-4948-9761-6ED4D9CDCF0C", "layers": [], "labels": [], "target": {"resourceId": "sid-65162F44-1388-433C-A8E0-E21F14401BE4"}, "childShapes": [], "properties": {"ConditionType": "None", "showdiamondmarker": "false", "bordercolor": "#000000", "monitoring": "", "name": "", "documentation": "", "probability": "", "conditionexpression": "", "isimmediate": "false", "auditing": ""}, "stencil": {"id": "SequenceFlow"}, "outgoing": [{"resourceId": "sid-65162F44-1388-433C-A8E0-E21F14401BE4"}], "glossaryLinks": {}, "formats": {}}, {"dockers": [{"y": 15, "x": 15}, {"y": 15, "x": 15}], "bounds": {"lowerRight": {"y": 694.80656193504637486, "x": 875.51549586776854994}, "upperLeft": {"y": 166.19033889139976168, "x": 875.51549586776854994}}, "resourceId": "sid-385DEAF0-1371-470B-A6D2-599113A4683F", "layers": [], "labels": [], "target": {"resourceId": "sid-65162F44-1388-433C-A8E0-E21F14401BE4"}, "childShapes": [], "properties": {"bordercolor": "#000000", "monitoring": "", "name": "", "documentation": "", "auditing": ""}, "stencil": {"id": "MessageFlow"}, "outgoing": [{"resourceId": "sid-65162F44-1388-433C-A8E0-E21F14401BE4"}], "glossaryLinks": {}, "formats": {}}, {"dockers": [{"y": 24.25, "x": 44}, {"y": 40, "x": 50}], "bounds": {"lowerRight": {"y": 669.40385313198851236, "x": 814.91200000000003456}, "upperLeft": {"y": 578, "x": 776.88799709709280705}}, "resourceId": "sid-67386E63-B40A-4E49-AC84-0CFBE4D2EAE5", "layers": [], "labels": [], "target": {"resourceId": "sid-338C43D9-20F9-49FF-90DF-D3D9F83E14CB"}, "childShapes": [], "properties": {"bordercolor": "#000000", "text": "", "assignments": "", "transformation": ""}, "stencil": {"id": "Association_Unidirectional"}, "outgoing": [{"resourceId": "sid-338C43D9-20F9-49FF-90DF-D3D9F83E14CB"}], "glossaryLinks": {}, "formats": {}}, {"dockers": [{"y": 15, "x": 15}, {"y": 40, "x": 50}], "bounds": {"lowerRight": {"y": 150.9969008264462218, "x": 900.208145015495802}, "upperLeft": {"y": 150.9969008264462218, "x": 890.52966813016519154}}, "resourceId": "sid-F091DD30-0F97-46D6-838C-EA238B266FC9", "layers": [], "labels": [], "target": {"resourceId": "sid-9190C7E3-39B5-45F4-B2E9-2F1F7BBFCD5E"}, "childShapes": [], "properties": {"ConditionType": "None", "showdiamondmarker": "false", "bordercolor": "#000000", "monitoring": "", "name": "", "documentation": "", "probability": "", "conditionexpression": "", "isimmediate": "false", "auditing": ""}, "stencil": {"id": "SequenceFlow"}, "outgoing": [{"resourceId": "sid-9190C7E3-39B5-45F4-B2E9-2F1F7BBFCD5E"}], "glossaryLinks": {}, "formats": {}}, {"dockers": [{"y": 40, "x": 50}, {"y": 15.252634896179808166, "x": 15.262254300830361942}], "bounds": {"lowerRight": {"y": 151.39779966927895316, "x": 1014.5755590766021896}, "upperLeft": {"y": 151.30855543324182122, "x": 1000.257747933884275}}, "resourceId": "sid-978914A6-ABE3-4D2B-96DE-C59D7C7FF975", "layers": [], "labels": [], "target": {"resourceId": "sid-E5916287-EF39-49D4-B56C-19389F9A32DE"}, "childShapes": [], "properties": {"ConditionType": "None", "showdiamondmarker": "false", "bordercolor": "#000000", "monitoring": "", "name": "", "documentation": "", "probability": "", "conditionexpression": "", "isimmediate": "false", "auditing": ""}, "stencil": {"id": "SequenceFlow"}, "outgoing": [{"resourceId": "sid-E5916287-EF39-49D4-B56C-19389F9A32DE"}], "glossaryLinks": {}, "formats": {}}, {"dockers": [{"y": 40, "x": 50}, {"y": 40, "x": 50}], "bounds": {"lowerRight": {"y": 477.5, "x": 1181.65625}, "upperLeft": {"y": 477.5, "x": 1166.5}}, "resourceId": "sid-7ECEF75D-7553-4CF8-B6CF-370ACE2AA429", "layers": [], "labels": [], "target": {"resourceId": "sid-416B81C4-E476-4C82-954A-6AFC925D8B6E"}, "childShapes": [], "properties": {"ConditionType": "None", "showdiamondmarker": "false", "bordercolor": "#000000", "monitoring": "", "name": "", "documentation": "", "probability": "", "conditionexpression": "", "isimmediate": "false", "auditing": ""}, "stencil": {"id": "SequenceFlow"}, "outgoing": [{"resourceId": "sid-416B81C4-E476-4C82-954A-6AFC925D8B6E"}], "glossaryLinks": {}, "formats": {}}, {"dockers": [{"y": 40, "x": 50}, {"y": 15.254237288135591655, "x": 15}], "bounds": {"lowerRight": {"y": 477.90733944618807527, "x": 1014.9884846591507994}, "upperLeft": {"y": 477.8146414414507035, "x": 1000.257747933884275}}, "resourceId": "sid-25FA6A30-0BBC-4C1D-874D-8B3FA4360C40", "layers": [], "labels": [], "target": {"resourceId": "sid-5246890F-B022-48CC-A560-B0A6A0E29DAA"}, "childShapes": [], "properties": {"ConditionType": "None", "showdiamondmarker": "false", "bordercolor": "#000000", "monitoring": "", "name": "", "documentation": "", "probability": "", "conditionexpression": "", "isimmediate": "false", "auditing": ""}, "stencil": {"id": "SequenceFlow"}, "outgoing": [{"resourceId": "sid-5246890F-B022-48CC-A560-B0A6A0E29DAA"}], "glossaryLinks": {}, "formats": {}}, {"dockers": [{"y": 15, "x": 15}, {"y": 15, "x": 15}], "bounds": {"lowerRight": {"y": 462.72050337357956096, "x": 1030.3866219008264125}, "upperLeft": {"y": 166.27484786608980016, "x": 1030.3866219008264125}}, "resourceId": "sid-48923620-6594-4ADB-ACFA-2EC2CC3A8FC2", "layers": [], "labels": [], "target": {"resourceId": "sid-5246890F-B022-48CC-A560-B0A6A0E29DAA"}, "childShapes": [], "properties": {"bordercolor": "#000000", "monitoring": "", "name": "", "documentation": "", "auditing": ""}, "stencil": {"id": "MessageFlow"}, "outgoing": [{"resourceId": "sid-5246890F-B022-48CC-A560-B0A6A0E29DAA"}], "glossaryLinks": {}, "formats": {}}, {"dockers": [{"y": 15, "x": 15}, {"y": 40, "x": 50}], "bounds": {"lowerRight": {"y": 477.70412811285694943, "x": 1065.7157075005266051}, "upperLeft": {"y": 477.64743438714305057, "x": 1046.1873545475104947}}, "resourceId": "sid-CF043AB3-0729-42B3-B167-3FCBE7E1A3D5", "layers": [], "labels": [], "target": {"resourceId": "sid-81F202C0-C8F5-4B10-9247-6A36E236357A"}, "childShapes": [], "properties": {"ConditionType": "None", "showdiamondmarker": "false", "bordercolor": "#000000", "monitoring": "", "name": "", "documentation": "", "probability": "", "conditionexpression": "", "isimmediate": "false", "auditing": ""}, "stencil": {"id": "SequenceFlow"}, "outgoing": [{"resourceId": "sid-81F202C0-C8F5-4B10-9247-6A36E236357A"}], "glossaryLinks": {}, "formats": {}}, {"dockers": [{"y": 40, "x": 50}, {"y": 15.254237288135591655, "x": 15}], "bounds": {"lowerRight": {"y": 477.91165957230191452, "x": 1539.6307709218385753}, "upperLeft": {"y": 477.79560176259144555, "x": 1520}}, "resourceId": "sid-82002862-9B9A-4AF9-A6EB-4312F204075D", "layers": [], "labels": [], "target": {"resourceId": "sid-11D40F68-9F77-4784-9396-3B6A86CD97E6"}, "childShapes": [], "properties": {"ConditionType": "None", "showdiamondmarker": "false", "bordercolor": "#000000", "monitoring": "", "name": "", "documentation": "", "probability": "", "conditionexpression": "", "isimmediate": "false", "auditing": ""}, "stencil": {"id": "SequenceFlow"}, "outgoing": [{"resourceId": "sid-11D40F68-9F77-4784-9396-3B6A86CD97E6"}], "glossaryLinks": {}, "formats": {}}, {"dockers": [{"y": 15, "x": 15}, {"y": 40, "x": 50}], "bounds": {"lowerRight": {"y": 477.75, "x": 1599.4252168009102206}, "upperLeft": {"y": 477.75, "x": 1571.088409171616604}}, "resourceId": "sid-92430E25-4745-44B5-8B1C-D5CB178ACE49", "layers": [], "labels": [], "target": {"resourceId": "sid-79B664C6-E651-47B6-B998-66128EDC3C74"}, "childShapes": [], "properties": {"ConditionType": "None", "showdiamondmarker": "false", "bordercolor": "#000000", "monitoring": "", "name": "", "documentation": "", "probability": "", "conditionexpression": "", "isimmediate": "false", "auditing": ""}, "stencil": {"id": "SequenceFlow"}, "outgoing": [{"resourceId": "sid-79B664C6-E651-47B6-B998-66128EDC3C74"}], "glossaryLinks": {}, "formats": {}}, {"dockers": [{"y": 40, "x": 50}, {"y": 14.385321100917431991, "x": 14}], "bounds": {"lowerRight": {"y": 478.38297830690282808, "x": 1724.093786488861042}, "upperLeft": {"y": 478.17714668590866722, "x": 1700}}, "resourceId": "sid-8FB15744-EB37-4022-8106-B48C201F511B", "layers": [], "labels": [], "target": {"resourceId": "sid-C2C77E53-C7F2-4769-9255-4FABDE80CCA6"}, "childShapes": [], "properties": {"ConditionType": "None", "showdiamondmarker": "false", "bordercolor": "#000000", "monitoring": "", "name": "", "documentation": "", "probability": "", "conditionexpression": "", "isimmediate": "false", "auditing": ""}, "stencil": {"id": "SequenceFlow"}, "outgoing": [{"resourceId": "sid-C2C77E53-C7F2-4769-9255-4FABDE80CCA6"}], "glossaryLinks": {}, "formats": {}}, {"dockers": [{"y": 15, "x": 15}, {"y": 40, "x": 50}], "bounds": {"lowerRight": {"y": 151.2453512396693327, "x": 1249.8163094008264125}, "upperLeft": {"y": 151.2453512396693327, "x": 1046.1522469008264125}}, "resourceId": "sid-103880A2-F9CE-4802-A1AB-D7AE6F1AA3D0", "layers": [], "labels": [], "target": {"resourceId": "sid-E87F90E3-91E9-4CB3-B007-FCE3FADF24A0"}, "childShapes": [], "properties": {"ConditionType": "None", "showdiamondmarker": "false", "bordercolor": "#000000", "monitoring": "", "name": "", "documentation": "", "probability": "", "conditionexpression": "", "isimmediate": "false", "auditing": ""}, "stencil": {"id": "SequenceFlow"}, "outgoing": [{"resourceId": "sid-E87F90E3-91E9-4CB3-B007-FCE3FADF24A0"}], "glossaryLinks": {}, "formats": {}}, {"dockers": [{"y": 40, "x": 50}, {"y": 15.382170665819117517, "x": 15.19583475052979793}], "bounds": {"lowerRight": {"y": 151.95300923309551422, "x": 1539.5385880183880545}, "upperLeft": {"y": 151.39330277126541091, "x": 1350.3866219008264125}}, "resourceId": "sid-5011C2B4-830D-4FE5-A6C5-68BB0F28B369", "layers": [], "labels": [], "target": {"resourceId": "sid-85F78A65-7836-4F92-81FF-1D569CB8F5E9"}, "childShapes": [], "properties": {"ConditionType": "None", "showdiamondmarker": "false", "bordercolor": "#000000", "monitoring": "", "name": "", "documentation": "", "probability": "", "conditionexpression": "", "isimmediate": "false", "auditing": ""}, "stencil": {"id": "SequenceFlow"}, "outgoing": [{"resourceId": "sid-85F78A65-7836-4F92-81FF-1D569CB8F5E9"}], "glossaryLinks": {}, "formats": {}}, {"dockers": [{"y": 15, "x": 15}, {"y": 40, "x": 50}], "bounds": {"lowerRight": {"y": 151.61802685950399905, "x": 1595.0712164256196957}, "upperLeft": {"y": 151.61802685950399905, "x": 1570.3524664256196957}}, "resourceId": "sid-0E9948AF-5A47-40E5-A536-821C72953571", "layers": [], "labels": [], "target": {"resourceId": "sid-17196C11-C651-48C7-99AD-3C615977D1CC"}, "childShapes": [], "properties": {"ConditionType": "None", "showdiamondmarker": "false", "bordercolor": "#000000", "monitoring": "", "name": "", "documentation": "", "probability": "", "conditionexpression": "", "isimmediate": "false", "auditing": ""}, "stencil": {"id": "SequenceFlow"}, "outgoing": [{"resourceId": "sid-17196C11-C651-48C7-99AD-3C615977D1CC"}], "glossaryLinks": {}, "formats": {}}, {"dockers": [{"y": 40, "x": 50}, {"y": 14, "x": 14}], "bounds": {"lowerRight": {"y": 151.61802685950399905, "x": 1719.3837164256196957}, "upperLeft": {"y": 151.61802685950399905, "x": 1695.2899664256196957}}, "resourceId": "sid-6E6C213F-02CE-413E-8756-C760A24062A2", "layers": [], "labels": [], "target": {"resourceId": "sid-57F17974-84D5-4849-A410-E4AB8A71AD08"}, "childShapes": [], "properties": {"ConditionType": "None", "showdiamondmarker": "false", "bordercolor": "#000000", "monitoring": "", "name": "", "documentation": "", "probability": "", "conditionexpression": "", "isimmediate": "false", "auditing": ""}, "stencil": {"id": "SequenceFlow"}, "outgoing": [{"resourceId": "sid-57F17974-84D5-4849-A410-E4AB8A71AD08"}], "glossaryLinks": {}, "formats": {}}, {"dockers": [{"y": 15, "x": 15}, {"y": 15, "x": 15}], "bounds": {"lowerRight": {"y": 462.73651677911925617, "x": 1555.2899664256196957}, "upperLeft": {"y": 166.63151008038465761, "x": 1555.2899664256196957}}, "resourceId": "sid-C6182312-B1FE-465D-A16F-DDE045B61ECA", "layers": [], "labels": [], "target": {"resourceId": "sid-85F78A65-7836-4F92-81FF-1D569CB8F5E9"}, "childShapes": [], "properties": {"bordercolor": "#000000", "monitoring": "", "name": "", "documentation": "", "auditing": ""}, "stencil": {"id": "MessageFlow"}, "outgoing": [{"resourceId": "sid-85F78A65-7836-4F92-81FF-1D569CB8F5E9"}], "glossaryLinks": {}, "formats": {}}, {"dockers": [{"y": 24.25, "x": 44}, {"y": 296.10500669873459856, "x": 0}], "bounds": {"lowerRight": {"y": 398.5, "x": 1555.2899664256196957}, "upperLeft": {"y": 314.68401342975198531, "x": 1493.3739756191798733}}, "resourceId": "sid-EA04D605-4191-4839-9642-952C769798CD", "layers": [], "labels": [], "target": {"resourceId": "sid-C6182312-B1FE-465D-A16F-DDE045B61ECA"}, "childShapes": [], "properties": {"bordercolor": "#000000", "type": "none", "assignments": "", "transformation": ""}, "stencil": {"id": "Association_Undirected"}, "outgoing": [{"resourceId": "sid-C6182312-B1FE-465D-A16F-DDE045B61ECA"}], "glossaryLinks": {}, "formats": {}}, {"dockers": [{"y": 0, "x": 44}, {"y": 430.49845041322305406, "x": 0}], "bounds": {"lowerRight": {"y": 529.5, "x": 875.51549586776854994}, "upperLeft": {"y": 430.49845041322305406, "x": 825}}, "resourceId": "sid-ED52D280-77FF-4CB6-873D-D9CDACE35352", "layers": [], "labels": [], "target": {"resourceId": "sid-385DEAF0-1371-470B-A6D2-599113A4683F"}, "childShapes": [], "properties": {"bordercolor": "#000000", "type": "none", "assignments": "", "transformation": ""}, "stencil": {"id": "Association_Undirected"}, "outgoing": [{"resourceId": "sid-385DEAF0-1371-470B-A6D2-599113A4683F"}], "glossaryLinks": {}, "formats": {}}], "properties": {"orientation": "horizontal", "monitoring": "", "modificationdate": "", "creationdate": "", "namespaces": "", "version": "", "targetnamespace": "http://www.signavio.com/bpmn20", "author": "", "name": "", "documentation": "", "language": "English", "typelanguage": "http://www.w3.org/2001/XMLSchema", "expressionlanguage": "http://www.w3.org/1999/XPath", "auditing": ""}, "offset": {"y": 0, "x": 0}, "ssextensions": [], "stencilset": {"url": "/stencilsets/bpmn2.0/bpmn2.0.json?version=4.6.0", "namespace": "http://b3mn.org/stencilset/bpmn2.0#"}, "stencil": {"id": "BPMNDiagram"}, "formats": {}}