{"revision": {"creationDate": null, "isLastRevision": true, "revisionNumber": 3, "elementCounts": {"total": 94, "Lane": 2, "IntermediateMessageEventCatching": 1, "Pool": 2, "StartNoneEvent": 5, "Association_Unidirectional": 2, "MessageFlow": 2, "Association_Bidirectional": 5, "Subprocess": 4, "Task": 16, "SequenceFlow": 37, "DataObject": 5, "EndNoneEvent": 5, "Exclusive_Databased_Gateway": 7, "BPMNDiagram": 1}, "connectedness": 100}, "model": {"modelId": "102263233", "modelDate": "2011-10-16", "groupName": "BPMN2.0_Process", "naturalLanguage": "en", "modelName": "Recruitment Preparation-Ver2", "TimestampModelCollection": "2012-08-30 14:08:38", "modelingLanguage": "bpmn20", "directoryId": "1629081267", "numberOfRevisions": 3}}