{"revision": {"creationDate": null, "isLastRevision": true, "revisionNumber": 2, "elementCounts": {"total": 13, "Lane": 1, "Pool": 1, "Task": 2, "StartNoneEvent": 1, "SequenceFlow": 5, "EndNoneEvent": 1, "Exclusive_Databased_Gateway": 1, "BPMNDiagram": 1}, "connectedness": 100}, "model": {"modelId": "1023959566", "modelDate": "2012-08-30", "groupName": "BPMN2.0_Process", "naturalLanguage": "en", "modelName": "1023959566", "TimestampModelCollection": "2012-08-30 14:08:38", "modelingLanguage": "bpmn20", "directoryId": "648540381", "numberOfRevisions": 2}}