{"revision": {"creationDate": null, "isLastRevision": true, "revisionNumber": 13, "elementCounts": {"total": 358, "Lane": 7, "IntermediateMessageEventCatching": 21, "StartNoneEvent": 2, "Pool": 4, "MessageFlow": 84, "StartMessageEvent": 11, "Association_Undirected": 1, "TextAnnotation": 1, "SequenceFlow": 126, "Task": 71, "EndNoneEvent": 16, "Exclusive_Databased_Gateway": 5, "BPMNDiagram": 1, "ParallelGateway": 8}, "connectedness": 98}, "model": {"modelId": "1023662783", "modelDate": "2012-08-30", "groupName": "BPMN2.0_Process", "naturalLanguage": "en", "modelName": "1023662783", "TimestampModelCollection": "2012-08-30 14:08:38", "modelingLanguage": "bpmn20", "directoryId": "1630608466", "numberOfRevisions": 13}}