{"revision": {"creationDate": null, "isLastRevision": true, "revisionNumber": 4, "elementCounts": {"total": 38, "DataObject": 1, "StartNoneEvent": 2, "SequenceFlow": 17, "Task": 15, "EndNoneEvent": 1, "BPMNDiagram": 1, "Association_Unidirectional": 1}, "connectedness": 47}, "model": {"modelId": "1024569312", "modelDate": "2011-06-07", "groupName": "BPMN2.0_Process", "naturalLanguage": "en", "modelName": "Sales Order Management Process", "TimestampModelCollection": "2012-08-30 14:08:38", "modelingLanguage": "bpmn20", "directoryId": "1290765730", "numberOfRevisions": 4}}