{"bounds": {"lowerRight": {"y": 1050, "x": 1485}, "upperLeft": {"y": 0, "x": 0}}, "resourceId": "sid-3a4bebfb-465e-4cd2-9123-56cfd9bc0c99", "childShapes": [{"dockers": [], "bounds": {"lowerRight": {"y": 806, "x": 974}, "upperLeft": {"y": 0, "x": 0}}, "resourceId": "sid-25BF6855-0828-4DB7-8F77-772644A2C4C3", "layers": [], "labels": [], "childShapes": [{"dockers": [], "bounds": {"lowerRight": {"y": 806, "x": 974}, "upperLeft": {"y": 0, "x": 30}}, "resourceId": "sid-9C75EEDD-48E9-498E-AFDF-C2821D8E3E4D", "layers": [], "labels": [], "childShapes": [{"dockers": [], "bounds": {"lowerRight": {"y": 95, "x": 205}, "upperLeft": {"y": 15, "x": 105}}, "resourceId": "sid-2EE0567A-A300-40AE-8FE1-43E35C045C41", "layers": [], "labels": [], "childShapes": [], "properties": {"resources": "", "outmsgstructure": "", "applyincalc": "true", "loopcardinality": "", "outmessagename": "", "inmessagename": "", "bgcolor": "#ffffcc", "bordercolor": "#000000", "time": "", "loopdataoutput": "", "testbefore": "false", "callacitivity": "false", "outmsgiscollection": "false", "monitoring": "", "operationname": "", "dataoutputset": "", "completionquantity": "1", "properties": "", "script": "", "assignments": "", "nonebehavioreventref": "signal", "scriptformat": "", "datainputset": "", "processid": "", "startquantity": "1", "tasktype": "None", "looptype": "None", "instantiate": "false", "behavior": "all", "inmsgimport": "", "costs": "", "inputdataitem": "", "loopdatainput": "", "name": "A", "outmsgitemkind": "Information", "costcenter": "", "completioncondition": "", "isforcompensation": "false", "inmsgiscollection": "false", "inmsgitemkind": "Information", "inmsgstructure": "", "outputdataitem": "", "messageref": "", "loopcondition": "", "onebehavioreventref:": "signal", "implementation": "webService", "operationref": "", "outmsgimport": "", "documentation": "", "categories": "", "auditing": "", "complexbehaviordefinition": ""}, "stencil": {"id": "Task"}, "outgoing": [{"resourceId": "sid-2413DDFA-B43E-4D93-8B16-D8DA726B4046"}], "glossaryLinks": {}, "formats": {}}, {"dockers": [], "bounds": {"lowerRight": {"y": 95, "x": 340}, "upperLeft": {"y": 15, "x": 240}}, "resourceId": "sid-7DC566C6-DCAE-4E3E-BDBD-F34276369158", "layers": [], "labels": [], "childShapes": [], "properties": {"resources": "", "outmsgstructure": "", "applyincalc": "true", "loopcardinality": "", "outmessagename": "", "inmessagename": "", "bgcolor": "#ffffcc", "bordercolor": "#000000", "time": "", "loopdataoutput": "", "testbefore": "false", "callacitivity": "false", "outmsgiscollection": "false", "monitoring": "", "operationname": "", "dataoutputset": "", "completionquantity": "1", "properties": "", "script": "", "assignments": "", "nonebehavioreventref": "signal", "scriptformat": "", "datainputset": "", "processid": "", "startquantity": "1", "tasktype": "None", "looptype": "None", "instantiate": "false", "behavior": "all", "inmsgimport": "", "costs": "", "inputdataitem": "", "loopdatainput": "", "name": "B", "outmsgitemkind": "Information", "costcenter": "", "completioncondition": "", "isforcompensation": "false", "inmsgiscollection": "false", "inmsgitemkind": "Information", "inmsgstructure": "", "outputdataitem": "", "messageref": "", "loopcondition": "", "onebehavioreventref:": "signal", "implementation": "webService", "operationref": "", "outmsgimport": "", "documentation": "", "categories": "", "auditing": "", "complexbehaviordefinition": ""}, "stencil": {"id": "Task"}, "outgoing": [{"resourceId": "sid-4E74CB81-BA45-4200-AF84-1AF9E43AF921"}, {"resourceId": "sid-C141568F-85F5-4AB2-8751-E54D61059053"}], "glossaryLinks": {}, "formats": {}}, {"dockers": [], "bounds": {"lowerRight": {"y": 71, "x": 61}, "upperLeft": {"y": 41, "x": 31}}, "resourceId": "sid-3BC6C73E-04C0-4F77-B627-554D5D43E5E3", "layers": [], "labels": [], "childShapes": [], "properties": {"trigger": "None", "monitoring": "", "outputset": "", "applyincalc": "true", "frequency": "", "bgcolor": "#ffffff", "bordercolor": "#000000", "dataoutputassociations": "", "name": "", "documentation": "", "dataoutput": "", "auditing": "", "processid": ""}, "stencil": {"id": "StartNoneEvent"}, "outgoing": [{"resourceId": "sid-D3903936-316D-434A-B04B-23BA20424864"}], "glossaryLinks": {}, "formats": {}}, {"dockers": [], "bounds": {"lowerRight": {"y": 222, "x": 458}, "upperLeft": {"y": 125, "x": 370}}, "resourceId": "sid-A259D83B-6A52-4DBB-A449-18A538A392A2", "layers": [], "labels": [], "childShapes": [], "properties": {"bordercolor": "#000000", "iscollection": "false", "monitoring": "", "input_output": "None", "name": "C", "state": "", "documentation": "", "categories": "", "properties": "", "auditing": "", "bgcolor": "#ffffff"}, "stencil": {"id": "DataObject"}, "outgoing": [{"resourceId": "sid-15DB3DFC-3B5D-4183-A9FC-CE392805F439"}], "glossaryLinks": {}, "formats": {}}, {"dockers": [], "bounds": {"lowerRight": {"y": 395, "x": 670}, "upperLeft": {"y": 315, "x": 570}}, "resourceId": "sid-C98E6E09-C6DF-4D15-8002-2A64243E91FF", "layers": [], "labels": [], "childShapes": [], "properties": {"resources": "", "outmsgstructure": "", "applyincalc": "true", "loopcardinality": "", "outmessagename": "", "inmessagename": "", "bgcolor": "#ffffcc", "bordercolor": "#000000", "time": "", "loopdataoutput": "", "testbefore": "false", "callacitivity": "false", "outmsgiscollection": "false", "monitoring": "", "operationname": "", "dataoutputset": "", "completionquantity": "1", "properties": "", "script": "", "assignments": "", "nonebehavioreventref": "signal", "scriptformat": "", "datainputset": "", "processid": "", "startquantity": "1", "tasktype": "None", "looptype": "None", "instantiate": "false", "behavior": "all", "inmsgimport": "", "costs": "", "inputdataitem": "", "loopdatainput": "", "name": "D", "outmsgitemkind": "Information", "costcenter": "", "completioncondition": "", "isforcompensation": "false", "inmsgiscollection": "false", "inmsgitemkind": "Information", "inmsgstructure": "", "outputdataitem": "", "messageref": "", "loopcondition": "", "onebehavioreventref:": "signal", "implementation": "webService", "operationref": "", "outmsgimport": "", "documentation": "", "categories": "", "auditing": "", "complexbehaviordefinition": ""}, "stencil": {"id": "Task"}, "outgoing": [{"resourceId": "sid-D8461DB6-2A01-4F87-8A66-0E301B09E6CC"}], "glossaryLinks": {}, "formats": {}}, {"dockers": [], "bounds": {"lowerRight": {"y": 395, "x": 490}, "upperLeft": {"y": 315, "x": 390}}, "resourceId": "sid-AF6E3F72-07BF-49C0-888E-5E4373C74924", "layers": [], "labels": [], "childShapes": [], "properties": {"resources": "", "outmsgstructure": "", "applyincalc": "true", "loopcardinality": "", "outmessagename": "", "inmessagename": "", "bgcolor": "#ffffcc", "bordercolor": "#000000", "time": "", "loopdataoutput": "", "testbefore": "false", "callacitivity": "false", "outmsgiscollection": "false", "monitoring": "", "operationname": "", "dataoutputset": "", "completionquantity": "1", "properties": "", "script": "", "assignments": "", "nonebehavioreventref": "signal", "scriptformat": "", "datainputset": "", "processid": "", "startquantity": "1", "tasktype": "None", "looptype": "None", "instantiate": "false", "behavior": "all", "inmsgimport": "", "costs": "", "inputdataitem": "", "loopdatainput": "", "name": "E", "outmsgitemkind": "Information", "costcenter": "", "completioncondition": "", "isforcompensation": "false", "inmsgiscollection": "false", "inmsgitemkind": "Information", "inmsgstructure": "", "outputdataitem": "", "messageref": "", "loopcondition": "", "onebehavioreventref:": "signal", "implementation": "webService", "operationref": "", "outmsgimport": "", "documentation": "", "categories": "", "auditing": "", "complexbehaviordefinition": ""}, "stencil": {"id": "Task"}, "outgoing": [{"resourceId": "sid-A3CC43B9-0604-44FE-A5A1-8B589FFFDC12"}], "glossaryLinks": {}, "formats": {}}, {"dockers": [], "bounds": {"lowerRight": {"y": 322, "x": 334}, "upperLeft": {"y": 225, "x": 246}}, "resourceId": "sid-0813D0BD-3503-464F-A00B-E0DB7C9FF356", "layers": [], "labels": [], "childShapes": [], "properties": {"bordercolor": "#000000", "iscollection": "false", "monitoring": "", "input_output": "None", "name": "F", "state": "", "documentation": "", "categories": "", "properties": "", "auditing": "", "bgcolor": "#ffffff"}, "stencil": {"id": "DataObject"}, "outgoing": [{"resourceId": "sid-CE2EBF54-7181-468D-8A8E-7D7C8DE4B1A8"}], "glossaryLinks": {}, "formats": {}}, {"dockers": [], "bounds": {"lowerRight": {"y": 475, "x": 640}, "upperLeft": {"y": 435, "x": 600}}, "resourceId": "sid-F2B6105A-C2BF-483C-B3B5-F43D642CFBB4", "layers": [], "labels": [], "childShapes": [], "properties": {"xortype": "Data", "monitoring": "", "defaultgate": "", "gatewaytype": "XOR", "gates": "", "assignments": "", "bgcolor": "#ffffff", "bordercolor": "#000000", "pool": "", "gate_assignments": "", "markervisible": "true", "name": "", "documentation": "", "gates_assignments": "", "categories": "", "auditing": "", "gate_outgoingsequenceflow": "", "lanes": "", "gates_outgoingsequenceflow": "", "processid": ""}, "stencil": {"id": "Exclusive_Databased_Gateway"}, "outgoing": [{"resourceId": "sid-8A2495ED-77A1-4F77-A36B-A338D351DAB6"}, {"resourceId": "sid-90BDD336-BF4B-4D28-9DDE-81BC357484BB"}], "glossaryLinks": {}, "formats": {}}, {"dockers": [], "bounds": {"lowerRight": {"y": 545, "x": 550}, "upperLeft": {"y": 465, "x": 450}}, "resourceId": "sid-C66530F7-835C-46F3-BFE9-0674A6B8E55B", "layers": [], "labels": [], "childShapes": [], "properties": {"resources": "", "outmsgstructure": "", "applyincalc": "true", "loopcardinality": "", "outmessagename": "", "inmessagename": "", "bgcolor": "#ffffcc", "bordercolor": "#000000", "time": "", "loopdataoutput": "", "testbefore": "false", "callacitivity": "false", "outmsgiscollection": "false", "monitoring": "", "operationname": "", "dataoutputset": "", "completionquantity": "1", "properties": "", "script": "", "assignments": "", "nonebehavioreventref": "signal", "scriptformat": "", "datainputset": "", "processid": "", "startquantity": "1", "tasktype": "None", "looptype": "None", "instantiate": "false", "behavior": "all", "inmsgimport": "", "costs": "", "inputdataitem": "", "loopdatainput": "", "name": "G", "outmsgitemkind": "Information", "costcenter": "", "completioncondition": "", "isforcompensation": "false", "inmsgiscollection": "false", "inmsgitemkind": "Information", "inmsgstructure": "", "outputdataitem": "", "messageref": "", "loopcondition": "", "onebehavioreventref:": "signal", "implementation": "webService", "operationref": "", "outmsgimport": "", "documentation": "", "categories": "", "auditing": "", "complexbehaviordefinition": ""}, "stencil": {"id": "Task"}, "outgoing": [{"resourceId": "sid-59854970-C274-4EB0-8559-26D39BBA9A90"}], "glossaryLinks": {}, "formats": {}}, {"dockers": [], "bounds": {"lowerRight": {"y": 547, "x": 805}, "upperLeft": {"y": 467, "x": 705}}, "resourceId": "sid-31439707-1FA2-4F40-A294-BB26C49BE9EE", "layers": [], "labels": [], "childShapes": [], "properties": {"resources": "", "outmsgstructure": "", "applyincalc": "true", "loopcardinality": "", "outmessagename": "", "inmessagename": "", "bgcolor": "#ffffcc", "bordercolor": "#000000", "time": "", "loopdataoutput": "", "testbefore": "false", "callacitivity": "false", "outmsgiscollection": "false", "monitoring": "", "operationname": "", "dataoutputset": "", "completionquantity": "1", "properties": "", "script": "", "assignments": "", "nonebehavioreventref": "signal", "scriptformat": "", "datainputset": "", "processid": "", "startquantity": "1", "tasktype": "None", "looptype": "None", "instantiate": "false", "behavior": "all", "inmsgimport": "", "costs": "", "inputdataitem": "", "loopdatainput": "", "name": "H", "outmsgitemkind": "Information", "costcenter": "", "completioncondition": "", "isforcompensation": "false", "inmsgiscollection": "false", "inmsgitemkind": "Information", "inmsgstructure": "", "outputdataitem": "", "messageref": "", "loopcondition": "", "onebehavioreventref:": "signal", "implementation": "webService", "operationref": "", "outmsgimport": "", "documentation": "", "categories": "", "auditing": "", "complexbehaviordefinition": ""}, "stencil": {"id": "Task"}, "outgoing": [{"resourceId": "sid-6BC1EA40-6EB5-40BD-B439-7ADC7600D580"}], "glossaryLinks": {}, "formats": {}}, {"dockers": [], "bounds": {"lowerRight": {"y": 95, "x": 630}, "upperLeft": {"y": 15, "x": 530}}, "resourceId": "sid-DCDB30A7-0AC0-4051-A689-D5517BEDEBEC", "layers": [], "labels": [], "childShapes": [], "properties": {"resources": "", "outmsgstructure": "", "applyincalc": "true", "loopcardinality": "", "outmessagename": "", "inmessagename": "", "bgcolor": "#ffffcc", "bordercolor": "#000000", "time": "", "loopdataoutput": "", "testbefore": "false", "callacitivity": "false", "outmsgiscollection": "false", "monitoring": "", "operationname": "", "dataoutputset": "", "completionquantity": "1", "properties": "", "script": "", "assignments": "", "nonebehavioreventref": "signal", "scriptformat": "", "datainputset": "", "processid": "", "startquantity": "1", "tasktype": "None", "looptype": "None", "instantiate": "false", "behavior": "all", "inmsgimport": "", "costs": "", "inputdataitem": "", "loopdatainput": "", "name": "I", "outmsgitemkind": "Information", "costcenter": "", "completioncondition": "", "isforcompensation": "false", "inmsgiscollection": "false", "inmsgitemkind": "Information", "inmsgstructure": "", "outputdataitem": "", "messageref": "", "loopcondition": "", "onebehavioreventref:": "signal", "implementation": "webService", "operationref": "", "outmsgimport": "", "documentation": "", "categories": "", "auditing": "", "complexbehaviordefinition": ""}, "stencil": {"id": "Task"}, "outgoing": [{"resourceId": "sid-E9864DE9-9ADC-4B22-AC5D-375849FBCC5A"}], "glossaryLinks": {}, "formats": {}}, {"dockers": [], "bounds": {"lowerRight": {"y": 69, "x": 703}, "upperLeft": {"y": 41, "x": 675}}, "resourceId": "sid-1814CA88-75E6-417E-A21A-405A9503D5BF", "layers": [], "labels": [], "childShapes": [], "properties": {"inputset": "", "trigger": "None", "bordercolor": "#000000", "monitoring": "", "datainputassociations": "", "name": "", "documentation": "", "auditing": "", "datainput": "", "bgcolor": "#ffffff"}, "stencil": {"id": "EndNoneEvent"}, "outgoing": [], "glossaryLinks": {}, "formats": {}}, {"dockers": [], "bounds": {"lowerRight": {"y": 280, "x": 573}, "upperLeft": {"y": 240, "x": 533}}, "resourceId": "sid-2FC1D2ED-867B-43D5-8C62-0FC847605CBF", "layers": [], "labels": [], "childShapes": [], "properties": {"xortype": "Data", "monitoring": "", "defaultgate": "", "gatewaytype": "XOR", "gates": "", "assignments": "", "bgcolor": "#ffffff", "bordercolor": "#000000", "pool": "", "gate_assignments": "", "markervisible": "true", "name": "", "documentation": "", "gates_assignments": "", "categories": "", "auditing": "", "gate_outgoingsequenceflow": "", "lanes": "", "gates_outgoingsequenceflow": "", "processid": ""}, "stencil": {"id": "Exclusive_Databased_Gateway"}, "outgoing": [{"resourceId": "sid-050F6245-3C10-40E6-B024-7DEAE5191DE1"}, {"resourceId": "sid-C46555BB-8D8B-413F-A09E-B341B858D714"}], "glossaryLinks": {}, "formats": {}}, {"dockers": [], "bounds": {"lowerRight": {"y": 213.5, "x": 603}, "upperLeft": {"y": 133.5, "x": 503}}, "resourceId": "sid-3E95CFFB-B406-4C4E-8C2F-8C2E8EA57030", "layers": [], "labels": [], "childShapes": [], "properties": {"resources": "", "outmsgstructure": "", "applyincalc": "true", "loopcardinality": "", "outmessagename": "", "inmessagename": "", "bgcolor": "#ffffcc", "bordercolor": "#000000", "time": "", "loopdataoutput": "", "testbefore": "false", "callacitivity": "false", "outmsgiscollection": "false", "monitoring": "", "operationname": "", "dataoutputset": "", "completionquantity": "1", "properties": "", "script": "", "assignments": "", "nonebehavioreventref": "signal", "scriptformat": "", "datainputset": "", "processid": "", "startquantity": "1", "tasktype": "None", "looptype": "None", "instantiate": "false", "behavior": "all", "inmsgimport": "", "costs": "", "inputdataitem": "", "loopdatainput": "", "name": "J", "outmsgitemkind": "Information", "costcenter": "", "completioncondition": "", "isforcompensation": "false", "inmsgiscollection": "false", "inmsgitemkind": "Information", "inmsgstructure": "", "outputdataitem": "", "messageref": "", "loopcondition": "", "onebehavioreventref:": "signal", "implementation": "webService", "operationref": "", "outmsgimport": "", "documentation": "", "categories": "", "auditing": "", "complexbehaviordefinition": ""}, "stencil": {"id": "Task"}, "outgoing": [{"resourceId": "sid-08F3DA13-D773-4D14-B1B4-EB49D2B5E0C1"}], "glossaryLinks": {}, "formats": {}}], "properties": {"showcaption": "true", "bordercolor": "#000000", "monitoring": "", "parentlane": "", "name": "", "documentation": "", "auditing": "", "bgcolor": "", "parentpool": ""}, "stencil": {"id": "Lane"}, "outgoing": [], "glossaryLinks": {}, "formats": {}}], "properties": {"isclosed": "false", "enableinstancecompensation": "false", "boundaryvisible": "true", "monitoring": "", "processcategories": "", "minimum": "2", "status": "None", "isexecutable": "false", "processdocumentation": "", "processtype": "None", "bordercolor": "#000000", "processname": "", "multiinstance": "false", "maximum": "2", "name": "K", "documentation": "", "suppressjoinfailure": "false", "adhoccompletioncondition": "", "auditing": "", "adhocordering": "Parallel", "adhoc": "false", "processid": ""}, "stencil": {"id": "Pool"}, "outgoing": [], "glossaryLinks": {}, "formats": {}}, {"dockers": [{"y": 20, "x": 0}, {"y": 75, "x": 88}], "bounds": {"lowerRight": {"y": 335, "x": 420}, "upperLeft": {"y": 300, "x": 364}}, "resourceId": "sid-A3CC43B9-0604-44FE-A5A1-8B589FFFDC12", "layers": [], "labels": [], "target": {"resourceId": "sid-0813D0BD-3503-464F-A00B-E0DB7C9FF356"}, "childShapes": [], "properties": {"bordercolor": "#000000", "text": "", "assignments": "", "transformation": ""}, "stencil": {"id": "Association_Unidirectional"}, "outgoing": [{"resourceId": "sid-0813D0BD-3503-464F-A00B-E0DB7C9FF356"}], "glossaryLinks": {}, "formats": {}}, {"dockers": [{"y": 40, "x": 100}, {"y": 14, "x": 14}], "bounds": {"lowerRight": {"y": 55, "x": 704.171875}, "upperLeft": {"y": 55, "x": 660}}, "resourceId": "sid-E9864DE9-9ADC-4B22-AC5D-375849FBCC5A", "layers": [], "labels": [], "target": {"resourceId": "sid-1814CA88-75E6-417E-A21A-405A9503D5BF"}, "childShapes": [], "properties": {"ConditionType": "None", "showdiamondmarker": "false", "bordercolor": "#000000", "monitoring": "", "name": "", "documentation": "", "probability": "", "conditionexpression": "", "isimmediate": "false", "auditing": ""}, "stencil": {"id": "SequenceFlow"}, "outgoing": [{"resourceId": "sid-1814CA88-75E6-417E-A21A-405A9503D5BF"}], "glossaryLinks": {}, "formats": {}}, {"dockers": [{"y": 80, "x": 50}, {"y": 20, "x": 20}], "bounds": {"lowerRight": {"y": 435.25, "x": 650}, "upperLeft": {"y": 395, "x": 650}}, "resourceId": "sid-D8461DB6-2A01-4F87-8A66-0E301B09E6CC", "layers": [], "labels": [], "target": {"resourceId": "sid-F2B6105A-C2BF-483C-B3B5-F43D642CFBB4"}, "childShapes": [], "properties": {"ConditionType": "None", "showdiamondmarker": "false", "bordercolor": "#000000", "monitoring": "", "name": "", "documentation": "", "probability": "", "conditionexpression": "", "isimmediate": "false", "auditing": ""}, "stencil": {"id": "SequenceFlow"}, "outgoing": [{"resourceId": "sid-F2B6105A-C2BF-483C-B3B5-F43D642CFBB4"}], "glossaryLinks": {}, "formats": {}}, {"dockers": [{"y": 20, "x": 20}, {"y": 260.5, "x": 541.5}, {"y": 355, "x": 541.5}, {"y": 40, "x": 100}], "bounds": {"lowerRight": {"y": 355, "x": 562.54694757157380991}, "upperLeft": {"y": 260.24642231841477269, "x": 520}}, "resourceId": "sid-050F6245-3C10-40E6-B024-7DEAE5191DE1", "layers": [], "labels": [], "target": {"resourceId": "sid-AF6E3F72-07BF-49C0-888E-5E4373C74924"}, "childShapes": [], "properties": {"ConditionType": "None", "showdiamondmarker": "false", "bordercolor": "#000000", "monitoring": "", "name": "", "documentation": "", "probability": "", "conditionexpression": "", "isimmediate": "false", "auditing": ""}, "stencil": {"id": "SequenceFlow"}, "outgoing": [{"resourceId": "sid-AF6E3F72-07BF-49C0-888E-5E4373C74924"}], "glossaryLinks": {}, "formats": {}}, {"dockers": [{"y": 39, "x": 0}, {"y": 97, "x": 44}], "bounds": {"lowerRight": {"y": 504, "x": 480}, "upperLeft": {"y": 322, "x": 320}}, "resourceId": "sid-59854970-C274-4EB0-8559-26D39BBA9A90", "layers": [], "labels": [], "target": {"resourceId": "sid-0813D0BD-3503-464F-A00B-E0DB7C9FF356"}, "childShapes": [], "properties": {"bordercolor": "#000000", "text": "", "assignments": "", "transformation": ""}, "stencil": {"id": "Association_Unidirectional"}, "outgoing": [{"resourceId": "sid-0813D0BD-3503-464F-A00B-E0DB7C9FF356"}], "glossaryLinks": {}, "formats": {}}, {"dockers": [{"y": 0, "x": 44}, {"y": 80, "x": 50}], "bounds": {"lowerRight": {"y": 225, "x": 320}, "upperLeft": {"y": 95, "x": 320}}, "resourceId": "sid-CE2EBF54-7181-468D-8A8E-7D7C8DE4B1A8", "layers": [], "labels": [], "target": {"resourceId": "sid-7DC566C6-DCAE-4E3E-BDBD-F34276369158"}, "childShapes": [], "properties": {"bordercolor": "#000000", "text": "", "assignments": "", "transformation": ""}, "stencil": {"id": "Association_Unidirectional"}, "outgoing": [{"resourceId": "sid-7DC566C6-DCAE-4E3E-BDBD-F34276369158"}], "glossaryLinks": {}, "formats": {}}, {"dockers": [{"y": 15, "x": 15}, {"y": 40, "x": 0}], "bounds": {"lowerRight": {"y": 55.748678281456712114, "x": 135}, "upperLeft": {"y": 55, "x": 90.827981394053978192}}, "resourceId": "sid-D3903936-316D-434A-B04B-23BA20424864", "layers": [], "labels": [], "target": {"resourceId": "sid-2EE0567A-A300-40AE-8FE1-43E35C045C41"}, "childShapes": [], "properties": {"ConditionType": "None", "showdiamondmarker": "false", "bordercolor": "#000000", "monitoring": "", "name": "", "documentation": "", "probability": "", "conditionexpression": "", "isimmediate": "false", "auditing": ""}, "stencil": {"id": "SequenceFlow"}, "outgoing": [{"resourceId": "sid-2EE0567A-A300-40AE-8FE1-43E35C045C41"}], "glossaryLinks": {}, "formats": {}}, {"dockers": [{"y": 15, "x": 0}, {"y": 70, "x": 88}], "bounds": {"lowerRight": {"y": 482, "x": 735}, "upperLeft": {"y": 295, "x": 364}}, "resourceId": "sid-6BC1EA40-6EB5-40BD-B439-7ADC7600D580", "layers": [], "labels": [], "target": {"resourceId": "sid-0813D0BD-3503-464F-A00B-E0DB7C9FF356"}, "childShapes": [], "properties": {"bordercolor": "#000000", "text": "", "assignments": "", "transformation": ""}, "stencil": {"id": "Association_Unidirectional"}, "outgoing": [{"resourceId": "sid-0813D0BD-3503-464F-A00B-E0DB7C9FF356"}], "glossaryLinks": {}, "formats": {}}, {"dockers": [{"y": 48, "x": 88}, {"y": 39.5, "x": 0}], "bounds": {"lowerRight": {"y": 173, "x": 533}, "upperLeft": {"y": 173, "x": 488}}, "resourceId": "sid-15DB3DFC-3B5D-4183-A9FC-CE392805F439", "layers": [], "labels": [], "target": {"resourceId": "sid-3E95CFFB-B406-4C4E-8C2F-8C2E8EA57030"}, "childShapes": [], "properties": {"bordercolor": "#000000", "text": "", "assignments": "", "transformation": ""}, "stencil": {"id": "Association_Unidirectional"}, "outgoing": [{"resourceId": "sid-3E95CFFB-B406-4C4E-8C2F-8C2E8EA57030"}], "glossaryLinks": {}, "formats": {}}, {"dockers": [{"y": 80, "x": 92}, {"y": 6, "x": 0}], "bounds": {"lowerRight": {"y": 131, "x": 400}, "upperLeft": {"y": 95, "x": 362}}, "resourceId": "sid-4E74CB81-BA45-4200-AF84-1AF9E43AF921", "layers": [], "labels": [], "target": {"resourceId": "sid-A259D83B-6A52-4DBB-A449-18A538A392A2"}, "childShapes": [], "properties": {"bordercolor": "#000000", "text": "", "assignments": "", "transformation": ""}, "stencil": {"id": "Association_Unidirectional"}, "outgoing": [{"resourceId": "sid-A259D83B-6A52-4DBB-A449-18A538A392A2"}], "glossaryLinks": {}, "formats": {}}, {"dockers": [{"y": 20, "x": 20}, {"y": 507, "x": 650.5}, {"y": 40, "x": 0}], "bounds": {"lowerRight": {"y": 507, "x": 735}, "upperLeft": {"y": 475.49995377539460151, "x": 650.19711494014802611}}, "resourceId": "sid-90BDD336-BF4B-4D28-9DDE-81BC357484BB", "layers": [], "labels": [], "target": {"resourceId": "sid-31439707-1FA2-4F40-A294-BB26C49BE9EE"}, "childShapes": [], "properties": {"ConditionType": "None", "showdiamondmarker": "false", "bordercolor": "#000000", "monitoring": "", "name": "", "documentation": "", "probability": "", "conditionexpression": "", "isimmediate": "false", "auditing": ""}, "stencil": {"id": "SequenceFlow"}, "outgoing": [{"resourceId": "sid-31439707-1FA2-4F40-A294-BB26C49BE9EE"}], "glossaryLinks": {}, "formats": {}}, {"dockers": [{"y": 40, "x": 100}, {"y": 40, "x": 0}], "bounds": {"lowerRight": {"y": 55, "x": 270}, "upperLeft": {"y": 55, "x": 235}}, "resourceId": "sid-2413DDFA-B43E-4D93-8B16-D8DA726B4046", "layers": [], "labels": [], "target": {"resourceId": "sid-7DC566C6-DCAE-4E3E-BDBD-F34276369158"}, "childShapes": [], "properties": {"ConditionType": "None", "showdiamondmarker": "false", "bordercolor": "#000000", "monitoring": "", "name": "", "documentation": "", "probability": "", "conditionexpression": "", "isimmediate": "false", "auditing": ""}, "stencil": {"id": "SequenceFlow"}, "outgoing": [{"resourceId": "sid-7DC566C6-DCAE-4E3E-BDBD-F34276369158"}], "glossaryLinks": {}, "formats": {}}, {"dockers": [{"y": 79.5, "x": 50}, {"y": 20, "x": 20}], "bounds": {"lowerRight": {"y": 239.90625, "x": 583}, "upperLeft": {"y": 213.5, "x": 583}}, "resourceId": "sid-08F3DA13-D773-4D14-B1B4-EB49D2B5E0C1", "layers": [], "labels": [], "target": {"resourceId": "sid-2FC1D2ED-867B-43D5-8C62-0FC847605CBF"}, "childShapes": [], "properties": {"ConditionType": "None", "showdiamondmarker": "false", "bordercolor": "#000000", "monitoring": "", "name": "", "documentation": "", "probability": "", "conditionexpression": "", "isimmediate": "false", "auditing": ""}, "stencil": {"id": "SequenceFlow"}, "outgoing": [{"resourceId": "sid-2FC1D2ED-867B-43D5-8C62-0FC847605CBF"}], "glossaryLinks": {}, "formats": {}}, {"dockers": [{"y": 20, "x": 20}, {"y": 505, "x": 650.5}, {"y": 40, "x": 100}], "bounds": {"lowerRight": {"y": 505, "x": 650.5}, "upperLeft": {"y": 474.74995000374968868, "x": 580}}, "resourceId": "sid-8A2495ED-77A1-4F77-A36B-A338D351DAB6", "layers": [], "labels": [], "target": {"resourceId": "sid-C66530F7-835C-46F3-BFE9-0674A6B8E55B"}, "childShapes": [], "properties": {"ConditionType": "None", "showdiamondmarker": "false", "bordercolor": "#000000", "monitoring": "", "name": "", "documentation": "", "probability": "", "conditionexpression": "", "isimmediate": "false", "auditing": ""}, "stencil": {"id": "SequenceFlow"}, "outgoing": [{"resourceId": "sid-C66530F7-835C-46F3-BFE9-0674A6B8E55B"}], "glossaryLinks": {}, "formats": {}}, {"dockers": [], "bounds": {"lowerRight": {"y": 1050, "x": 600}, "upperLeft": {"y": 800, "x": 0}}, "resourceId": "sid-5EC3FACF-7B16-4C04-8940-59C86132FAA2", "layers": [], "labels": [], "childShapes": [{"dockers": [], "bounds": {"lowerRight": {"y": 250, "x": 600}, "upperLeft": {"y": 0, "x": 30}}, "resourceId": "sid-43619900-8FE1-4CBE-A9C6-FE777B5A97C7", "layers": [], "labels": [], "childShapes": [], "properties": {"showcaption": "true", "bordercolor": "#000000", "monitoring": "", "parentlane": "", "name": "", "documentation": "", "auditing": "", "bgcolor": "", "parentpool": ""}, "stencil": {"id": "Lane"}, "outgoing": [], "glossaryLinks": {}, "formats": {}}], "properties": {"isclosed": "false", "enableinstancecompensation": "false", "boundaryvisible": "true", "monitoring": "", "processcategories": "", "minimum": "2", "status": "None", "isexecutable": "false", "processdocumentation": "", "processtype": "None", "bordercolor": "#000000", "processname": "", "multiinstance": "false", "maximum": "2", "name": "L", "documentation": "", "suppressjoinfailure": "false", "adhoccompletioncondition": "", "auditing": "", "adhocordering": "Parallel", "adhoc": "false", "processid": ""}, "stencil": {"id": "Pool"}, "outgoing": [], "glossaryLinks": {}, "formats": {}}, {"dockers": [{"y": 40, "x": 50}, {"y": 40, "x": 50}], "bounds": {"lowerRight": {"y": 55, "x": 559.15625}, "upperLeft": {"y": 55, "x": 370}}, "resourceId": "sid-C141568F-85F5-4AB2-8751-E54D61059053", "layers": [], "labels": [], "target": {"resourceId": "sid-DCDB30A7-0AC0-4051-A689-D5517BEDEBEC"}, "childShapes": [], "properties": {"ConditionType": "None", "showdiamondmarker": "false", "bordercolor": "#000000", "monitoring": "", "name": "", "documentation": "", "probability": "", "conditionexpression": "", "isimmediate": "false", "auditing": ""}, "stencil": {"id": "SequenceFlow"}, "outgoing": [{"resourceId": "sid-DCDB30A7-0AC0-4051-A689-D5517BEDEBEC"}], "glossaryLinks": {}, "formats": {}}, {"dockers": [{"y": 20, "x": 20}, {"y": 260.5, "x": 650}, {"y": 0, "x": 50}], "bounds": {"lowerRight": {"y": 315, "x": 650}, "upperLeft": {"y": 260.14808747877100359, "x": 602.84372215531766415}}, "resourceId": "sid-C46555BB-8D8B-413F-A09E-B341B858D714", "layers": [], "labels": [], "target": {"resourceId": "sid-C98E6E09-C6DF-4D15-8002-2A64243E91FF"}, "childShapes": [], "properties": {"ConditionType": "None", "showdiamondmarker": "false", "bordercolor": "#000000", "monitoring": "", "name": "", "documentation": "", "probability": "", "conditionexpression": "", "isimmediate": "false", "auditing": ""}, "stencil": {"id": "SequenceFlow"}, "outgoing": [{"resourceId": "sid-C98E6E09-C6DF-4D15-8002-2A64243E91FF"}], "glossaryLinks": {}, "formats": {}}], "properties": {"orientation": "horizontal", "monitoring": "", "modificationdate": "", "creationdate": "", "namespaces": "", "version": "", "targetnamespace": "http://www.signavio.com/bpmn20", "author": "", "title": "M", "name": "", "documentation": "", "language": "English", "typelanguage": "http://www.w3.org/2001/XMLSchema", "auditing": "", "expressionlanguage": "http://www.w3.org/1999/XPath"}, "ssextensions": [], "stencilset": {"url": "/stencilsets/bpmn2.0/bpmn2.0.json?version=5.0.0", "namespace": "http://b3mn.org/stencilset/bpmn2.0#"}, "stencil": {"id": "BPMNDiagram"}, "formats": {}}