{"revision": {"creationDate": null, "isLastRevision": true, "revisionNumber": 16, "elementCounts": {"total": 79, "Lane": 1, "Association_Undirected": 3, "TextAnnotation": 3, "Pool": 1, "StartNoneEvent": 1, "Task": 20, "SequenceFlow": 38, "EndNoneEvent": 1, "BPMNDiagram": 1, "Exclusive_Databased_Gateway": 10}, "connectedness": 100}, "model": {"modelId": "1024215554", "modelDate": "2012-08-30", "groupName": "BPMN2.0_Process", "naturalLanguage": "en", "modelName": "1024215554", "TimestampModelCollection": "2012-08-30 14:08:38", "modelingLanguage": "bpmn20", "directoryId": "451420903", "numberOfRevisions": 16}}