{"resourceId": "canvas", "properties": {"name": "", "documentation": "", "auditing": "", "monitoring": "", "version": "", "author": "", "language": "English", "namespaces": "", "targetnamespace": "http://www.signavio.com/bpmn20", "expressionlanguage": "http://www.w3.org/1999/XPath", "typelanguage": "http://www.w3.org/2001/XMLSchema", "creationdate": "", "modificationdate": ""}, "stencil": {"id": "BPMNDiagram"}, "childShapes": [{"resourceId": "sid-E61E5C94-D4CA-4A58-BBBE-35131DA352D7", "properties": {"name": "Presales\n\n-Contracts\n-Quotations\n-Agreements", "documentation": "", "auditing": "", "monitoring": "", "categories": "", "startquantity": 1, "completionquantity": 1, "isforcompensation": "", "assignments": "", "callacitivity": "", "tasktype": "None", "implementation": "webService", "resources": "", "messageref": "", "operationref": "", "instantiate": "", "script": "", "scriptformat": "", "bgcolor": "#ffffcc", "looptype": "None", "testbefore": "", "loopcondition": "", "loopmaximum": "", "loopcardinality": "", "loopdatainput": "", "loopdataoutput": "", "inputdataitem": "", "outputdataitem": "", "behavior": "all", "complexbehaviordefinition": "", "completioncondition": "", "onebehavioreventref:": "signal", "nonebehavioreventref": "signal", "properties": "", "datainputset": "", "dataoutputset": "", "operationname": "", "inmessagename": "", "inmsgitemkind": "Information", "inmsgstructure": "", "inmsgimport": "", "inmsgiscollection": "", "outmessagename": "", "outmsgitemkind": "Information", "outmsgstructure": "", "outmsgimport": "", "outmsgiscollection": "", "time": "", "costs": "", "costcenter": "", "applyincalc": true, "externaldocuments": [], "risklevel": ""}, "stencil": {"id": "Task"}, "childShapes": [], "outgoing": [{"resourceId": "sid-EAE66660-41B6-43B3-92DE-F20E20DF6FB1"}], "bounds": {"lowerRight": {"x": 132.5, "y": 163.75}, "upperLeft": {"x": 17.5, "y": 37.25}}, "dockers": []}, {"resourceId": "sid-7CEF4184-0D80-4195-B819-B88185FFC7AB", "properties": {"name": "Sales Order Processing\n\n-Sales Order\n\no Customer & Material\no Prices & Conditions\no Schedule Lines (Delv Doc) \no Info for Billing", "documentation": "", "auditing": "", "monitoring": "", "categories": "", "startquantity": 1, "completionquantity": 1, "isforcompensation": "", "assignments": "", "callacitivity": "", "tasktype": "None", "implementation": "webService", "resources": "", "messageref": "", "operationref": "", "instantiate": "", "script": "", "scriptformat": "", "bgcolor": "#ffffcc", "looptype": "None", "testbefore": "", "loopcondition": "", "loopmaximum": "", "loopcardinality": "", "loopdatainput": "", "loopdataoutput": "", "inputdataitem": "", "outputdataitem": "", "behavior": "all", "complexbehaviordefinition": "", "completioncondition": "", "onebehavioreventref:": "signal", "nonebehavioreventref": "signal", "properties": "", "datainputset": "", "dataoutputset": "", "operationname": "", "inmessagename": "", "inmsgitemkind": "Information", "inmsgstructure": "", "inmsgimport": "", "inmsgiscollection": "", "outmessagename": "", "outmsgitemkind": "Information", "outmsgstructure": "", "outmsgimport": "", "outmsgiscollection": "", "time": "", "costs": "", "costcenter": "", "applyincalc": true, "externaldocuments": [], "risklevel": ""}, "stencil": {"id": "Task"}, "childShapes": [], "outgoing": [{"resourceId": "sid-4121DF23-509C-41E6-9212-D539C4D7849F"}], "bounds": {"lowerRight": {"x": 400, "y": 178}, "upperLeft": {"x": 236, "y": 18}}, "dockers": []}, {"resourceId": "sid-EAE66660-41B6-43B3-92DE-F20E20DF6FB1", "properties": {"name": "", "documentation": "", "auditing": "", "monitoring": "", "conditiontype": "None", "conditionexpression": "", "isimmediate": "", "showdiamondmarker": "", "probability": ""}, "stencil": {"id": "SequenceFlow"}, "childShapes": [], "outgoing": [{"resourceId": "sid-7CEF4184-0D80-4195-B819-B88185FFC7AB"}], "bounds": {"lowerRight": {"x": 235.49626839198526795, "y": 100.5}, "upperLeft": {"x": 133.185546875, "y": 99.542125824448874027}}, "dockers": [{"x": 57.499999999999992895, "y": 63.25}, {"x": 184.25, "y": 100.5}, {"x": 82, "y": 80}], "target": {"resourceId": "sid-7CEF4184-0D80-4195-B819-B88185FFC7AB"}}, {"resourceId": "sid-18404F37-8CAC-411A-8443-24E8E6E1AE6C", "properties": {"name": "Shipping\n\n-Picking document\n-Delivery & Shipping Doc\n-Goods Issue (Stock Posting)\n\no Picking\no Packing\no Transportation\no Shipping ", "documentation": "", "auditing": "", "monitoring": "", "categories": "", "startquantity": 1, "completionquantity": 1, "isforcompensation": "", "assignments": "", "callacitivity": "", "tasktype": "None", "implementation": "webService", "resources": "", "messageref": "", "operationref": "", "instantiate": "", "script": "", "scriptformat": "", "bgcolor": "#ffffcc", "looptype": "None", "testbefore": "", "loopcondition": "", "loopmaximum": "", "loopcardinality": "", "loopdatainput": "", "loopdataoutput": "", "inputdataitem": "", "outputdataitem": "", "behavior": "all", "complexbehaviordefinition": "", "completioncondition": "", "onebehavioreventref:": "signal", "nonebehavioreventref": "signal", "properties": "", "datainputset": "", "dataoutputset": "", "operationname": "", "inmessagename": "", "inmsgitemkind": "Information", "inmsgstructure": "", "inmsgimport": "", "inmsgiscollection": "", "outmessagename": "", "outmsgitemkind": "Information", "outmsgstructure": "", "outmsgimport": "", "outmsgiscollection": "", "time": "", "costs": "", "costcenter": "", "applyincalc": true, "externaldocuments": [], "risklevel": ""}, "stencil": {"id": "Task"}, "childShapes": [], "outgoing": [{"resourceId": "sid-55231DE0-1DA9-44E1-BAD8-7D0B9FD14132"}], "bounds": {"lowerRight": {"x": 775, "y": 177.5}, "upperLeft": {"x": 630, "y": 17.5}}, "dockers": []}, {"resourceId": "sid-4121DF23-509C-41E6-9212-D539C4D7849F", "properties": {"name": "", "documentation": "", "auditing": "", "monitoring": "", "conditiontype": "None", "conditionexpression": "", "isimmediate": "", "showdiamondmarker": false, "probability": ""}, "stencil": {"id": "SequenceFlow"}, "childShapes": [], "outgoing": [{"resourceId": "sid-789FB479-AEB3-46D4-A7BE-C796BF69F6DD"}], "bounds": {"lowerRight": {"x": 450, "y": 98}, "upperLeft": {"x": 400, "y": 98}}, "dockers": [{"x": 82, "y": 80}, {"x": 1, "y": 80}], "target": {"resourceId": "sid-789FB479-AEB3-46D4-A7BE-C796BF69F6DD"}}, {"resourceId": "sid-4C37E75B-4183-4344-9583-FB3BB0D83BFD", "properties": {"name": "Billing\n\n-Customer invoice\n\no Credit & Debit Memo\no Transfer to FI Accounting\n", "documentation": "", "auditing": "", "monitoring": "", "categories": "", "startquantity": 1, "completionquantity": 1, "isforcompensation": "", "assignments": "", "callacitivity": "", "tasktype": "None", "implementation": "webService", "resources": "", "messageref": "", "operationref": "", "instantiate": "", "script": "", "scriptformat": "", "bgcolor": "#ffffcc", "looptype": "None", "testbefore": "", "loopcondition": "", "loopmaximum": "", "loopcardinality": "", "loopdatainput": "", "loopdataoutput": "", "inputdataitem": "", "outputdataitem": "", "behavior": "all", "complexbehaviordefinition": "", "completioncondition": "", "onebehavioreventref:": "signal", "nonebehavioreventref": "signal", "properties": "", "datainputset": "", "dataoutputset": "", "operationname": "", "inmessagename": "", "inmsgitemkind": "Information", "inmsgstructure": "", "inmsgimport": "", "inmsgiscollection": "", "outmessagename": "", "outmsgitemkind": "Information", "outmsgstructure": "", "outmsgimport": "", "outmsgiscollection": "", "time": "", "costs": "", "costcenter": "", "applyincalc": true, "externaldocuments": [], "risklevel": ""}, "stencil": {"id": "Task"}, "childShapes": [], "outgoing": [{"resourceId": "sid-850293B2-91AB-4943-B919-15D814A373A2"}], "bounds": {"lowerRight": {"x": 925, "y": 177.5}, "upperLeft": {"x": 825, "y": 18}}, "dockers": []}, {"resourceId": "sid-55231DE0-1DA9-44E1-BAD8-7D0B9FD14132", "properties": {"name": "", "documentation": "", "auditing": "", "monitoring": "", "conditiontype": "None", "conditionexpression": "", "isimmediate": "", "showdiamondmarker": "", "probability": ""}, "stencil": {"id": "SequenceFlow"}, "childShapes": [], "outgoing": [{"resourceId": "sid-4C37E75B-4183-4344-9583-FB3BB0D83BFD"}], "bounds": {"lowerRight": {"x": 824.13671980019785224, "y": 97.676285101159706414}, "upperLeft": {"x": 775, "y": 97.605072463768109969}}, "dockers": [{"x": 72.5, "y": 80}, {"x": 50, "y": 79.75}], "target": {"resourceId": "sid-4C37E75B-4183-4344-9583-FB3BB0D83BFD"}}, {"resourceId": "sid-C9FA4BBE-D3C2-4F09-ACFA-839EC63E0594", "properties": {"name": "Payment\n\n-Customer payment\n\no Posting incoming payments\no Review of differences", "documentation": "", "auditing": "", "monitoring": "", "categories": "", "startquantity": 1, "completionquantity": 1, "isforcompensation": "", "assignments": "", "callacitivity": "", "tasktype": "None", "implementation": "webService", "resources": "", "messageref": "", "operationref": "", "instantiate": "", "script": "", "scriptformat": "", "bgcolor": "#ffffcc", "looptype": "None", "testbefore": "", "loopcondition": "", "loopmaximum": "", "loopcardinality": "", "loopdatainput": "", "loopdataoutput": "", "inputdataitem": "", "outputdataitem": "", "behavior": "all", "complexbehaviordefinition": "", "completioncondition": "", "onebehavioreventref:": "signal", "nonebehavioreventref": "signal", "properties": "", "datainputset": "", "dataoutputset": "", "operationname": "", "inmessagename": "", "inmsgitemkind": "Information", "inmsgstructure": "", "inmsgimport": "", "inmsgiscollection": "", "outmessagename": "", "outmsgitemkind": "Information", "outmsgstructure": "", "outmsgimport": "", "outmsgiscollection": "", "time": "", "costs": "", "costcenter": "", "applyincalc": true, "externaldocuments": [], "risklevel": ""}, "stencil": {"id": "Task"}, "childShapes": [], "outgoing": [{"resourceId": "sid-63CB5EF1-2052-41A5-8032-86C871B43A28"}], "bounds": {"lowerRight": {"x": 925, "y": 340}, "upperLeft": {"x": 825, "y": 198}}, "dockers": []}, {"resourceId": "sid-850293B2-91AB-4943-B919-15D814A373A2", "properties": {"name": "", "documentation": "", "auditing": "", "monitoring": "", "conditiontype": "None", "conditionexpression": "", "isimmediate": "", "showdiamondmarker": false, "probability": ""}, "stencil": {"id": "SequenceFlow"}, "childShapes": [], "outgoing": [{"resourceId": "sid-C9FA4BBE-D3C2-4F09-ACFA-839EC63E0594"}], "bounds": {"lowerRight": {"x": 875, "y": 197.1796875}, "upperLeft": {"x": 875, "y": 177.5}}, "dockers": [{"x": 50, "y": 158.5}, {"x": 50, "y": 71}], "target": {"resourceId": "sid-C9FA4BBE-D3C2-4F09-ACFA-839EC63E0594"}}, {"resourceId": "sid-2382CCF4-4CC7-47FF-9C43-A843ABBD7651", "properties": {"name": "End", "documentation": "", "auditing": "", "monitoring": "", "datainputassociations": "", "datainput": "", "inputset": "", "bgcolor": "#ffffff", "trigger": "None"}, "stencil": {"id": "EndNoneEvent"}, "childShapes": [], "outgoing": [], "bounds": {"lowerRight": {"x": 889, "y": 388}, "upperLeft": {"x": 861, "y": 360}}, "dockers": []}, {"resourceId": "sid-434BDDA1-79E9-4F6C-9983-9B4C79C28A85", "properties": {"name": "Triggers\n\n-Inquiry\n-Request for Quotation\n-Purchase Oder", "documentation": "", "auditing": "", "monitoring": "", "dataoutputassociations": "", "dataoutput": "", "outputset": "", "bgcolor": "#ffffff", "trigger": "None", "frequency": "", "applyincalc": true}, "stencil": {"id": "StartNoneEvent"}, "childShapes": [], "outgoing": [{"resourceId": "sid-55C22FCE-4126-49D5-B20E-899351989B72"}, {"resourceId": "sid-5EE7DE04-0C35-45CD-9170-24175F02C9CC"}], "bounds": {"lowerRight": {"x": 90, "y": 285}, "upperLeft": {"x": 60, "y": 255}}, "dockers": []}, {"resourceId": "sid-55C22FCE-4126-49D5-B20E-899351989B72", "properties": {"name": "", "documentation": "", "auditing": "", "monitoring": "", "conditiontype": "None", "conditionexpression": "", "isimmediate": "", "showdiamondmarker": "", "probability": ""}, "stencil": {"id": "SequenceFlow"}, "childShapes": [], "outgoing": [{"resourceId": "sid-E61E5C94-D4CA-4A58-BBBE-35131DA352D7"}], "bounds": {"lowerRight": {"x": 75, "y": 254.43359375}, "upperLeft": {"x": 75, "y": 163.75}}, "dockers": [{"x": 15, "y": 15}, {"x": 57.499999999999992895, "y": 63.25}], "target": {"resourceId": "sid-E61E5C94-D4CA-4A58-BBBE-35131DA352D7"}}, {"resourceId": "sid-3C316B9A-81F4-4E09-9373-323F3A11EB44", "properties": {"name": "Triggers\n\n-Proposals\n-Contacts\n-Campaigns", "documentation": "", "auditing": "", "monitoring": "", "dataoutputassociations": "", "dataoutput": "", "outputset": "", "bgcolor": "#ffffff", "trigger": "None", "frequency": "", "applyincalc": true}, "stencil": {"id": "StartNoneEvent"}, "childShapes": [], "outgoing": [{"resourceId": "sid-A9E8C5FD-471D-45AC-BA72-65C067784E45"}, {"resourceId": "sid-BA44995B-8668-48DD-B9E7-504F279A2C03"}], "bounds": {"lowerRight": {"x": 333, "y": 285}, "upperLeft": {"x": 303, "y": 255}}, "dockers": []}, {"resourceId": "sid-A9E8C5FD-471D-45AC-BA72-65C067784E45", "properties": {"name": "", "documentation": "", "auditing": "", "monitoring": "", "conditiontype": "None", "conditionexpression": "", "isimmediate": "", "showdiamondmarker": "", "probability": ""}, "stencil": {"id": "SequenceFlow"}, "childShapes": [], "outgoing": [{"resourceId": "sid-7CEF4184-0D80-4195-B819-B88185FFC7AB"}], "bounds": {"lowerRight": {"x": 318, "y": 254.21875}, "upperLeft": {"x": 318, "y": 178}}, "dockers": [{"x": 15, "y": 15}, {"x": 82, "y": 80}], "target": {"resourceId": "sid-7CEF4184-0D80-4195-B819-B88185FFC7AB"}}, {"resourceId": "sid-5EE7DE04-0C35-45CD-9170-24175F02C9CC", "properties": {"name": "", "documentation": "", "auditing": "", "monitoring": "", "conditiontype": "None", "conditionexpression": "", "isimmediate": "", "showdiamondmarker": false, "probability": ""}, "stencil": {"id": "SequenceFlow"}, "childShapes": [], "outgoing": [{"resourceId": "sid-7CEF4184-0D80-4195-B819-B88185FFC7AB"}], "bounds": {"lowerRight": {"x": 235.45794108672043876, "y": 262.08573231007267168}, "upperLeft": {"x": 88.566258088936891113, "y": 176.39223502828065193}}, "dockers": [{"x": 15, "y": 15}, {"x": 1.5919525144827275653, "y": 157.14729795116224409}], "target": {"resourceId": "sid-7CEF4184-0D80-4195-B819-B88185FFC7AB"}}, {"resourceId": "sid-BA44995B-8668-48DD-B9E7-504F279A2C03", "properties": {"name": "", "documentation": "", "auditing": "", "monitoring": "", "conditiontype": "None", "conditionexpression": "", "isimmediate": "", "showdiamondmarker": false, "probability": ""}, "stencil": {"id": "SequenceFlow"}, "childShapes": [], "outgoing": [{"resourceId": "sid-E61E5C94-D4CA-4A58-BBBE-35131DA352D7"}], "bounds": {"lowerRight": {"x": 304.58295686889618992, "y": 262.26212856460148259}, "upperLeft": {"x": 132.81938688110381008, "y": 163.20271518539848898}}, "dockers": [{"x": 15, "y": 15}, {"x": 111.5, "y": 123.75}], "target": {"resourceId": "sid-E61E5C94-D4CA-4A58-BBBE-35131DA352D7"}}, {"resourceId": "sid-63CB5EF1-2052-41A5-8032-86C871B43A28", "properties": {"name": "", "documentation": "", "auditing": "", "monitoring": "", "conditiontype": "None", "conditionexpression": "", "isimmediate": "", "showdiamondmarker": false, "probability": ""}, "stencil": {"id": "SequenceFlow"}, "childShapes": [], "outgoing": [{"resourceId": "sid-2382CCF4-4CC7-47FF-9C43-A843ABBD7651"}], "bounds": {"lowerRight": {"x": 875, "y": 359.58437500000002274}, "upperLeft": {"x": 875, "y": 340}}, "dockers": [{"x": 50, "y": 140.22499999999999432}, {"x": 14, "y": 14}], "target": {"resourceId": "sid-2382CCF4-4CC7-47FF-9C43-A843ABBD7651"}}, {"resourceId": "sid-8D6F814E-EF07-4303-9BEA-79546B86DD9B", "properties": {"name": "Master Data\nTransaction Data", "documentation": "", "auditing": "", "monitoring": "", "categories": "", "startquantity": 1, "completionquantity": 1, "isforcompensation": "", "assignments": "", "callacitivity": "", "tasktype": "None", "implementation": "webService", "resources": "", "messageref": "", "operationref": "", "instantiate": "", "script": "", "scriptformat": "", "bgcolor": "#ffffcc", "looptype": "None", "testbefore": "", "loopcondition": "", "loopmaximum": "", "loopcardinality": "", "loopdatainput": "", "loopdataoutput": "", "inputdataitem": "", "outputdataitem": "", "behavior": "all", "complexbehaviordefinition": "", "completioncondition": "", "onebehavioreventref:": "signal", "nonebehavioreventref": "signal", "properties": "", "datainputset": "", "dataoutputset": "", "operationname": "", "inmessagename": "", "inmsgitemkind": "Information", "inmsgstructure": "", "inmsgimport": "", "inmsgiscollection": "", "outmessagename": "", "outmsgitemkind": "Information", "outmsgstructure": "", "outmsgimport": "", "outmsgiscollection": "", "time": "", "costs": "", "costcenter": "", "applyincalc": true, "externaldocuments": [], "risklevel": ""}, "stencil": {"id": "Task"}, "childShapes": [], "outgoing": [], "bounds": {"lowerRight": {"x": 894, "y": 459}, "upperLeft": {"x": 25.5, "y": 405}}, "dockers": []}, {"resourceId": "sid-02FE63C8-80DE-4AC0-A2DF-EC34F5F4A1B9", "properties": {"name": "FI Documents\nCO Documents\nMaterial Documents\nTransaction Documents", "documentation": "", "auditing": "", "monitoring": "", "categories": "", "properties": "", "bgcolor": "#ffffff", "state": "", "input_output": "None", "iscollection": ""}, "stencil": {"id": "DataObject"}, "childShapes": [], "outgoing": [{"resourceId": "sid-2D9CD9C7-8474-4741-A627-F5C82EB452BF"}], "bounds": {"lowerRight": {"x": 765, "y": 601}, "upperLeft": {"x": 585, "y": 480}}, "dockers": []}, {"resourceId": "sid-2D9CD9C7-8474-4741-A627-F5C82EB452BF", "properties": {"assignments": "", "transformation": "", "text": ""}, "stencil": {"id": "Association_Unidirectional"}, "childShapes": [], "outgoing": [{"resourceId": "sid-8D6F814E-EF07-4303-9BEA-79546B86DD9B"}], "bounds": {"lowerRight": {"x": 584.98007638276340003, "y": 495.12410354253114519}, "upperLeft": {"x": 513.31451612903219939, "y": 459}}, "dockers": [{"x": 90, "y": 60.5}, {"x": 434.25, "y": 27}], "target": {"resourceId": "sid-8D6F814E-EF07-4303-9BEA-79546B86DD9B"}}, {"resourceId": "sid-FB718903-F8D5-4736-82A7-8F43A68DB8E4", "properties": {"name": "Sales Order Management", "documentation": "", "auditing": "", "monitoring": "", "categories": "", "startquantity": 1, "completionquantity": 1, "isforcompensation": "", "assignments": "", "callacitivity": "", "tasktype": "None", "implementation": "webService", "resources": "", "messageref": "", "operationref": "", "instantiate": "", "script": "", "scriptformat": "", "bgcolor": "#ffffcc", "looptype": "None", "testbefore": "", "loopcondition": "", "loopmaximum": "", "loopcardinality": "", "loopdatainput": "", "loopdataoutput": "", "inputdataitem": "", "outputdataitem": "", "behavior": "all", "complexbehaviordefinition": "", "completioncondition": "", "onebehavioreventref:": "signal", "nonebehavioreventref": "signal", "properties": "", "datainputset": "", "dataoutputset": "", "operationname": "", "inmessagename": "", "inmsgitemkind": "Information", "inmsgstructure": "", "inmsgimport": "", "inmsgiscollection": "", "outmessagename": "", "outmsgitemkind": "Information", "outmsgstructure": "", "outmsgimport": "", "outmsgiscollection": "", "time": "", "costs": "", "costcenter": "", "applyincalc": true, "externaldocuments": [], "risklevel": ""}, "stencil": {"id": "Task"}, "childShapes": [], "outgoing": [{"resourceId": "sid-90A381FC-B0BE-4D49-A2A3-AC53F434D6B4"}, {"resourceId": "sid-9C07C7A2-7E90-49D0-97E0-319C5FECD3DC"}, {"resourceId": "sid-985611BC-56D1-4960-9EA8-1ED8CA2A9BDA"}, {"resourceId": "sid-62277549-B82D-4953-ABD7-542C622208F6"}, {"resourceId": "sid-84E0721F-B3CF-4240-909D-DA30F07B6A68"}, {"resourceId": "sid-96EC1BEF-B02F-48CE-ACA5-403DFF691D54"}, {"resourceId": "sid-78741100-7402-4ED4-94AE-29471C40C683"}], "bounds": {"lowerRight": {"x": 355, "y": 800}, "upperLeft": {"x": 255, "y": 720}}, "dockers": []}, {"resourceId": "sid-B1F7A7BA-D26C-405F-B706-4168D000BA79", "properties": {"name": "Project Systems", "documentation": "", "auditing": "", "monitoring": "", "categories": "", "startquantity": 1, "completionquantity": 1, "isforcompensation": "", "assignments": "", "callacitivity": "", "tasktype": "None", "implementation": "webService", "resources": "", "messageref": "", "operationref": "", "instantiate": "", "script": "", "scriptformat": "", "bgcolor": "#ffffcc", "looptype": "None", "testbefore": "", "loopcondition": "", "loopmaximum": "", "loopcardinality": "", "loopdatainput": "", "loopdataoutput": "", "inputdataitem": "", "outputdataitem": "", "behavior": "all", "complexbehaviordefinition": "", "completioncondition": "", "onebehavioreventref:": "signal", "nonebehavioreventref": "signal", "properties": "", "datainputset": "", "dataoutputset": "", "operationname": "", "inmessagename": "", "inmsgitemkind": "Information", "inmsgstructure": "", "inmsgimport": "", "inmsgiscollection": "", "outmessagename": "", "outmsgitemkind": "Information", "outmsgstructure": "", "outmsgimport": "", "outmsgiscollection": "", "time": "", "costs": "", "costcenter": "", "applyincalc": true, "externaldocuments": [], "risklevel": ""}, "stencil": {"id": "Task"}, "childShapes": [], "outgoing": [], "bounds": {"lowerRight": {"x": 265, "y": 1010}, "upperLeft": {"x": 165, "y": 930}}, "dockers": []}, {"resourceId": "sid-7E7481BC-0E52-474F-A981-4EF20B687171", "properties": {"name": "Procurement", "documentation": "", "auditing": "", "monitoring": "", "categories": "", "startquantity": 1, "completionquantity": 1, "isforcompensation": "", "assignments": "", "callacitivity": "", "tasktype": "None", "implementation": "webService", "resources": "", "messageref": "", "operationref": "", "instantiate": "", "script": "", "scriptformat": "", "bgcolor": "#ffffcc", "looptype": "None", "testbefore": "", "loopcondition": "", "loopmaximum": "", "loopcardinality": "", "loopdatainput": "", "loopdataoutput": "", "inputdataitem": "", "outputdataitem": "", "behavior": "all", "complexbehaviordefinition": "", "completioncondition": "", "onebehavioreventref:": "signal", "nonebehavioreventref": "signal", "properties": "", "datainputset": "", "dataoutputset": "", "operationname": "", "inmessagename": "", "inmsgitemkind": "Information", "inmsgstructure": "", "inmsgimport": "", "inmsgiscollection": "", "outmessagename": "", "outmsgitemkind": "Information", "outmsgstructure": "", "outmsgimport": "", "outmsgiscollection": "", "time": "", "costs": "", "costcenter": "", "applyincalc": true, "externaldocuments": [], "risklevel": ""}, "stencil": {"id": "Task"}, "childShapes": [], "outgoing": [], "bounds": {"lowerRight": {"x": 175, "y": 875}, "upperLeft": {"x": 75, "y": 795}}, "dockers": []}, {"resourceId": "sid-9C07C7A2-7E90-49D0-97E0-319C5FECD3DC", "properties": {"name": "", "documentation": "", "auditing": "", "monitoring": "", "conditiontype": "None", "conditionexpression": "", "isimmediate": "", "showdiamondmarker": "", "probability": ""}, "stencil": {"id": "SequenceFlow"}, "childShapes": [], "outgoing": [{"resourceId": "sid-7E7481BC-0E52-474F-A981-4EF20B687171"}], "bounds": {"lowerRight": {"x": 254.85817307692306599, "y": 814.16666666666662877}, "upperLeft": {"x": 175, "y": 780.89242788461535838}}, "dockers": [{"x": 50, "y": 40}, {"x": 50, "y": 40}], "target": {"resourceId": "sid-7E7481BC-0E52-474F-A981-4EF20B687171"}}, {"resourceId": "sid-31FF17C8-5FD8-49DF-A9A1-6B71DE763C21", "properties": {"name": "Financial Accounting", "documentation": "", "auditing": "", "monitoring": "", "categories": "", "startquantity": 1, "completionquantity": 1, "isforcompensation": "", "assignments": "", "callacitivity": "", "tasktype": "None", "implementation": "webService", "resources": "", "messageref": "", "operationref": "", "instantiate": "", "script": "", "scriptformat": "", "bgcolor": "#ffffcc", "looptype": "None", "testbefore": "", "loopcondition": "", "loopmaximum": "", "loopcardinality": "", "loopdatainput": "", "loopdataoutput": "", "inputdataitem": "", "outputdataitem": "", "behavior": "all", "complexbehaviordefinition": "", "completioncondition": "", "onebehavioreventref:": "signal", "nonebehavioreventref": "signal", "properties": "", "datainputset": "", "dataoutputset": "", "operationname": "", "inmessagename": "", "inmsgitemkind": "Information", "inmsgstructure": "", "inmsgimport": "", "inmsgiscollection": "", "outmessagename": "", "outmsgitemkind": "Information", "outmsgstructure": "", "outmsgimport": "", "outmsgiscollection": "", "time": "", "costs": "", "costcenter": "", "applyincalc": true, "externaldocuments": [], "risklevel": ""}, "stencil": {"id": "Task"}, "childShapes": [], "outgoing": [], "bounds": {"lowerRight": {"x": 355, "y": 635}, "upperLeft": {"x": 255, "y": 555}}, "dockers": []}, {"resourceId": "sid-985611BC-56D1-4960-9EA8-1ED8CA2A9BDA", "properties": {"name": "", "documentation": "", "auditing": "", "monitoring": "", "conditiontype": "None", "conditionexpression": "", "isimmediate": "", "showdiamondmarker": "", "probability": ""}, "stencil": {"id": "SequenceFlow"}, "childShapes": [], "outgoing": [{"resourceId": "sid-31FF17C8-5FD8-49DF-A9A1-6B71DE763C21"}], "bounds": {"lowerRight": {"x": 305, "y": 719.0390625}, "upperLeft": {"x": 305, "y": 635}}, "dockers": [{"x": 50, "y": 40}, {"x": 50, "y": 40}], "target": {"resourceId": "sid-31FF17C8-5FD8-49DF-A9A1-6B71DE763C21"}}, {"resourceId": "sid-25744AB9-5564-4E0A-B71E-94CD2DEDF4BC", "properties": {"name": "Production", "documentation": "", "auditing": "", "monitoring": "", "categories": "", "startquantity": 1, "completionquantity": 1, "isforcompensation": "", "assignments": "", "callacitivity": "", "tasktype": "None", "implementation": "webService", "resources": "", "messageref": "", "operationref": "", "instantiate": "", "script": "", "scriptformat": "", "bgcolor": "#ffffcc", "looptype": "None", "testbefore": "", "loopcondition": "", "loopmaximum": "", "loopcardinality": "", "loopdatainput": "", "loopdataoutput": "", "inputdataitem": "", "outputdataitem": "", "behavior": "all", "complexbehaviordefinition": "", "completioncondition": "", "onebehavioreventref:": "signal", "nonebehavioreventref": "signal", "properties": "", "datainputset": "", "dataoutputset": "", "operationname": "", "inmessagename": "", "inmsgitemkind": "Information", "inmsgstructure": "", "inmsgimport": "", "inmsgiscollection": "", "outmessagename": "", "outmsgitemkind": "Information", "outmsgstructure": "", "outmsgimport": "", "outmsgiscollection": "", "time": "", "costs": "", "costcenter": "", "applyincalc": true, "externaldocuments": [], "risklevel": ""}, "stencil": {"id": "Task"}, "childShapes": [], "outgoing": [], "bounds": {"lowerRight": {"x": 175, "y": 710}, "upperLeft": {"x": 75, "y": 630}}, "dockers": []}, {"resourceId": "sid-7B7F54A0-2F4F-4F76-8730-63DB73D8A81E", "properties": {"name": "Management Accounting", "documentation": "", "auditing": "", "monitoring": "", "categories": "", "startquantity": 1, "completionquantity": 1, "isforcompensation": "", "assignments": "", "callacitivity": "", "tasktype": "None", "implementation": "webService", "resources": "", "messageref": "", "operationref": "", "instantiate": "", "script": "", "scriptformat": "", "bgcolor": "#ffffcc", "looptype": "None", "testbefore": "", "loopcondition": "", "loopmaximum": "", "loopcardinality": "", "loopdatainput": "", "loopdataoutput": "", "inputdataitem": "", "outputdataitem": "", "behavior": "all", "complexbehaviordefinition": "", "completioncondition": "", "onebehavioreventref:": "signal", "nonebehavioreventref": "signal", "properties": "", "datainputset": "", "dataoutputset": "", "operationname": "", "inmessagename": "", "inmsgitemkind": "Information", "inmsgstructure": "", "inmsgimport": "", "inmsgiscollection": "", "outmessagename": "", "outmsgitemkind": "Information", "outmsgstructure": "", "outmsgimport": "", "outmsgiscollection": "", "time": "", "costs": "", "costcenter": "", "applyincalc": true, "externaldocuments": [], "risklevel": ""}, "stencil": {"id": "Task"}, "childShapes": [], "outgoing": [], "bounds": {"lowerRight": {"x": 543, "y": 710}, "upperLeft": {"x": 443, "y": 630}}, "dockers": []}, {"resourceId": "sid-62277549-B82D-4953-ABD7-542C622208F6", "properties": {"name": "", "documentation": "", "auditing": "", "monitoring": "", "conditiontype": "None", "conditionexpression": "", "isimmediate": "", "showdiamondmarker": "", "probability": ""}, "stencil": {"id": "SequenceFlow"}, "childShapes": [], "outgoing": [{"resourceId": "sid-7B7F54A0-2F4F-4F76-8730-63DB73D8A81E"}], "bounds": {"lowerRight": {"x": 442.16052822670167188, "y": 736.06382978723399901}, "upperLeft": {"x": 355, "y": 694.33804499785560438}}, "dockers": [{"x": 50, "y": 40}, {"x": 50, "y": 40}], "target": {"resourceId": "sid-7B7F54A0-2F4F-4F76-8730-63DB73D8A81E"}}, {"resourceId": "sid-12EBC7E7-EFAC-4124-A54F-9A62AD9D7DE2", "properties": {"name": "Material \nPlanning", "documentation": "", "auditing": "", "monitoring": "", "categories": "", "startquantity": 1, "completionquantity": 1, "isforcompensation": "", "assignments": "", "callacitivity": "", "tasktype": "None", "implementation": "webService", "resources": "", "messageref": "", "operationref": "", "instantiate": "", "script": "", "scriptformat": "", "bgcolor": "#ffffcc", "looptype": "None", "testbefore": "", "loopcondition": "", "loopmaximum": "", "loopcardinality": "", "loopdatainput": "", "loopdataoutput": "", "inputdataitem": "", "outputdataitem": "", "behavior": "all", "complexbehaviordefinition": "", "completioncondition": "", "onebehavioreventref:": "signal", "nonebehavioreventref": "signal", "properties": "", "datainputset": "", "dataoutputset": "", "operationname": "", "inmessagename": "", "inmsgitemkind": "Information", "inmsgstructure": "", "inmsgimport": "", "inmsgiscollection": "", "outmessagename": "", "outmsgitemkind": "Information", "outmsgstructure": "", "outmsgimport": "", "outmsgiscollection": "", "time": "", "costs": "", "costcenter": "", "applyincalc": true, "externaldocuments": [], "risklevel": ""}, "stencil": {"id": "Task"}, "childShapes": [], "outgoing": [], "bounds": {"lowerRight": {"x": 543, "y": 875}, "upperLeft": {"x": 443, "y": 795}}, "dockers": []}, {"resourceId": "sid-84E0721F-B3CF-4240-909D-DA30F07B6A68", "properties": {"name": "", "documentation": "", "auditing": "", "monitoring": "", "conditiontype": "None", "conditionexpression": "", "isimmediate": "", "showdiamondmarker": "", "probability": ""}, "stencil": {"id": "SequenceFlow"}, "childShapes": [], "outgoing": [{"resourceId": "sid-12EBC7E7-EFAC-4124-A54F-9A62AD9D7DE2"}], "bounds": {"lowerRight": {"x": 442.86743845137976905, "y": 812.71886153394655139}, "upperLeft": {"x": 355, "y": 775.322580645161338}}, "dockers": [{"x": 50, "y": 40}, {"x": 367, "y": 779}, {"x": 50, "y": 40}], "target": {"resourceId": "sid-12EBC7E7-EFAC-4124-A54F-9A62AD9D7DE2"}}, {"resourceId": "sid-96EC1BEF-B02F-48CE-ACA5-403DFF691D54", "properties": {"name": "", "documentation": "", "auditing": "", "monitoring": "", "conditiontype": "None", "conditionexpression": "", "isimmediate": "", "showdiamondmarker": "", "probability": ""}, "stencil": {"id": "SequenceFlow"}, "childShapes": [], "outgoing": [{"resourceId": "sid-25744AB9-5564-4E0A-B71E-94CD2DEDF4BC"}], "bounds": {"lowerRight": {"x": 254.89622919819373692, "y": 733.64368770299904554}, "upperLeft": {"x": 175, "y": 693.37284340676467309}}, "dockers": [{"x": 50, "y": 40}, {"x": 205, "y": 707.39654945082349968}, {"x": 50, "y": 40}], "target": {"resourceId": "sid-25744AB9-5564-4E0A-B71E-94CD2DEDF4BC"}}, {"resourceId": "sid-A98EA8BE-E13F-4C69-8514-D7418A2B8479", "properties": {"name": "Inventory and Warehouse Management", "documentation": "", "auditing": "", "monitoring": "", "categories": "", "startquantity": 1, "completionquantity": 1, "isforcompensation": "", "assignments": "", "callacitivity": "", "tasktype": "None", "implementation": "webService", "resources": "", "messageref": "", "operationref": "", "instantiate": "", "script": "", "scriptformat": "", "bgcolor": "#ffffcc", "looptype": "None", "testbefore": "", "loopcondition": "", "loopmaximum": "", "loopcardinality": "", "loopdatainput": "", "loopdataoutput": "", "inputdataitem": "", "outputdataitem": "", "behavior": "all", "complexbehaviordefinition": "", "completioncondition": "", "onebehavioreventref:": "signal", "nonebehavioreventref": "signal", "properties": "", "datainputset": "", "dataoutputset": "", "operationname": "", "inmessagename": "", "inmsgitemkind": "Information", "inmsgstructure": "", "inmsgimport": "", "inmsgiscollection": "", "outmessagename": "", "outmsgitemkind": "Information", "outmsgstructure": "", "outmsgimport": "", "outmsgiscollection": "", "time": "", "costs": "", "costcenter": "", "applyincalc": true, "externaldocuments": [], "risklevel": ""}, "stencil": {"id": "Task"}, "childShapes": [], "outgoing": [], "bounds": {"lowerRight": {"x": 445, "y": 1010}, "upperLeft": {"x": 345, "y": 930}}, "dockers": []}, {"resourceId": "sid-90A381FC-B0BE-4D49-A2A3-AC53F434D6B4", "properties": {"name": "", "documentation": "", "auditing": "", "monitoring": "", "conditiontype": "None", "conditionexpression": "", "isimmediate": "", "showdiamondmarker": "", "probability": ""}, "stencil": {"id": "SequenceFlow"}, "childShapes": [], "outgoing": [{"resourceId": "sid-B1F7A7BA-D26C-405F-B706-4168D000BA79"}], "bounds": {"lowerRight": {"x": 287.85714285714288962, "y": 929.7058549699819423}, "upperLeft": {"x": 232.26891929857916352, "y": 800}}, "dockers": [{"x": 50, "y": 40}, {"x": 50, "y": 40}], "target": {"resourceId": "sid-B1F7A7BA-D26C-405F-B706-4168D000BA79"}}, {"resourceId": "sid-78741100-7402-4ED4-94AE-29471C40C683", "properties": {"name": "", "documentation": "", "auditing": "", "monitoring": "", "conditiontype": "None", "conditionexpression": "", "isimmediate": "", "showdiamondmarker": "", "probability": ""}, "stencil": {"id": "SequenceFlow"}, "childShapes": [], "outgoing": [{"resourceId": "sid-A98EA8BE-E13F-4C69-8514-D7418A2B8479"}], "bounds": {"lowerRight": {"x": 377.73108070142080805, "y": 929.7058549699819423}, "upperLeft": {"x": 322.14285714285711038, "y": 800}}, "dockers": [{"x": 50, "y": 40}, {"x": 50, "y": 40}], "target": {"resourceId": "sid-A98EA8BE-E13F-4C69-8514-D7418A2B8479"}}, {"resourceId": "sid-789FB479-AEB3-46D4-A7BE-C796BF69F6DD", "properties": {"name": "Inventory Sourcing\n\no Availability check\no External Procurement\no In-house production", "documentation": "", "auditing": "", "monitoring": "", "categories": "", "startquantity": 1, "completionquantity": 1, "isforcompensation": "", "assignments": "", "callacitivity": "", "tasktype": "None", "implementation": "webService", "resources": "", "messageref": "", "operationref": "", "instantiate": "", "script": "", "scriptformat": "", "bgcolor": "#ffffcc", "looptype": "None", "testbefore": "", "loopcondition": "", "loopmaximum": "", "loopcardinality": "", "loopdatainput": "", "loopdataoutput": "", "inputdataitem": "", "outputdataitem": "", "behavior": "all", "complexbehaviordefinition": "", "completioncondition": "", "onebehavioreventref:": "signal", "nonebehavioreventref": "signal", "properties": "", "datainputset": "", "dataoutputset": "", "operationname": "", "inmessagename": "", "inmsgitemkind": "Information", "inmsgstructure": "", "inmsgimport": "", "inmsgiscollection": "", "outmessagename": "", "outmsgitemkind": "Information", "outmsgstructure": "", "outmsgimport": "", "outmsgiscollection": "", "time": "", "costs": "", "costcenter": "", "applyincalc": true, "externaldocuments": [], "risklevel": ""}, "stencil": {"id": "Task"}, "childShapes": [], "outgoing": [{"resourceId": "sid-BAB2E658-7FEE-4C8B-9DEF-C8803410595D"}], "bounds": {"lowerRight": {"x": 595, "y": 178}, "upperLeft": {"x": 450, "y": 18}}, "dockers": []}, {"resourceId": "sid-BAB2E658-7FEE-4C8B-9DEF-C8803410595D", "properties": {"name": "", "documentation": "", "auditing": "", "monitoring": "", "conditiontype": "None", "conditionexpression": "", "isimmediate": "", "showdiamondmarker": "", "probability": ""}, "stencil": {"id": "SequenceFlow"}, "childShapes": [], "outgoing": [{"resourceId": "sid-18404F37-8CAC-411A-8443-24E8E6E1AE6C"}], "bounds": {"lowerRight": {"x": 629.7812538580024011, "y": 97.798611111111114269}, "upperLeft": {"x": 595, "y": 97.701996517061104441}}, "dockers": [{"x": 72.5, "y": 80}, {"x": 72.5, "y": 80}], "target": {"resourceId": "sid-18404F37-8CAC-411A-8443-24E8E6E1AE6C"}}], "bounds": {"lowerRight": {"x": 1485, "y": 1110}, "upperLeft": {"x": 0, "y": 0}}, "stencilset": {"url": "/stencilsets/bpmn2.0/bpmn2.0.json?version=5.0.0", "namespace": "http://b3mn.org/stencilset/bpmn2.0#"}, "ssextensions": ["http://oryx-editor.org/stencilsets/extensions/bpmn2.0basicsubset#"], "offset": {"x": 7.5, "y": 0}}