{"revision": {"creationDate": null, "isLastRevision": true, "revisionNumber": 21, "elementCounts": {"total": 176, "Lane": 4, "CollapsedSubprocess": 21, "Association_Undirected": 48, "TextAnnotation": 36, "Pool": 1, "StartNoneEvent": 1, "SequenceFlow": 63, "BPMNDiagram": 1, "Exclusive_Databased_Gateway": 1}, "connectedness": 100}, "model": {"modelId": "1025894190", "modelDate": "2012-08-30", "groupName": "BPMN2.0_Process", "naturalLanguage": "en", "modelName": "1025894190", "TimestampModelCollection": "2012-08-30 14:08:38", "modelingLanguage": "bpmn20", "directoryId": "2085997054", "numberOfRevisions": 21}}