{"resourceId": "canvas", "properties": {"name": "", "documentation": "", "auditing": "", "monitoring": "", "version": "", "author": "", "language": "English", "namespaces": "", "targetnamespace": "http://www.signavio.com/bpmn20", "expressionlanguage": "http://www.w3.org/1999/XPath", "typelanguage": "http://www.w3.org/2001/XMLSchema", "creationdate": "", "modificationdate": "", "orientation": "horizontal"}, "stencil": {"id": "BPMNDiagram"}, "childShapes": [{"resourceId": "sid-259B0A22-AF79-4340-8F93-5619F0F3348C", "properties": {"name": "", "documentation": "", "auditing": "", "monitoring": "", "dataoutputassociations": "", "dataoutput": "", "outputset": "", "bgcolor": "#ffffff", "bordercolor": "#000000", "processid": "", "trigger": "None", "frequency": "", "applyincalc": true}, "stencil": {"id": "StartNoneEvent"}, "childShapes": [], "outgoing": [{"resourceId": "sid-2361A2D4-8385-4E04-AA16-AE38466C8DDA"}], "bounds": {"lowerRight": {"x": 180, "y": 225}, "upperLeft": {"x": 150, "y": 195}}, "dockers": []}, {"resourceId": "sid-00A91761-2332-40D3-BA01-352AFEC12743", "properties": {"processid": "", "name": "Check stock", "documentation": "", "auditing": "", "monitoring": "", "categories": "", "startquantity": 1, "completionquantity": 1, "isforcompensation": "", "assignments": "", "callacitivity": "", "tasktype": "None", "implementation": "webService", "resources": "", "messageref": "", "operationref": "", "instantiate": "", "script": "", "scriptformat": "", "bgcolor": "#ffffcc", "looptype": "None", "testbefore": "", "loopcondition": "", "loopmaximum": "", "loopcardinality": "", "loopdatainput": "", "loopdataoutput": "", "inputdataitem": "", "outputdataitem": "", "behavior": "all", "complexbehaviordefinition": "", "completioncondition": "", "onebehavioreventref:": "signal", "nonebehavioreventref": "signal", "properties": "", "datainputset": "", "dataoutputset": "", "operationname": "", "inmessagename": "", "inmsgitemkind": "Information", "inmsgstructure": "", "inmsgimport": "", "inmsgiscollection": "", "outmessagename": "", "outmsgitemkind": "Information", "outmsgstructure": "", "outmsgimport": "", "outmsgiscollection": "", "bordercolor": "#000000", "time": "", "costs": "", "costcenter": "", "applyincalc": true, "externaldocuments": "", "risklevel": ""}, "stencil": {"id": "Task"}, "childShapes": [], "outgoing": [{"resourceId": "sid-577C1346-ADA8-493A-AA65-4FB185CCB0CE"}], "bounds": {"lowerRight": {"x": 325, "y": 250}, "upperLeft": {"x": 225, "y": 170}}, "dockers": []}, {"resourceId": "sid-2361A2D4-8385-4E04-AA16-AE38466C8DDA", "properties": {"name": "", "documentation": "", "auditing": "", "monitoring": "", "conditiontype": "None", "conditionexpression": "", "isimmediate": "", "showdiamondmarker": "", "bordercolor": "#000000", "probability": ""}, "stencil": {"id": "SequenceFlow"}, "childShapes": [], "outgoing": [{"resourceId": "sid-00A91761-2332-40D3-BA01-352AFEC12743"}], "bounds": {"lowerRight": {"x": 224.15625, "y": 210}, "upperLeft": {"x": 180.609375, "y": 210}}, "dockers": [{"x": 15, "y": 15}, {"x": 50, "y": 40}], "target": {"resourceId": "sid-00A91761-2332-40D3-BA01-352AFEC12743"}}, {"resourceId": "sid-1FBE1A92-30B1-42CB-8894-F27F2BFA1250", "properties": {"name": "", "documentation": "", "auditing": "", "monitoring": "", "categories": "", "assignments": "", "pool": "", "lanes": "", "gates": "", "gates_outgoingsequenceflow": "", "gates_assignments": "", "bgcolor": "#ffffff", "processid": "", "gatewaytype": "XOR", "xortype": "Data", "markervisible": "true", "defaultgate": "", "gate_outgoingsequenceflow": "", "gate_assignments": "", "bordercolor": "#000000"}, "stencil": {"id": "Exclusive_Databased_Gateway"}, "childShapes": [], "outgoing": [{"resourceId": "sid-54A55992-D3F3-49FE-8060-55BF990CC256"}, {"resourceId": "sid-9247F1A5-A331-48A3-9941-1F528B73C6E9"}, {"resourceId": "sid-F88AC256-0433-46AB-98FA-7183EDF8AF80"}], "bounds": {"lowerRight": {"x": 410, "y": 230}, "upperLeft": {"x": 370, "y": 190}}, "dockers": []}, {"resourceId": "sid-577C1346-ADA8-493A-AA65-4FB185CCB0CE", "properties": {"name": "", "documentation": "", "auditing": "", "monitoring": "", "conditiontype": "None", "conditionexpression": "", "isimmediate": "", "showdiamondmarker": "", "bordercolor": "#000000", "probability": ""}, "stencil": {"id": "SequenceFlow"}, "childShapes": [], "outgoing": [{"resourceId": "sid-1FBE1A92-30B1-42CB-8894-F27F2BFA1250"}], "bounds": {"lowerRight": {"x": 369.64844687000754675, "y": 210.40973353623380149}, "upperLeft": {"x": 325, "y": 210.21645021645022666}}, "dockers": [{"x": 50, "y": 40}, {"x": 20.5, "y": 20.5}], "target": {"resourceId": "sid-1FBE1A92-30B1-42CB-8894-F27F2BFA1250"}}, {"resourceId": "sid-B075DEC4-F509-4819-828A-E97896E92C8A", "properties": {"name": "", "documentation": "", "auditing": "", "monitoring": "", "categories": "", "pool": "", "lanes": "", "text": "Missing stock?", "textformat": "text/plain", "bordercolor": "#000000"}, "stencil": {"id": "TextAnnotation"}, "childShapes": [], "outgoing": [], "bounds": {"lowerRight": {"x": 550, "y": 235}, "upperLeft": {"x": 450, "y": 185}}, "dockers": []}, {"resourceId": "sid-54A55992-D3F3-49FE-8060-55BF990CC256", "properties": {"assignments": "", "transformation": "", "bordercolor": "#000000", "type": "none"}, "stencil": {"id": "Association_Undirected"}, "childShapes": [], "outgoing": [{"resourceId": "sid-B075DEC4-F509-4819-828A-E97896E92C8A"}], "bounds": {"lowerRight": {"x": 449.05499471442584536, "y": 210.00646422845684924}, "upperLeft": {"x": 410.40594278557415464, "y": 209.04822327154315076}}, "dockers": [{"x": 20.5, "y": 20.5}, {"x": 1, "y": 24}], "target": {"resourceId": "sid-B075DEC4-F509-4819-828A-E97896E92C8A"}}, {"resourceId": "sid-79B791E9-464E-461E-810D-B82A06A0AAFC", "properties": {"processid": "", "name": "Asses missing amount", "documentation": "", "auditing": "", "monitoring": "", "categories": "", "startquantity": 1, "completionquantity": 1, "isforcompensation": "", "assignments": "", "callacitivity": "", "tasktype": "None", "implementation": "webService", "resources": "", "messageref": "", "operationref": "", "instantiate": "", "script": "", "scriptformat": "", "bgcolor": "#ffffcc", "looptype": "None", "testbefore": "", "loopcondition": "", "loopmaximum": "", "loopcardinality": "", "loopdatainput": "", "loopdataoutput": "", "inputdataitem": "", "outputdataitem": "", "behavior": "all", "complexbehaviordefinition": "", "completioncondition": "", "onebehavioreventref:": "signal", "nonebehavioreventref": "signal", "properties": "", "datainputset": "", "dataoutputset": "", "operationname": "", "inmessagename": "", "inmsgitemkind": "Information", "inmsgstructure": "", "inmsgimport": "", "inmsgiscollection": "", "outmessagename": "", "outmsgitemkind": "Information", "outmsgstructure": "", "outmsgimport": "", "outmsgiscollection": "", "bordercolor": "#000000", "time": "", "costs": "", "costcenter": "", "applyincalc": true, "externaldocuments": "", "risklevel": ""}, "stencil": {"id": "Task"}, "childShapes": [], "outgoing": [{"resourceId": "sid-417074A5-5AFC-4667-A481-5F4F56F6890D"}], "bounds": {"lowerRight": {"x": 550, "y": 155}, "upperLeft": {"x": 450, "y": 75}}, "dockers": []}, {"resourceId": "sid-9247F1A5-A331-48A3-9941-1F528B73C6E9", "properties": {"name": "Yes", "documentation": "", "auditing": "", "monitoring": "", "conditiontype": "None", "conditionexpression": "", "isimmediate": "", "showdiamondmarker": "", "bordercolor": "#000000", "probability": ""}, "stencil": {"id": "SequenceFlow"}, "childShapes": [], "outgoing": [{"resourceId": "sid-79B791E9-464E-461E-810D-B82A06A0AAFC"}], "bounds": {"lowerRight": {"x": 449.3828125, "y": 189.35546875}, "upperLeft": {"x": 390.5, "y": 115}}, "dockers": [{"x": 20.5, "y": 20.5}, {"x": 390.5, "y": 115}, {"x": 50, "y": 40}], "target": {"resourceId": "sid-79B791E9-464E-461E-810D-B82A06A0AAFC"}}, {"resourceId": "sid-0416C43F-C5D2-4641-9C7F-D2E07E3D5F9C", "properties": {"name": "", "documentation": "", "auditing": "", "monitoring": "", "datainputassociations": "", "datainput": "", "inputset": "", "bgcolor": "#ffffff", "bordercolor": "#000000", "trigger": "None"}, "stencil": {"id": "EndNoneEvent"}, "childShapes": [], "outgoing": [], "bounds": {"lowerRight": {"x": 404, "y": 313}, "upperLeft": {"x": 376, "y": 285}}, "dockers": []}, {"resourceId": "sid-F88AC256-0433-46AB-98FA-7183EDF8AF80", "properties": {"name": "No", "documentation": "", "auditing": "", "monitoring": "", "conditiontype": "None", "conditionexpression": "", "isimmediate": "", "showdiamondmarker": "", "bordercolor": "#000000", "probability": ""}, "stencil": {"id": "SequenceFlow"}, "childShapes": [], "outgoing": [{"resourceId": "sid-0416C43F-C5D2-4641-9C7F-D2E07E3D5F9C"}], "bounds": {"lowerRight": {"x": 390.38497537265124038, "y": 284.17189095927193421}, "upperLeft": {"x": 390.08377462734875962, "y": 230.85935904072806579}}, "dockers": [{"x": 20.5, "y": 20.5}, {"x": 14, "y": 14}], "target": {"resourceId": "sid-0416C43F-C5D2-4641-9C7F-D2E07E3D5F9C"}}, {"resourceId": "sid-1ACC2299-C5FB-4E1F-960D-81711270EAAB", "properties": {"processid": "", "name": "Create Bike Order ", "documentation": "", "auditing": "", "monitoring": "", "categories": "", "startquantity": 1, "completionquantity": 1, "isforcompensation": "", "assignments": "", "callacitivity": "", "tasktype": "None", "implementation": "webService", "resources": "", "messageref": "", "operationref": "", "instantiate": "", "script": "", "scriptformat": "", "bgcolor": "#ffffcc", "looptype": "None", "testbefore": "", "loopcondition": "", "loopmaximum": "", "loopcardinality": "", "loopdatainput": "", "loopdataoutput": "", "inputdataitem": "", "outputdataitem": "", "behavior": "all", "complexbehaviordefinition": "", "completioncondition": "", "onebehavioreventref:": "signal", "nonebehavioreventref": "signal", "properties": "", "datainputset": "", "dataoutputset": "", "operationname": "", "inmessagename": "", "inmsgitemkind": "Information", "inmsgstructure": "", "inmsgimport": "", "inmsgiscollection": "", "outmessagename": "", "outmsgitemkind": "Information", "outmsgstructure": "", "outmsgimport": "", "outmsgiscollection": "", "bordercolor": "#000000", "time": "", "costs": "", "costcenter": "", "applyincalc": true, "externaldocuments": "", "risklevel": ""}, "stencil": {"id": "Task"}, "childShapes": [], "outgoing": [{"resourceId": "sid-0FF8A9AD-E416-48C2-93BC-5B488EB03E38"}, {"resourceId": "sid-82097822-0923-4923-A9C3-3AF1A050AF2B"}], "bounds": {"lowerRight": {"x": 695, "y": 155}, "upperLeft": {"x": 595, "y": 75}}, "dockers": []}, {"resourceId": "sid-417074A5-5AFC-4667-A481-5F4F56F6890D", "properties": {"name": "", "documentation": "", "auditing": "", "monitoring": "", "conditiontype": "None", "conditionexpression": "", "isimmediate": "", "showdiamondmarker": "", "bordercolor": "#000000", "probability": ""}, "stencil": {"id": "SequenceFlow"}, "childShapes": [], "outgoing": [{"resourceId": "sid-1ACC2299-C5FB-4E1F-960D-81711270EAAB"}], "bounds": {"lowerRight": {"x": 594.15625, "y": 115}, "upperLeft": {"x": 550, "y": 115}}, "dockers": [{"x": 50, "y": 40}, {"x": 50, "y": 40}], "target": {"resourceId": "sid-1ACC2299-C5FB-4E1F-960D-81711270EAAB"}}, {"resourceId": "sid-E737E947-64E9-4611-9F91-248B21206149", "properties": {"name": "", "documentation": "", "auditing": "", "monitoring": "", "datainputassociations": "", "datainput": "", "inputset": "", "messagename": "", "operationname": "", "bgcolor": "#ffffff", "trigger": "Message", "bordercolor": "#000000", "time": "", "costs": "", "costcenter": "", "applyincalc": true}, "stencil": {"id": "IntermediateMessageEventThrowing"}, "childShapes": [], "outgoing": [{"resourceId": "sid-791A79E4-5441-4F50-B321-52158F79C361"}, {"resourceId": "sid-D8267076-F113-45D2-AF8F-97EAC70D8B97"}], "bounds": {"lowerRight": {"x": 765, "y": 130}, "upperLeft": {"x": 735, "y": 100}}, "dockers": [{"x": 750, "y": 115}]}, {"resourceId": "sid-0FF8A9AD-E416-48C2-93BC-5B488EB03E38", "properties": {"name": "", "documentation": "", "auditing": "", "monitoring": "", "conditiontype": "None", "conditionexpression": "", "isimmediate": "", "showdiamondmarker": "", "bordercolor": "#000000", "probability": ""}, "stencil": {"id": "SequenceFlow"}, "childShapes": [], "outgoing": [{"resourceId": "sid-E737E947-64E9-4611-9F91-248B21206149"}], "bounds": {"lowerRight": {"x": 734.234375, "y": 115}, "upperLeft": {"x": 695, "y": 115}}, "dockers": [{"x": 50, "y": 40}, {"x": 15, "y": 15}], "target": {"resourceId": "sid-E737E947-64E9-4611-9F91-248B21206149"}}, {"resourceId": "sid-A8AD126D-FFA2-44F0-A183-D188E11F5E05", "properties": {"name": "Bike Order ", "documentation": "", "auditing": "", "monitoring": "", "categories": "", "properties": "", "bgcolor": "#ffffff", "state": "", "input_output": "None", "iscollection": "", "bordercolor": "#000000"}, "stencil": {"id": "DataObject"}, "childShapes": [], "outgoing": [{"resourceId": "sid-AF46D81C-9F72-4466-B46E-2D83CB796C2A"}], "bounds": {"lowerRight": {"x": 813, "y": 282}, "upperLeft": {"x": 725, "y": 185}}, "dockers": []}, {"resourceId": "sid-82097822-0923-4923-A9C3-3AF1A050AF2B", "properties": {"assignments": "", "transformation": "", "text": "", "bordercolor": "#000000"}, "stencil": {"id": "Association_Unidirectional"}, "childShapes": [], "outgoing": [{"resourceId": "sid-A8AD126D-FFA2-44F0-A183-D188E11F5E05"}], "bounds": {"lowerRight": {"x": 724.68329166680211983, "y": 191.14895211706490841}, "upperLeft": {"x": 686.85654008438814344, "y": 155}}, "dockers": [{"x": 50, "y": 40}, {"x": 44, "y": 48.5}], "target": {"resourceId": "sid-A8AD126D-FFA2-44F0-A183-D188E11F5E05"}}, {"resourceId": "sid-AF46D81C-9F72-4466-B46E-2D83CB796C2A", "properties": {"assignments": "", "transformation": "", "text": "", "bordercolor": "#000000"}, "stencil": {"id": "Association_Unidirectional"}, "childShapes": [], "outgoing": [{"resourceId": "sid-E737E947-64E9-4611-9F91-248B21206149"}], "bounds": {"lowerRight": {"x": 761.12293453111965391, "y": 184.37198641777251851}, "upperLeft": {"x": 752.38487796888034609, "y": 129.87410733222748149}}, "dockers": [{"x": 44, "y": 48.5}, {"x": 15, "y": 15}], "target": {"resourceId": "sid-E737E947-64E9-4611-9F91-248B21206149"}}, {"resourceId": "sid-9C81D177-CCF5-4F85-9A67-E464668CE3E0", "properties": {"processid": "", "name": "Receive Bike ", "documentation": "", "auditing": "", "monitoring": "", "categories": "", "startquantity": 1, "completionquantity": 1, "isforcompensation": "", "assignments": "", "callacitivity": "", "tasktype": "None", "implementation": "webService", "resources": "", "messageref": "", "operationref": "", "instantiate": "", "script": "", "scriptformat": "", "bgcolor": "#ffffcc", "looptype": "None", "testbefore": "", "loopcondition": "", "loopmaximum": "", "loopcardinality": "", "loopdatainput": "", "loopdataoutput": "", "inputdataitem": "", "outputdataitem": "", "behavior": "all", "complexbehaviordefinition": "", "completioncondition": "", "onebehavioreventref:": "signal", "nonebehavioreventref": "signal", "properties": "", "datainputset": "", "dataoutputset": "", "operationname": "", "inmessagename": "", "inmsgitemkind": "Information", "inmsgstructure": "", "inmsgimport": "", "inmsgiscollection": "", "outmessagename": "", "outmsgitemkind": "Information", "outmsgstructure": "", "outmsgimport": "", "outmsgiscollection": "", "bordercolor": "#000000", "time": "", "costs": "", "costcenter": "", "applyincalc": true, "externaldocuments": "", "risklevel": ""}, "stencil": {"id": "Task"}, "childShapes": [], "outgoing": [{"resourceId": "sid-F8D76063-DD2B-488D-BBCB-640920837DCB"}], "bounds": {"lowerRight": {"x": 910, "y": 155}, "upperLeft": {"x": 810, "y": 75}}, "dockers": []}, {"resourceId": "sid-791A79E4-5441-4F50-B321-52158F79C361", "properties": {"name": "", "documentation": "", "auditing": "", "monitoring": "", "conditiontype": "None", "conditionexpression": "", "isimmediate": "", "showdiamondmarker": "", "bordercolor": "#000000", "probability": ""}, "stencil": {"id": "SequenceFlow"}, "childShapes": [], "outgoing": [{"resourceId": "sid-9C81D177-CCF5-4F85-9A67-E464668CE3E0"}], "bounds": {"lowerRight": {"x": 809.15625, "y": 115}, "upperLeft": {"x": 765.609375, "y": 115}}, "dockers": [{"x": 15, "y": 15}, {"x": 50, "y": 40}], "target": {"resourceId": "sid-9C81D177-CCF5-4F85-9A67-E464668CE3E0"}}, {"resourceId": "sid-E6FCF263-7153-4AEB-80EF-8F8B7C9DD46A", "properties": {"name": "", "documentation": "", "auditing": "", "monitoring": "", "categories": "", "pool": "", "lanes": "", "text": "Place Order Message ", "textformat": "text/plain", "bordercolor": "#000000"}, "stencil": {"id": "TextAnnotation"}, "childShapes": [], "outgoing": [], "bounds": {"lowerRight": {"x": 800, "y": 50}, "upperLeft": {"x": 700, "y": 0}}, "dockers": []}, {"resourceId": "sid-D8267076-F113-45D2-AF8F-97EAC70D8B97", "properties": {"assignments": "", "transformation": "", "bordercolor": "#000000", "type": "none"}, "stencil": {"id": "Association_Undirected"}, "childShapes": [], "outgoing": [{"resourceId": "sid-E6FCF263-7153-4AEB-80EF-8F8B7C9DD46A"}], "bounds": {"lowerRight": {"x": 742.635275176965024, "y": 101.32265390007782457}, "upperLeft": {"x": 714.489724823034976, "y": 49.052346099922175426}}, "dockers": [{"x": 15, "y": 15}, {"x": 1, "y": 24}], "target": {"resourceId": "sid-E6FCF263-7153-4AEB-80EF-8F8B7C9DD46A"}}, {"resourceId": "sid-27ACD6BA-1F2C-4B0F-845A-F0261CA55A97", "properties": {"processid": "", "name": "Pay for bike", "documentation": "", "auditing": "", "monitoring": "", "categories": "", "startquantity": 1, "completionquantity": 1, "isforcompensation": "", "assignments": "", "callacitivity": "", "tasktype": "None", "implementation": "webService", "resources": "", "messageref": "", "operationref": "", "instantiate": "", "script": "", "scriptformat": "", "bgcolor": "#ffffcc", "looptype": "None", "testbefore": "", "loopcondition": "", "loopmaximum": "", "loopcardinality": "", "loopdatainput": "", "loopdataoutput": "", "inputdataitem": "", "outputdataitem": "", "behavior": "all", "complexbehaviordefinition": "", "completioncondition": "", "onebehavioreventref:": "signal", "nonebehavioreventref": "signal", "properties": "", "datainputset": "", "dataoutputset": "", "operationname": "", "inmessagename": "", "inmsgitemkind": "Information", "inmsgstructure": "", "inmsgimport": "", "inmsgiscollection": "", "outmessagename": "", "outmsgitemkind": "Information", "outmsgstructure": "", "outmsgimport": "", "outmsgiscollection": "", "bordercolor": "#000000", "time": "", "costs": "", "costcenter": "", "applyincalc": true, "externaldocuments": "", "risklevel": ""}, "stencil": {"id": "Task"}, "childShapes": [], "outgoing": [{"resourceId": "sid-7A9B60AB-4829-4DB1-88B8-FF2AD91CFC95"}], "bounds": {"lowerRight": {"x": 1055, "y": 155}, "upperLeft": {"x": 955, "y": 75}}, "dockers": []}, {"resourceId": "sid-F8D76063-DD2B-488D-BBCB-640920837DCB", "properties": {"name": "", "documentation": "", "auditing": "", "monitoring": "", "conditiontype": "None", "conditionexpression": "", "isimmediate": "", "showdiamondmarker": "", "bordercolor": "#000000", "probability": ""}, "stencil": {"id": "SequenceFlow"}, "childShapes": [], "outgoing": [{"resourceId": "sid-27ACD6BA-1F2C-4B0F-845A-F0261CA55A97"}], "bounds": {"lowerRight": {"x": 954.15625, "y": 115}, "upperLeft": {"x": 910, "y": 115}}, "dockers": [{"x": 50, "y": 40}, {"x": 50, "y": 40}], "target": {"resourceId": "sid-27ACD6BA-1F2C-4B0F-845A-F0261CA55A97"}}, {"resourceId": "sid-B7F4CCE7-7F87-4E77-833B-105EA6784C3F", "properties": {"name": "", "documentation": "", "auditing": "", "monitoring": "", "datainputassociations": "", "datainput": "", "inputset": "", "bgcolor": "#ffffff", "bordercolor": "#000000", "trigger": "None"}, "stencil": {"id": "EndNoneEvent"}, "childShapes": [], "outgoing": [], "bounds": {"lowerRight": {"x": 1128, "y": 129}, "upperLeft": {"x": 1100, "y": 101}}, "dockers": []}, {"resourceId": "sid-7A9B60AB-4829-4DB1-88B8-FF2AD91CFC95", "properties": {"name": "", "documentation": "", "auditing": "", "monitoring": "", "conditiontype": "None", "conditionexpression": "", "isimmediate": "", "showdiamondmarker": "", "bordercolor": "#000000", "probability": ""}, "stencil": {"id": "SequenceFlow"}, "childShapes": [], "outgoing": [{"resourceId": "sid-B7F4CCE7-7F87-4E77-833B-105EA6784C3F"}], "bounds": {"lowerRight": {"x": 1099.375, "y": 115}, "upperLeft": {"x": 1055, "y": 115}}, "dockers": [{"x": 50, "y": 40}, {"x": 14, "y": 14}], "target": {"resourceId": "sid-B7F4CCE7-7F87-4E77-833B-105EA6784C3F"}}], "bounds": {"lowerRight": {"x": 1485, "y": 1050}, "upperLeft": {"x": 0, "y": 0}}, "stencilset": {"url": "/stencilsets/bpmn2.0/bpmn2.0.json?version=5.4.1", "namespace": "http://b3mn.org/stencilset/bpmn2.0#"}, "ssextensions": []}