{"revision": {"creationDate": null, "isLastRevision": true, "revisionNumber": 1, "elementCounts": {"total": 162, "EventbasedGateway": 4, "IntermediateConditionalEvent": 5, "StartNoneEvent": 1, "SequenceFlow": 90, "Task": 30, "EndNoneEvent": 1, "BPMNDiagram": 1, "Exclusive_Databased_Gateway": 28, "InclusiveGateway": 2}, "connectedness": 56}, "model": {"modelId": "1027737581", "modelDate": "2012-08-30", "groupName": "BPMN2.0_Process", "naturalLanguage": "en", "modelName": "1027737581", "TimestampModelCollection": "2012-08-30 14:08:38", "modelingLanguage": "bpmn20", "directoryId": "2089925106", "numberOfRevisions": 1}}