{"revision": {"creationDate": null, "isLastRevision": true, "revisionNumber": 10, "elementCounts": {"total": 74, "Lane": 4, "IntermediateTimerEvent": 1, "IntermediateErrorEvent": 1, "Pool": 2, "StartNoneEvent": 1, "MessageFlow": 3, "Association_Undirected": 2, "TextAnnotation": 2, "SequenceFlow": 31, "Task": 17, "EndNoneEvent": 1, "BPMNDiagram": 1, "Exclusive_Databased_Gateway": 4, "ParallelGateway": 2, "IntermediateMessageEventThrowing": 2}, "connectedness": 100}, "model": {"modelId": "1027478418", "modelDate": "2011-05-16", "groupName": "BPMN2.0_Process", "naturalLanguage": "en", "modelName": "Absolvovanie predmetu", "TimestampModelCollection": "2012-08-30 14:08:38", "modelingLanguage": "bpmn20", "directoryId": "1500495179", "numberOfRevisions": 10}}