{"revision": {"creationDate": null, "isLastRevision": true, "revisionNumber": 11, "elementCounts": {"total": 233, "IntermediateTimerEvent": 3, "Lane": 11, "IntermediateMessageEventCatching": 3, "EventbasedGateway": 2, "StartNoneEvent": 2, "Pool": 2, "MessageFlow": 1, "StartMessageEvent": 1, "SequenceFlow": 118, "Task": 49, "EndNoneEvent": 1, "Exclusive_Databased_Gateway": 20, "BPMNDiagram": 1, "ParallelGateway": 12, "IntermediateMessageEventThrowing": 1, "EndTerminateEvent": 6}, "connectedness": 99}, "model": {"modelId": "1027569574", "modelDate": "2012-08-30", "groupName": "BPMN2.0_Process", "naturalLanguage": "en", "modelName": "1027569574", "TimestampModelCollection": "2012-08-30 14:08:38", "modelingLanguage": "bpmn20", "directoryId": "793925407", "numberOfRevisions": 11}}