{"revision": {"creationDate": null, "isLastRevision": true, "revisionNumber": 7, "elementCounts": {"total": 40, "Lane": 3, "Pool": 3, "StartNoneEvent": 1, "MessageFlow": 3, "InclusiveGateway": 1, "Association_Undirected": 3, "TextAnnotation": 3, "SequenceFlow": 13, "Task": 4, "EndNoneEvent": 1, "BPMNDiagram": 1, "Exclusive_Databased_Gateway": 3, "IntermediateMessageEventThrowing": 1}, "connectedness": 95}, "model": {"modelId": "1028168740", "modelDate": "2012-04-10", "groupName": "BPMN2.0_Process", "naturalLanguage": "en", "modelName": "9. Service complaints", "TimestampModelCollection": "2012-08-30 14:08:38", "modelingLanguage": "bpmn20", "directoryId": "1364290478", "numberOfRevisions": 7}}