{"bounds": {"lowerRight": {"y": 1073.5620052770450457, "x": 2702}, "upperLeft": {"y": 0, "x": 0}}, "resourceId": "canvas", "childShapes": [{"dockers": [], "bounds": {"lowerRight": {"y": 392, "x": 2602}, "upperLeft": {"y": 221, "x": 60}}, "resourceId": "sid-B3626036-5429-4BD7-BC36-E42A9323B8C7", "layers": [], "labels": [], "childShapes": [{"dockers": [], "bounds": {"lowerRight": {"y": 171, "x": 2542}, "upperLeft": {"y": 0, "x": 30}}, "resourceId": "sid-A576D5EC-3B4D-45CF-9746-E546A2072E73", "layers": [], "labels": [], "childShapes": [{"dockers": [{"y": 75, "x": 510}], "bounds": {"lowerRight": {"y": 90, "x": 525}, "upperLeft": {"y": 60, "x": 495}}, "resourceId": "sid-1AB7DC19-A5D1-4BCD-81F5-B7303D694FE2", "layers": [], "labels": [], "childShapes": [], "properties": {"trigger": "Message", "bordercolor": "#000000", "monitoring": "", "operationname": "", "name": "G", "documentation": "", "messagename": "", "auditing": "", "boundarycancelactivity2": "true", "bgcolor": "#ffffff"}, "stencil": {"id": "IntermediateMessageEventCatching"}, "outgoing": [{"resourceId": "sid-6C103F8D-308E-4099-9615-FD42852FCA4A"}], "glossaryLinks": {}, "formats": {}}, {"dockers": [], "bounds": {"lowerRight": {"y": 115, "x": 670}, "upperLeft": {"y": 35, "x": 570}}, "resourceId": "sid-B5AB33BE-ACD9-4AD4-97CE-C37A4618875C", "layers": [], "labels": [], "childShapes": [], "properties": {"resources": "", "outmsgstructure": "", "applyincalc": "true", "loopcardinality": "", "outmessagename": "", "inmessagename": "", "bgcolor": "#ffffcc", "bordercolor": "#000000", "time": "", "loopdataoutput": "", "testbefore": "false", "callacitivity": "false", "outmsgiscollection": "false", "monitoring": "", "operationname": "", "dataoutputset": "", "completionquantity": "1", "properties": "", "script": "", "assignments": "", "nonebehavioreventref": "signal", "scriptformat": "", "datainputset": "", "processid": "", "startquantity": "1", "tasktype": "None", "looptype": "None", "instantiate": "false", "behavior": "all", "inmsgimport": "", "costs": "", "inputdataitem": "", "loopdatainput": "", "name": "H", "outmsgitemkind": "Information", "costcenter": "", "completioncondition": "", "isforcompensation": "false", "inmsgiscollection": "false", "inmsgitemkind": "Information", "inmsgstructure": "", "outputdataitem": "", "messageref": "", "loopcondition": "", "onebehavioreventref:": "signal", "implementation": "webService", "operationref": "", "outmsgimport": "", "documentation": "", "categories": "", "auditing": "", "complexbehaviordefinition": ""}, "stencil": {"id": "Task"}, "outgoing": [], "glossaryLinks": {}, "formats": {}}, {"dockers": [{"y": 75, "x": 1500}], "bounds": {"lowerRight": {"y": 90, "x": 1515}, "upperLeft": {"y": 60, "x": 1485}}, "resourceId": "sid-914A81E6-A547-4F33-9021-46CEF580B0E8", "layers": [], "labels": [], "childShapes": [], "properties": {"trigger": "Message", "bordercolor": "#000000", "monitoring": "", "operationname": "", "name": "I", "documentation": "", "messagename": "", "auditing": "", "boundarycancelactivity2": "true", "bgcolor": "#ffffff"}, "stencil": {"id": "IntermediateMessageEventCatching"}, "outgoing": [{"resourceId": "sid-3B8E3323-4EBB-4509-917A-A4E46ADD324F"}], "glossaryLinks": {}, "formats": {}}, {"dockers": [], "bounds": {"lowerRight": {"y": 115, "x": 1660}, "upperLeft": {"y": 35, "x": 1560}}, "resourceId": "sid-57A23B7E-9A45-4718-AC40-3CAECC2160E0", "layers": [], "labels": [], "childShapes": [], "properties": {"resources": "", "outmsgstructure": "", "applyincalc": "true", "loopcardinality": "", "outmessagename": "", "inmessagename": "", "bgcolor": "#ffffcc", "bordercolor": "#000000", "time": "", "loopdataoutput": "", "testbefore": "false", "callacitivity": "false", "outmsgiscollection": "false", "monitoring": "", "operationname": "", "dataoutputset": "", "completionquantity": "1", "properties": "", "script": "", "assignments": "", "nonebehavioreventref": "signal", "scriptformat": "", "datainputset": "", "processid": "", "startquantity": "1", "tasktype": "None", "looptype": "None", "instantiate": "false", "behavior": "all", "inmsgimport": "", "costs": "", "inputdataitem": "", "loopdatainput": "", "name": "J", "outmsgitemkind": "Information", "costcenter": "", "completioncondition": "", "isforcompensation": "false", "inmsgiscollection": "false", "inmsgitemkind": "Information", "inmsgstructure": "", "outputdataitem": "", "messageref": "", "loopcondition": "", "onebehavioreventref:": "signal", "implementation": "webService", "operationref": "", "outmsgimport": "", "documentation": "", "categories": "", "auditing": "", "complexbehaviordefinition": ""}, "stencil": {"id": "Task"}, "outgoing": [{"resourceId": "sid-DC65FD64-ACA6-4B2B-823D-26D6B8EDD5DE"}], "glossaryLinks": {}, "formats": {}}, {"dockers": [{"y": 75, "x": 1740}], "bounds": {"lowerRight": {"y": 90, "x": 1755}, "upperLeft": {"y": 60, "x": 1725}}, "resourceId": "sid-E1F45ECD-E422-421A-BD92-F3267299951C", "layers": [], "labels": [], "childShapes": [], "properties": {"trigger": "Message", "monitoring": "", "operationname": "", "applyincalc": "true", "costs": "", "bgcolor": "#ffffff", "inputset": "", "bordercolor": "#000000", "time": "", "datainputassociations": "", "name": "K", "documentation": "", "costcenter": "", "messagename": "", "datainput": "", "auditing": ""}, "stencil": {"id": "IntermediateMessageEventThrowing"}, "outgoing": [{"resourceId": "sid-B1B076A8-6367-4C47-B5C1-7D4851720261"}], "glossaryLinks": {}, "formats": {}}, {"dockers": [{"y": 75, "x": 1980}], "bounds": {"lowerRight": {"y": 90, "x": 1995}, "upperLeft": {"y": 60, "x": 1965}}, "resourceId": "sid-A6B06C4B-2AFC-4D5F-8992-B69A7C45D15E", "layers": [], "labels": [], "childShapes": [], "properties": {"trigger": "Message", "bordercolor": "#000000", "monitoring": "", "operationname": "", "name": "L", "documentation": "", "messagename": "", "auditing": "", "boundarycancelactivity2": "true", "bgcolor": "#ffffff"}, "stencil": {"id": "IntermediateMessageEventCatching"}, "outgoing": [{"resourceId": "sid-DC12DB03-E22D-44E7-A461-0AC54F7953A7"}], "glossaryLinks": {}, "formats": {}}, {"dockers": [], "bounds": {"lowerRight": {"y": 115, "x": 2170}, "upperLeft": {"y": 35, "x": 2070}}, "resourceId": "sid-DD4CCE42-B365-45D2-B3B5-9583AB0EECCA", "layers": [], "labels": [], "childShapes": [], "properties": {"resources": "", "outmsgstructure": "", "applyincalc": "true", "loopcardinality": "", "outmessagename": "", "inmessagename": "", "bgcolor": "#ffffcc", "bordercolor": "#000000", "time": "", "loopdataoutput": "", "testbefore": "false", "callacitivity": "false", "outmsgiscollection": "false", "monitoring": "", "operationname": "", "dataoutputset": "", "completionquantity": "1", "properties": "", "script": "", "assignments": "", "nonebehavioreventref": "signal", "scriptformat": "", "datainputset": "", "processid": "", "startquantity": "1", "tasktype": "None", "looptype": "None", "instantiate": "false", "behavior": "all", "inmsgimport": "", "costs": "", "inputdataitem": "", "loopdatainput": "", "name": "M", "outmsgitemkind": "Information", "costcenter": "", "completioncondition": "", "isforcompensation": "false", "inmsgiscollection": "false", "inmsgitemkind": "Information", "inmsgstructure": "", "outputdataitem": "", "messageref": "", "loopcondition": "", "onebehavioreventref:": "signal", "implementation": "webService", "operationref": "", "outmsgimport": "", "documentation": "", "categories": "", "auditing": "", "complexbehaviordefinition": ""}, "stencil": {"id": "Task"}, "outgoing": [{"resourceId": "sid-5606123D-799A-43D6-B802-B40AAA3FBCFD"}], "glossaryLinks": {}, "formats": {}}, {"dockers": [], "bounds": {"lowerRight": {"y": 90, "x": 2265}, "upperLeft": {"y": 60, "x": 2235}}, "resourceId": "sid-1BC1D37C-A598-47F7-93FF-4454DD4F353B", "layers": [], "labels": [], "childShapes": [], "properties": {"trigger": "Timer", "monitoring": "", "outputset": "", "applyincalc": "true", "frequency": "", "bgcolor": "#ffffff", "isinterrupting": "true", "timeduration": "", "bordercolor": "#000000", "dataoutputassociations": "", "timedate": "", "name": "N", "dataoutput": "", "documentation": "", "timecycle": "", "auditing": "", "processid": ""}, "stencil": {"id": "StartTimerEvent"}, "outgoing": [{"resourceId": "sid-4B40423D-5B8D-41A2-939A-975322F50BC9"}], "glossaryLinks": {}, "formats": {}}, {"dockers": [], "bounds": {"lowerRight": {"y": 115, "x": 2410}, "upperLeft": {"y": 35, "x": 2310}}, "resourceId": "sid-71DD1F87-9A28-4862-9894-2049817C04F0", "layers": [], "labels": [], "childShapes": [], "properties": {"resources": "", "outmsgstructure": "", "applyincalc": "true", "loopcardinality": "", "outmessagename": "", "inmessagename": "", "bgcolor": "#ffffcc", "bordercolor": "#000000", "time": "", "loopdataoutput": "", "testbefore": "false", "callacitivity": "false", "outmsgiscollection": "false", "monitoring": "", "operationname": "", "dataoutputset": "", "completionquantity": "1", "properties": "", "script": "", "assignments": "", "nonebehavioreventref": "signal", "scriptformat": "", "datainputset": "", "processid": "", "startquantity": "1", "tasktype": "None", "looptype": "None", "instantiate": "false", "behavior": "all", "inmsgimport": "", "costs": "", "inputdataitem": "", "loopdatainput": "", "name": "O", "outmsgitemkind": "Information", "costcenter": "", "completioncondition": "", "isforcompensation": "false", "inmsgiscollection": "false", "inmsgitemkind": "Information", "inmsgstructure": "", "outputdataitem": "", "messageref": "", "loopcondition": "", "onebehavioreventref:": "signal", "implementation": "webService", "operationref": "", "outmsgimport": "", "documentation": "", "categories": "", "auditing": "", "complexbehaviordefinition": ""}, "stencil": {"id": "Task"}, "outgoing": [{"resourceId": "sid-5C90FE21-9194-49F6-8E76-ED4D1BB4BE40"}], "glossaryLinks": {}, "formats": {}}, {"dockers": [], "bounds": {"lowerRight": {"y": 89, "x": 2488}, "upperLeft": {"y": 61, "x": 2460}}, "resourceId": "sid-18F61ED8-A23C-4AB9-A015-BB4BB1BA7EA6", "layers": [], "labels": [], "childShapes": [], "properties": {"inputset": "", "trigger": "None", "bordercolor": "#000000", "monitoring": "", "datainputassociations": "", "name": "P", "documentation": "", "auditing": "", "datainput": "", "bgcolor": "#ffffff"}, "stencil": {"id": "EndNoneEvent"}, "outgoing": [], "glossaryLinks": {}, "formats": {}}], "properties": {"showcaption": "true", "bordercolor": "#000000", "monitoring": "", "parentlane": "", "name": "", "documentation": "", "auditing": "", "bgcolor": "", "parentpool": ""}, "stencil": {"id": "Lane"}, "outgoing": [], "glossaryLinks": {}, "formats": {}}], "properties": {"isclosed": "false", "enableinstancecompensation": "false", "boundaryvisible": "true", "monitoring": "", "processcategories": "", "minimum": "2", "status": "None", "isexecutable": "false", "processdocumentation": "", "processtype": "None", "bordercolor": "#000000", "processname": "", "multiinstance": "false", "maximum": "2", "name": "Z", "documentation": "", "suppressjoinfailure": "false", "adhoccompletioncondition": "", "auditing": "", "adhocordering": "Parallel", "adhoc": "false", "processid": ""}, "stencil": {"id": "Pool"}, "outgoing": [], "glossaryLinks": {}, "formats": {}}, {"dockers": [], "bounds": {"lowerRight": {"y": 973.56200527704504566, "x": 2602}, "upperLeft": {"y": 422, "x": 60}}, "resourceId": "sid-36E8EF0D-2A95-405A-880B-68CDB863C876", "layers": [], "labels": [], "childShapes": [{"dockers": [], "bounds": {"lowerRight": {"y": 551.56200527704504566, "x": 2542}, "upperLeft": {"y": 416.74934036939339421, "x": 30}}, "resourceId": "sid-1286A0B7-32DD-4D57-8A4E-E7E09609751B", "layers": [], "labels": [], "childShapes": [{"dockers": [], "bounds": {"lowerRight": {"y": 107, "x": 1330}, "upperLeft": {"y": 27, "x": 1230}}, "resourceId": "sid-A2706714-476B-481B-AD2C-1121B317852C", "layers": [], "labels": [], "childShapes": [], "properties": {"resources": "", "outmsgstructure": "", "applyincalc": "true", "loopcardinality": "", "outmessagename": "", "inmessagename": "", "bgcolor": "#ffffcc", "bordercolor": "#000000", "time": "", "loopdataoutput": "", "testbefore": "false", "callacitivity": "false", "outmsgiscollection": "false", "monitoring": "", "operationname": "", "dataoutputset": "", "completionquantity": "1", "properties": "", "script": "", "assignments": "", "nonebehavioreventref": "signal", "scriptformat": "", "datainputset": "", "processid": "", "startquantity": "1", "tasktype": "None", "looptype": "None", "instantiate": "false", "behavior": "all", "inmsgimport": "", "costs": "", "inputdataitem": "", "loopdatainput": "", "name": "AE", "outmsgitemkind": "Information", "costcenter": "", "completioncondition": "", "isforcompensation": "false", "inmsgiscollection": "false", "inmsgitemkind": "Information", "inmsgstructure": "", "outputdataitem": "", "messageref": "", "loopcondition": "", "onebehavioreventref:": "signal", "implementation": "webService", "operationref": "", "outmsgimport": "", "documentation": "", "categories": "", "auditing": "", "complexbehaviordefinition": ""}, "stencil": {"id": "Task"}, "outgoing": [{"resourceId": "sid-7DC63F3C-D6A3-4374-8AF7-5676CC4F7A12"}], "glossaryLinks": {}, "formats": {}}], "properties": {"showcaption": "true", "bordercolor": "#000000", "monitoring": "", "parentlane": "", "name": "AI", "documentation": "", "auditing": "", "bgcolor": "", "parentpool": ""}, "stencil": {"id": "Lane"}, "outgoing": [], "glossaryLinks": {}, "formats": {}}, {"dockers": [], "bounds": {"lowerRight": {"y": 416.74934036939339421, "x": 2542}, "upperLeft": {"y": 226.37467018469669711, "x": 30}}, "resourceId": "sid-C6F0A7AF-14F3-4860-A7D5-45786E86F2CE", "layers": [], "labels": [], "childShapes": [{"dockers": [{"y": 82.187335092348348553, "x": 300}], "bounds": {"lowerRight": {"y": 97.187335092348348553, "x": 315}, "upperLeft": {"y": 67.187335092348348553, "x": 285}}, "resourceId": "sid-63D409DD-29E5-42D5-A0E6-3E0407D0D2B9", "layers": [], "labels": [], "childShapes": [], "properties": {"trigger": "Message", "bordercolor": "#000000", "monitoring": "", "operationname": "", "name": "A", "documentation": "", "messagename": "", "auditing": "", "boundarycancelactivity2": "true", "bgcolor": "#ffffff"}, "stencil": {"id": "IntermediateMessageEventCatching"}, "outgoing": [{"resourceId": "sid-83A35902-F234-4AFE-9829-EBDD3E4C8A65"}], "glossaryLinks": {}, "formats": {}}, {"dockers": [], "bounds": {"lowerRight": {"y": 137.18733509234834855, "x": 675}, "upperLeft": {"y": 107.18733509234834855, "x": 645}}, "resourceId": "sid-D9D72A97-2255-4345-B5DD-EC7B829B94F2", "layers": [], "labels": [], "childShapes": [], "properties": {"trigger": "Timer", "monitoring": "", "outputset": "", "applyincalc": "true", "frequency": "", "bgcolor": "#ffffff", "isinterrupting": "true", "timeduration": "", "bordercolor": "#000000", "dataoutputassociations": "", "timedate": "", "name": "B", "dataoutput": "", "documentation": "", "timecycle": "", "auditing": "", "processid": ""}, "stencil": {"id": "StartTimerEvent"}, "outgoing": [{"resourceId": "sid-DAA7D55B-3162-4E50-BCC6-2435826C946E"}], "glossaryLinks": {}, "formats": {}}, {"dockers": [{"y": 39.187335092348348553, "x": 510}], "bounds": {"lowerRight": {"y": 54.187335092348348553, "x": 525}, "upperLeft": {"y": 24.187335092348348553, "x": 495}}, "resourceId": "sid-D8E94D49-0B2C-4AD5-B13F-B6B0772CDADA", "layers": [], "labels": [], "childShapes": [], "properties": {"trigger": "Message", "monitoring": "", "operationname": "", "applyincalc": "true", "costs": "", "bgcolor": "#ffffff", "inputset": "", "bordercolor": "#000000", "time": "", "datainputassociations": "", "name": "C", "documentation": "", "costcenter": "", "messagename": "", "datainput": "", "auditing": ""}, "stencil": {"id": "IntermediateMessageEventThrowing"}, "outgoing": [{"resourceId": "sid-E179E8E8-B214-4D95-80A2-5549CF12EEEA"}], "glossaryLinks": {}, "formats": {}}, {"dockers": [{"y": 122.18733509234834855, "x": 780}], "bounds": {"lowerRight": {"y": 137.18733509234834855, "x": 795}, "upperLeft": {"y": 107.18733509234834855, "x": 765}}, "resourceId": "sid-FE80266F-1713-4E0B-B62A-7A41ADE9AD3A", "layers": [], "labels": [], "childShapes": [], "properties": {"trigger": "Message", "monitoring": "", "operationname": "", "applyincalc": "true", "costs": "", "bgcolor": "#ffffff", "inputset": "", "bordercolor": "#000000", "time": "", "datainputassociations": "", "name": "D", "documentation": "", "costcenter": "", "messagename": "", "datainput": "", "auditing": ""}, "stencil": {"id": "IntermediateMessageEventThrowing"}, "outgoing": [{"resourceId": "sid-504E7C10-74E7-4E37-ABFF-EBF36F4C4F69"}], "glossaryLinks": {}, "formats": {}}, {"dockers": [], "bounds": {"lowerRight": {"y": 102.18733509234834855, "x": 430}, "upperLeft": {"y": 62.187335092348348553, "x": 390}}, "resourceId": "sid-77CEE485-9761-4735-95C6-EC81C421D464", "layers": [], "labels": [], "childShapes": [], "properties": {"monitoring": "", "gatewaytype": "AND", "gates": "", "assignments": "", "bgcolor": "#ffffff", "bordercolor": "#000000", "pool": "", "name": "", "gates_assignments": "", "documentation": "", "categories": "", "auditing": "", "gates_outgoingsequenceflow": "", "lanes": "", "processid": ""}, "stencil": {"id": "ParallelGateway"}, "outgoing": [{"resourceId": "sid-FB281051-AD57-4F96-914A-A8C7B52BA9DD"}, {"resourceId": "sid-E43F84BA-4E63-4FAA-A6AF-25A8D9DE18FD"}], "glossaryLinks": {}, "formats": {}}, {"dockers": [], "bounds": {"lowerRight": {"y": 162.18733509234834855, "x": 588}, "upperLeft": {"y": 82.187335092348348553, "x": 488}}, "resourceId": "sid-FE5310B8-175B-420A-ADE1-3C20EF731071", "layers": [], "labels": [], "childShapes": [], "properties": {"resources": "", "outmsgstructure": "", "applyincalc": "true", "loopcardinality": "", "outmessagename": "", "inmessagename": "", "bgcolor": "#ffffcc", "bordercolor": "#000000", "time": "", "loopdataoutput": "", "testbefore": "false", "callacitivity": "false", "outmsgiscollection": "false", "monitoring": "", "operationname": "", "dataoutputset": "", "completionquantity": "1", "properties": "", "script": "", "assignments": "", "nonebehavioreventref": "signal", "scriptformat": "", "datainputset": "", "processid": "", "startquantity": "1", "tasktype": "None", "looptype": "None", "instantiate": "false", "behavior": "all", "inmsgimport": "", "costs": "", "inputdataitem": "", "loopdatainput": "", "name": "E", "outmsgitemkind": "Information", "costcenter": "", "completioncondition": "", "isforcompensation": "false", "inmsgiscollection": "false", "inmsgitemkind": "Information", "inmsgstructure": "", "outputdataitem": "", "messageref": "", "loopcondition": "", "onebehavioreventref:": "signal", "implementation": "webService", "operationref": "", "outmsgimport": "", "documentation": "", "categories": "", "auditing": "", "complexbehaviordefinition": ""}, "stencil": {"id": "Task"}, "outgoing": [{"resourceId": "sid-2BA03746-71A9-495C-9EBE-9D4A6A9F57A8"}], "glossaryLinks": {}, "formats": {}}, {"dockers": [], "bounds": {"lowerRight": {"y": 135.18733509234834855, "x": 1075}, "upperLeft": {"y": 55.187335092348348553, "x": 975}}, "resourceId": "sid-FCD0F1F1-996C-41E7-99C0-1D04FD9E204B", "layers": [], "labels": [], "childShapes": [], "properties": {"resources": "", "outmsgstructure": "", "applyincalc": "true", "loopcardinality": "", "outmessagename": "", "inmessagename": "", "bgcolor": "#ffffcc", "bordercolor": "#000000", "time": "", "loopdataoutput": "", "testbefore": "false", "callacitivity": "false", "outmsgiscollection": "false", "monitoring": "", "operationname": "", "dataoutputset": "", "completionquantity": "1", "properties": "", "script": "", "assignments": "", "nonebehavioreventref": "signal", "scriptformat": "", "datainputset": "", "processid": "", "startquantity": "1", "tasktype": "None", "looptype": "None", "instantiate": "false", "behavior": "all", "inmsgimport": "", "costs": "", "inputdataitem": "", "loopdatainput": "", "name": "F", "outmsgitemkind": "Information", "costcenter": "", "completioncondition": "", "isforcompensation": "false", "inmsgiscollection": "false", "inmsgitemkind": "Information", "inmsgstructure": "", "outputdataitem": "", "messageref": "", "loopcondition": "", "onebehavioreventref:": "signal", "implementation": "webService", "operationref": "", "outmsgimport": "", "documentation": "", "categories": "", "auditing": "", "complexbehaviordefinition": ""}, "stencil": {"id": "Task"}, "outgoing": [{"resourceId": "sid-F25D2BAD-921D-468D-972C-AE98951D757B"}], "glossaryLinks": {}, "formats": {}}], "properties": {"showcaption": "true", "bordercolor": "#000000", "monitoring": "", "parentlane": "", "name": "AJ", "documentation": "", "auditing": "", "bgcolor": "", "parentpool": ""}, "stencil": {"id": "Lane"}, "outgoing": [], "glossaryLinks": {}, "formats": {}}, {"dockers": [], "bounds": {"lowerRight": {"y": 226.37467018469669711, "x": 2542}, "upperLeft": {"y": 0, "x": 30}}, "resourceId": "sid-ED7AB094-56C3-4826-9C8B-A1FC2BCCA7DA", "layers": [], "labels": [], "childShapes": [{"dockers": [{"y": 67, "x": 780}], "bounds": {"lowerRight": {"y": 82, "x": 795}, "upperLeft": {"y": 52, "x": 765}}, "resourceId": "sid-4C0DEB32-8839-404F-A067-9422BC212AE0", "layers": [], "labels": [{"ref": "text_name", "valign": "bottom", "y": -8, "top": true, "x": 16}], "childShapes": [], "properties": {"trigger": "Message", "bordercolor": "#000000", "monitoring": "", "operationname": "", "name": "AF", "documentation": "", "messagename": "", "auditing": "", "boundarycancelactivity2": "true", "bgcolor": "#ffffff"}, "stencil": {"id": "IntermediateMessageEventCatching"}, "outgoing": [{"resourceId": "sid-EBF6D46A-2E5A-4AD4-A47A-E43CAFD87F03"}], "glossaryLinks": {}, "formats": {}}, {"dockers": [], "bounds": {"lowerRight": {"y": 107, "x": 940}, "upperLeft": {"y": 27, "x": 840}}, "resourceId": "sid-E1CCDD0D-7CED-4353-9D02-C16A671A30A4", "layers": [], "labels": [], "childShapes": [], "properties": {"resources": "", "outmsgstructure": "", "applyincalc": "true", "loopcardinality": "", "outmessagename": "", "inmessagename": "", "bgcolor": "#ffffcc", "bordercolor": "#000000", "time": "", "loopdataoutput": "", "testbefore": "false", "callacitivity": "false", "outmsgiscollection": "false", "monitoring": "", "operationname": "", "dataoutputset": "", "completionquantity": "1", "properties": "", "script": "", "assignments": "", "nonebehavioreventref": "signal", "scriptformat": "", "datainputset": "", "processid": "", "startquantity": "1", "tasktype": "None", "looptype": "None", "instantiate": "false", "behavior": "all", "inmsgimport": "", "costs": "", "inputdataitem": "", "loopdatainput": "", "name": "AG", "outmsgitemkind": "Information", "costcenter": "", "completioncondition": "", "isforcompensation": "false", "inmsgiscollection": "false", "inmsgitemkind": "Information", "inmsgstructure": "", "outputdataitem": "", "messageref": "", "loopcondition": "", "onebehavioreventref:": "signal", "implementation": "webService", "operationref": "", "outmsgimport": "", "documentation": "", "categories": "", "auditing": "", "complexbehaviordefinition": ""}, "stencil": {"id": "Task"}, "outgoing": [{"resourceId": "sid-49362B72-A213-4A1F-81BF-4CB9489CE1EB"}, {"resourceId": "sid-CCF83840-7530-4068-B82F-0E913B5AF809"}], "glossaryLinks": {}, "formats": {}}, {"dockers": [], "bounds": {"lowerRight": {"y": 87, "x": 1045}, "upperLeft": {"y": 47, "x": 1005}}, "resourceId": "sid-000C253E-8D30-47E7-8D29-845AE10474EC", "layers": [], "labels": [], "childShapes": [], "properties": {"xortype": "Data", "monitoring": "", "defaultgate": "", "gatewaytype": "XOR", "gates": "", "assignments": "", "bgcolor": "#ffffff", "bordercolor": "#000000", "pool": "", "gate_assignments": "", "markervisible": "true", "name": "", "documentation": "", "gates_assignments": "", "categories": "", "auditing": "", "gate_outgoingsequenceflow": "", "lanes": "", "gates_outgoingsequenceflow": "", "processid": ""}, "stencil": {"id": "Exclusive_Databased_Gateway"}, "outgoing": [{"resourceId": "sid-81B3EF25-24CF-4D24-A194-20F7C2A17893"}, {"resourceId": "sid-C709630D-CB3D-4547-8F7A-47CF61417273"}], "glossaryLinks": {}, "formats": {}}, {"dockers": [], "bounds": {"lowerRight": {"y": 81, "x": 1183}, "upperLeft": {"y": 53, "x": 1155}}, "resourceId": "sid-38DC31CB-27FF-4D02-AC9D-210F26782455", "layers": [], "labels": [], "childShapes": [], "properties": {"inputset": "", "trigger": "None", "bordercolor": "#000000", "monitoring": "", "datainputassociations": "", "name": "", "documentation": "", "auditing": "", "datainput": "", "bgcolor": "#ffffff"}, "stencil": {"id": "EndNoneEvent"}, "outgoing": [], "glossaryLinks": {}, "formats": {}}, {"dockers": [], "bounds": {"lowerRight": {"y": 204.17300000000000182, "x": 921.00099999999997635}, "upperLeft": {"y": 144, "x": 859}}, "resourceId": "sid-2DDCF0E7-54CA-4A1C-B43B-19F01A20D4DD", "layers": [], "labels": [], "childShapes": [], "properties": {"bordercolor": "#000000", "monitoring": "", "isUnlimited": "false", "name": "AH", "documentation": "", "categories": "", "auditing": "", "bgcolor": "#ffffff"}, "stencil": {"id": "DataStore"}, "outgoing": [], "glossaryLinks": {}, "formats": {}}], "properties": {"showcaption": "true", "bordercolor": "#000000", "monitoring": "", "parentlane": "", "name": "AK", "documentation": "", "auditing": "", "bgcolor": "", "parentpool": ""}, "stencil": {"id": "Lane"}, "outgoing": [], "glossaryLinks": {}, "formats": {}}], "properties": {"isclosed": "false", "enableinstancecompensation": "false", "boundaryvisible": "true", "monitoring": "", "processcategories": "", "minimum": "2", "status": "None", "isexecutable": "false", "processdocumentation": "", "processtype": "None", "bordercolor": "#000000", "processname": "", "multiinstance": "false", "maximum": "2", "name": "AA", "documentation": "", "suppressjoinfailure": "false", "adhoccompletioncondition": "", "auditing": "", "adhocordering": "Parallel", "adhoc": "false", "processid": ""}, "stencil": {"id": "Pool"}, "outgoing": [], "glossaryLinks": {}, "formats": {}}, {"dockers": [], "bounds": {"lowerRight": {"y": 184, "x": 2602}, "upperLeft": {"y": 26, "x": 60}}, "resourceId": "sid-8ED59761-E25C-4F21-9FAD-0A1150BD53D7", "layers": [], "labels": [], "childShapes": [{"dockers": [], "bounds": {"lowerRight": {"y": 158, "x": 2542}, "upperLeft": {"y": 0, "x": 30}}, "resourceId": "sid-FD60232D-9826-44F5-850D-6990FD835F8F", "layers": [], "labels": [], "childShapes": [{"dockers": [], "bounds": {"lowerRight": {"y": 83, "x": 75}, "upperLeft": {"y": 53, "x": 45}}, "resourceId": "sid-27763B1F-1178-4602-A7C1-8EC8ECE90781", "layers": [], "labels": [], "childShapes": [], "properties": {"trigger": "Message", "monitoring": "", "operationname": "", "outputset": "", "applyincalc": "true", "frequency": "", "isinterrupting": "true", "bgcolor": "#ffffff", "bordercolor": "#000000", "dataoutputassociations": "", "name": "Q", "messagename": "", "dataoutput": "", "documentation": "", "auditing": "", "processid": ""}, "stencil": {"id": "StartMessageEvent"}, "outgoing": [{"resourceId": "sid-F094DD7A-CAEC-4F0E-A9FB-20DB3481CF96"}], "glossaryLinks": {}, "formats": {}}, {"dockers": [], "bounds": {"lowerRight": {"y": 108, "x": 220}, "upperLeft": {"y": 28, "x": 120}}, "resourceId": "sid-3B26EC57-426C-4459-B9EB-9A2D246F92C4", "layers": [], "labels": [], "childShapes": [], "properties": {"resources": "", "outmsgstructure": "", "applyincalc": "true", "loopcardinality": "", "outmessagename": "", "inmessagename": "", "bgcolor": "#ffffcc", "bordercolor": "#000000", "time": "", "loopdataoutput": "", "testbefore": "false", "callacitivity": "false", "outmsgiscollection": "false", "monitoring": "", "operationname": "", "dataoutputset": "", "completionquantity": "1", "properties": "", "script": "", "assignments": "", "nonebehavioreventref": "signal", "scriptformat": "", "datainputset": "", "processid": "", "startquantity": "1", "tasktype": "None", "looptype": "None", "instantiate": "false", "behavior": "all", "inmsgimport": "", "costs": "", "inputdataitem": "", "loopdatainput": "", "name": "R", "outmsgitemkind": "Information", "costcenter": "", "completioncondition": "", "isforcompensation": "false", "inmsgiscollection": "false", "inmsgitemkind": "Information", "inmsgstructure": "", "outputdataitem": "", "messageref": "", "loopcondition": "", "onebehavioreventref:": "signal", "implementation": "webService", "operationref": "", "outmsgimport": "", "documentation": "", "categories": "", "auditing": "", "complexbehaviordefinition": ""}, "stencil": {"id": "Task"}, "outgoing": [{"resourceId": "sid-473E22D6-A4A5-4BAB-90AC-1523A56120D0"}], "glossaryLinks": {}, "formats": {}}, {"dockers": [{"y": 68, "x": 300}], "bounds": {"lowerRight": {"y": 83, "x": 315}, "upperLeft": {"y": 53, "x": 285}}, "resourceId": "sid-426025EF-00B6-409E-AB9A-919CD0FDAA37", "layers": [], "labels": [{"ref": "text_name", "valign": "bottom", "y": -8, "top": true, "x": 16}], "childShapes": [], "properties": {"trigger": "Message", "monitoring": "", "operationname": "", "applyincalc": "true", "costs": "", "bgcolor": "#ffffff", "inputset": "", "bordercolor": "#000000", "time": "", "datainputassociations": "", "name": "S", "documentation": "", "costcenter": "", "messagename": "", "datainput": "", "auditing": ""}, "stencil": {"id": "IntermediateMessageEventThrowing"}, "outgoing": [{"resourceId": "sid-978698E8-D335-4B7C-BB60-F78FE474924D"}], "glossaryLinks": {}, "formats": {}}, {"dockers": [], "bounds": {"lowerRight": {"y": 108, "x": 1255}, "upperLeft": {"y": 28, "x": 1155}}, "resourceId": "sid-A12B2DDC-F151-4085-B307-A2F231018ACB", "layers": [], "labels": [], "childShapes": [], "properties": {"resources": "", "outmsgstructure": "", "applyincalc": "true", "loopcardinality": "", "outmessagename": "", "inmessagename": "", "bgcolor": "#ffffcc", "bordercolor": "#000000", "time": "", "loopdataoutput": "", "testbefore": "false", "callacitivity": "false", "outmsgiscollection": "false", "monitoring": "", "operationname": "", "dataoutputset": "", "completionquantity": "1", "properties": "", "script": "", "assignments": "", "nonebehavioreventref": "signal", "scriptformat": "", "datainputset": "", "processid": "", "startquantity": "1", "tasktype": "None", "looptype": "None", "instantiate": "false", "behavior": "all", "inmsgimport": "", "costs": "", "inputdataitem": "", "loopdatainput": "", "name": "T", "outmsgitemkind": "Information", "costcenter": "", "completioncondition": "", "isforcompensation": "false", "inmsgiscollection": "false", "inmsgitemkind": "Information", "inmsgstructure": "", "outputdataitem": "", "messageref": "", "loopcondition": "", "onebehavioreventref:": "signal", "implementation": "webService", "operationref": "", "outmsgimport": "", "documentation": "", "categories": "", "auditing": "", "complexbehaviordefinition": ""}, "stencil": {"id": "Task"}, "outgoing": [{"resourceId": "sid-3D49C2E2-9161-4233-BA68-5C7B10B66D35"}], "glossaryLinks": {}, "formats": {}}, {"dockers": [], "bounds": {"lowerRight": {"y": 108, "x": 1435}, "upperLeft": {"y": 28, "x": 1335}}, "resourceId": "sid-49BF4F22-A4A6-4BCD-B384-431CF874605A", "layers": [], "labels": [], "childShapes": [], "properties": {"resources": "", "outmsgstructure": "", "applyincalc": "true", "loopcardinality": "", "outmessagename": "", "inmessagename": "", "bgcolor": "#ffffcc", "bordercolor": "#000000", "time": "", "loopdataoutput": "", "testbefore": "false", "callacitivity": "false", "outmsgiscollection": "false", "monitoring": "", "operationname": "", "dataoutputset": "", "completionquantity": "1", "properties": "", "script": "", "assignments": "", "nonebehavioreventref": "signal", "scriptformat": "", "datainputset": "", "processid": "", "startquantity": "1", "tasktype": "None", "looptype": "None", "instantiate": "false", "behavior": "all", "inmsgimport": "", "costs": "", "inputdataitem": "", "loopdatainput": "", "name": "U", "outmsgitemkind": "Information", "costcenter": "", "completioncondition": "", "isforcompensation": "false", "inmsgiscollection": "false", "inmsgitemkind": "Information", "inmsgstructure": "", "outputdataitem": "", "messageref": "", "loopcondition": "", "onebehavioreventref:": "signal", "implementation": "webService", "operationref": "", "outmsgimport": "", "documentation": "", "categories": "", "auditing": "", "complexbehaviordefinition": ""}, "stencil": {"id": "Task"}, "outgoing": [{"resourceId": "sid-12AD140E-E549-4985-9C1D-3319AFF0865C"}], "glossaryLinks": {}, "formats": {}}, {"dockers": [{"y": 68, "x": 1500}], "bounds": {"lowerRight": {"y": 83, "x": 1515}, "upperLeft": {"y": 53, "x": 1485}}, "resourceId": "sid-85AF9E65-31A0-44E9-A152-E3AF2F7D0FDE", "layers": [], "labels": [{"ref": "text_name", "valign": "bottom", "y": -8, "top": true, "x": 16}], "childShapes": [], "properties": {"trigger": "Message", "monitoring": "", "operationname": "", "applyincalc": "true", "costs": "", "bgcolor": "#ffffff", "inputset": "", "bordercolor": "#000000", "time": "", "datainputassociations": "", "name": "V", "documentation": "", "costcenter": "", "messagename": "", "datainput": "", "auditing": ""}, "stencil": {"id": "IntermediateMessageEventThrowing"}, "outgoing": [{"resourceId": "sid-EA0C2C5C-800F-42EE-AB78-7B498CE8486A"}], "glossaryLinks": {}, "formats": {}}, {"dockers": [{"y": 68, "x": 1740}], "bounds": {"lowerRight": {"y": 83, "x": 1755}, "upperLeft": {"y": 53, "x": 1725}}, "resourceId": "sid-C41C5324-714D-4176-940E-9437B65AD3B8", "layers": [], "labels": [{"ref": "text_name", "valign": "bottom", "y": -8, "top": true, "x": 16}], "childShapes": [], "properties": {"trigger": "Message", "bordercolor": "#000000", "monitoring": "", "operationname": "", "name": "W", "documentation": "", "messagename": "", "auditing": "", "boundarycancelactivity2": "true", "bgcolor": "#ffffff"}, "stencil": {"id": "IntermediateMessageEventCatching"}, "outgoing": [{"resourceId": "sid-89D63C49-973D-4536-8BB6-62BDA6D747E9"}], "glossaryLinks": {}, "formats": {}}, {"dockers": [], "bounds": {"lowerRight": {"y": 108, "x": 1900}, "upperLeft": {"y": 28, "x": 1800}}, "resourceId": "sid-9DC3C0B6-BCAB-45C0-8EC7-7A5C5D4EF70E", "layers": [], "labels": [], "childShapes": [], "properties": {"resources": "", "outmsgstructure": "", "applyincalc": "true", "loopcardinality": "", "outmessagename": "", "inmessagename": "", "bgcolor": "#ffffcc", "bordercolor": "#000000", "time": "", "loopdataoutput": "", "testbefore": "false", "callacitivity": "false", "outmsgiscollection": "false", "monitoring": "", "operationname": "", "dataoutputset": "", "completionquantity": "1", "properties": "", "script": "", "assignments": "", "nonebehavioreventref": "signal", "scriptformat": "", "datainputset": "", "processid": "", "startquantity": "1", "tasktype": "None", "looptype": "None", "instantiate": "false", "behavior": "all", "inmsgimport": "", "costs": "", "inputdataitem": "", "loopdatainput": "", "name": "X", "outmsgitemkind": "Information", "costcenter": "", "completioncondition": "", "isforcompensation": "false", "inmsgiscollection": "false", "inmsgitemkind": "Information", "inmsgstructure": "", "outputdataitem": "", "messageref": "", "loopcondition": "", "onebehavioreventref:": "signal", "implementation": "webService", "operationref": "", "outmsgimport": "", "documentation": "", "categories": "", "auditing": "", "complexbehaviordefinition": ""}, "stencil": {"id": "Task"}, "outgoing": [{"resourceId": "sid-4A50A239-C98D-47B8-85D7-5F2BF5DE56F1"}], "glossaryLinks": {}, "formats": {}}, {"dockers": [{"y": 68, "x": 1980}], "bounds": {"lowerRight": {"y": 83, "x": 1995}, "upperLeft": {"y": 53, "x": 1965}}, "resourceId": "sid-BD96F8B3-9FC5-4F7F-9446-2308177D81B1", "layers": [], "labels": [{"ref": "text_name", "valign": "bottom", "y": -8, "top": true, "x": 16}], "childShapes": [], "properties": {"trigger": "Message", "monitoring": "", "operationname": "", "applyincalc": "true", "costs": "", "bgcolor": "#ffffff", "inputset": "", "bordercolor": "#000000", "time": "", "datainputassociations": "", "name": "Y", "documentation": "", "costcenter": "", "messagename": "", "datainput": "", "auditing": ""}, "stencil": {"id": "IntermediateMessageEventThrowing"}, "outgoing": [{"resourceId": "sid-72F83415-1760-4049-86DA-A8AC556756EA"}], "glossaryLinks": {}, "formats": {}}], "properties": {"showcaption": "true", "bordercolor": "#000000", "monitoring": "", "parentlane": "", "name": "", "documentation": "", "auditing": "", "bgcolor": "", "parentpool": ""}, "stencil": {"id": "Lane"}, "outgoing": [], "glossaryLinks": {}, "formats": {}}], "properties": {"isclosed": "false", "enableinstancecompensation": "false", "boundaryvisible": "true", "monitoring": "", "processcategories": "", "minimum": "2", "status": "None", "isexecutable": "false", "processdocumentation": "", "processtype": "None", "bordercolor": "#000000", "processname": "", "multiinstance": "false", "maximum": "2", "name": "AB", "documentation": "", "suppressjoinfailure": "false", "adhoccompletioncondition": "", "auditing": "", "adhocordering": "Parallel", "adhoc": "false", "processid": ""}, "stencil": {"id": "Pool"}, "outgoing": [], "glossaryLinks": {}, "formats": {}}, {"dockers": [{"y": 15, "x": 15}, {"y": 40, "x": 50}], "bounds": {"lowerRight": {"y": 94, "x": 209.15625}, "upperLeft": {"y": 94, "x": 165.609375}}, "resourceId": "sid-F094DD7A-CAEC-4F0E-A9FB-20DB3481CF96", "layers": [], "labels": [], "target": {"resourceId": "sid-3B26EC57-426C-4459-B9EB-9A2D246F92C4"}, "childShapes": [], "properties": {"ConditionType": "None", "showdiamondmarker": "false", "bordercolor": "#000000", "monitoring": "", "name": "", "documentation": "", "probability": "", "conditionexpression": "", "isimmediate": "false", "auditing": ""}, "stencil": {"id": "SequenceFlow"}, "outgoing": [{"resourceId": "sid-3B26EC57-426C-4459-B9EB-9A2D246F92C4"}], "glossaryLinks": {}, "formats": {}}, {"dockers": [{"y": 40, "x": 50}, {"y": 15, "x": 15}], "bounds": {"lowerRight": {"y": 94, "x": 374.78125}, "upperLeft": {"y": 94, "x": 310}}, "resourceId": "sid-473E22D6-A4A5-4BAB-90AC-1523A56120D0", "layers": [], "labels": [], "target": {"resourceId": "sid-426025EF-00B6-409E-AB9A-919CD0FDAA37"}, "childShapes": [], "properties": {"ConditionType": "None", "showdiamondmarker": "false", "bordercolor": "#000000", "monitoring": "", "name": "", "documentation": "", "probability": "", "conditionexpression": "", "isimmediate": "false", "auditing": ""}, "stencil": {"id": "SequenceFlow"}, "outgoing": [{"resourceId": "sid-426025EF-00B6-409E-AB9A-919CD0FDAA37"}], "glossaryLinks": {}, "formats": {}}, {"dockers": [{"y": 15, "x": 15}, {"y": 15, "x": 15}], "bounds": {"lowerRight": {"y": 714.64258327836432727, "x": 390}, "upperLeft": {"y": 109.91942199868074681, "x": 390}}, "resourceId": "sid-978698E8-D335-4B7C-BB60-F78FE474924D", "layers": [], "labels": [], "target": {"resourceId": "sid-63D409DD-29E5-42D5-A0E6-3E0407D0D2B9"}, "childShapes": [], "properties": {"bordercolor": "#000000", "monitoring": "", "name": "", "documentation": "", "auditing": ""}, "stencil": {"id": "MessageFlow"}, "outgoing": [{"resourceId": "sid-63D409DD-29E5-42D5-A0E6-3E0407D0D2B9"}], "glossaryLinks": {}, "formats": {}}, {"dockers": [{"y": 15, "x": 15}, {"y": 15, "x": 15}], "bounds": {"lowerRight": {"y": 672.03138398746727944, "x": 600}, "upperLeft": {"y": 311.53062128957782306, "x": 600}}, "resourceId": "sid-E179E8E8-B214-4D95-80A2-5549CF12EEEA", "layers": [], "labels": [], "target": {"resourceId": "sid-1AB7DC19-A5D1-4BCD-81F5-B7303D694FE2"}, "childShapes": [], "properties": {"bordercolor": "#000000", "monitoring": "", "name": "", "documentation": "", "auditing": ""}, "stencil": {"id": "MessageFlow"}, "outgoing": [{"resourceId": "sid-1AB7DC19-A5D1-4BCD-81F5-B7303D694FE2"}], "glossaryLinks": {}, "formats": {}}, {"dockers": [{"y": 15, "x": 15}, {"y": 40, "x": 50}], "bounds": {"lowerRight": {"y": 296, "x": 659.15625}, "upperLeft": {"y": 296, "x": 615.609375}}, "resourceId": "sid-6C103F8D-308E-4099-9615-FD42852FCA4A", "layers": [], "labels": [], "target": {"resourceId": "sid-B5AB33BE-ACD9-4AD4-97CE-C37A4618875C"}, "childShapes": [], "properties": {"ConditionType": "None", "showdiamondmarker": "false", "bordercolor": "#000000", "monitoring": "", "name": "", "documentation": "", "probability": "", "conditionexpression": "", "isimmediate": "false", "auditing": ""}, "stencil": {"id": "SequenceFlow"}, "outgoing": [{"resourceId": "sid-B5AB33BE-ACD9-4AD4-97CE-C37A4618875C"}], "glossaryLinks": {}, "formats": {}}, {"dockers": [{"y": 15, "x": 15}, {"y": 15, "x": 15}], "bounds": {"lowerRight": {"y": 770.56200527704504566, "x": 854.9375}, "upperLeft": {"y": 770.56200527704504566, "x": 765.0625}}, "resourceId": "sid-DAA7D55B-3162-4E50-BCC6-2435826C946E", "layers": [], "labels": [], "target": {"resourceId": "sid-FE80266F-1713-4E0B-B62A-7A41ADE9AD3A"}, "childShapes": [], "properties": {"ConditionType": "None", "showdiamondmarker": "false", "bordercolor": "#000000", "monitoring": "", "name": "", "documentation": "", "probability": "", "conditionexpression": "", "isimmediate": "false", "auditing": ""}, "stencil": {"id": "SequenceFlow"}, "outgoing": [{"resourceId": "sid-FE80266F-1713-4E0B-B62A-7A41ADE9AD3A"}], "glossaryLinks": {}, "formats": {}}, {"dockers": [{"y": 15, "x": 15}, {"y": 15, "x": 15}], "bounds": {"lowerRight": {"y": 755.26393469657011792, "x": 870}, "upperLeft": {"y": 504.29807058047492774, "x": 870}}, "resourceId": "sid-504E7C10-74E7-4E37-ABFF-EBF36F4C4F69", "layers": [], "labels": [], "target": {"resourceId": "sid-4C0DEB32-8839-404F-A067-9422BC212AE0"}, "childShapes": [], "properties": {"ConditionType": "None", "showdiamondmarker": "false", "bordercolor": "#000000", "monitoring": "", "name": "", "documentation": "", "probability": "", "conditionexpression": "", "isimmediate": "false", "auditing": ""}, "stencil": {"id": "SequenceFlow"}, "outgoing": [{"resourceId": "sid-4C0DEB32-8839-404F-A067-9422BC212AE0"}], "glossaryLinks": {}, "formats": {}}, {"dockers": [{"y": 15, "x": 15}, {"y": 20.5, "x": 20.5}], "bounds": {"lowerRight": {"y": 730.9676366864891861, "x": 479.64454148714344228}, "upperLeft": {"y": 730.63293636760090521, "x": 405.67577101285655772}}, "resourceId": "sid-83A35902-F234-4AFE-9829-EBDD3E4C8A65", "layers": [], "labels": [], "target": {"resourceId": "sid-77CEE485-9761-4735-95C6-EC81C421D464"}, "childShapes": [], "properties": {"ConditionType": "None", "showdiamondmarker": "false", "bordercolor": "#000000", "monitoring": "", "name": "", "documentation": "", "probability": "", "conditionexpression": "", "isimmediate": "false", "auditing": ""}, "stencil": {"id": "SequenceFlow"}, "outgoing": [{"resourceId": "sid-77CEE485-9761-4735-95C6-EC81C421D464"}], "glossaryLinks": {}, "formats": {}}, {"dockers": [{"y": 20.5, "x": 20.5}, {"y": 687.56200527704504566, "x": 500.5}, {"y": 15, "x": 15}], "bounds": {"lowerRight": {"y": 709.67138027704504566, "x": 584.23046875}, "upperLeft": {"y": 687.56200527704504566, "x": 500.5}}, "resourceId": "sid-FB281051-AD57-4F96-914A-A8C7B52BA9DD", "layers": [], "labels": [], "target": {"resourceId": "sid-D8E94D49-0B2C-4AD5-B13F-B6B0772CDADA"}, "childShapes": [], "properties": {"ConditionType": "None", "showdiamondmarker": "false", "bordercolor": "#000000", "monitoring": "", "name": "", "documentation": "", "probability": "", "conditionexpression": "", "isimmediate": "false", "auditing": ""}, "stencil": {"id": "SequenceFlow"}, "outgoing": [{"resourceId": "sid-D8E94D49-0B2C-4AD5-B13F-B6B0772CDADA"}], "glossaryLinks": {}, "formats": {}}, {"dockers": [{"y": 20.5, "x": 20.5}, {"y": 770.56200527704504566, "x": 500.5}, {"y": 40, "x": 1}], "bounds": {"lowerRight": {"y": 770.56200527704504566, "x": 578}, "upperLeft": {"y": 750.56200527704504566, "x": 500.5}}, "resourceId": "sid-E43F84BA-4E63-4FAA-A6AF-25A8D9DE18FD", "layers": [], "labels": [], "target": {"resourceId": "sid-FE5310B8-175B-420A-ADE1-3C20EF731071"}, "childShapes": [], "properties": {"ConditionType": "None", "showdiamondmarker": "false", "bordercolor": "#000000", "monitoring": "", "name": "", "documentation": "", "probability": "", "conditionexpression": "", "isimmediate": "false", "auditing": ""}, "stencil": {"id": "SequenceFlow"}, "outgoing": [{"resourceId": "sid-FE5310B8-175B-420A-ADE1-3C20EF731071"}], "glossaryLinks": {}, "formats": {}}, {"dockers": [{"y": 40, "x": 50}, {"y": 770.56200527704504566, "x": 734.5}], "bounds": {"lowerRight": {"y": 770.56200527704504566, "x": 734.5}, "upperLeft": {"y": 770.56200527704504566, "x": 678}}, "resourceId": "sid-2BA03746-71A9-495C-9EBE-9D4A6A9F57A8", "layers": [], "labels": [], "childShapes": [], "properties": {"bordercolor": "#000000", "monitoring": "", "name": "", "documentation": "", "auditing": ""}, "stencil": {"id": "MessageFlow"}, "outgoing": [], "glossaryLinks": {}, "formats": {}}, {"dockers": [{"y": 15, "x": 15}, {"y": 40, "x": 50}], "bounds": {"lowerRight": {"y": 489, "x": 929.15625}, "upperLeft": {"y": 489, "x": 885.609375}}, "resourceId": "sid-EBF6D46A-2E5A-4AD4-A47A-E43CAFD87F03", "layers": [], "labels": [], "target": {"resourceId": "sid-E1CCDD0D-7CED-4353-9D02-C16A671A30A4"}, "childShapes": [], "properties": {"ConditionType": "None", "showdiamondmarker": "false", "bordercolor": "#000000", "monitoring": "", "name": "", "documentation": "", "probability": "", "conditionexpression": "", "isimmediate": "false", "auditing": ""}, "stencil": {"id": "SequenceFlow"}, "outgoing": [{"resourceId": "sid-E1CCDD0D-7CED-4353-9D02-C16A671A30A4"}], "glossaryLinks": {}, "formats": {}}, {"dockers": [{"y": 40, "x": 50}, {"y": 20.5, "x": 20.5}], "bounds": {"lowerRight": {"y": 489.42209123822181027, "x": 1094.3867255581167228}, "upperLeft": {"y": 489.18450184501847389, "x": 1030}}, "resourceId": "sid-49362B72-A213-4A1F-81BF-4CB9489CE1EB", "layers": [], "labels": [], "target": {"resourceId": "sid-000C253E-8D30-47E7-8D29-845AE10474EC"}, "childShapes": [], "properties": {"ConditionType": "None", "showdiamondmarker": "false", "bordercolor": "#000000", "monitoring": "", "name": "", "documentation": "", "probability": "", "conditionexpression": "", "isimmediate": "false", "auditing": ""}, "stencil": {"id": "SequenceFlow"}, "outgoing": [{"resourceId": "sid-000C253E-8D30-47E7-8D29-845AE10474EC"}], "glossaryLinks": {}, "formats": {}}, {"dockers": [{"y": 20.5, "x": 20.5}, {"y": 14, "x": 14}], "bounds": {"lowerRight": {"y": 489.4301094505930223, "x": 1244.5468810701895563}, "upperLeft": {"y": 489.0503592994069777, "x": 1135.5585876798104437}}, "resourceId": "sid-C709630D-CB3D-4547-8F7A-47CF61417273", "layers": [], "labels": [{"to": 1, "orientation": "lr", "ref": "text_name", "distance": 8.1009464263916015625, "align": "right", "from": 0, "valign": "bottom", "y": 489.10089718345238907, "x": 1230.0425083491529676}], "target": {"resourceId": "sid-38DC31CB-27FF-4D02-AC9D-210F26782455"}, "childShapes": [], "properties": {"ConditionType": "None", "showdiamondmarker": "false", "bordercolor": "#000000", "monitoring": "", "name": "AC", "documentation": "", "probability": "", "conditionexpression": "", "isimmediate": "false", "auditing": ""}, "stencil": {"id": "SequenceFlow"}, "outgoing": [{"resourceId": "sid-38DC31CB-27FF-4D02-AC9D-210F26782455"}], "glossaryLinks": {}, "formats": {}}, {"dockers": [{"y": 20.5, "x": 20.5}, {"y": 40, "x": 50}], "bounds": {"lowerRight": {"y": 702.86481888905939286, "x": 1115.4609226052987196}, "upperLeft": {"y": 509.35616251760302475, "x": 1115.0800930197012804}}, "resourceId": "sid-81B3EF25-24CF-4D24-A194-20F7C2A17893", "layers": [], "labels": [], "target": {"resourceId": "sid-FCD0F1F1-996C-41E7-99C0-1D04FD9E204B"}, "childShapes": [], "properties": {"ConditionType": "None", "showdiamondmarker": "false", "bordercolor": "#000000", "monitoring": "", "name": "AD", "documentation": "", "probability": "", "conditionexpression": "", "isimmediate": "false", "auditing": ""}, "stencil": {"id": "SequenceFlow"}, "outgoing": [{"resourceId": "sid-FCD0F1F1-996C-41E7-99C0-1D04FD9E204B"}], "glossaryLinks": {}, "formats": {}}, {"dockers": [{"y": 40, "x": 50}, {"y": 743.56200527704504566, "x": 1295}, {"y": 40, "x": 50}], "bounds": {"lowerRight": {"y": 743.56200527704504566, "x": 1295}, "upperLeft": {"y": 134, "x": 1165}}, "resourceId": "sid-F25D2BAD-921D-468D-972C-AE98951D757B", "layers": [], "labels": [], "target": {"resourceId": "sid-A12B2DDC-F151-4085-B307-A2F231018ACB"}, "childShapes": [], "properties": {"bordercolor": "#000000", "monitoring": "", "name": "", "documentation": "", "auditing": ""}, "stencil": {"id": "MessageFlow"}, "outgoing": [{"resourceId": "sid-A12B2DDC-F151-4085-B307-A2F231018ACB"}], "glossaryLinks": {}, "formats": {}}, {"dockers": [{"y": 40, "x": 50}, {"y": 29.924500000000001876, "x": 30.575499999999983913}], "bounds": {"lowerRight": {"y": 565.68733991196825173, "x": 979.84119635817796734}, "upperLeft": {"y": 529, "x": 979.69554427850835054}}, "resourceId": "sid-CCF83840-7530-4068-B82F-0E913B5AF809", "layers": [], "labels": [], "target": {"resourceId": "sid-2DDCF0E7-54CA-4A1C-B43B-19F01A20D4DD"}, "childShapes": [], "properties": {"bordercolor": "#000000", "type": "none", "assignments": "", "transformation": ""}, "stencil": {"id": "Association_Undirected"}, "outgoing": [{"resourceId": "sid-2DDCF0E7-54CA-4A1C-B43B-19F01A20D4DD"}], "glossaryLinks": {}, "formats": {}}, {"dockers": [{"y": 40, "x": 50}, {"y": 105, "x": 1370}, {"y": 40, "x": 50}], "bounds": {"lowerRight": {"y": 865.65025148416907541, "x": 1370}, "upperLeft": {"y": 101.3333333333333286, "x": 1345}}, "resourceId": "sid-3D49C2E2-9161-4233-BA68-5C7B10B66D35", "layers": [], "labels": [], "target": {"resourceId": "sid-A2706714-476B-481B-AD2C-1121B317852C"}, "childShapes": [], "properties": {"bordercolor": "#000000", "monitoring": "", "name": "", "documentation": "", "auditing": ""}, "stencil": {"id": "MessageFlow"}, "outgoing": [{"resourceId": "sid-A2706714-476B-481B-AD2C-1121B317852C"}], "glossaryLinks": {}, "formats": {}}, {"dockers": [{"y": 40, "x": 50}, {"y": 905.74934036939339421, "x": 1475}, {"y": 40, "x": 50}], "bounds": {"lowerRight": {"y": 905.74934036939339421, "x": 1475}, "upperLeft": {"y": 134, "x": 1420}}, "resourceId": "sid-7DC63F3C-D6A3-4374-8AF7-5676CC4F7A12", "layers": [], "labels": [], "target": {"resourceId": "sid-49BF4F22-A4A6-4BCD-B384-431CF874605A"}, "childShapes": [], "properties": {"bordercolor": "#000000", "monitoring": "", "name": "", "documentation": "", "auditing": ""}, "stencil": {"id": "MessageFlow"}, "outgoing": [{"resourceId": "sid-49BF4F22-A4A6-4BCD-B384-431CF874605A"}], "glossaryLinks": {}, "formats": {}}, {"dockers": [{"y": 40, "x": 50}, {"y": 15, "x": 15}], "bounds": {"lowerRight": {"y": 94, "x": 1574.625}, "upperLeft": {"y": 94, "x": 1525}}, "resourceId": "sid-12AD140E-E549-4985-9C1D-3319AFF0865C", "layers": [], "labels": [], "target": {"resourceId": "sid-85AF9E65-31A0-44E9-A152-E3AF2F7D0FDE"}, "childShapes": [], "properties": {"ConditionType": "None", "showdiamondmarker": "false", "bordercolor": "#000000", "monitoring": "", "name": "", "documentation": "", "probability": "", "conditionexpression": "", "isimmediate": "false", "auditing": ""}, "stencil": {"id": "SequenceFlow"}, "outgoing": [{"resourceId": "sid-85AF9E65-31A0-44E9-A152-E3AF2F7D0FDE"}], "glossaryLinks": {}, "formats": {}}, {"dockers": [{"y": 15, "x": 15}, {"y": 15, "x": 15}], "bounds": {"lowerRight": {"y": 280.796875, "x": 1590}, "upperLeft": {"y": 109.203125, "x": 1590}}, "resourceId": "sid-EA0C2C5C-800F-42EE-AB78-7B498CE8486A", "layers": [], "labels": [], "target": {"resourceId": "sid-914A81E6-A547-4F33-9021-46CEF580B0E8"}, "childShapes": [], "properties": {"bordercolor": "#000000", "monitoring": "", "name": "", "documentation": "", "auditing": ""}, "stencil": {"id": "MessageFlow"}, "outgoing": [{"resourceId": "sid-914A81E6-A547-4F33-9021-46CEF580B0E8"}], "glossaryLinks": {}, "formats": {}}, {"dockers": [{"y": 15, "x": 15}, {"y": 40, "x": 50}], "bounds": {"lowerRight": {"y": 296, "x": 1649.15625}, "upperLeft": {"y": 296, "x": 1605.609375}}, "resourceId": "sid-3B8E3323-4EBB-4509-917A-A4E46ADD324F", "layers": [], "labels": [], "target": {"resourceId": "sid-57A23B7E-9A45-4718-AC40-3CAECC2160E0"}, "childShapes": [], "properties": {"ConditionType": "None", "showdiamondmarker": "false", "bordercolor": "#000000", "monitoring": "", "name": "", "documentation": "", "probability": "", "conditionexpression": "", "isimmediate": "false", "auditing": ""}, "stencil": {"id": "SequenceFlow"}, "outgoing": [{"resourceId": "sid-57A23B7E-9A45-4718-AC40-3CAECC2160E0"}], "glossaryLinks": {}, "formats": {}}, {"dockers": [{"y": 40, "x": 50}, {"y": 15, "x": 15}], "bounds": {"lowerRight": {"y": 296, "x": 1814.78125}, "upperLeft": {"y": 296, "x": 1750}}, "resourceId": "sid-DC65FD64-ACA6-4B2B-823D-26D6B8EDD5DE", "layers": [], "labels": [], "target": {"resourceId": "sid-E1F45ECD-E422-421A-BD92-F3267299951C"}, "childShapes": [], "properties": {"ConditionType": "None", "showdiamondmarker": "false", "bordercolor": "#000000", "monitoring": "", "name": "", "documentation": "", "probability": "", "conditionexpression": "", "isimmediate": "false", "auditing": ""}, "stencil": {"id": "SequenceFlow"}, "outgoing": [{"resourceId": "sid-E1F45ECD-E422-421A-BD92-F3267299951C"}], "glossaryLinks": {}, "formats": {}}, {"dockers": [{"y": 15, "x": 15}, {"y": 15, "x": 15}], "bounds": {"lowerRight": {"y": 280.796875, "x": 1830}, "upperLeft": {"y": 109.203125, "x": 1830}}, "resourceId": "sid-B1B076A8-6367-4C47-B5C1-7D4851720261", "layers": [], "labels": [], "target": {"resourceId": "sid-C41C5324-714D-4176-940E-9437B65AD3B8"}, "childShapes": [], "properties": {"bordercolor": "#000000", "monitoring": "", "name": "", "documentation": "", "auditing": ""}, "stencil": {"id": "MessageFlow"}, "outgoing": [{"resourceId": "sid-C41C5324-714D-4176-940E-9437B65AD3B8"}], "glossaryLinks": {}, "formats": {}}, {"dockers": [{"y": 15, "x": 15}, {"y": 40, "x": 50}], "bounds": {"lowerRight": {"y": 94, "x": 1889.15625}, "upperLeft": {"y": 94, "x": 1845.609375}}, "resourceId": "sid-89D63C49-973D-4536-8BB6-62BDA6D747E9", "layers": [], "labels": [], "target": {"resourceId": "sid-9DC3C0B6-BCAB-45C0-8EC7-7A5C5D4EF70E"}, "childShapes": [], "properties": {"ConditionType": "None", "showdiamondmarker": "false", "bordercolor": "#000000", "monitoring": "", "name": "", "documentation": "", "probability": "", "conditionexpression": "", "isimmediate": "false", "auditing": ""}, "stencil": {"id": "SequenceFlow"}, "outgoing": [{"resourceId": "sid-9DC3C0B6-BCAB-45C0-8EC7-7A5C5D4EF70E"}], "glossaryLinks": {}, "formats": {}}, {"dockers": [{"y": 40, "x": 50}, {"y": 15, "x": 15}], "bounds": {"lowerRight": {"y": 94, "x": 2054.78125}, "upperLeft": {"y": 94, "x": 1990}}, "resourceId": "sid-4A50A239-C98D-47B8-85D7-5F2BF5DE56F1", "layers": [], "labels": [], "target": {"resourceId": "sid-BD96F8B3-9FC5-4F7F-9446-2308177D81B1"}, "childShapes": [], "properties": {"ConditionType": "None", "showdiamondmarker": "false", "bordercolor": "#000000", "monitoring": "", "name": "", "documentation": "", "probability": "", "conditionexpression": "", "isimmediate": "false", "auditing": ""}, "stencil": {"id": "SequenceFlow"}, "outgoing": [{"resourceId": "sid-BD96F8B3-9FC5-4F7F-9446-2308177D81B1"}], "glossaryLinks": {}, "formats": {}}, {"dockers": [{"y": 15, "x": 15}, {"y": 15, "x": 15}], "bounds": {"lowerRight": {"y": 280.796875, "x": 2070}, "upperLeft": {"y": 109.203125, "x": 2070}}, "resourceId": "sid-72F83415-1760-4049-86DA-A8AC556756EA", "layers": [], "labels": [], "target": {"resourceId": "sid-A6B06C4B-2AFC-4D5F-8992-B69A7C45D15E"}, "childShapes": [], "properties": {"bordercolor": "#000000", "monitoring": "", "name": "", "documentation": "", "auditing": ""}, "stencil": {"id": "MessageFlow"}, "outgoing": [{"resourceId": "sid-A6B06C4B-2AFC-4D5F-8992-B69A7C45D15E"}], "glossaryLinks": {}, "formats": {}}, {"dockers": [{"y": 15, "x": 15}, {"y": 40, "x": 50}], "bounds": {"lowerRight": {"y": 296, "x": 2159.78125}, "upperLeft": {"y": 296, "x": 2085.21875}}, "resourceId": "sid-DC12DB03-E22D-44E7-A461-0AC54F7953A7", "layers": [], "labels": [], "target": {"resourceId": "sid-DD4CCE42-B365-45D2-B3B5-9583AB0EECCA"}, "childShapes": [], "properties": {"ConditionType": "None", "showdiamondmarker": "false", "bordercolor": "#000000", "monitoring": "", "name": "", "documentation": "", "probability": "", "conditionexpression": "", "isimmediate": "false", "auditing": ""}, "stencil": {"id": "SequenceFlow"}, "outgoing": [{"resourceId": "sid-DD4CCE42-B365-45D2-B3B5-9583AB0EECCA"}], "glossaryLinks": {}, "formats": {}}, {"dockers": [{"y": 40, "x": 50}, {"y": 296, "x": 2325}], "bounds": {"lowerRight": {"y": 296, "x": 2325}, "upperLeft": {"y": 296, "x": 2260}}, "resourceId": "sid-5606123D-799A-43D6-B802-B40AAA3FBCFD", "layers": [], "labels": [], "childShapes": [], "properties": {"bordercolor": "#000000", "monitoring": "", "name": "", "documentation": "", "auditing": ""}, "stencil": {"id": "MessageFlow"}, "outgoing": [], "glossaryLinks": {}, "formats": {}}, {"dockers": [{"y": 15, "x": 15}, {"y": 40, "x": 50}], "bounds": {"lowerRight": {"y": 296, "x": 2399.15625}, "upperLeft": {"y": 296, "x": 2355.609375}}, "resourceId": "sid-4B40423D-5B8D-41A2-939A-975322F50BC9", "layers": [], "labels": [], "target": {"resourceId": "sid-71DD1F87-9A28-4862-9894-2049817C04F0"}, "childShapes": [], "properties": {"ConditionType": "None", "showdiamondmarker": "false", "bordercolor": "#000000", "monitoring": "", "name": "", "documentation": "", "probability": "", "conditionexpression": "", "isimmediate": "false", "auditing": ""}, "stencil": {"id": "SequenceFlow"}, "outgoing": [{"resourceId": "sid-71DD1F87-9A28-4862-9894-2049817C04F0"}], "glossaryLinks": {}, "formats": {}}, {"dockers": [{"y": 40, "x": 50}, {"y": 14, "x": 14}], "bounds": {"lowerRight": {"y": 296, "x": 2549.640625}, "upperLeft": {"y": 296, "x": 2500}}, "resourceId": "sid-5C90FE21-9194-49F6-8E76-ED4D1BB4BE40", "layers": [], "labels": [], "target": {"resourceId": "sid-18F61ED8-A23C-4AB9-A015-BB4BB1BA7EA6"}, "childShapes": [], "properties": {"ConditionType": "None", "showdiamondmarker": "false", "bordercolor": "#000000", "monitoring": "", "name": "", "documentation": "", "probability": "", "conditionexpression": "", "isimmediate": "false", "auditing": ""}, "stencil": {"id": "SequenceFlow"}, "outgoing": [{"resourceId": "sid-18F61ED8-A23C-4AB9-A015-BB4BB1BA7EA6"}], "glossaryLinks": {}, "formats": {}}], "properties": {"orientation": "horizontal", "monitoring": "", "modificationdate": "", "creationdate": "", "namespaces": "", "version": "", "targetnamespace": "http://www.signavio.com/bpmn20", "author": "", "name": "", "documentation": "", "language": "English", "typelanguage": "http://www.w3.org/2001/XMLSchema", "expressionlanguage": "http://www.w3.org/1999/XPath", "auditing": ""}, "ssextensions": [], "stencilset": {"url": "/stencilsets/bpmn2.0/bpmn2.0.json?version=6.1.0", "namespace": "http://b3mn.org/stencilset/bpmn2.0#"}, "stencil": {"id": "BPMNDiagram"}, "formats": {}}