{"bounds": {"lowerRight": {"y": 1050, "x": 1485}, "upperLeft": {"y": 0, "x": 0}}, "resourceId": "canvas", "childShapes": [{"dockers": [], "bounds": {"lowerRight": {"y": 255, "x": 60}, "upperLeft": {"y": 225, "x": 30}}, "resourceId": "sid-3C9C3EBD-E0E3-45EA-A400-3A404C5B6BB6", "layers": [], "labels": [], "childShapes": [], "properties": {"trigger": "None", "monitoring": "", "outputset": "", "applyincalc": "true", "frequency": "", "bgcolor": "#ffffff", "bordercolor": "#000000", "dataoutputassociations": "", "name": "A", "documentation": "", "dataoutput": "", "auditing": "", "processid": ""}, "stencil": {"id": "StartNoneEvent"}, "outgoing": [{"resourceId": "sid-2DCCF387-5A12-4198-BA14-90770B7B4CB9"}], "glossaryLinks": {}, "formats": {}}, {"dockers": [{"y": 240, "x": 480}], "bounds": {"lowerRight": {"y": 255, "x": 495}, "upperLeft": {"y": 225, "x": 465}}, "resourceId": "sid-595A4CDC-4301-4BB1-8B2E-2DF865E02EBA", "layers": [], "labels": [], "childShapes": [], "properties": {"trigger": "None", "monitoring": "", "applyincalc": "true", "costs": "", "bgcolor": "#ffffff", "inputset": "", "bordercolor": "#000000", "time": "", "datainputassociations": "", "name": "B", "documentation": "", "costcenter": "", "datainput": "", "auditing": ""}, "stencil": {"id": "IntermediateEvent"}, "outgoing": [{"resourceId": "sid-8DB32877-A048-468B-8A13-8F3171DB2E1A"}], "glossaryLinks": {}, "formats": {}}, {"dockers": [{"y": 380, "x": 750}], "bounds": {"lowerRight": {"y": 395, "x": 765}, "upperLeft": {"y": 365, "x": 735}}, "resourceId": "sid-CA6F3370-EA47-46B8-B18C-EAF1317DE02C", "layers": [], "labels": [], "childShapes": [], "properties": {"trigger": "None", "monitoring": "", "applyincalc": "true", "costs": "", "bgcolor": "#ffffff", "inputset": "", "bordercolor": "#000000", "time": "", "datainputassociations": "", "name": "C", "documentation": "", "costcenter": "", "datainput": "", "auditing": ""}, "stencil": {"id": "IntermediateEvent"}, "outgoing": [{"resourceId": "sid-78A9BD7A-D96D-4177-8C0C-095364E92982"}], "glossaryLinks": {}, "formats": {}}, {"dockers": [], "bounds": {"lowerRight": {"y": 260, "x": 170}, "upperLeft": {"y": 220, "x": 85}}, "resourceId": "sid-8CF7828F-9337-4027-A460-615185A43BBA", "layers": [], "labels": [], "childShapes": [], "properties": {"resources": "", "outmsgstructure": "", "applyincalc": "true", "loopcardinality": "", "outmessagename": "", "inmessagename": "", "bgcolor": "#ffffcc", "bordercolor": "#000000", "time": "", "loopdataoutput": "", "testbefore": "false", "callacitivity": "false", "outmsgiscollection": "false", "monitoring": "", "operationname": "", "dataoutputset": "", "completionquantity": "1", "properties": "", "script": "", "assignments": "", "nonebehavioreventref": "signal", "scriptformat": "", "datainputset": "", "processid": "", "startquantity": "1", "tasktype": "None", "looptype": "None", "instantiate": "false", "behavior": "all", "inmsgimport": "", "costs": "", "inputdataitem": "", "loopdatainput": "", "name": "D", "outmsgitemkind": "Information", "costcenter": "", "completioncondition": "", "isforcompensation": "false", "inmsgiscollection": "false", "inmsgitemkind": "Information", "inmsgstructure": "", "outputdataitem": "", "messageref": "", "loopcondition": "", "onebehavioreventref:": "signal", "implementation": "webService", "operationref": "", "outmsgimport": "", "documentation": "", "categories": "", "auditing": "", "complexbehaviordefinition": ""}, "stencil": {"id": "Task"}, "outgoing": [{"resourceId": "sid-89345E5E-4B0A-42E4-8468-2077D7147F74"}], "glossaryLinks": {}, "formats": {}}, {"dockers": [{"y": 15, "x": 15}, {"y": 20, "x": 42.5}], "bounds": {"lowerRight": {"y": 240, "x": 84.60546875}, "upperLeft": {"y": 240, "x": 60.1796875}}, "resourceId": "sid-2DCCF387-5A12-4198-BA14-90770B7B4CB9", "layers": [], "labels": [], "target": {"resourceId": "sid-8CF7828F-9337-4027-A460-615185A43BBA"}, "childShapes": [], "properties": {"ConditionType": "None", "showdiamondmarker": "false", "bordercolor": "#000000", "monitoring": "", "name": "", "documentation": "", "probability": "", "conditionexpression": "", "isimmediate": "false", "auditing": ""}, "stencil": {"id": "SequenceFlow"}, "outgoing": [{"resourceId": "sid-8CF7828F-9337-4027-A460-615185A43BBA"}], "glossaryLinks": {}, "formats": {}}, {"dockers": [{"y": 240, "x": 225}], "bounds": {"lowerRight": {"y": 255, "x": 240}, "upperLeft": {"y": 225, "x": 210}}, "resourceId": "sid-0ABA0E0D-366F-4501-98C4-B82CE2BFF1E9", "layers": [], "labels": [], "childShapes": [], "properties": {"trigger": "None", "monitoring": "", "applyincalc": "true", "costs": "", "bgcolor": "#ffffff", "inputset": "", "bordercolor": "#000000", "time": "", "datainputassociations": "", "name": "E", "documentation": "", "costcenter": "", "datainput": "", "auditing": ""}, "stencil": {"id": "IntermediateEvent"}, "outgoing": [{"resourceId": "sid-2C249B81-B47F-480E-AA00-D2C324316DBD"}], "glossaryLinks": {}, "formats": {}}, {"dockers": [{"y": 20, "x": 42.5}, {"y": 15, "x": 15}], "bounds": {"lowerRight": {"y": 240, "x": 209.52734375}, "upperLeft": {"y": 240, "x": 170}}, "resourceId": "sid-89345E5E-4B0A-42E4-8468-2077D7147F74", "layers": [], "labels": [], "target": {"resourceId": "sid-0ABA0E0D-366F-4501-98C4-B82CE2BFF1E9"}, "childShapes": [], "properties": {"ConditionType": "None", "showdiamondmarker": "false", "bordercolor": "#000000", "monitoring": "", "name": "", "documentation": "", "probability": "", "conditionexpression": "", "isimmediate": "false", "auditing": ""}, "stencil": {"id": "SequenceFlow"}, "outgoing": [{"resourceId": "sid-0ABA0E0D-366F-4501-98C4-B82CE2BFF1E9"}], "glossaryLinks": {}, "formats": {}}, {"dockers": [], "bounds": {"lowerRight": {"y": 260, "x": 355}, "upperLeft": {"y": 220, "x": 270}}, "resourceId": "sid-2777C049-4D0E-436C-AA38-CFFC4FFE8742", "layers": [], "labels": [], "childShapes": [], "properties": {"resources": "", "outmsgstructure": "", "applyincalc": "true", "loopcardinality": "", "outmessagename": "", "inmessagename": "", "bgcolor": "#ffffcc", "bordercolor": "#000000", "time": "", "loopdataoutput": "", "testbefore": "false", "callacitivity": "false", "outmsgiscollection": "false", "monitoring": "", "operationname": "", "dataoutputset": "", "completionquantity": "1", "properties": "", "script": "", "assignments": "", "nonebehavioreventref": "signal", "scriptformat": "", "datainputset": "", "processid": "", "startquantity": "1", "tasktype": "None", "looptype": "None", "instantiate": "false", "behavior": "all", "inmsgimport": "", "costs": "", "inputdataitem": "", "loopdatainput": "", "name": "F", "outmsgitemkind": "Information", "costcenter": "", "completioncondition": "", "isforcompensation": "false", "inmsgiscollection": "false", "inmsgitemkind": "Information", "inmsgstructure": "", "outputdataitem": "", "messageref": "", "loopcondition": "", "onebehavioreventref:": "signal", "implementation": "webService", "operationref": "", "outmsgimport": "", "documentation": "", "categories": "", "auditing": "", "complexbehaviordefinition": ""}, "stencil": {"id": "Task"}, "outgoing": [{"resourceId": "sid-5E95AF92-5AA7-47E1-B38B-3FFE68E51EE2"}], "glossaryLinks": {}, "formats": {}}, {"dockers": [{"y": 15, "x": 15}, {"y": 20, "x": 42.5}], "bounds": {"lowerRight": {"y": 240, "x": 269.1171875}, "upperLeft": {"y": 240, "x": 240.35546875}}, "resourceId": "sid-2C249B81-B47F-480E-AA00-D2C324316DBD", "layers": [], "labels": [], "target": {"resourceId": "sid-2777C049-4D0E-436C-AA38-CFFC4FFE8742"}, "childShapes": [], "properties": {"ConditionType": "None", "showdiamondmarker": "false", "bordercolor": "#000000", "monitoring": "", "name": "", "documentation": "", "probability": "", "conditionexpression": "", "isimmediate": "false", "auditing": ""}, "stencil": {"id": "SequenceFlow"}, "outgoing": [{"resourceId": "sid-2777C049-4D0E-436C-AA38-CFFC4FFE8742"}], "glossaryLinks": {}, "formats": {}}, {"dockers": [{"y": 20, "x": 42.5}, {"y": 20, "x": 11}], "bounds": {"lowerRight": {"y": 240, "x": 390.3203125}, "upperLeft": {"y": 240, "x": 355}}, "resourceId": "sid-5E95AF92-5AA7-47E1-B38B-3FFE68E51EE2", "layers": [], "labels": [], "target": {"resourceId": "sid-50AEF19A-C1B9-40C1-8D69-67A5D7CCB196"}, "childShapes": [], "properties": {"ConditionType": "None", "showdiamondmarker": "false", "bordercolor": "#000000", "monitoring": "", "name": "", "documentation": "", "probability": "", "conditionexpression": "", "isimmediate": "false", "auditing": ""}, "stencil": {"id": "SequenceFlow"}, "outgoing": [{"resourceId": "sid-50AEF19A-C1B9-40C1-8D69-67A5D7CCB196"}], "glossaryLinks": {}, "formats": {}}, {"dockers": [], "bounds": {"lowerRight": {"y": 260, "x": 642.5}, "upperLeft": {"y": 220, "x": 557.5}}, "resourceId": "sid-8A7411C5-0974-4F6F-B3EA-704B082869D4", "layers": [], "labels": [], "childShapes": [], "properties": {"resources": "", "outmsgstructure": "", "applyincalc": "true", "loopcardinality": "", "outmessagename": "", "inmessagename": "", "bgcolor": "#ffffcc", "bordercolor": "#000000", "time": "", "loopdataoutput": "", "testbefore": "false", "callacitivity": "false", "outmsgiscollection": "false", "monitoring": "", "operationname": "", "dataoutputset": "", "completionquantity": "1", "properties": "", "script": "", "assignments": "", "nonebehavioreventref": "signal", "scriptformat": "", "datainputset": "", "processid": "", "startquantity": "1", "tasktype": "None", "looptype": "None", "instantiate": "false", "behavior": "all", "inmsgimport": "", "costs": "", "inputdataitem": "", "loopdatainput": "", "name": "G", "outmsgitemkind": "Information", "costcenter": "", "completioncondition": "", "isforcompensation": "false", "inmsgiscollection": "false", "inmsgitemkind": "Information", "inmsgstructure": "", "outputdataitem": "", "messageref": "", "loopcondition": "", "onebehavioreventref:": "signal", "implementation": "webService", "operationref": "", "outmsgimport": "", "documentation": "", "categories": "", "auditing": "", "complexbehaviordefinition": ""}, "stencil": {"id": "Task"}, "outgoing": [{"resourceId": "sid-8EF1A851-2AD5-4EDC-8133-E6ABE67850C8"}], "glossaryLinks": {}, "formats": {}}, {"dockers": [{"y": 15, "x": 15}, {"y": 20, "x": 42.5}], "bounds": {"lowerRight": {"y": 240, "x": 556.8125}, "upperLeft": {"y": 240, "x": 495.0625}}, "resourceId": "sid-8DB32877-A048-468B-8A13-8F3171DB2E1A", "layers": [], "labels": [], "target": {"resourceId": "sid-8A7411C5-0974-4F6F-B3EA-704B082869D4"}, "childShapes": [], "properties": {"ConditionType": "None", "showdiamondmarker": "false", "bordercolor": "#000000", "monitoring": "", "name": "", "documentation": "", "probability": "", "conditionexpression": "", "isimmediate": "false", "auditing": ""}, "stencil": {"id": "SequenceFlow"}, "outgoing": [{"resourceId": "sid-8A7411C5-0974-4F6F-B3EA-704B082869D4"}], "glossaryLinks": {}, "formats": {}}, {"dockers": [], "bounds": {"lowerRight": {"y": 400, "x": 880}, "upperLeft": {"y": 360, "x": 795}}, "resourceId": "sid-7E123E25-B58C-434C-B9CE-0A0E358771BC", "layers": [], "labels": [], "childShapes": [], "properties": {"resources": "", "outmsgstructure": "", "applyincalc": "true", "loopcardinality": "", "outmessagename": "", "inmessagename": "", "bgcolor": "#ffffcc", "bordercolor": "#000000", "time": "", "loopdataoutput": "", "testbefore": "false", "callacitivity": "false", "outmsgiscollection": "false", "monitoring": "", "operationname": "", "dataoutputset": "", "completionquantity": "1", "properties": "", "script": "", "assignments": "", "nonebehavioreventref": "signal", "scriptformat": "", "datainputset": "", "processid": "", "startquantity": "1", "tasktype": "None", "looptype": "None", "instantiate": "false", "behavior": "all", "inmsgimport": "", "costs": "", "inputdataitem": "", "loopdatainput": "", "name": "H", "outmsgitemkind": "Information", "costcenter": "", "completioncondition": "", "isforcompensation": "false", "inmsgiscollection": "false", "inmsgitemkind": "Information", "inmsgstructure": "", "outputdataitem": "", "messageref": "", "loopcondition": "", "onebehavioreventref:": "signal", "implementation": "webService", "operationref": "", "outmsgimport": "", "documentation": "", "categories": "", "auditing": "", "complexbehaviordefinition": ""}, "stencil": {"id": "Task"}, "outgoing": [{"resourceId": "sid-7825C653-BE28-4D95-A33D-730A078FD770"}], "glossaryLinks": {}, "formats": {}}, {"dockers": [], "bounds": {"lowerRight": {"y": 400, "x": 700}, "upperLeft": {"y": 360, "x": 660}}, "resourceId": "sid-E69D17D6-2F6E-408E-B74A-8DFF36F50EEC", "layers": [], "labels": [], "childShapes": [], "properties": {"xortype": "Data", "monitoring": "", "defaultgate": "", "gatewaytype": "XOR", "gates": "", "assignments": "", "bgcolor": "#ffffff", "bordercolor": "#000000", "pool": "", "gate_assignments": "", "markervisible": "true", "name": "", "documentation": "", "gates_assignments": "", "categories": "", "auditing": "", "gate_outgoingsequenceflow": "", "lanes": "", "gates_outgoingsequenceflow": "", "processid": ""}, "stencil": {"id": "Exclusive_Databased_Gateway"}, "outgoing": [{"resourceId": "sid-1BEF8B16-3DEC-4F02-BE6D-FB47A0A5B68B"}, {"resourceId": "sid-25B613F8-BB42-4F57-90AD-DF742081BB79"}, {"resourceId": "sid-E3443916-EB81-44C7-9B51-AD68627A496B"}], "glossaryLinks": {}, "formats": {}}, {"dockers": [{"y": 20, "x": 42.5}, {"y": 240, "x": 680.5}, {"y": 20.5, "x": 20.5}], "bounds": {"lowerRight": {"y": 359.7421875, "x": 680.5}, "upperLeft": {"y": 240, "x": 642.5}}, "resourceId": "sid-8EF1A851-2AD5-4EDC-8133-E6ABE67850C8", "layers": [], "labels": [], "target": {"resourceId": "sid-E69D17D6-2F6E-408E-B74A-8DFF36F50EEC"}, "childShapes": [], "properties": {"ConditionType": "None", "showdiamondmarker": "false", "bordercolor": "#000000", "monitoring": "", "name": "", "documentation": "", "probability": "", "conditionexpression": "", "isimmediate": "false", "auditing": ""}, "stencil": {"id": "SequenceFlow"}, "outgoing": [{"resourceId": "sid-E69D17D6-2F6E-408E-B74A-8DFF36F50EEC"}], "glossaryLinks": {}, "formats": {}}, {"dockers": [{"y": 380, "x": 600.5}], "bounds": {"lowerRight": {"y": 395, "x": 615.5}, "upperLeft": {"y": 365, "x": 585.5}}, "resourceId": "sid-E4C0BDD2-A671-4804-A241-E4D4D71FA0AC", "layers": [], "labels": [], "childShapes": [], "properties": {"trigger": "None", "monitoring": "", "applyincalc": "true", "costs": "", "bgcolor": "#ffffff", "inputset": "", "bordercolor": "#000000", "time": "", "datainputassociations": "", "name": "I", "documentation": "", "costcenter": "", "datainput": "", "auditing": ""}, "stencil": {"id": "IntermediateEvent"}, "outgoing": [{"resourceId": "sid-80E14E3B-A02F-4720-872A-565346BECA29"}], "glossaryLinks": {}, "formats": {}}, {"dockers": [], "bounds": {"lowerRight": {"y": 400, "x": 452.5}, "upperLeft": {"y": 360, "x": 367.5}}, "resourceId": "sid-DFC1FD83-998B-472C-A0E9-254A2E45FB87", "layers": [], "labels": [], "childShapes": [], "properties": {"resources": "", "outmsgstructure": "", "applyincalc": "true", "loopcardinality": "", "outmessagename": "", "inmessagename": "", "bgcolor": "#ffffcc", "bordercolor": "#000000", "time": "", "loopdataoutput": "", "testbefore": "false", "callacitivity": "false", "outmsgiscollection": "false", "monitoring": "", "operationname": "", "dataoutputset": "", "completionquantity": "1", "properties": "", "script": "", "assignments": "", "nonebehavioreventref": "signal", "scriptformat": "", "datainputset": "", "processid": "", "startquantity": "1", "tasktype": "None", "looptype": "None", "instantiate": "false", "behavior": "all", "inmsgimport": "", "costs": "", "inputdataitem": "", "loopdatainput": "", "name": "J", "outmsgitemkind": "Information", "costcenter": "", "completioncondition": "", "isforcompensation": "false", "inmsgiscollection": "false", "inmsgitemkind": "Information", "inmsgstructure": "", "outputdataitem": "", "messageref": "", "loopcondition": "", "onebehavioreventref:": "signal", "implementation": "webService", "operationref": "", "outmsgimport": "", "documentation": "", "categories": "", "auditing": "", "complexbehaviordefinition": ""}, "stencil": {"id": "Task"}, "outgoing": [{"resourceId": "sid-17436DF4-ED09-44E0-9169-27DC2AD851AC"}], "glossaryLinks": {}, "formats": {}}, {"dockers": [{"y": 20.5, "x": 20.5}, {"y": 15, "x": 15}], "bounds": {"lowerRight": {"y": 380.36875012206672864, "x": 659.50001953067783234}, "upperLeft": {"y": 380.09609362793327136, "x": 615.87498046932216766}}, "resourceId": "sid-1BEF8B16-3DEC-4F02-BE6D-FB47A0A5B68B", "layers": [], "labels": [], "target": {"resourceId": "sid-E4C0BDD2-A671-4804-A241-E4D4D71FA0AC"}, "childShapes": [], "properties": {"ConditionType": "None", "showdiamondmarker": "false", "bordercolor": "#000000", "monitoring": "", "name": "", "documentation": "", "probability": "", "conditionexpression": "", "isimmediate": "false", "auditing": ""}, "stencil": {"id": "SequenceFlow"}, "outgoing": [{"resourceId": "sid-E4C0BDD2-A671-4804-A241-E4D4D71FA0AC"}], "glossaryLinks": {}, "formats": {}}, {"dockers": [{"y": 20.5, "x": 20.5}, {"y": 15, "x": 15}], "bounds": {"lowerRight": {"y": 380.35999344156527968, "x": 734.88283837757319361}, "upperLeft": {"y": 380.10875655843472032, "x": 699.96091162242680639}}, "resourceId": "sid-25B613F8-BB42-4F57-90AD-DF742081BB79", "layers": [], "labels": [], "target": {"resourceId": "sid-CA6F3370-EA47-46B8-B18C-EAF1317DE02C"}, "childShapes": [], "properties": {"ConditionType": "None", "showdiamondmarker": "false", "bordercolor": "#000000", "monitoring": "", "name": "", "documentation": "", "probability": "", "conditionexpression": "", "isimmediate": "false", "auditing": ""}, "stencil": {"id": "SequenceFlow"}, "outgoing": [{"resourceId": "sid-CA6F3370-EA47-46B8-B18C-EAF1317DE02C"}], "glossaryLinks": {}, "formats": {}}, {"dockers": [{"y": 15, "x": 15}, {"y": 20, "x": 42.5}], "bounds": {"lowerRight": {"y": 380, "x": 794.1171875}, "upperLeft": {"y": 380, "x": 765.35546875}}, "resourceId": "sid-78A9BD7A-D96D-4177-8C0C-095364E92982", "layers": [], "labels": [], "target": {"resourceId": "sid-7E123E25-B58C-434C-B9CE-0A0E358771BC"}, "childShapes": [], "properties": {"ConditionType": "None", "showdiamondmarker": "false", "bordercolor": "#000000", "monitoring": "", "name": "", "documentation": "", "probability": "", "conditionexpression": "", "isimmediate": "false", "auditing": ""}, "stencil": {"id": "SequenceFlow"}, "outgoing": [{"resourceId": "sid-7E123E25-B58C-434C-B9CE-0A0E358771BC"}], "glossaryLinks": {}, "formats": {}}, {"dockers": [{"y": 240, "x": 838}], "bounds": {"lowerRight": {"y": 255, "x": 853}, "upperLeft": {"y": 225, "x": 823}}, "resourceId": "sid-84DD2DE2-4096-4618-BD3E-2A4F7828036B", "layers": [], "labels": [{"ref": "text_name", "align": "left", "valign": "middle", "right": true, "y": 15, "x": 36}], "childShapes": [], "properties": {"trigger": "None", "monitoring": "", "applyincalc": "true", "costs": "", "bgcolor": "#ffffff", "inputset": "", "bordercolor": "#000000", "time": "", "datainputassociations": "", "name": "K", "documentation": "", "costcenter": "", "datainput": "", "auditing": ""}, "stencil": {"id": "IntermediateEvent"}, "outgoing": [{"resourceId": "sid-2AACAE34-410C-4C59-AC31-760953DB6D83"}], "glossaryLinks": {}, "formats": {}}, {"dockers": [{"y": 20, "x": 42.5}, {"y": 15, "x": 15}], "bounds": {"lowerRight": {"y": 359.31250637749002408, "x": 837.94564734420532659}, "upperLeft": {"y": 255.21874362250997592, "x": 837.57388390579467341}}, "resourceId": "sid-7825C653-BE28-4D95-A33D-730A078FD770", "layers": [], "labels": [], "target": {"resourceId": "sid-84DD2DE2-4096-4618-BD3E-2A4F7828036B"}, "childShapes": [], "properties": {"ConditionType": "None", "showdiamondmarker": "false", "bordercolor": "#000000", "monitoring": "", "name": "", "documentation": "", "probability": "", "conditionexpression": "", "isimmediate": "false", "auditing": ""}, "stencil": {"id": "SequenceFlow"}, "outgoing": [{"resourceId": "sid-84DD2DE2-4096-4618-BD3E-2A4F7828036B"}], "glossaryLinks": {}, "formats": {}}, {"dockers": [], "bounds": {"lowerRight": {"y": 100, "x": 880.5}, "upperLeft": {"y": 60, "x": 795.5}}, "resourceId": "sid-CBA55515-7153-40AC-9050-E55D41DDB262", "layers": [], "labels": [], "childShapes": [], "properties": {"resources": "", "outmsgstructure": "", "applyincalc": "true", "loopcardinality": "", "outmessagename": "", "inmessagename": "", "bgcolor": "#ffffcc", "bordercolor": "#000000", "time": "", "loopdataoutput": "", "testbefore": "false", "callacitivity": "false", "outmsgiscollection": "false", "monitoring": "", "operationname": "", "dataoutputset": "", "completionquantity": "1", "properties": "", "script": "", "assignments": "", "nonebehavioreventref": "signal", "scriptformat": "", "datainputset": "", "processid": "", "startquantity": "1", "tasktype": "None", "looptype": "None", "instantiate": "false", "behavior": "all", "inmsgimport": "", "costs": "", "inputdataitem": "", "loopdatainput": "", "name": "L", "outmsgitemkind": "Information", "costcenter": "", "completioncondition": "", "isforcompensation": "false", "inmsgiscollection": "false", "inmsgitemkind": "Information", "inmsgstructure": "", "outputdataitem": "", "messageref": "", "loopcondition": "", "onebehavioreventref:": "signal", "implementation": "webService", "operationref": "", "outmsgimport": "", "documentation": "", "categories": "", "auditing": "", "complexbehaviordefinition": ""}, "stencil": {"id": "Task"}, "outgoing": [{"resourceId": "sid-8E368B7D-6717-45F3-813F-76D203EDDF66"}], "glossaryLinks": {}, "formats": {}}, {"dockers": [], "bounds": {"lowerRight": {"y": 260, "x": 430}, "upperLeft": {"y": 220, "x": 390}}, "resourceId": "sid-50AEF19A-C1B9-40C1-8D69-67A5D7CCB196", "layers": [], "labels": [], "childShapes": [], "properties": {"xortype": "Data", "monitoring": "", "defaultgate": "", "gatewaytype": "XOR", "gates": "", "assignments": "", "bgcolor": "#ffffff", "bordercolor": "#000000", "pool": "", "gate_assignments": "", "markervisible": "true", "name": "", "documentation": "", "gates_assignments": "", "categories": "", "auditing": "", "gate_outgoingsequenceflow": "", "lanes": "", "gates_outgoingsequenceflow": "", "processid": ""}, "stencil": {"id": "Exclusive_Databased_Gateway"}, "outgoing": [{"resourceId": "sid-E5685153-C478-4FD2-A4F9-ECF440CFF1D5"}], "glossaryLinks": {}, "formats": {}}, {"dockers": [{"y": 20.5, "x": 20.5}, {"y": 15, "x": 15}], "bounds": {"lowerRight": {"y": 240.35999344156527968, "x": 464.88283837757319361}, "upperLeft": {"y": 240.10875655843472032, "x": 429.96091162242680639}}, "resourceId": "sid-E5685153-C478-4FD2-A4F9-ECF440CFF1D5", "layers": [], "labels": [], "target": {"resourceId": "sid-595A4CDC-4301-4BB1-8B2E-2DF865E02EBA"}, "childShapes": [], "properties": {"ConditionType": "None", "showdiamondmarker": "false", "bordercolor": "#000000", "monitoring": "", "name": "", "documentation": "", "probability": "", "conditionexpression": "", "isimmediate": "false", "auditing": ""}, "stencil": {"id": "SequenceFlow"}, "outgoing": [{"resourceId": "sid-595A4CDC-4301-4BB1-8B2E-2DF865E02EBA"}], "glossaryLinks": {}, "formats": {}}, {"dockers": [{"y": 20, "x": 42.5}, {"y": 20.5, "x": 20.5}], "bounds": {"lowerRight": {"y": 359.38281892328825506, "x": 410.43000954363185429}, "upperLeft": {"y": 260.02733732671174494, "x": 410.07389670636814571}}, "resourceId": "sid-17436DF4-ED09-44E0-9169-27DC2AD851AC", "layers": [], "labels": [], "target": {"resourceId": "sid-50AEF19A-C1B9-40C1-8D69-67A5D7CCB196"}, "childShapes": [], "properties": {"ConditionType": "None", "showdiamondmarker": "false", "bordercolor": "#000000", "monitoring": "", "name": "", "documentation": "", "probability": "", "conditionexpression": "", "isimmediate": "false", "auditing": ""}, "stencil": {"id": "SequenceFlow"}, "outgoing": [{"resourceId": "sid-50AEF19A-C1B9-40C1-8D69-67A5D7CCB196"}], "glossaryLinks": {}, "formats": {}}, {"dockers": [{"y": 15, "x": 15}, {"y": 20, "x": 42.5}], "bounds": {"lowerRight": {"y": 380, "x": 584.6171875}, "upperLeft": {"y": 380, "x": 452.5}}, "resourceId": "sid-80E14E3B-A02F-4720-872A-565346BECA29", "layers": [], "labels": [], "target": {"resourceId": "sid-DFC1FD83-998B-472C-A0E9-254A2E45FB87"}, "childShapes": [], "properties": {"ConditionType": "None", "showdiamondmarker": "false", "bordercolor": "#000000", "monitoring": "", "name": "", "documentation": "", "probability": "", "conditionexpression": "", "isimmediate": "false", "auditing": ""}, "stencil": {"id": "SequenceFlow"}, "outgoing": [{"resourceId": "sid-DFC1FD83-998B-472C-A0E9-254A2E45FB87"}], "glossaryLinks": {}, "formats": {}}, {"dockers": [{"y": 15, "x": 15}, {"y": 20, "x": 42.5}], "bounds": {"lowerRight": {"y": 224.625, "x": 838}, "upperLeft": {"y": 100, "x": 838}}, "resourceId": "sid-2AACAE34-410C-4C59-AC31-760953DB6D83", "layers": [], "labels": [], "target": {"resourceId": "sid-CBA55515-7153-40AC-9050-E55D41DDB262"}, "childShapes": [], "properties": {"ConditionType": "None", "showdiamondmarker": "false", "bordercolor": "#000000", "monitoring": "", "name": "", "documentation": "", "probability": "", "conditionexpression": "", "isimmediate": "false", "auditing": ""}, "stencil": {"id": "SequenceFlow"}, "outgoing": [{"resourceId": "sid-CBA55515-7153-40AC-9050-E55D41DDB262"}], "glossaryLinks": {}, "formats": {}}, {"dockers": [{"y": 80, "x": 600.5}], "bounds": {"lowerRight": {"y": 95, "x": 615.5}, "upperLeft": {"y": 65, "x": 585.5}}, "resourceId": "sid-A93CED7A-08B1-4285-84E6-F1627854F0D8", "layers": [], "labels": [], "childShapes": [], "properties": {"trigger": "None", "monitoring": "", "applyincalc": "true", "costs": "", "bgcolor": "#ffffff", "inputset": "", "bordercolor": "#000000", "time": "", "datainputassociations": "", "name": "M", "documentation": "", "costcenter": "", "datainput": "", "auditing": ""}, "stencil": {"id": "IntermediateEvent"}, "outgoing": [{"resourceId": "sid-73C4DF5C-49D1-47B7-AF5B-E6EB2713B8A5"}], "glossaryLinks": {}, "formats": {}}, {"dockers": [{"y": 20, "x": 42.5}, {"y": 15, "x": 15}], "bounds": {"lowerRight": {"y": 80, "x": 795.251953125}, "upperLeft": {"y": 80, "x": 616.34375}}, "resourceId": "sid-8E368B7D-6717-45F3-813F-76D203EDDF66", "layers": [], "labels": [], "target": {"resourceId": "sid-A93CED7A-08B1-4285-84E6-F1627854F0D8"}, "childShapes": [], "properties": {"ConditionType": "None", "showdiamondmarker": "false", "bordercolor": "#000000", "monitoring": "", "name": "", "documentation": "", "probability": "", "conditionexpression": "", "isimmediate": "false", "auditing": ""}, "stencil": {"id": "SequenceFlow"}, "outgoing": [{"resourceId": "sid-A93CED7A-08B1-4285-84E6-F1627854F0D8"}], "glossaryLinks": {}, "formats": {}}, {"dockers": [], "bounds": {"lowerRight": {"y": 100, "x": 430}, "upperLeft": {"y": 60, "x": 390}}, "resourceId": "sid-63CA6CB7-F65F-4BE0-8A4A-9CA6218DCE95", "layers": [], "labels": [], "childShapes": [], "properties": {"xortype": "Data", "monitoring": "", "defaultgate": "", "gatewaytype": "XOR", "gates": "", "assignments": "", "bgcolor": "#ffffff", "bordercolor": "#000000", "pool": "", "gate_assignments": "", "markervisible": "true", "name": "", "documentation": "", "gates_assignments": "", "categories": "", "auditing": "", "gate_outgoingsequenceflow": "", "lanes": "", "gates_outgoingsequenceflow": "", "processid": ""}, "stencil": {"id": "Exclusive_Databased_Gateway"}, "outgoing": [{"resourceId": "sid-870B428C-5BA0-4C51-B58E-BCC3B4D3FF46"}, {"resourceId": "sid-E9D2233F-C6F7-41FC-914C-2FA9EFBFE6F9"}, {"resourceId": "sid-41905342-1104-49A2-A10B-4A41B848A4A0"}], "glossaryLinks": {}, "formats": {}}, {"dockers": [], "bounds": {"lowerRight": {"y": 94, "x": 59}, "upperLeft": {"y": 66, "x": 31}}, "resourceId": "sid-1A3EB972-F98B-4DDE-9867-2D84AB5846CE", "layers": [], "labels": [], "childShapes": [], "properties": {"inputset": "", "trigger": "None", "bordercolor": "#000000", "monitoring": "", "datainputassociations": "", "name": "N", "documentation": "", "auditing": "", "datainput": "", "bgcolor": "#ffffff"}, "stencil": {"id": "EndNoneEvent"}, "outgoing": [], "glossaryLinks": {}, "formats": {}}, {"dockers": [{"y": 20.5, "x": 20.5}, {"y": 14, "x": 14}], "bounds": {"lowerRight": {"y": 80.471288262223936272, "x": 389.51171968569570936}, "upperLeft": {"y": 80.019922675276063728, "x": 59.563475626804283536}}, "resourceId": "sid-870B428C-5BA0-4C51-B58E-BCC3B4D3FF46", "layers": [], "labels": [], "target": {"resourceId": "sid-1A3EB972-F98B-4DDE-9867-2D84AB5846CE"}, "childShapes": [], "properties": {"ConditionType": "None", "showdiamondmarker": "false", "bordercolor": "#000000", "monitoring": "", "name": "", "documentation": "", "probability": "", "conditionexpression": "", "isimmediate": "false", "auditing": ""}, "stencil": {"id": "SequenceFlow"}, "outgoing": [{"resourceId": "sid-1A3EB972-F98B-4DDE-9867-2D84AB5846CE"}], "glossaryLinks": {}, "formats": {}}, {"dockers": [{"y": 15, "x": 15}, {"y": 20.5, "x": 20.5}], "bounds": {"lowerRight": {"y": 80.446587180164698339, "x": 584.65625346258593709}, "upperLeft": {"y": 80.041694069835301661, "x": 430.79687153741411976}}, "resourceId": "sid-73C4DF5C-49D1-47B7-AF5B-E6EB2713B8A5", "layers": [], "labels": [], "target": {"resourceId": "sid-63CA6CB7-F65F-4BE0-8A4A-9CA6218DCE95"}, "childShapes": [], "properties": {"ConditionType": "None", "showdiamondmarker": "false", "bordercolor": "#000000", "monitoring": "", "name": "", "documentation": "", "probability": "", "conditionexpression": "", "isimmediate": "false", "auditing": ""}, "stencil": {"id": "SequenceFlow"}, "outgoing": [{"resourceId": "sid-63CA6CB7-F65F-4BE0-8A4A-9CA6218DCE95"}], "glossaryLinks": {}, "formats": {}}, {"dockers": [{"y": 20.5, "x": 20.5}, {"y": 20.5, "x": 20.5}], "bounds": {"lowerRight": {"y": 219.5, "x": 410.5}, "upperLeft": {"y": 100, "x": 410.5}}, "resourceId": "sid-E9D2233F-C6F7-41FC-914C-2FA9EFBFE6F9", "layers": [], "labels": [], "target": {"resourceId": "sid-50AEF19A-C1B9-40C1-8D69-67A5D7CCB196"}, "childShapes": [], "properties": {"ConditionType": "None", "showdiamondmarker": "false", "bordercolor": "#000000", "monitoring": "", "name": "", "documentation": "", "probability": "", "conditionexpression": "", "isimmediate": "false", "auditing": ""}, "stencil": {"id": "SequenceFlow"}, "outgoing": [{"resourceId": "sid-50AEF19A-C1B9-40C1-8D69-67A5D7CCB196"}], "glossaryLinks": {}, "formats": {}}, {"dockers": [], "bounds": {"lowerRight": {"y": 155, "x": 560}, "upperLeft": {"y": 105, "x": 460}}, "resourceId": "sid-5D21D45C-C9B7-4922-8878-20FF47592C71", "layers": [], "labels": [], "childShapes": [], "properties": {"bordercolor": "#000000", "text": "", "textformat": "text/plain", "monitoring": "", "pool": "", "name": "", "documentation": "", "categories": "", "auditing": "", "lanes": ""}, "stencil": {"id": "TextAnnotation"}, "outgoing": [], "glossaryLinks": {}, "formats": {}}, {"dockers": [{"y": 20.5, "x": 20.5}, {"y": 24, "x": 1}], "bounds": {"lowerRight": {"y": 127.54950703880908236, "x": 459.48969289607958899}, "upperLeft": {"y": 90.28643046119091764, "x": 420.68999460392041101}}, "resourceId": "sid-41905342-1104-49A2-A10B-4A41B848A4A0", "layers": [], "labels": [], "target": {"resourceId": "sid-5D21D45C-C9B7-4922-8878-20FF47592C71"}, "childShapes": [], "properties": {"bordercolor": "#000000", "type": "none", "assignments": "", "transformation": ""}, "stencil": {"id": "Association_Undirected"}, "outgoing": [{"resourceId": "sid-5D21D45C-C9B7-4922-8878-20FF47592C71"}], "glossaryLinks": {}, "formats": {}}, {"dockers": [], "bounds": {"lowerRight": {"y": 383, "x": 325}, "upperLeft": {"y": 285, "x": 225}}, "resourceId": "sid-7CB7FB27-CFBD-414B-84F6-0DF1CB8CE262", "layers": [], "labels": [], "childShapes": [], "properties": {"bordercolor": "#000000", "text": "", "textformat": "text/plain", "monitoring": "", "pool": "", "name": "", "documentation": "", "categories": "", "auditing": "", "lanes": ""}, "stencil": {"id": "TextAnnotation"}, "outgoing": [{"resourceId": "sid-14FF4DC0-04C2-4502-8B4B-3DDF605E8868"}], "glossaryLinks": {}, "formats": {}}, {"dockers": [{"y": 47.039999999999999147, "x": 1}, {"y": 292, "x": 226}, {"y": 292, "x": 351}, {"y": 20.5, "x": 20.5}], "bounds": {"lowerRight": {"y": 332.04000000000002046, "x": 399.51732928244297227}, "upperLeft": {"y": 250.00600910847370528, "x": 226}}, "resourceId": "sid-14FF4DC0-04C2-4502-8B4B-3DDF605E8868", "layers": [], "labels": [], "target": {"resourceId": "sid-50AEF19A-C1B9-40C1-8D69-67A5D7CCB196"}, "childShapes": [], "properties": {"bordercolor": "#000000", "type": "none", "assignments": "", "transformation": ""}, "stencil": {"id": "Association_Undirected"}, "outgoing": [{"resourceId": "sid-50AEF19A-C1B9-40C1-8D69-67A5D7CCB196"}], "glossaryLinks": {}, "formats": {}}, {"dockers": [], "bounds": {"lowerRight": {"y": 470, "x": 730}, "upperLeft": {"y": 420, "x": 630}}, "resourceId": "sid-C5DDB47F-099B-4589-90D8-0149EF8DBCC9", "layers": [], "labels": [], "childShapes": [], "properties": {"bordercolor": "#000000", "text": "", "textformat": "text/plain", "monitoring": "", "pool": "", "name": "", "documentation": "", "categories": "", "auditing": "", "lanes": ""}, "stencil": {"id": "TextAnnotation"}, "outgoing": [], "glossaryLinks": {}, "formats": {}}, {"dockers": [{"y": 20.5, "x": 20.5}, {"y": 24, "x": 1}], "bounds": {"lowerRight": {"y": 420.3910045311849899, "x": 671.37738739045130387}, "upperLeft": {"y": 392.2027454688150101, "x": 649.40386260954869613}}, "resourceId": "sid-E3443916-EB81-44C7-9B51-AD68627A496B", "layers": [], "labels": [], "target": {"resourceId": "sid-C5DDB47F-099B-4589-90D8-0149EF8DBCC9"}, "childShapes": [], "properties": {"bordercolor": "#000000", "type": "none", "assignments": "", "transformation": ""}, "stencil": {"id": "Association_Undirected"}, "outgoing": [{"resourceId": "sid-C5DDB47F-099B-4589-90D8-0149EF8DBCC9"}], "glossaryLinks": {}, "formats": {}}], "properties": {"orientation": "horizontal", "monitoring": "", "modificationdate": "", "creationdate": "", "namespaces": "", "version": "", "targetnamespace": "http://www.signavio.com/bpmn20", "author": "", "name": "", "documentation": "", "language": "English", "typelanguage": "http://www.w3.org/2001/XMLSchema", "expressionlanguage": "http://www.w3.org/1999/XPath", "auditing": ""}, "offset": {"y": 0, "x": 13.5}, "ssextensions": [], "stencilset": {"url": "/stencilsets/bpmn2.0/bpmn2.0.json?version=4.6.0", "namespace": "http://b3mn.org/stencilset/bpmn2.0#"}, "stencil": {"id": "BPMNDiagram"}, "formats": {}}