{"bounds": {"lowerRight": {"y": 1441, "x": 1485}, "upperLeft": {"y": 0, "x": 0}}, "resourceId": "canvas", "childShapes": [{"dockers": [], "bounds": {"lowerRight": {"y": 338.84090909090900823, "x": 952.5}, "upperLeft": {"y": 102, "x": 182}}, "resourceId": "sid-0DBB5372-5409-40E0-AA6E-71033CD5B391", "layers": [], "labels": [], "childShapes": [{"dockers": [], "bounds": {"lowerRight": {"y": 236.84090909090900823, "x": 770.5}, "upperLeft": {"y": 124.42045454545450411, "x": 30}}, "resourceId": "sid-25B16FDD-DBDC-4BE1-A1B4-55B3E336EE20", "layers": [], "labels": [], "childShapes": [], "properties": {"showcaption": "true", "bordercolor": "#000000", "monitoring": "", "parentlane": "", "name": "H", "documentation": "", "auditing": "", "bgcolor": "", "parentpool": ""}, "stencil": {"id": "Lane"}, "outgoing": [], "glossaryLinks": {}, "formats": {}}, {"dockers": [], "bounds": {"lowerRight": {"y": 124.42045454545450411, "x": 770.5}, "upperLeft": {"y": 0, "x": 30}}, "resourceId": "sid-5E0C51AA-6BDF-4F08-8A5A-9290A1758589", "layers": [], "labels": [], "childShapes": [], "properties": {"showcaption": "true", "bordercolor": "#000000", "monitoring": "", "parentlane": "", "name": "I", "documentation": "", "auditing": "", "bgcolor": "", "parentpool": ""}, "stencil": {"id": "Lane"}, "outgoing": [], "glossaryLinks": {}, "formats": {}}], "properties": {"isclosed": "false", "enableinstancecompensation": "false", "boundaryvisible": "true", "monitoring": "", "processcategories": "", "minimum": "2", "status": "None", "isexecutable": "false", "processdocumentation": "", "processtype": "None", "bordercolor": "#000000", "processname": "", "multiinstance": "false", "maximum": "2", "name": "O", "documentation": "", "suppressjoinfailure": "false", "adhoccompletioncondition": "", "auditing": "", "adhocordering": "Parallel", "adhoc": "false", "processid": ""}, "stencil": {"id": "Pool"}, "outgoing": [], "glossaryLinks": {}, "formats": {}}, {"dockers": [], "bounds": {"lowerRight": {"y": 843.06666666666660603, "x": 952.5}, "upperLeft": {"y": 370.39999999999986358, "x": 182}}, "resourceId": "sid-47CF669E-7576-4B21-9325-49DAFBA15EA7", "layers": [], "labels": [], "childShapes": [{"dockers": [], "bounds": {"lowerRight": {"y": 316.66666666666674246, "x": 770.5}, "upperLeft": {"y": 143.33333333333337123, "x": 30}}, "resourceId": "sid-7220EEBD-A7A3-4941-8874-302B735581E5", "layers": [], "labels": [], "childShapes": [{"dockers": [], "bounds": {"lowerRight": {"y": 129.94444444444462761, "x": 265}, "upperLeft": {"y": 32.944444444444641817, "x": 148}}, "resourceId": "sid-B11B49BD-456A-4373-8620-53DFDF7BDA4D", "layers": [], "labels": [], "childShapes": [], "properties": {"resources": "", "outmsgstructure": "", "applyincalc": "true", "loopcardinality": "", "outmessagename": "", "inmessagename": "", "bgcolor": "#ffffcc", "bordercolor": "#000000", "time": "", "loopdataoutput": "", "testbefore": "false", "callacitivity": "false", "outmsgiscollection": "false", "monitoring": "", "operationname": "", "dataoutputset": "", "completionquantity": "1", "properties": "", "script": "", "assignments": "", "nonebehavioreventref": "signal", "scriptformat": "", "datainputset": "", "processid": "", "startquantity": "1", "tasktype": "None", "looptype": "None", "instantiate": "false", "behavior": "all", "inmsgimport": "", "costs": "", "inputdataitem": "", "loopdatainput": "", "name": "J", "outmsgitemkind": "Information", "costcenter": "", "completioncondition": "", "isforcompensation": "false", "inmsgiscollection": "false", "inmsgitemkind": "Information", "inmsgstructure": "", "outputdataitem": "", "messageref": "", "loopcondition": "", "onebehavioreventref:": "signal", "implementation": "webService", "operationref": "", "outmsgimport": "", "documentation": "", "categories": "", "auditing": "", "complexbehaviordefinition": ""}, "stencil": {"id": "Task"}, "outgoing": [{"resourceId": "sid-42FF8A9C-3A40-41F8-8BBE-ACC668C8AE62"}], "glossaryLinks": {}, "formats": {}}, {"dockers": [], "bounds": {"lowerRight": {"y": 128.94444444444462761, "x": 670}, "upperLeft": {"y": 31.944444444444641817, "x": 553}}, "resourceId": "sid-BFB79931-C6CB-475E-A30E-8B1AFB907797", "layers": [], "labels": [], "childShapes": [], "properties": {"resources": "", "outmsgstructure": "", "applyincalc": "true", "loopcardinality": "", "outmessagename": "", "inmessagename": "", "bgcolor": "#ffffcc", "bordercolor": "#000000", "time": "", "loopdataoutput": "", "testbefore": "false", "callacitivity": "false", "outmsgiscollection": "false", "monitoring": "", "operationname": "", "dataoutputset": "", "completionquantity": "1", "properties": "", "script": "", "assignments": "", "nonebehavioreventref": "signal", "scriptformat": "", "datainputset": "", "processid": "", "startquantity": "1", "tasktype": "None", "looptype": "None", "instantiate": "false", "behavior": "all", "inmsgimport": "", "costs": "", "inputdataitem": "", "loopdatainput": "", "name": "K", "outmsgitemkind": "Information", "costcenter": "", "completioncondition": "", "isforcompensation": "false", "inmsgiscollection": "false", "inmsgitemkind": "Information", "inmsgstructure": "", "outputdataitem": "", "messageref": "", "loopcondition": "", "onebehavioreventref:": "signal", "implementation": "webService", "operationref": "", "outmsgimport": "", "documentation": "", "categories": "", "auditing": "", "complexbehaviordefinition": ""}, "stencil": {"id": "Task"}, "outgoing": [{"resourceId": "sid-782BFFEE-2371-4863-8BFF-4BACE96F74BA"}], "glossaryLinks": {}, "formats": {}}, {"dockers": [], "bounds": {"lowerRight": {"y": 127.94444444444462761, "x": 505}, "upperLeft": {"y": 30.944444444444641817, "x": 388}}, "resourceId": "sid-04A6CEAB-F9A0-4AF2-8784-1DD17083019C", "layers": [], "labels": [], "childShapes": [], "properties": {"resources": "", "outmsgstructure": "", "applyincalc": "true", "loopcardinality": "", "outmessagename": "", "inmessagename": "", "bgcolor": "#ffffcc", "bordercolor": "#000000", "time": "", "loopdataoutput": "", "testbefore": "false", "callacitivity": "false", "outmsgiscollection": "false", "monitoring": "", "operationname": "", "dataoutputset": "", "completionquantity": "1", "properties": "", "script": "", "assignments": "", "nonebehavioreventref": "signal", "scriptformat": "", "datainputset": "", "processid": "", "startquantity": "1", "tasktype": "None", "looptype": "None", "instantiate": "false", "behavior": "all", "inmsgimport": "", "costs": "", "inputdataitem": "", "loopdatainput": "", "name": "L", "outmsgitemkind": "Information", "costcenter": "", "completioncondition": "", "isforcompensation": "false", "inmsgiscollection": "false", "inmsgitemkind": "Information", "inmsgstructure": "", "outputdataitem": "", "messageref": "", "loopcondition": "", "onebehavioreventref:": "signal", "implementation": "webService", "operationref": "", "outmsgimport": "", "documentation": "", "categories": "", "auditing": "", "complexbehaviordefinition": ""}, "stencil": {"id": "Task"}, "outgoing": [{"resourceId": "sid-E1AF77B9-C916-4D74-AAF8-E5E927490435"}], "glossaryLinks": {}, "formats": {}}, {"dockers": [], "bounds": {"lowerRight": {"y": 97.000000000000198952, "x": 58}, "upperLeft": {"y": 67.000000000000198952, "x": 28}}, "resourceId": "sid-BE23BEC7-F3F8-493C-B840-41D456AB9376", "layers": [], "labels": [{"ref": "text_name", "valign": "middle", "y": -11, "x": 55}], "childShapes": [], "properties": {"trigger": "None", "monitoring": "", "outputset": "", "applyincalc": "true", "frequency": "", "bgcolor": "#ffffff", "bordercolor": "#000000", "dataoutputassociations": "", "name": "M", "dataoutput": "", "documentation": "", "auditing": "", "processid": ""}, "stencil": {"id": "StartNoneEvent"}, "outgoing": [{"resourceId": "sid-86754985-AF57-42E4-A80C-F9886E374A42"}], "glossaryLinks": {}, "formats": {}}, {"dockers": [], "bounds": {"lowerRight": {"y": 96.000000000000198952, "x": 716}, "upperLeft": {"y": 68.000000000000198952, "x": 688}}, "resourceId": "sid-CC327DBA-E5C6-4F52-A793-61DBD2692FC7", "layers": [], "labels": [], "childShapes": [], "properties": {"inputset": "", "trigger": "None", "bordercolor": "#000000", "monitoring": "", "datainputassociations": "", "name": "", "documentation": "", "auditing": "", "datainput": "", "bgcolor": "#ffffff"}, "stencil": {"id": "EndNoneEvent"}, "outgoing": [], "glossaryLinks": {}, "formats": {}}, {"dockers": [{"y": 78.94444444444468445, "x": 328}], "bounds": {"lowerRight": {"y": 93.94444444444468445, "x": 343}, "upperLeft": {"y": 63.94444444444468445, "x": 313}}, "resourceId": "sid-C3D6C58B-9216-4361-BD3F-36CC80AFD70B", "layers": [], "labels": [], "childShapes": [], "properties": {"trigger": "Message", "monitoring": "", "operationname": "", "applyincalc": "true", "costs": "", "bgcolor": "#ffffff", "inputset": "", "bordercolor": "#000000", "time": "", "datainputassociations": "", "name": "N", "documentation": "", "costcenter": "", "messagename": "", "datainput": "", "auditing": ""}, "stencil": {"id": "IntermediateMessageEventThrowing"}, "outgoing": [{"resourceId": "sid-680EFB5E-23F9-4845-A078-87A382B2C6D9"}], "glossaryLinks": {}, "formats": {}}], "properties": {"showcaption": "true", "bordercolor": "#000000", "monitoring": "", "parentlane": "", "name": "A", "documentation": "", "auditing": "", "bgcolor": "", "parentpool": ""}, "stencil": {"id": "Lane"}, "outgoing": [], "glossaryLinks": {}, "formats": {}}, {"dockers": [], "bounds": {"lowerRight": {"y": 143.33333333333337123, "x": 770.5}, "upperLeft": {"y": 0, "x": 30}}, "resourceId": "sid-CB3ACA9B-3D5A-45A3-81FB-836870DED2B4", "layers": [], "labels": [], "childShapes": [], "properties": {"showcaption": "true", "bordercolor": "#000000", "monitoring": "", "parentlane": "", "name": "B", "documentation": "", "auditing": "", "bgcolor": "", "parentpool": ""}, "stencil": {"id": "Lane"}, "outgoing": [], "glossaryLinks": {}, "formats": {}}, {"dockers": [], "bounds": {"lowerRight": {"y": 472.66666666666674246, "x": 770.5}, "upperLeft": {"y": 316.66666666666674246, "x": 30}}, "resourceId": "sid-F1B30021-7BDD-4D69-827A-F857DEE8DA7C", "layers": [], "labels": [], "childShapes": [], "properties": {"showcaption": "true", "bordercolor": "#000000", "monitoring": "", "parentlane": "", "name": "C", "documentation": "", "auditing": "", "bgcolor": "", "parentpool": ""}, "stencil": {"id": "Lane"}, "outgoing": [], "glossaryLinks": {}, "formats": {}}], "properties": {"isclosed": "false", "enableinstancecompensation": "false", "boundaryvisible": "true", "monitoring": "", "processcategories": "", "minimum": "2", "status": "None", "isexecutable": "false", "processdocumentation": "", "processtype": "None", "bordercolor": "#000000", "processname": "", "multiinstance": "false", "maximum": "2", "name": "P", "documentation": "", "suppressjoinfailure": "false", "adhoccompletioncondition": "", "auditing": "", "adhocordering": "Parallel", "adhoc": "false", "processid": ""}, "stencil": {"id": "Pool"}, "outgoing": [], "glossaryLinks": {}, "formats": {}}, {"dockers": [], "bounds": {"lowerRight": {"y": 375, "x": 175}, "upperLeft": {"y": 325, "x": 75}}, "resourceId": "sid-3A950714-CDB3-418E-A84E-645FBC0D1ACB", "layers": [], "labels": [], "childShapes": [], "properties": {"bordercolor": "#000000", "text": "", "textformat": "text/plain", "monitoring": "", "pool": "", "name": "", "documentation": "", "categories": "", "auditing": "", "lanes": ""}, "stencil": {"id": "TextAnnotation"}, "outgoing": [], "glossaryLinks": {}, "formats": {}}, {"dockers": [], "bounds": {"lowerRight": {"y": 540, "x": 175}, "upperLeft": {"y": 490, "x": 75}}, "resourceId": "sid-D80AD60A-C92C-4078-902C-A36DC1362025", "layers": [], "labels": [], "childShapes": [], "properties": {"bordercolor": "#000000", "text": "", "textformat": "text/plain", "monitoring": "", "pool": "", "name": "", "documentation": "", "categories": "", "auditing": "", "lanes": ""}, "stencil": {"id": "TextAnnotation"}, "outgoing": [], "glossaryLinks": {}, "formats": {}}, {"dockers": [], "bounds": {"lowerRight": {"y": 1021, "x": 952.5}, "upperLeft": {"y": 865, "x": 182}}, "resourceId": "sid-73759063-5DA5-4B8B-AE09-7E2CF58AA367", "layers": [], "labels": [], "childShapes": [{"dockers": [], "bounds": {"lowerRight": {"y": 156, "x": 770.5}, "upperLeft": {"y": 0, "x": 30}}, "resourceId": "sid-3E722EC2-3CCB-44A9-BAE6-820048E5724A", "layers": [], "labels": [], "childShapes": [], "properties": {"showcaption": "true", "bordercolor": "#000000", "monitoring": "", "parentlane": "", "name": "", "documentation": "", "auditing": "", "bgcolor": "", "parentpool": ""}, "stencil": {"id": "Lane"}, "outgoing": [], "glossaryLinks": {}, "formats": {}}], "properties": {"isclosed": "false", "enableinstancecompensation": "false", "boundaryvisible": "true", "monitoring": "", "processcategories": "", "minimum": "2", "status": "None", "isexecutable": "false", "processdocumentation": "", "processtype": "None", "bordercolor": "#000000", "processname": "", "multiinstance": "false", "maximum": "2", "name": "Q", "documentation": "", "suppressjoinfailure": "false", "adhoccompletioncondition": "", "auditing": "", "adhocordering": "Parallel", "adhoc": "false", "processid": ""}, "stencil": {"id": "Pool"}, "outgoing": [], "glossaryLinks": {}, "formats": {}}, {"dockers": [{"y": 48.499999999999992895, "x": 58.5}, {"y": 48.499999999999971578, "x": 58.5}], "bounds": {"lowerRight": {"y": 593.82015478302014344, "x": 764.4922058649669907}, "upperLeft": {"y": 593.5323232323233924, "x": 717}}, "resourceId": "sid-E1AF77B9-C916-4D74-AAF8-E5E927490435", "layers": [], "labels": [], "target": {"resourceId": "sid-BFB79931-C6CB-475E-A30E-8B1AFB907797"}, "childShapes": [], "properties": {"ConditionType": "None", "showdiamondmarker": "false", "bordercolor": "#000000", "monitoring": "", "name": "", "documentation": "", "probability": "", "conditionexpression": "", "isimmediate": "false", "auditing": ""}, "stencil": {"id": "SequenceFlow"}, "outgoing": [{"resourceId": "sid-BFB79931-C6CB-475E-A30E-8B1AFB907797"}], "glossaryLinks": {}, "formats": {}}, {"dockers": [{"y": 48.499999999999971578, "x": 58.5}, {"y": 14, "x": 14}], "bounds": {"lowerRight": {"y": 595.48524463492185532, "x": 899.56655393884000205}, "upperLeft": {"y": 595.1833026396564037, "x": 882}}, "resourceId": "sid-782BFFEE-2371-4863-8BFF-4BACE96F74BA", "layers": [], "labels": [], "target": {"resourceId": "sid-CC327DBA-E5C6-4F52-A793-61DBD2692FC7"}, "childShapes": [], "properties": {"ConditionType": "None", "showdiamondmarker": "false", "bordercolor": "#000000", "monitoring": "", "name": "", "documentation": "", "probability": "", "conditionexpression": "", "isimmediate": "false", "auditing": ""}, "stencil": {"id": "SequenceFlow"}, "outgoing": [{"resourceId": "sid-CC327DBA-E5C6-4F52-A793-61DBD2692FC7"}], "glossaryLinks": {}, "formats": {}}, {"dockers": [{"y": 15, "x": 15}, {"y": 48.499999999999985789, "x": 58.5}], "bounds": {"lowerRight": {"y": 595.68219240408700443, "x": 359.38086514778945002}, "upperLeft": {"y": 595.37865829035774823, "x": 270.05077547721054998}}, "resourceId": "sid-86754985-AF57-42E4-A80C-F9886E374A42", "layers": [], "labels": [], "target": {"resourceId": "sid-B11B49BD-456A-4373-8620-53DFDF7BDA4D"}, "childShapes": [], "properties": {"ConditionType": "None", "showdiamondmarker": "false", "bordercolor": "#000000", "monitoring": "", "name": "", "documentation": "", "probability": "", "conditionexpression": "", "isimmediate": "false", "auditing": ""}, "stencil": {"id": "SequenceFlow"}, "outgoing": [{"resourceId": "sid-B11B49BD-456A-4373-8620-53DFDF7BDA4D"}], "glossaryLinks": {}, "formats": {}}, {"dockers": [], "bounds": {"lowerRight": {"y": 1201, "x": 952.5}, "upperLeft": {"y": 1045, "x": 182}}, "resourceId": "sid-DF0BA193-AD34-4245-A37F-EEA3E902EAA2", "layers": [], "labels": [], "childShapes": [{"dockers": [], "bounds": {"lowerRight": {"y": 156, "x": 770.5}, "upperLeft": {"y": 0, "x": 30}}, "resourceId": "sid-27CCC63C-63EB-41C1-AD43-10A5875E1D75", "layers": [], "labels": [], "childShapes": [{"dockers": [], "bounds": {"lowerRight": {"y": 126, "x": 132.5}, "upperLeft": {"y": 29, "x": 31.5}}, "resourceId": "sid-1A4E0C2A-EED6-4074-8E77-A0209EA6F7CD", "layers": [], "labels": [], "childShapes": [], "properties": {"bordercolor": "#000000", "iscollection": "false", "monitoring": "", "input_output": "None", "name": "D", "state": "", "documentation": "", "categories": "", "properties": "", "auditing": "", "bgcolor": "#ffffff"}, "stencil": {"id": "DataObject"}, "outgoing": [], "glossaryLinks": {}, "formats": {}}, {"dockers": [], "bounds": {"lowerRight": {"y": 126, "x": 475}, "upperLeft": {"y": 29, "x": 358}}, "resourceId": "sid-C40C482E-88A2-43EB-8474-B549193F9BFF", "layers": [], "labels": [], "childShapes": [], "properties": {"resources": "", "outmsgstructure": "", "applyincalc": "true", "loopcardinality": "", "outmessagename": "", "inmessagename": "", "bgcolor": "#ffffcc", "bordercolor": "#000000", "time": "", "loopdataoutput": "", "testbefore": "false", "callacitivity": "false", "outmsgiscollection": "false", "monitoring": "", "operationname": "", "dataoutputset": "", "completionquantity": "1", "properties": "", "script": "", "assignments": "", "nonebehavioreventref": "signal", "scriptformat": "", "datainputset": "", "processid": "", "startquantity": "1", "tasktype": "None", "looptype": "None", "instantiate": "false", "behavior": "all", "inmsgimport": "", "costs": "", "inputdataitem": "", "loopdatainput": "", "name": "E", "outmsgitemkind": "Information", "costcenter": "", "completioncondition": "", "isforcompensation": "false", "inmsgiscollection": "false", "inmsgitemkind": "Information", "inmsgstructure": "", "outputdataitem": "", "messageref": "", "loopcondition": "", "onebehavioreventref:": "signal", "implementation": "webService", "operationref": "", "outmsgimport": "", "documentation": "", "categories": "", "auditing": "", "complexbehaviordefinition": ""}, "stencil": {"id": "Task"}, "outgoing": [{"resourceId": "sid-151F6E05-3FE7-431C-9989-6F8C51CB0295"}], "glossaryLinks": {}, "formats": {}}, {"dockers": [], "bounds": {"lowerRight": {"y": 92, "x": 656}, "upperLeft": {"y": 64, "x": 628}}, "resourceId": "sid-B08C87D9-7043-410E-A396-53C7CA710096", "layers": [], "labels": [], "childShapes": [], "properties": {"inputset": "", "trigger": "None", "bordercolor": "#000000", "monitoring": "", "datainputassociations": "", "name": "F", "documentation": "", "auditing": "", "datainput": "", "bgcolor": "#ffffff"}, "stencil": {"id": "EndNoneEvent"}, "outgoing": [], "glossaryLinks": {}, "formats": {}}, {"dockers": [], "bounds": {"lowerRight": {"y": 93, "x": 222}, "upperLeft": {"y": 63, "x": 192}}, "resourceId": "sid-C3D231B0-1DB6-467D-A77E-F9C95426C06C", "layers": [], "labels": [], "childShapes": [], "properties": {"trigger": "Message", "monitoring": "", "operationname": "", "outputset": "", "applyincalc": "true", "frequency": "", "isinterrupting": "true", "bgcolor": "#ffffff", "bordercolor": "#000000", "dataoutputassociations": "", "name": "G", "messagename": "", "dataoutput": "", "documentation": "", "auditing": "", "processid": ""}, "stencil": {"id": "StartMessageEvent"}, "outgoing": [{"resourceId": "sid-B5D04372-9A63-431E-A568-53D41E28EAF5"}], "glossaryLinks": {}, "formats": {}}], "properties": {"showcaption": "true", "bordercolor": "#000000", "monitoring": "", "parentlane": "", "name": "", "documentation": "", "auditing": "", "bgcolor": "", "parentpool": ""}, "stencil": {"id": "Lane"}, "outgoing": [], "glossaryLinks": {}, "formats": {}}], "properties": {"isclosed": "false", "enableinstancecompensation": "false", "boundaryvisible": "true", "monitoring": "", "processcategories": "", "minimum": "2", "status": "None", "isexecutable": "false", "processdocumentation": "", "processtype": "None", "bordercolor": "#000000", "processname": "", "multiinstance": "false", "maximum": "2", "name": "R", "documentation": "", "suppressjoinfailure": "false", "adhoccompletioncondition": "", "auditing": "", "adhocordering": "Parallel", "adhoc": "false", "processid": ""}, "stencil": {"id": "Pool"}, "outgoing": [], "glossaryLinks": {}, "formats": {}}, {"dockers": [{"y": 48.499999999999992895, "x": 58.5}, {"y": 14, "x": 14}], "bounds": {"lowerRight": {"y": 1122.968485835550382, "x": 839.78711183318932854}, "upperLeft": {"y": 1122.6297117516630806, "x": 687}}, "resourceId": "sid-151F6E05-3FE7-431C-9989-6F8C51CB0295", "layers": [], "labels": [], "target": {"resourceId": "sid-B08C87D9-7043-410E-A396-53C7CA710096"}, "childShapes": [], "properties": {"ConditionType": "None", "showdiamondmarker": "false", "bordercolor": "#000000", "monitoring": "", "name": "", "documentation": "", "probability": "", "conditionexpression": "", "isimmediate": "false", "auditing": ""}, "stencil": {"id": "SequenceFlow"}, "outgoing": [{"resourceId": "sid-B08C87D9-7043-410E-A396-53C7CA710096"}], "glossaryLinks": {}, "formats": {}}, {"dockers": [{"y": 599, "x": 542}, {"y": 48.5, "x": 50.5}], "bounds": {"lowerRight": {"y": 1073.5406156748636022, "x": 542}, "upperLeft": {"y": 599, "x": 317.19374844820214321}}, "resourceId": "sid-213A1962-2B40-48F0-9EAA-6BE7723436C5", "layers": [], "labels": [], "target": {"resourceId": "sid-1A4E0C2A-EED6-4074-8E77-A0209EA6F7CD"}, "childShapes": [], "properties": {"bordercolor": "#000000", "type": "none", "assignments": "", "transformation": ""}, "stencil": {"id": "Association_Undirected"}, "outgoing": [{"resourceId": "sid-1A4E0C2A-EED6-4074-8E77-A0209EA6F7CD"}], "glossaryLinks": {}, "formats": {}}, {"dockers": [{"y": 15, "x": 15}, {"y": 48, "x": 86.5}], "bounds": {"lowerRight": {"y": 1122.933289511006933, "x": 569.22071198914807155}, "upperLeft": {"y": 1122.367491738993067, "x": 434.84374113585192845}}, "resourceId": "sid-B5D04372-9A63-431E-A568-53D41E28EAF5", "layers": [], "labels": [], "target": {"resourceId": "sid-C40C482E-88A2-43EB-8474-B549193F9BFF"}, "childShapes": [], "properties": {"ConditionType": "None", "showdiamondmarker": "false", "bordercolor": "#000000", "monitoring": "", "name": "", "documentation": "", "probability": "", "conditionexpression": "", "isimmediate": "false", "auditing": ""}, "stencil": {"id": "SequenceFlow"}, "outgoing": [{"resourceId": "sid-C40C482E-88A2-43EB-8474-B549193F9BFF"}], "glossaryLinks": {}, "formats": {}}, {"dockers": [{"y": 48.499999999999992895, "x": 116}, {"y": 17.5, "x": 15}], "bounds": {"lowerRight": {"y": 595.17777777777791925, "x": 525}, "upperLeft": {"y": 595.17777777777791925, "x": 477}}, "resourceId": "sid-42FF8A9C-3A40-41F8-8BBE-ACC668C8AE62", "layers": [], "labels": [], "target": {"resourceId": "sid-C3D6C58B-9216-4361-BD3F-36CC80AFD70B"}, "childShapes": [], "properties": {"ConditionType": "None", "showdiamondmarker": "false", "bordercolor": "#000000", "monitoring": "", "name": "", "documentation": "", "probability": "", "conditionexpression": "", "isimmediate": "false", "auditing": ""}, "stencil": {"id": "SequenceFlow"}, "outgoing": [{"resourceId": "sid-C3D6C58B-9216-4361-BD3F-36CC80AFD70B"}], "glossaryLinks": {}, "formats": {}}, {"dockers": [{"y": 17.5, "x": 15}, {"y": 50.5, "x": 58.5}], "bounds": {"lowerRight": {"y": 595.17777777777791925, "x": 599.17578125}, "upperLeft": {"y": 595.17777777777791925, "x": 554.88671875}}, "resourceId": "sid-680EFB5E-23F9-4845-A078-87A382B2C6D9", "layers": [], "labels": [], "target": {"resourceId": "sid-04A6CEAB-F9A0-4AF2-8784-1DD17083019C"}, "childShapes": [], "properties": {"ConditionType": "None", "showdiamondmarker": "false", "bordercolor": "#000000", "monitoring": "", "name": "", "documentation": "", "probability": "", "conditionexpression": "", "isimmediate": "false", "auditing": ""}, "stencil": {"id": "SequenceFlow"}, "outgoing": [{"resourceId": "sid-04A6CEAB-F9A0-4AF2-8784-1DD17083019C"}], "glossaryLinks": {}, "formats": {}}, {"dockers": [{"y": 1120, "x": 344}, {"y": 75, "x": 192.66023617876226126}], "bounds": {"lowerRight": {"y": 1120, "x": 404.66023617876226126}, "upperLeft": {"y": 1120, "x": 344}}, "resourceId": "sid-8B760F19-0BFA-4291-85B7-B1AA5A086916", "layers": [], "labels": [], "target": {"resourceId": "sid-27CCC63C-63EB-41C1-AD43-10A5875E1D75"}, "childShapes": [], "properties": {"bordercolor": "#000000", "type": "none", "assignments": "", "transformation": ""}, "stencil": {"id": "Association_Undirected"}, "outgoing": [{"resourceId": "sid-27CCC63C-63EB-41C1-AD43-10A5875E1D75"}], "glossaryLinks": {}, "formats": {}}], "properties": {"orientation": "horizontal", "monitoring": "", "modificationdate": "", "creationdate": "", "namespaces": "", "version": "", "targetnamespace": "http://www.signavio.com/bpmn20", "author": "", "name": "", "documentation": "", "language": "English", "typelanguage": "http://www.w3.org/2001/XMLSchema", "expressionlanguage": "http://www.w3.org/1999/XPath", "auditing": ""}, "ssextensions": [], "stencilset": {"url": "/stencilsets/bpmn2.0/bpmn2.0.json?version=6.1.0", "namespace": "http://b3mn.org/stencilset/bpmn2.0#"}, "stencil": {"id": "BPMNDiagram"}, "formats": {}}