{"resourceId": "canvas", "properties": {"name": "", "documentation": "", "auditing": "", "monitoring": "", "version": "", "author": "", "language": "English", "namespaces": "", "targetnamespace": "http://www.signavio.com/bpmn20", "expressionlanguage": "http://www.w3.org/1999/XPath", "typelanguage": "http://www.w3.org/2001/XMLSchema", "creationdate": "", "modificationdate": "", "orientation": "horizontal"}, "stencil": {"id": "BPMNDiagram"}, "childShapes": [{"resourceId": "sid-48F1BC82-E4B9-4646-AAB3-9B18386C29D1", "properties": {"name": "System", "documentation": "", "auditing": "", "monitoring": "", "boundaryvisible": true, "processname": "", "status": "None", "adhoc": "", "adhocordering": "Parallel", "adhoccompletioncondition": "", "suppressjoinfailure": "", "enableinstancecompensation": "", "processcategories": "", "processdocumentation": "", "multiinstance": "", "minimum": 2, "maximum": 2, "processtype": "None", "isclosed": "", "isexecutable": "", "bgcolor": "#ffffff", "processid": "sid-D1AA3789-2916-4858-B91A-1BF0B8105E3F", "bordercolor": "#000000"}, "stencil": {"id": "Pool"}, "childShapes": [{"resourceId": "sid-778BA111-DD1C-40CC-A109-0BC21503D02C", "properties": {"name": "Backend", "documentation": "", "auditing": "", "monitoring": "", "parentpool": "", "parentlane": "", "showcaption": true, "bgcolor": "", "bordercolor": "#000000"}, "stencil": {"id": "Lane"}, "childShapes": [{"resourceId": "sid-F3A28AB1-BBF5-4FFD-8BDC-FD64393F66F8", "properties": {"processid": "", "name": "Open User Session", "documentation": "", "auditing": "", "monitoring": "", "categories": "", "startquantity": 1, "completionquantity": 1, "isforcompensation": "", "assignments": "", "callacitivity": "", "tasktype": "None", "implementation": "webService", "resources": "", "messageref": "", "operationref": "", "instantiate": "", "script": "", "scriptformat": "", "bgcolor": "#ffffcc", "looptype": "None", "testbefore": "", "loopcondition": "", "loopmaximum": "", "loopcardinality": "", "loopdatainput": "", "loopdataoutput": "", "inputdataitem": "", "outputdataitem": "", "behavior": "all", "complexbehaviordefinition": "", "completioncondition": "", "onebehavioreventref:": "signal", "nonebehavioreventref": "signal", "properties": "", "datainputset": "", "dataoutputset": "", "operationname": "", "inmessagename": "", "inmsgitemkind": "Information", "inmsgstructure": "", "inmsgimport": "", "inmsgiscollection": "", "outmessagename": "", "outmsgitemkind": "Information", "outmsgstructure": "", "outmsgimport": "", "outmsgiscollection": "", "bordercolor": "#000000", "time": "", "costs": "", "costcenter": "", "applyincalc": true, "externaldocuments": [], "risklevel": ""}, "stencil": {"id": "Task"}, "childShapes": [], "outgoing": [{"resourceId": "sid-5EC08BE4-FC41-4B6A-8D20-9D2EF2E2DEE4"}, {"resourceId": "sid-480DE282-393B-4ED1-A23D-968983D77D44"}], "bounds": {"lowerRight": {"x": 703.4349910123120253, "y": 354.37749163573653277}, "upperLeft": {"x": 603.4349910123120253, "y": 274.37749163573653277}}, "dockers": []}, {"resourceId": "sid-B46715BE-185A-4FDB-85BB-684458646580", "properties": {"processid": "", "name": "Return Operation Error", "documentation": "", "auditing": "", "monitoring": "", "categories": "", "startquantity": 1, "completionquantity": 1, "isforcompensation": "", "assignments": "", "callacitivity": "", "tasktype": "None", "implementation": "webService", "resources": "", "messageref": "", "operationref": "", "instantiate": "", "script": "", "scriptformat": "", "bgcolor": "#ffffcc", "looptype": "None", "testbefore": "", "loopcondition": "", "loopmaximum": "", "loopcardinality": "", "loopdatainput": "", "loopdataoutput": "", "inputdataitem": "", "outputdataitem": "", "behavior": "all", "complexbehaviordefinition": "", "completioncondition": "", "onebehavioreventref:": "signal", "nonebehavioreventref": "signal", "properties": "", "datainputset": "", "dataoutputset": "", "operationname": "", "inmessagename": "", "inmsgitemkind": "Information", "inmsgstructure": "", "inmsgimport": "", "inmsgiscollection": "", "outmessagename": "", "outmsgitemkind": "Information", "outmsgstructure": "", "outmsgimport": "", "outmsgiscollection": "", "bordercolor": "#000000", "time": "", "costs": "", "costcenter": "", "applyincalc": true, "externaldocuments": "", "risklevel": ""}, "stencil": {"id": "Task"}, "childShapes": [], "outgoing": [{"resourceId": "sid-623D9CCC-EC2D-4FFE-B038-6D6C6A982437"}], "bounds": {"lowerRight": {"x": 703.4349910123120253, "y": 104.21962212427004602}, "upperLeft": {"x": 603.4349910123120253, "y": 24.21962212427003891}}, "dockers": []}, {"resourceId": "sid-C5B7B62C-2A01-44D9-9169-5CBACFD5DA05", "properties": {"processid": "", "name": "Process User Data", "documentation": "", "auditing": "", "monitoring": "", "categories": "", "startquantity": 1, "completionquantity": 1, "isforcompensation": "", "assignments": "", "callacitivity": "", "tasktype": "None", "implementation": "webService", "resources": "", "messageref": "", "operationref": "", "instantiate": "", "script": "", "scriptformat": "", "bgcolor": "#ffffcc", "looptype": "None", "testbefore": "", "loopcondition": "", "loopmaximum": "", "loopcardinality": "", "loopdatainput": "", "loopdataoutput": "", "inputdataitem": "", "outputdataitem": "", "behavior": "all", "complexbehaviordefinition": "", "completioncondition": "", "onebehavioreventref:": "signal", "nonebehavioreventref": "signal", "properties": "", "datainputset": "", "dataoutputset": "", "operationname": "", "inmessagename": "", "inmsgitemkind": "Information", "inmsgstructure": "", "inmsgimport": "", "inmsgiscollection": "", "outmessagename": "", "outmsgitemkind": "Information", "outmsgstructure": "", "outmsgimport": "", "outmsgiscollection": "", "bordercolor": "#000000", "time": "", "costs": "", "costcenter": "", "applyincalc": true, "externaldocuments": "", "risklevel": ""}, "stencil": {"id": "Task"}, "childShapes": [], "outgoing": [{"resourceId": "sid-B8786E69-2065-401E-B0DC-A1DC63F852F5"}], "bounds": {"lowerRight": {"x": 848.43499101231213899, "y": 233.75935395685283424}, "upperLeft": {"x": 748.43499101231213899, "y": 153.75935395685283424}}, "dockers": []}, {"resourceId": "sid-BA00B6A1-344A-4039-A88D-04505DF4742A", "properties": {"type": "http://b3mn.org/stencilset/bpmn2.0#Exclusive_Databased_Gateway", "xortype": "Data", "markervisible": "true", "defaultgate": "", "gate_outgoingsequenceflow": "", "gate_assignments": "", "name": "", "documentation": "", "auditing": "", "monitoring": "", "categories": "", "assignments": "", "pool": "", "lanes": "", "gates": "", "gates_outgoingsequenceflow": "", "gates_assignments": "", "bgcolor": "#ffffff", "processid": "", "gatewaytype": "AND", "bordercolor": "#000000"}, "stencil": {"id": "ParallelGateway"}, "childShapes": [], "outgoing": [{"resourceId": "sid-332DA404-F8C9-4DA8-9600-C532009648E0"}], "bounds": {"lowerRight": {"x": 673.4349910123120253, "y": 213.75935395685294793}, "upperLeft": {"x": 633.4349910123120253, "y": 173.75935395685294793}}, "dockers": []}, {"resourceId": "sid-81C30EA4-A25D-475C-B5B3-A5C14E6DB505", "properties": {"processid": "", "name": "Close user session", "documentation": "", "auditing": "", "monitoring": "", "categories": "", "startquantity": 1, "completionquantity": 1, "isforcompensation": "", "assignments": "", "callacitivity": "", "tasktype": "None", "implementation": "webService", "resources": "", "messageref": "", "operationref": "", "instantiate": "", "script": "", "scriptformat": "", "bgcolor": "#ffffcc", "looptype": "None", "testbefore": "", "loopcondition": "", "loopmaximum": "", "loopcardinality": "", "loopdatainput": "", "loopdataoutput": "", "inputdataitem": "", "outputdataitem": "", "behavior": "all", "complexbehaviordefinition": "", "completioncondition": "", "onebehavioreventref:": "signal", "nonebehavioreventref": "signal", "properties": "", "datainputset": "", "dataoutputset": "", "operationname": "", "inmessagename": "", "inmsgitemkind": "Information", "inmsgstructure": "", "inmsgimport": "", "inmsgiscollection": "", "outmessagename": "", "outmsgitemkind": "Information", "outmsgstructure": "", "outmsgimport": "", "outmsgiscollection": "", "bordercolor": "#000000", "time": "", "costs": "", "costcenter": "", "applyincalc": true, "externaldocuments": "", "risklevel": ""}, "stencil": {"id": "Task"}, "childShapes": [], "outgoing": [{"resourceId": "sid-748260D2-1C53-4D67-8B8B-FBF1C971BD2F"}], "bounds": {"lowerRight": {"x": 1158.4274778855101431, "y": 354.37749163573653277}, "upperLeft": {"x": 1058.4274778855101431, "y": 274.37749163573653277}}, "dockers": []}, {"resourceId": "sid-F29D04A2-5664-467D-9DC1-09DF7ED9575D", "properties": {"processid": "", "name": "Process Request", "documentation": "", "auditing": "", "monitoring": "", "categories": "", "startquantity": 1, "completionquantity": 1, "isforcompensation": "", "assignments": "", "callacitivity": "", "tasktype": "None", "implementation": "webService", "resources": "", "messageref": "", "operationref": "", "instantiate": "", "script": "", "scriptformat": "", "bgcolor": "#ffffcc", "looptype": "None", "testbefore": "", "loopcondition": "", "loopmaximum": "", "loopcardinality": "", "loopdatainput": "", "loopdataoutput": "", "inputdataitem": "", "outputdataitem": "", "behavior": "all", "complexbehaviordefinition": "", "completioncondition": "", "onebehavioreventref:": "signal", "nonebehavioreventref": "signal", "properties": "", "datainputset": "", "dataoutputset": "", "operationname": "", "inmessagename": "", "inmsgitemkind": "Information", "inmsgstructure": "", "inmsgimport": "", "inmsgiscollection": "", "outmessagename": "", "outmsgitemkind": "Information", "outmsgstructure": "", "outmsgimport": "", "outmsgiscollection": "", "bordercolor": "#000000", "time": "", "costs": "", "costcenter": "", "applyincalc": true, "externaldocuments": "", "risklevel": ""}, "stencil": {"id": "Task"}, "childShapes": [], "outgoing": [{"resourceId": "sid-04BF5471-1A6B-438D-9BBF-44BD16ED6A62"}], "bounds": {"lowerRight": {"x": 1516.0295648832916413, "y": 253.75935395685291951}, "upperLeft": {"x": 1416.0295648832916413, "y": 173.75935395685291951}}, "dockers": []}, {"resourceId": "sid-63BF74A9-8B17-4C40-8295-4148E313F897", "properties": {"type": "http://b3mn.org/stencilset/bpmn2.0#Task", "tasktype": "None", "implementation": "webService", "resources": "", "messageref": "", "operationref": "", "instantiate": "", "script": "", "scriptformat": "", "operationname": "", "inmessagename": "", "inmsgitemkind": "Information", "inmsgstructure": "", "inmsgimport": "", "inmsgiscollection": "", "outmessagename": "", "outmsgitemkind": "Information", "outmsgstructure": "", "outmsgimport": "", "outmsgiscollection": "", "risklevel": "", "name": "Monitor session", "documentation": "", "auditing": "", "monitoring": "", "categories": "", "startquantity": 1, "completionquantity": 1, "isforcompensation": "", "assignments": "", "callacitivity": "", "subprocesstype": "Embedded", "isatransaction": "", "transaction": "", "transactionmethod": "compensate", "isadhoc": "", "adhocordering": "Sequential", "adhoccompletioncondition": "", "adhoccancelremaininginstances": true, "entry": "/model/32459f0907d9482981b7552864e8f942", "diagramref": "", "processref": "", "inputmaps": "", "outputmaps": "", "looptype": "Standard", "testbefore": "", "loopcondition": "", "loopmaximum": "", "loopcardinality": "", "loopdatainput": "", "loopdataoutput": "", "inputdataitem": "", "outputdataitem": "", "behavior": "all", "complexbehaviordefinition": "", "completioncondition": "", "onebehavioreventref:": "signal", "nonebehavioreventref": "signal", "properties": "", "datainputset": "", "dataoutputset": "", "processid": "", "activitytype": "Sub-Process", "bgcolor": "#ffffcc", "bordercolor": "#000000", "time": "", "costs": "", "costcenter": "", "applyincalc": true, "externaldocuments": []}, "stencil": {"id": "CollapsedSubprocess"}, "childShapes": [], "outgoing": [], "bounds": {"lowerRight": {"x": 924, "y": 354.37749163573653277}, "upperLeft": {"x": 824, "y": 274.37749163573653277}}, "dockers": []}, {"resourceId": "sid-E7C07F9B-9177-41DD-8DED-075CD8965D92", "properties": {"type": "http://b3mn.org/stencilset/bpmn2.0#CollapsedSubprocess", "name": "Login", "documentation": "", "auditing": "", "monitoring": "", "categories": "", "startquantity": 1, "completionquantity": 1, "isforcompensation": "", "assignments": "", "callacitivity": "", "subprocesstype": "Embedded", "isatransaction": "", "transaction": "", "transactionmethod": "compensate", "isadhoc": "", "adhocordering": "Sequential", "adhoccompletioncondition": "", "adhoccancelremaininginstances": true, "entry": "/model/11aee583d5e542c3a1c371c2143cbdf1", "diagramref": "", "processref": "", "inputmaps": "", "outputmaps": "", "looptype": "None", "testbefore": "", "loopcondition": "", "loopmaximum": "", "loopcardinality": "", "loopdatainput": "", "loopdataoutput": "", "inputdataitem": "", "outputdataitem": "", "behavior": "all", "complexbehaviordefinition": "", "completioncondition": "", "onebehavioreventref:": "signal", "nonebehavioreventref": "signal", "properties": "", "datainputset": "", "dataoutputset": "", "processid": "", "activitytype": "Sub-Process", "bgcolor": "#ffffcc", "bordercolor": "#000000", "time": "", "costs": "", "costcenter": "", "applyincalc": true, "externaldocuments": []}, "stencil": {"id": "CollapsedSubprocess"}, "childShapes": [], "outgoing": [{"resourceId": "sid-655F5842-9D34-4400-8C50-E8FB537F2974"}, {"resourceId": "sid-53BBFD6D-D7AF-4EEB-B331-CD107346FF59"}, {"resourceId": "sid-6418AD62-D883-4AAD-AD06-F1A36DF3FB49"}], "bounds": {"lowerRight": {"x": 408.61915449093180541, "y": 227.20942600355851937}, "upperLeft": {"x": 231.38662038298025436, "y": 133.75935395685291951}}, "dockers": []}, {"resourceId": "sid-53BBFD6D-D7AF-4EEB-B331-CD107346FF59", "properties": {"name": "Login Error", "documentation": "", "auditing": "", "monitoring": "", "dataoutputassociations": "", "dataoutput": "", "outputset": "", "boundarycancelactivity2": true, "errorname": "", "errorcode": "", "bgcolor": "#ffffff", "trigger": "Error", "bordercolor": "#000000"}, "stencil": {"id": "IntermediateErrorEvent"}, "childShapes": [], "outgoing": [{"resourceId": "sid-8E37B9A0-B347-445A-A5E3-47F94DFEE276"}], "bounds": {"lowerRight": {"x": 423.61915449093180541, "y": 152.33427487215476503}, "upperLeft": {"x": 393.61915449093180541, "y": 122.33427487215476503}}, "dockers": [{"x": 175.46935068395251278, "y": 4.4334717235449039308}], "labels": [{"x": 60, "y": -10, "valign": "middle", "ref": "text_name"}]}, {"resourceId": "sid-6418AD62-D883-4AAD-AD06-F1A36DF3FB49", "properties": {"name": "", "documentation": "", "auditing": "", "monitoring": "", "dataoutputassociations": "", "dataoutput": "", "outputset": "", "boundarycancelactivity2": false, "escalationname": "", "escalationcode": "", "bgcolor": "#ffffff", "trigger": "Escalation", "bordercolor": "#000000"}, "stencil": {"id": "IntermediateEscalationEvent"}, "childShapes": [], "outgoing": [{"resourceId": "sid-2552E9F5-1CDA-438D-B26B-8D8C8D775340"}], "bounds": {"lowerRight": {"x": 409.79722355905846598, "y": 242.20942600355851937}, "upperLeft": {"x": 379.79722355905846598, "y": 212.20942600355851937}}, "dockers": [{"x": 160.01728633446626304, "y": 91.330221000771757645}]}, {"resourceId": "sid-3D07A442-1E8A-4BAF-89AD-6C97E1025C9A", "properties": {"name": "New Action", "documentation": "", "auditing": "", "monitoring": "", "datainputassociations": "", "datainput": "", "inputset": "", "signalname": "", "bgcolor": "#ffffff", "trigger": "Signal", "bordercolor": "#000000", "time": "", "costs": "", "costcenter": "", "applyincalc": true}, "stencil": {"id": "IntermediateSignalEventThrowing"}, "childShapes": [], "outgoing": [], "bounds": {"lowerRight": {"x": 1157.371075865479952, "y": 79.219622124270017594}, "upperLeft": {"x": 1127.371075865479952, "y": 49.219622124270017594}}, "dockers": [{"x": 1142.371075865479952, "y": 64.219622124270017594}]}, {"resourceId": "sid-1DDD2158-2E99-4AF5-8F24-9272DB9F0A6E", "properties": {"name": "Log out?", "documentation": "", "auditing": "", "monitoring": "", "categories": "", "assignments": "", "pool": "", "lanes": "", "gates": "", "gates_outgoingsequenceflow": "", "gates_assignments": "", "bgcolor": "#ffffff", "processid": "", "gatewaytype": "XOR", "xortype": "Data", "markervisible": "true", "defaultgate": "", "gate_outgoingsequenceflow": "", "gate_assignments": "", "bordercolor": "#000000"}, "stencil": {"id": "Exclusive_Databased_Gateway"}, "childShapes": [], "outgoing": [{"resourceId": "sid-FDBCFACA-1697-44CB-8C60-D2FF04D09055"}, {"resourceId": "sid-CBABC06D-D05A-4735-A650-0039F06E1AF4"}], "bounds": {"lowerRight": {"x": 1376.044347324937462, "y": 124.47409742353920592}, "upperLeft": {"x": 1336.044347324937462, "y": 84.47409742353920592}}, "dockers": [], "labels": [{"x": -43, "y": 32, "valign": "middle", "align": "center", "ref": "text_name"}]}, {"resourceId": "sid-C9A0F9A2-402D-4456-95CB-30C059D23E9F", "properties": {"name": "Session expired", "documentation": "", "auditing": "", "monitoring": "", "dataoutputassociations": "", "dataoutput": "", "outputset": "", "boundarycancelactivity2": true, "errorname": "", "errorcode": "", "bgcolor": "#ffffff", "trigger": "Error", "bordercolor": "#000000"}, "stencil": {"id": "IntermediateErrorEvent"}, "childShapes": [], "outgoing": [{"resourceId": "sid-AFDB8084-A86C-4E89-8FA6-91C1DCD907E6"}], "bounds": {"lowerRight": {"x": 935.58163889218280929, "y": 369.37749163573653277}, "upperLeft": {"x": 905.58163889218280929, "y": 339.37749163573653277}}, "dockers": [{"x": 920.58163889218280929, "y": 354.37749163573653277}]}], "outgoing": [], "bounds": {"lowerRight": {"x": 2134.8886385804944439, "y": 628.57770772938226855}, "upperLeft": {"x": 30, "y": 209.52590257646073724}}, "dockers": []}, {"resourceId": "sid-2BCE577D-00A6-49D4-AE19-2B32210CC774", "properties": {"name": "Frontend", "documentation": "", "auditing": "", "monitoring": "", "parentpool": "", "parentlane": "", "showcaption": true, "bgcolor": "", "bordercolor": "#000000"}, "stencil": {"id": "Lane"}, "childShapes": [{"resourceId": "sid-018577D8-E18B-4516-8450-BD9579FDFDD8", "properties": {"type": "http://b3mn.org/stencilset/bpmn2.0#StartNoneEvent", "name": "Request\nLogin", "documentation": "", "auditing": "", "monitoring": "", "dataoutputassociations": "", "dataoutput": "", "outputset": "", "isinterrupting": true, "messagename": "", "operationname": "", "bgcolor": "#ffffff", "processid": "", "trigger": "Message", "bordercolor": "#000000", "frequency": "", "applyincalc": true, "viaitsystem": ""}, "stencil": {"id": "StartMessageEvent"}, "childShapes": [], "outgoing": [{"resourceId": "sid-A0D5B088-E350-439F-A394-11F58ED2EA0B"}], "bounds": {"lowerRight": {"x": 70.785000402546756959, "y": 119.59421671618473226}, "upperLeft": {"x": 40.785000402546756959, "y": 89.594216716184718052}}, "dockers": []}, {"resourceId": "sid-A8885226-1461-45E3-AF2C-6B6F1BD0838C", "properties": {"processid": "", "name": "Validate Form", "documentation": "", "auditing": "", "monitoring": "", "categories": "", "startquantity": 1, "completionquantity": 1, "isforcompensation": "", "assignments": "", "callacitivity": "", "tasktype": "None", "implementation": "webService", "resources": "", "messageref": "", "operationref": "", "instantiate": "", "script": "", "scriptformat": "", "bgcolor": "#ffffcc", "looptype": "None", "testbefore": "", "loopcondition": "", "loopmaximum": "", "loopcardinality": "", "loopdatainput": "", "loopdataoutput": "", "inputdataitem": "", "outputdataitem": "", "behavior": "all", "complexbehaviordefinition": "", "completioncondition": "", "onebehavioreventref:": "signal", "nonebehavioreventref": "signal", "properties": "", "datainputset": "", "dataoutputset": "", "operationname": "", "inmessagename": "", "inmsgitemkind": "Information", "inmsgstructure": "", "inmsgimport": "", "inmsgiscollection": "", "outmessagename": "", "outmsgitemkind": "Information", "outmsgstructure": "", "outmsgimport": "", "outmsgiscollection": "", "bordercolor": "#000000", "time": "", "costs": "", "costcenter": "", "applyincalc": true, "externaldocuments": "", "risklevel": ""}, "stencil": {"id": "Task"}, "childShapes": [], "outgoing": [{"resourceId": "sid-7A4B76FE-E1B4-4E21-8EDD-E1578EB4C0A1"}], "bounds": {"lowerRight": {"x": 213.38499919090355661, "y": 144.59421671618474647}, "upperLeft": {"x": 113.38499919090355661, "y": 64.594216716184718052}}, "dockers": []}, {"resourceId": "sid-7DD2E568-0B63-4EED-B391-6FE745816381", "properties": {"processid": "", "name": "Prepare Error Form", "documentation": "", "auditing": "", "monitoring": "", "categories": "", "startquantity": 1, "completionquantity": 1, "isforcompensation": "", "assignments": "", "callacitivity": "", "tasktype": "None", "implementation": "webService", "resources": "", "messageref": "", "operationref": "", "instantiate": "", "script": "", "scriptformat": "", "bgcolor": "#ffffcc", "looptype": "None", "testbefore": "", "loopcondition": "", "loopmaximum": "", "loopcardinality": "", "loopdatainput": "", "loopdataoutput": "", "inputdataitem": "", "outputdataitem": "", "behavior": "all", "complexbehaviordefinition": "", "completioncondition": "", "onebehavioreventref:": "signal", "nonebehavioreventref": "signal", "properties": "", "datainputset": "", "dataoutputset": "", "operationname": "", "inmessagename": "", "inmsgitemkind": "Information", "inmsgstructure": "", "inmsgimport": "", "inmsgiscollection": "", "outmessagename": "", "outmsgitemkind": "Information", "outmsgstructure": "", "outmsgimport": "", "outmsgiscollection": "", "bordercolor": "#000000", "time": "", "costs": "", "costcenter": "", "applyincalc": true, "externaldocuments": "", "risklevel": ""}, "stencil": {"id": "Task"}, "childShapes": [], "outgoing": [{"resourceId": "sid-7316DFC5-C205-4534-9100-447C68F76D7B"}], "bounds": {"lowerRight": {"x": 703.4349910123120253, "y": 144.19500214856569187}, "upperLeft": {"x": 603.4349910123120253, "y": 64.195002148565691868}}, "dockers": []}, {"resourceId": "sid-36BF2FA1-A25C-4AEC-887C-0966AE4876EE", "properties": {"type": "http://b3mn.org/stencilset/bpmn2.0#EndNoneEvent", "datainputassociations": "", "datainput": "", "inputset": "", "name": "Login denied", "documentation": "", "auditing": "", "monitoring": "", "messagename": "", "operationname": "", "bgcolor": "#ffffff", "trigger": "Message", "bordercolor": "#000000"}, "stencil": {"id": "EndMessageEvent"}, "childShapes": [], "outgoing": [{"resourceId": "sid-620BF4E3-F0F2-4195-BEB3-252D681CC2FF"}], "bounds": {"lowerRight": {"x": 776.6524865184680948, "y": 118.59421671618467542}, "upperLeft": {"x": 748.6524865184680948, "y": 90.594216716184661209}}, "dockers": []}, {"resourceId": "sid-2CC75293-3F50-4271-88ED-30562E024DB9", "properties": {"processid": "", "name": "Prepare Welcome Screen", "documentation": "", "auditing": "", "monitoring": "", "categories": "", "startquantity": 1, "completionquantity": 1, "isforcompensation": "", "assignments": "", "callacitivity": "", "tasktype": "None", "implementation": "webService", "resources": "", "messageref": "", "operationref": "", "instantiate": "", "script": "", "scriptformat": "", "bgcolor": "#ffffcc", "looptype": "None", "testbefore": "", "loopcondition": "", "loopmaximum": "", "loopcardinality": "", "loopdatainput": "", "loopdataoutput": "", "inputdataitem": "", "outputdataitem": "", "behavior": "all", "complexbehaviordefinition": "", "completioncondition": "", "onebehavioreventref:": "signal", "nonebehavioreventref": "signal", "properties": "", "datainputset": "", "dataoutputset": "", "operationname": "", "inmessagename": "", "inmsgitemkind": "Information", "inmsgstructure": "", "inmsgimport": "", "inmsgiscollection": "", "outmessagename": "", "outmsgitemkind": "Information", "outmsgstructure": "", "outmsgimport": "", "outmsgiscollection": "", "bordercolor": "#000000", "time": "", "costs": "", "costcenter": "", "applyincalc": true, "externaldocuments": "", "risklevel": ""}, "stencil": {"id": "Task"}, "childShapes": [], "outgoing": [{"resourceId": "sid-E74235FE-D871-4AA3-B6D3-2A4AB23AC2E4"}], "bounds": {"lowerRight": {"x": 1008.2849852570068379, "y": 144.59421671618474647}, "upperLeft": {"x": 908.28498525700683786, "y": 64.594216716184718052}}, "dockers": []}, {"resourceId": "sid-D4016630-73A3-49F5-8088-3381305F58C6", "properties": {"type": "http://b3mn.org/stencilset/bpmn2.0#IntermediateEvent", "name": "Login accepted", "documentation": "", "auditing": "", "monitoring": "", "datainputassociations": "", "datainput": "", "inputset": "", "messagename": "", "operationname": "", "bgcolor": "#ffffff", "trigger": "Message", "bordercolor": "#000000", "time": "", "costs": "", "costcenter": "", "applyincalc": true}, "stencil": {"id": "IntermediateMessageEventThrowing"}, "childShapes": [], "outgoing": [{"resourceId": "sid-0E4DDF5D-1D9E-4099-8C54-B0DC634A5272"}, {"resourceId": "sid-97D0C4C3-C9FB-42DB-A433-2B40A922BF97"}], "bounds": {"lowerRight": {"x": 1083.4274778855101431, "y": 119.89132507427709129}, "upperLeft": {"x": 1053.4274778855101431, "y": 89.891325074277091289}}, "dockers": [{"x": 1068.4274778855101431, "y": 104.89132507427709129}]}, {"resourceId": "sid-77F9F94D-09ED-4CE2-9053-C79F88973FEE", "properties": {"type": "http://b3mn.org/stencilset/bpmn2.0#IntermediateEvent", "datainputassociations": "", "datainput": "", "inputset": "", "time": "", "costs": "", "costcenter": "", "applyincalc": true, "name": "New Request", "documentation": "", "auditing": "", "monitoring": "", "boundarycancelactivity2": true, "messagename": "", "operationname": "", "bgcolor": "#ffffff", "trigger": "Message", "bordercolor": "#000000", "viaitsystem": ""}, "stencil": {"id": "IntermediateMessageEventCatching"}, "childShapes": [], "outgoing": [{"resourceId": "sid-3180F19A-52B8-438D-B8DD-AA9D71CE0B6D"}], "bounds": {"lowerRight": {"x": 1206.0295648832916413, "y": 120.33698761141563693}, "upperLeft": {"x": 1176.0295648832916413, "y": 90.336987611415636934}}, "dockers": [{"x": 1191.0295648832916413, "y": 105.33698761141563693}]}, {"resourceId": "sid-4A9DA96B-F8A1-4AF1-A7C9-6349DC4A6BDC", "properties": {"type": "http://b3mn.org/stencilset/bpmn2.0#Exclusive_Databased_Gateway", "xortype": "Data", "markervisible": "true", "defaultgate": "", "gate_outgoingsequenceflow": "", "gate_assignments": "", "name": "", "documentation": "", "auditing": "", "monitoring": "", "categories": "", "assignments": "", "pool": "", "lanes": "", "gates": "", "gates_outgoingsequenceflow": "", "gates_assignments": "", "bgcolor": "#ffffff", "processid": "", "gatewaytype": "AND", "bordercolor": "#000000"}, "stencil": {"id": "ParallelGateway"}, "childShapes": [], "outgoing": [{"resourceId": "sid-1B44F624-59F6-4B27-BEE0-63E8D265C663"}, {"resourceId": "sid-37B295A3-16C6-42A0-8112-69C1850E2D5F"}], "bounds": {"lowerRight": {"x": 1291.044347324937462, "y": 125.50548141712346251}, "upperLeft": {"x": 1251.044347324937462, "y": 85.505481417123462506}}, "dockers": []}, {"resourceId": "sid-96175E19-8033-459C-BAAA-5690125454E3", "properties": {"processid": "", "name": "Prepare Login Screen", "documentation": "", "auditing": "", "monitoring": "", "categories": "", "startquantity": 1, "completionquantity": 1, "isforcompensation": "", "assignments": "", "callacitivity": "", "tasktype": "None", "implementation": "webService", "resources": "", "messageref": "", "operationref": "", "instantiate": "", "script": "", "scriptformat": "", "bgcolor": "#ffffcc", "looptype": "None", "testbefore": "", "loopcondition": "", "loopmaximum": "", "loopcardinality": "", "loopdatainput": "", "loopdataoutput": "", "inputdataitem": "", "outputdataitem": "", "behavior": "all", "complexbehaviordefinition": "", "completioncondition": "", "onebehavioreventref:": "signal", "nonebehavioreventref": "signal", "properties": "", "datainputset": "", "dataoutputset": "", "operationname": "", "inmessagename": "", "inmsgitemkind": "Information", "inmsgstructure": "", "inmsgimport": "", "inmsgiscollection": "", "outmessagename": "", "outmsgitemkind": "Information", "outmsgstructure": "", "outmsgimport": "", "outmsgiscollection": "", "bordercolor": "#000000", "time": "", "costs": "", "costcenter": "", "applyincalc": true, "externaldocuments": "", "risklevel": ""}, "stencil": {"id": "Task"}, "childShapes": [], "outgoing": [{"resourceId": "sid-BB3D1878-89A8-4A40-844B-A5A09420AC25"}], "bounds": {"lowerRight": {"x": 1852.1005867161959486, "y": 145.50548141712340566}, "upperLeft": {"x": 1752.1005867161959486, "y": 65.505481417123405663}}, "dockers": []}, {"resourceId": "sid-7A0F6900-FA6C-48E3-9FE7-B5BDF4B247F0", "properties": {"processid": "", "name": "Prepare View", "documentation": "", "auditing": "", "monitoring": "", "categories": "", "startquantity": 1, "completionquantity": 1, "isforcompensation": "", "assignments": "", "callacitivity": "", "tasktype": "None", "implementation": "webService", "resources": "", "messageref": "", "operationref": "", "instantiate": "", "script": "", "scriptformat": "", "bgcolor": "#ffffcc", "looptype": "None", "testbefore": "", "loopcondition": "", "loopmaximum": "", "loopcardinality": "", "loopdatainput": "", "loopdataoutput": "", "inputdataitem": "", "outputdataitem": "", "behavior": "all", "complexbehaviordefinition": "", "completioncondition": "", "onebehavioreventref:": "signal", "nonebehavioreventref": "signal", "properties": "", "datainputset": "", "dataoutputset": "", "operationname": "", "inmessagename": "", "inmsgitemkind": "Information", "inmsgstructure": "", "inmsgimport": "", "inmsgiscollection": "", "outmessagename": "", "outmsgitemkind": "Information", "outmsgstructure": "", "outmsgimport": "", "outmsgiscollection": "", "bordercolor": "#000000", "time": "", "costs": "", "costcenter": "", "applyincalc": true, "externaldocuments": "", "risklevel": ""}, "stencil": {"id": "Task"}, "childShapes": [], "outgoing": [{"resourceId": "sid-2A35A648-13A5-41EB-835A-5F2E16727356"}], "bounds": {"lowerRight": {"x": 1581.0295648832916413, "y": 144.19500214856577713}, "upperLeft": {"x": 1481.0295648832916413, "y": 64.195002148565777134}}, "dockers": []}, {"resourceId": "sid-62890549-DF9D-4371-8BD2-8F2DA225ECA0", "properties": {"type": "http://b3mn.org/stencilset/bpmn2.0#IntermediateEvent", "name": "Result", "documentation": "", "auditing": "", "monitoring": "", "datainputassociations": "", "datainput": "", "inputset": "", "messagename": "", "operationname": "", "bgcolor": "#ffffff", "trigger": "Message", "bordercolor": "#000000", "time": "", "costs": "", "costcenter": "", "applyincalc": true}, "stencil": {"id": "IntermediateMessageEventThrowing"}, "childShapes": [], "outgoing": [{"resourceId": "sid-C1BBD546-4D09-4A62-BFF4-8EE76C042CCE"}, {"resourceId": "sid-E9326632-5DED-4021-B2E9-D956ADC22036"}], "bounds": {"lowerRight": {"x": 1656.044347324937462, "y": 119.2925032228486657}, "upperLeft": {"x": 1626.044347324937462, "y": 89.2925032228486657}}, "dockers": [{"x": 1641.044347324937462, "y": 104.2925032228486657}]}, {"resourceId": "sid-9579C25B-37F9-4F14-BEEA-B29DCE16345E", "properties": {"type": "http://b3mn.org/stencilset/bpmn2.0#IntermediateEvent", "name": "Log out", "documentation": "", "auditing": "", "monitoring": "", "datainputassociations": "", "datainput": "", "inputset": "", "messagename": "", "operationname": "", "bgcolor": "#ffffff", "trigger": "Message", "bordercolor": "#000000", "time": "", "costs": "", "costcenter": "", "applyincalc": true}, "stencil": {"id": "IntermediateMessageEventThrowing"}, "childShapes": [], "outgoing": [{"resourceId": "sid-DD7413B6-3379-4E5C-A962-C5992EFBF344"}, {"resourceId": "sid-C7795207-6F65-4836-8C4B-2EA22FB4B5D2"}], "bounds": {"lowerRight": {"x": 1927.1508800742940366, "y": 120.75822212568510849}, "upperLeft": {"x": 1897.1508800742940366, "y": 90.758222125685108495}}, "dockers": [{"x": 1912.1508800742940366, "y": 105.75822212568510849}]}, {"resourceId": "sid-80ABCC1F-F3D5-4744-B745-15FD3EA4CD46", "properties": {"type": "http://b3mn.org/stencilset/bpmn2.0#EndNoneEvent", "name": "", "documentation": "", "auditing": "", "monitoring": "", "datainputassociations": "", "datainput": "", "inputset": "", "bgcolor": "#ffffff", "trigger": "Terminate", "bordercolor": "#000000"}, "stencil": {"id": "EndTerminateEvent"}, "childShapes": [], "outgoing": [], "bounds": {"lowerRight": {"x": 2000.2263201114410549, "y": 120.13733318852766274}, "upperLeft": {"x": 1972.2263201114410549, "y": 92.137333188527662742}}, "dockers": []}], "outgoing": [], "bounds": {"lowerRight": {"x": 2134.8886385804944439, "y": 209.52590257646073724}, "upperLeft": {"x": 30, "y": 0}}, "dockers": []}], "outgoing": [], "bounds": {"lowerRight": {"x": 2354.5036333313746582, "y": 1641.9306898187501247}, "upperLeft": {"x": 219.61499475088044164, "y": 1013.3529820893678561}}, "dockers": []}, {"resourceId": "sid-A0D5B088-E350-439F-A394-11F58ED2EA0B", "properties": {"name": "", "documentation": "", "auditing": "", "monitoring": "", "conditiontype": "None", "conditionexpression": "", "isimmediate": "", "showdiamondmarker": "", "bordercolor": "#000000", "probability": ""}, "stencil": {"id": "SequenceFlow"}, "childShapes": [], "outgoing": [{"resourceId": "sid-A8885226-1461-45E3-AF2C-6B6F1BD0838C"}], "bounds": {"lowerRight": {"x": 362.40311950027580679, "y": 1117.9471988055524889}, "upperLeft": {"x": 320.69061999250584449, "y": 1117.9471988055524889}}, "dockers": [{"x": 15, "y": 15.000000000000007105}, {"x": 50, "y": 40.000000000000014211}], "target": {"resourceId": "sid-A8885226-1461-45E3-AF2C-6B6F1BD0838C"}}, {"resourceId": "sid-623D9CCC-EC2D-4FFE-B038-6D6C6A982437", "properties": {"name": "", "documentation": "", "auditing": "", "monitoring": "", "conditiontype": "None", "conditionexpression": "", "isimmediate": "", "showdiamondmarker": "", "bordercolor": "#000000", "probability": ""}, "stencil": {"id": "SequenceFlow"}, "childShapes": [], "outgoing": [{"resourceId": "sid-7DD2E568-0B63-4EED-B391-6FE745816381"}], "bounds": {"lowerRight": {"x": 903.04998576319246695, "y": 1246.3601030669346983}, "upperLeft": {"x": 903.04998576319246695, "y": 1157.5479842379336333}}, "dockers": [{"x": 50, "y": 40}, {"x": 50, "y": 40}], "target": {"resourceId": "sid-7DD2E568-0B63-4EED-B391-6FE745816381"}}, {"resourceId": "sid-7316DFC5-C205-4534-9100-447C68F76D7B", "properties": {"name": "", "documentation": "", "auditing": "", "monitoring": "", "conditiontype": "None", "conditionexpression": "", "isimmediate": "", "showdiamondmarker": "", "bordercolor": "#000000", "probability": ""}, "stencil": {"id": "SequenceFlow"}, "childShapes": [], "outgoing": [{"resourceId": "sid-36BF2FA1-A25C-4AEC-887C-0966AE4876EE"}], "bounds": {"lowerRight": {"x": 997.80864123220408146, "y": 1118.3426151433338873}, "upperLeft": {"x": 953.04998576319246695, "y": 1117.9672762284474175}}, "dockers": [{"x": 50, "y": 40}, {"x": 14.220927704942464942, "y": 14.518518518518465754}], "target": {"resourceId": "sid-36BF2FA1-A25C-4AEC-887C-0966AE4876EE"}}, {"resourceId": "sid-5EC08BE4-FC41-4B6A-8D20-9D2EF2E2DEE4", "properties": {"name": "", "documentation": "", "auditing": "", "monitoring": "", "conditiontype": "None", "conditionexpression": "", "isimmediate": "", "showdiamondmarker": "", "bordercolor": "#000000", "probability": ""}, "stencil": {"id": "SequenceFlow"}, "childShapes": [], "outgoing": [{"resourceId": "sid-BA00B6A1-344A-4039-A88D-04505DF4742A"}], "bounds": {"lowerRight": {"x": 903.46769823055603865, "y": 1496.8426210390578035}, "upperLeft": {"x": 903.21821079582889524, "y": 1436.9066889716305013}}, "dockers": [{"x": 50, "y": 40}, {"x": 20.5, "y": 20.5}], "target": {"resourceId": "sid-BA00B6A1-344A-4039-A88D-04505DF4742A"}}, {"resourceId": "sid-332DA404-F8C9-4DA8-9600-C532009648E0", "properties": {"name": "", "documentation": "", "auditing": "", "monitoring": "", "conditiontype": "None", "conditionexpression": "", "isimmediate": "", "showdiamondmarker": "", "bordercolor": "#000000", "probability": ""}, "stencil": {"id": "SequenceFlow"}, "childShapes": [], "outgoing": [{"resourceId": "sid-C5B7B62C-2A01-44D9-9169-5CBACFD5DA05"}], "bounds": {"lowerRight": {"x": 997.37811674965723796, "y": 1417.0683721857833461}, "upperLeft": {"x": 923.74138602672792331, "y": 1416.8135738095795659}}, "dockers": [{"x": 20.5, "y": 20.5}, {"x": 50, "y": 40}], "target": {"resourceId": "sid-C5B7B62C-2A01-44D9-9169-5CBACFD5DA05"}}, {"resourceId": "sid-B8786E69-2065-401E-B0DC-A1DC63F852F5", "properties": {"name": "", "documentation": "", "auditing": "", "monitoring": "", "conditiontype": "None", "conditionexpression": "", "isimmediate": "", "showdiamondmarker": "", "bordercolor": "#000000", "probability": ""}, "stencil": {"id": "SequenceFlow"}, "childShapes": [], "outgoing": [{"resourceId": "sid-2CC75293-3F50-4271-88ED-30562E024DB9"}], "bounds": {"lowerRight": {"x": 1157.7656082452463124, "y": 1416.638238622681456}, "upperLeft": {"x": 1098.0499857631925806, "y": 1117.9471988055524889}}, "dockers": [{"x": 50, "y": 40}, {"x": 1120.5499857631925806, "y": 1416.638238622681456}, {"x": 1120.5499857631925806, "y": 1117.9471988055524889}, {"x": 50, "y": 40.000000000000014211}], "target": {"resourceId": "sid-2CC75293-3F50-4271-88ED-30562E024DB9"}}, {"resourceId": "sid-F228F0B1-83EA-42DA-A9FC-4988473C8C83", "properties": {"name": "User", "documentation": "", "auditing": "", "monitoring": "", "boundaryvisible": true, "processname": "", "status": "None", "adhoc": "", "adhocordering": "Parallel", "adhoccompletioncondition": "", "suppressjoinfailure": "", "enableinstancecompensation": "", "processcategories": "", "processdocumentation": "", "multiinstance": "", "minimum": 2, "maximum": 2, "processtype": "None", "isclosed": "", "isexecutable": "", "processid": "", "bgcolor": "#ffffff", "bordercolor": "#000000"}, "stencil": {"id": "CollapsedPool"}, "childShapes": [], "outgoing": [{"resourceId": "sid-ADE5050F-5494-462E-9E56-0145296D6422"}, {"resourceId": "sid-8A34AF72-AA2C-4666-8771-D821FAD31E0E"}], "bounds": {"lowerRight": {"x": 2352.3074918357092429, "y": 910.34929273150692097}, "upperLeft": {"x": 217.41885325521491268, "y": 821.36011229747828111}}, "dockers": []}, {"resourceId": "sid-ADE5050F-5494-462E-9E56-0145296D6422", "properties": {"name": "", "documentation": "", "auditing": "", "monitoring": "", "bordercolor": "#000000"}, "stencil": {"id": "MessageFlow"}, "childShapes": [], "outgoing": [{"resourceId": "sid-018577D8-E18B-4516-8450-BD9579FDFDD8"}], "bounds": {"lowerRight": {"x": 305.3999951534271986, "y": 1102.9471988055524889}, "upperLeft": {"x": 305.3999951534271986, "y": 910.34929273150692097}}, "dockers": [{"x": 87.981141898212285923, "y": 44.494590217014319933}, {"x": 15, "y": 0}], "target": {"resourceId": "sid-018577D8-E18B-4516-8450-BD9579FDFDD8"}}, {"resourceId": "sid-620BF4E3-F0F2-4195-BEB3-252D681CC2FF", "properties": {"name": "", "documentation": "", "auditing": "", "monitoring": "", "bordercolor": "#000000"}, "stencil": {"id": "MessageFlow"}, "childShapes": [], "outgoing": [{"resourceId": "sid-F228F0B1-83EA-42DA-A9FC-4988473C8C83"}], "bounds": {"lowerRight": {"x": 1012.2674812693485364, "y": 1103.5565033140969717}, "upperLeft": {"x": 1012.2674812693485364, "y": 910.34929273150692097}}, "dockers": [{"x": 14, "y": 14}, {"x": 794.84862801413362376, "y": 68.052550120563523706}], "target": {"resourceId": "sid-F228F0B1-83EA-42DA-A9FC-4988473C8C83"}}, {"resourceId": "sid-E74235FE-D871-4AA3-B6D3-2A4AB23AC2E4", "properties": {"name": "", "documentation": "", "auditing": "", "monitoring": "", "conditiontype": "None", "conditionexpression": "", "isimmediate": "", "showdiamondmarker": "", "bordercolor": "#000000", "probability": ""}, "stencil": {"id": "SequenceFlow"}, "childShapes": [], "outgoing": [{"resourceId": "sid-D4016630-73A3-49F5-8088-3381305F58C6"}], "bounds": {"lowerRight": {"x": 1302.5389405612936571, "y": 1118.4622602415674919}, "upperLeft": {"x": 1257.8999800078872795, "y": 1118.219317937569258}}, "dockers": [{"x": 50, "y": 40}, {"x": 15.143859220400036847, "y": 15.303112168675907512}], "target": {"resourceId": "sid-D4016630-73A3-49F5-8088-3381305F58C6"}}, {"resourceId": "sid-0E4DDF5D-1D9E-4099-8C54-B0DC634A5272", "properties": {"name": "", "documentation": "", "auditing": "", "monitoring": "", "bordercolor": "#000000"}, "stencil": {"id": "MessageFlow"}, "childShapes": [], "outgoing": [{"resourceId": "sid-F228F0B1-83EA-42DA-A9FC-4988473C8C83"}], "bounds": {"lowerRight": {"x": 1318.0424726363903574, "y": 1102.6266889613852982}, "upperLeft": {"x": 1318.0424726363903574, "y": 910.34929273150692097}}, "dockers": [{"x": 15, "y": 15}, {"x": 1100.6236193811755584, "y": 88.989180434028639866}], "target": {"resourceId": "sid-F228F0B1-83EA-42DA-A9FC-4988473C8C83"}}, {"resourceId": "sid-97D0C4C3-C9FB-42DB-A433-2B40A922BF97", "properties": {"name": "", "documentation": "", "auditing": "", "monitoring": "", "conditiontype": "None", "conditionexpression": "", "isimmediate": "", "showdiamondmarker": "", "bordercolor": "#000000", "probability": ""}, "stencil": {"id": "SequenceFlow"}, "childShapes": [], "outgoing": [{"resourceId": "sid-77F9F94D-09ED-4CE2-9053-C79F88973FEE"}], "bounds": {"lowerRight": {"x": 1425.5872196104312479, "y": 1119.0358672543754892}, "upperLeft": {"x": 1333.4510366861929924, "y": 1118.357718601213719}}, "dockers": [{"x": 15, "y": 15}, {"x": 15.351224026061689898, "y": 15.459308991160625624}], "target": {"resourceId": "sid-77F9F94D-09ED-4CE2-9053-C79F88973FEE"}}, {"resourceId": "sid-480DE282-393B-4ED1-A23D-968983D77D44", "properties": {"name": "", "documentation": "", "auditing": "", "monitoring": "", "conditiontype": "None", "conditionexpression": "", "isimmediate": "", "showdiamondmarker": "", "bordercolor": "#000000", "probability": ""}, "stencil": {"id": "SequenceFlow"}, "childShapes": [], "outgoing": [{"resourceId": "sid-63BF74A9-8B17-4C40-8295-4148E313F897"}], "bounds": {"lowerRight": {"x": 1072.6432349021074515, "y": 1537.2563763015650693}, "upperLeft": {"x": 953.04998576319246695, "y": 1537.2563763015650693}}, "dockers": [{"x": 50, "y": 40}, {"x": 50, "y": 40}], "target": {"resourceId": "sid-63BF74A9-8B17-4C40-8295-4148E313F897"}}, {"resourceId": "sid-3180F19A-52B8-438D-B8DD-AA9D71CE0B6D", "properties": {"name": "", "documentation": "", "auditing": "", "monitoring": "", "conditiontype": "None", "conditionexpression": "", "isimmediate": "", "showdiamondmarker": "", "bordercolor": "#000000", "probability": ""}, "stencil": {"id": "SequenceFlow"}, "childShapes": [], "outgoing": [{"resourceId": "sid-4A9DA96B-F8A1-4AF1-A7C9-6349DC4A6BDC"}], "bounds": {"lowerRight": {"x": 1500.0420736164267055, "y": 1119.3115067350611298}, "upperLeft": {"x": 1455.4855892996670264, "y": 1118.8452665969914506}}, "dockers": [{"x": 15, "y": 15}, {"x": 20.51516321015042621, "y": 20.674173508717377246}], "target": {"resourceId": "sid-4A9DA96B-F8A1-4AF1-A7C9-6349DC4A6BDC"}}, {"resourceId": "sid-2552E9F5-1CDA-438D-B26B-8D8C8D775340", "properties": {"name": "", "documentation": "", "auditing": "", "monitoring": "", "conditiontype": "None", "conditionexpression": "", "isimmediate": "", "showdiamondmarker": "", "bordercolor": "#000000", "probability": ""}, "stencil": {"id": "SequenceFlow"}, "childShapes": [], "outgoing": [{"resourceId": "sid-F3A28AB1-BBF5-4FFD-8BDC-FD64393F66F8"}], "bounds": {"lowerRight": {"x": 852.54510058659320748, "y": 1537.2563763015650693}, "upperLeft": {"x": 644.41221830993890762, "y": 1466.0703219499177976}}, "dockers": [{"x": 15, "y": 15}, {"x": 644.41221830993890762, "y": 1537.2563763015650693}, {"x": 50, "y": 40}], "target": {"resourceId": "sid-F3A28AB1-BBF5-4FFD-8BDC-FD64393F66F8"}}, {"resourceId": "sid-748260D2-1C53-4D67-8B8B-FBF1C971BD2F", "properties": {"name": "", "documentation": "", "auditing": "", "monitoring": "", "conditiontype": "None", "conditionexpression": "", "isimmediate": "", "showdiamondmarker": "", "bordercolor": "#000000", "probability": ""}, "stencil": {"id": "SequenceFlow"}, "childShapes": [], "outgoing": [{"resourceId": "sid-96175E19-8033-459C-BAAA-5690125454E3"}], "bounds": {"lowerRight": {"x": 2051.7155814670763903, "y": 1537.2563763015650693}, "upperLeft": {"x": 1408.0424726363905847, "y": 1158.8584635064912618}}, "dockers": [{"x": 50, "y": 40}, {"x": 2051.7155814670763903, "y": 1537.2563763015650693}, {"x": 50, "y": 40}], "target": {"resourceId": "sid-96175E19-8033-459C-BAAA-5690125454E3"}}, {"resourceId": "sid-04BF5471-1A6B-438D-9BBF-44BD16ED6A62", "properties": {"name": "", "documentation": "", "auditing": "", "monitoring": "", "conditiontype": "None", "conditionexpression": "", "isimmediate": "", "showdiamondmarker": "", "bordercolor": "#000000", "probability": ""}, "stencil": {"id": "SequenceFlow"}, "childShapes": [], "outgoing": [{"resourceId": "sid-7A0F6900-FA6C-48E3-9FE7-B5BDF4B247F0"}], "bounds": {"lowerRight": {"x": 1780.644559634172083, "y": 1436.638238622681456}, "upperLeft": {"x": 1765.644559634172083, "y": 1157.5479842379336333}}, "dockers": [{"x": 50, "y": 39.999999999999992895}, {"x": 1780.644559634172083, "y": 1436.638238622681456}, {"x": 50, "y": 40}], "target": {"resourceId": "sid-7A0F6900-FA6C-48E3-9FE7-B5BDF4B247F0"}}, {"resourceId": "sid-2A35A648-13A5-41EB-835A-5F2E16727356", "properties": {"name": "", "documentation": "", "auditing": "", "monitoring": "", "conditiontype": "None", "conditionexpression": "", "isimmediate": "", "showdiamondmarker": "", "bordercolor": "#000000", "probability": ""}, "stencil": {"id": "SequenceFlow"}, "childShapes": [], "outgoing": [{"resourceId": "sid-62890549-DF9D-4371-8BD2-8F2DA225ECA0"}], "bounds": {"lowerRight": {"x": 1875.0608371578439346, "y": 1117.7158627865433118}, "upperLeft": {"x": 1830.644559634172083, "y": 1117.6368876309779807}}, "dockers": [{"x": 50, "y": 40}, {"x": 15.014797024055463126, "y": 15.098138984712118571}], "target": {"resourceId": "sid-62890549-DF9D-4371-8BD2-8F2DA225ECA0"}}, {"resourceId": "sid-E9326632-5DED-4021-B2E9-D956ADC22036", "properties": {"name": "", "documentation": "", "auditing": "", "monitoring": "", "conditiontype": "None", "conditionexpression": "", "isimmediate": "", "showdiamondmarker": "", "bordercolor": "#000000", "probability": ""}, "stencil": {"id": "SequenceFlow"}, "childShapes": [], "outgoing": [{"resourceId": "sid-77F9F94D-09ED-4CE2-9053-C79F88973FEE"}], "bounds": {"lowerRight": {"x": 1882, "y": 1106.2782580521625277}, "upperLeft": {"x": 1450, "y": 1070}}, "dockers": [{"x": 6.3406579241820963944, "y": 15}, {"x": 1882, "y": 1070}, {"x": 1450, "y": 1070}, {"x": 24.355440365827917049, "y": 15}], "target": {"resourceId": "sid-77F9F94D-09ED-4CE2-9053-C79F88973FEE"}}, {"resourceId": "sid-C1BBD546-4D09-4A62-BFF4-8EE76C042CCE", "properties": {"name": "", "documentation": "", "auditing": "", "monitoring": "", "bordercolor": "#000000"}, "stencil": {"id": "MessageFlow"}, "childShapes": [], "outgoing": [{"resourceId": "sid-F228F0B1-83EA-42DA-A9FC-4988473C8C83"}], "bounds": {"lowerRight": {"x": 1890.6593420758176762, "y": 1102.0699717713855534}, "upperLeft": {"x": 1890.6593420758176762, "y": 910.34929273150692097}}, "dockers": [{"x": 15, "y": 15}, {"x": 1673.2404888206028772, "y": 88.989180434028639866}], "target": {"resourceId": "sid-F228F0B1-83EA-42DA-A9FC-4988473C8C83"}}, {"resourceId": "sid-1B44F624-59F6-4B27-BEE0-63E8D265C663", "properties": {"name": "", "documentation": "", "auditing": "", "monitoring": "", "conditiontype": "None", "conditionexpression": "", "isimmediate": "", "showdiamondmarker": "", "bordercolor": "#000000", "probability": ""}, "stencil": {"id": "SequenceFlow"}, "childShapes": [], "outgoing": [{"resourceId": "sid-3D07A442-1E8A-4BAF-89AD-6C97E1025C9A"}], "bounds": {"lowerRight": {"x": 1521.1593420758179036, "y": 1271.5518651041454632}, "upperLeft": {"x": 1391.9860706163603936, "y": 1139.01884762986856}}, "dockers": [{"x": 20.5, "y": 20.5}, {"x": 1521.1593420758179036, "y": 1194}, {"x": 1391.9860706163603936, "y": 1194}, {"x": 15, "y": 15}], "target": {"resourceId": "sid-3D07A442-1E8A-4BAF-89AD-6C97E1025C9A"}}, {"resourceId": "sid-37B295A3-16C6-42A0-8112-69C1850E2D5F", "properties": {"name": "", "documentation": "", "auditing": "", "monitoring": "", "conditiontype": "None", "conditionexpression": "", "isimmediate": "", "showdiamondmarker": "", "bordercolor": "#000000", "probability": ""}, "stencil": {"id": "SequenceFlow"}, "childShapes": [], "outgoing": [{"resourceId": "sid-1DDD2158-2E99-4AF5-8F24-9272DB9F0A6E"}], "bounds": {"lowerRight": {"x": 1606.1593420758179036, "y": 1307.3066209722230724}, "upperLeft": {"x": 1540.7530920758179036, "y": 1119.3584635064912618}}, "dockers": [{"x": 20.5, "y": 20.5}, {"x": 1606.1593420758179036, "y": 1119.3584635064912618}, {"x": 20.5, "y": 20.5}], "target": {"resourceId": "sid-1DDD2158-2E99-4AF5-8F24-9272DB9F0A6E"}}, {"resourceId": "sid-FDBCFACA-1697-44CB-8C60-D2FF04D09055", "properties": {"name": "no", "documentation": "", "auditing": "", "monitoring": "", "conditiontype": "Default", "conditionexpression": "", "isimmediate": "", "showdiamondmarker": false, "bordercolor": "#000000", "probability": ""}, "stencil": {"id": "SequenceFlow"}, "childShapes": [], "outgoing": [{"resourceId": "sid-F29D04A2-5664-467D-9DC1-09DF7ED9575D"}], "bounds": {"lowerRight": {"x": 1715.644559634172083, "y": 1396.5435370560219326}, "upperLeft": {"x": 1625.6593420758179036, "y": 1327.8529820893677424}}, "dockers": [{"x": 20.5, "y": 20.5}, {"x": 1715.644559634172083, "y": 1327.8529820893677424}, {"x": 50, "y": 39.999999999999992895}], "target": {"resourceId": "sid-F29D04A2-5664-467D-9DC1-09DF7ED9575D"}}, {"resourceId": "sid-CBABC06D-D05A-4735-A650-0039F06E1AF4", "properties": {"name": "", "documentation": "", "auditing": "", "monitoring": "", "conditiontype": "None", "conditionexpression": "", "isimmediate": "", "showdiamondmarker": "", "bordercolor": "#000000", "probability": ""}, "stencil": {"id": "SequenceFlow"}, "childShapes": [], "outgoing": [{"resourceId": "sid-81C30EA4-A25D-475C-B5B3-A5C14E6DB505"}], "bounds": {"lowerRight": {"x": 1606.1593420758179036, "y": 1496.7417304213436182}, "upperLeft": {"x": 1358.0424726363905847, "y": 1347.3529820893677424}}, "dockers": [{"x": 20.5, "y": 20.5}, {"x": 1606.1593420758179036, "y": 1422.3046791954664059}, {"x": 1358.0424726363905847, "y": 1422.3046791954664059}, {"x": 50, "y": 40}], "target": {"resourceId": "sid-81C30EA4-A25D-475C-B5B3-A5C14E6DB505"}}, {"resourceId": "sid-7A4B76FE-E1B4-4E21-8EDD-E1578EB4C0A1", "properties": {"name": "", "documentation": "", "auditing": "", "monitoring": "", "conditiontype": "None", "conditionexpression": "", "isimmediate": "", "showdiamondmarker": "", "bordercolor": "#000000", "probability": ""}, "stencil": {"id": "SequenceFlow"}, "childShapes": [], "outgoing": [{"resourceId": "sid-E7C07F9B-9177-41DD-8DED-075CD8965D92"}], "bounds": {"lowerRight": {"x": 569.61788218783647153, "y": 1356.0946529765813011}, "upperLeft": {"x": 462.99999394178399825, "y": 1117.9471988055524889}}, "dockers": [{"x": 50, "y": 40}, {"x": 569.61788218783647153, "y": 1117.9471988055524889}, {"x": 88.616267053975775525, "y": 46.72503602335279993}], "target": {"resourceId": "sid-E7C07F9B-9177-41DD-8DED-075CD8965D92"}}, {"resourceId": "sid-8E37B9A0-B347-445A-A5E3-47F94DFEE276", "properties": {"name": "", "documentation": "", "auditing": "", "monitoring": "", "conditiontype": "None", "conditionexpression": "", "isimmediate": "", "showdiamondmarker": "", "bordercolor": "#000000", "probability": ""}, "stencil": {"id": "SequenceFlow"}, "childShapes": [], "outgoing": [{"resourceId": "sid-B46715BE-185A-4FDB-85BB-684458646580"}], "bounds": {"lowerRight": {"x": 852.32176896978717195, "y": 1344.3109789067434576}, "upperLeft": {"x": 658.23414924181224706, "y": 1286.8485779688030561}}, "dockers": [{"x": 15, "y": 15}, {"x": 658.23414924181224706, "y": 1286.8485779688030561}, {"x": 50, "y": 39.750071178704502017}], "target": {"resourceId": "sid-B46715BE-185A-4FDB-85BB-684458646580"}}, {"resourceId": "sid-AFDB8084-A86C-4E89-8FA6-91C1DCD907E6", "properties": {"name": "", "documentation": "", "auditing": "", "monitoring": "", "conditiontype": "None", "conditionexpression": "", "isimmediate": "", "showdiamondmarker": "", "bordercolor": "#000000", "probability": ""}, "stencil": {"id": "SequenceFlow"}, "childShapes": [], "outgoing": [{"resourceId": "sid-81C30EA4-A25D-475C-B5B3-A5C14E6DB505"}], "bounds": {"lowerRight": {"x": 1307.574170963623601, "y": 1577.2563763015650693}, "upperLeft": {"x": 1185.8522637275473244, "y": 1537.2563763015650693}}, "dockers": [{"x": 15, "y": 15}, {"x": 1228.81915398099909, "y": 1577.2563763015650693}, {"x": 1228.81915398099909, "y": 1537.2563763015650693}, {"x": 50, "y": 40}], "target": {"resourceId": "sid-81C30EA4-A25D-475C-B5B3-A5C14E6DB505"}}, {"resourceId": "sid-655F5842-9D34-4400-8C50-E8FB537F2974", "properties": {"name": "", "documentation": "", "auditing": "", "monitoring": "", "conditiontype": "None", "conditionexpression": "", "isimmediate": "", "showdiamondmarker": "", "bordercolor": "#000000", "probability": ""}, "stencil": {"id": "SequenceFlow"}, "childShapes": [], "outgoing": [{"resourceId": "sid-BA00B6A1-344A-4039-A88D-04505DF4742A"}], "bounds": {"lowerRight": {"x": 883.02294954713374864, "y": 1417.3156977813666799}, "upperLeft": {"x": 658.23414924181224706, "y": 1417.3156977813666799}}, "dockers": [{"x": 88.616267053975789736, "y": 60.677459158685223883}, {"x": 20.541743910038679388, "y": 20.677459158685195462}], "target": {"resourceId": "sid-BA00B6A1-344A-4039-A88D-04505DF4742A"}}, {"resourceId": "sid-BB3D1878-89A8-4A40-844B-A5A09420AC25", "properties": {"name": "", "documentation": "", "auditing": "", "monitoring": "", "conditiontype": "None", "conditionexpression": "", "isimmediate": "", "showdiamondmarker": "", "bordercolor": "#000000", "probability": ""}, "stencil": {"id": "SequenceFlow"}, "childShapes": [], "outgoing": [{"resourceId": "sid-9579C25B-37F9-4F14-BEEA-B29DCE16345E"}], "bounds": {"lowerRight": {"x": 2146.1935914544092157, "y": 1119.2959365301348953}, "upperLeft": {"x": 2101.7155814670763903, "y": 1119.0899845893877682}}, "dockers": [{"x": 50, "y": 40}, {"x": 15.050462553516277708, "y": 15.257072216166058354}], "target": {"resourceId": "sid-9579C25B-37F9-4F14-BEEA-B29DCE16345E"}}, {"resourceId": "sid-8A34AF72-AA2C-4666-8771-D821FAD31E0E", "properties": {"name": "", "documentation": "", "auditing": "", "monitoring": "", "bordercolor": "#000000"}, "stencil": {"id": "MessageFlow"}, "childShapes": [], "outgoing": [{"resourceId": "sid-77F9F94D-09ED-4CE2-9053-C79F88973FEE"}], "bounds": {"lowerRight": {"x": 1434, "y": 1103.689969700783422}, "upperLeft": {"x": 1434, "y": 910.34929273150692097}}, "dockers": [{"x": 1216.581146744785201, "y": 44.494590217014319933}, {"x": 8.3554403658279170486, "y": 0}], "target": {"resourceId": "sid-77F9F94D-09ED-4CE2-9053-C79F88973FEE"}}, {"resourceId": "sid-DD7413B6-3379-4E5C-A962-C5992EFBF344", "properties": {"name": "", "documentation": "", "auditing": "", "monitoring": "", "conditiontype": "None", "conditionexpression": "", "isimmediate": "", "showdiamondmarker": "", "bordercolor": "#000000", "probability": ""}, "stencil": {"id": "SequenceFlow"}, "childShapes": [], "outgoing": [{"resourceId": "sid-80ABCC1F-F3D5-4744-B745-15FD3EA4CD46"}], "bounds": {"lowerRight": {"x": 2221.01385070745755, "y": 1119.7254659637644636}, "upperLeft": {"x": 2177.2484946774929995, "y": 1119.2717224606722084}}, "dockers": [{"x": 15, "y": 15}, {"x": 14.07584875377576239, "y": 14.389662885020440442}], "target": {"resourceId": "sid-80ABCC1F-F3D5-4744-B745-15FD3EA4CD46"}}, {"resourceId": "sid-C7795207-6F65-4836-8C4B-2EA22FB4B5D2", "properties": {"name": "", "documentation": "", "auditing": "", "monitoring": "", "bordercolor": "#000000"}, "stencil": {"id": "MessageFlow"}, "childShapes": [], "outgoing": [{"resourceId": "sid-F228F0B1-83EA-42DA-A9FC-4988473C8C83"}], "bounds": {"lowerRight": {"x": 2161.7658748251742509, "y": 1103.4326323138661792}, "upperLeft": {"x": 2161.7658748251742509, "y": 910.34929273150692097}}, "dockers": [{"x": 15, "y": 15}, {"x": 1944.3470215699594519, "y": 88.989180434028639866}], "target": {"resourceId": "sid-F228F0B1-83EA-42DA-A9FC-4988473C8C83"}}], "bounds": {"lowerRight": {"x": 2385, "y": 2074.4139874657385008}, "upperLeft": {"x": 0, "y": 0}}, "stencilset": {"url": "/stencilsets/bpmn2.0/bpmn2.0.json?version=6.0.0", "namespace": "http://b3mn.org/stencilset/bpmn2.0#"}, "ssextensions": [], "offset": {"x": 0.00088450521491267863894, "y": 0.00073729747828110703267}}