{"bounds": {"lowerRight": {"y": 1050, "x": 3877}, "upperLeft": {"y": 0, "x": 0}}, "resourceId": "canvas", "childShapes": [{"dockers": [], "bounds": {"lowerRight": {"y": 792, "x": 3824}, "upperLeft": {"y": 210, "x": 75}}, "resourceId": "sid-4A926F10-CE1C-4376-B004-7E14C42505BB", "layers": [], "labels": [], "childShapes": [{"dockers": [], "bounds": {"lowerRight": {"y": 582, "x": 3749}, "upperLeft": {"y": 0, "x": 30}}, "resourceId": "sid-71E9806C-218D-47C1-8381-41E0E09D16B5", "layers": [], "labels": [], "childShapes": [{"dockers": [], "bounds": {"lowerRight": {"y": 204.5, "x": 75}, "upperLeft": {"y": 174.5, "x": 45}}, "resourceId": "sid-52631E8D-83E9-4593-A56D-5D68D72FE97F", "layers": [], "labels": [], "childShapes": [], "properties": {"trigger": "Message", "monitoring": "", "operationname": "", "outputset": "", "applyincalc": "true", "frequency": "", "isinterrupting": "true", "bgcolor": "#ffffff", "bordercolor": "#000000", "dataoutputassociations": "", "name": "", "messagename": "", "dataoutput": "", "documentation": "", "auditing": "", "processid": ""}, "stencil": {"id": "StartMessageEvent"}, "outgoing": [{"resourceId": "sid-ED52A8C9-7621-4AC8-836E-22F521226B7F"}], "glossaryLinks": {}, "formats": {}}, {"dockers": [], "bounds": {"lowerRight": {"y": 236, "x": 275}, "upperLeft": {"y": 143.5, "x": 135}}, "resourceId": "sid-F662B180-F841-4E51-B9FB-62E927737751", "layers": [], "labels": [], "childShapes": [], "properties": {"resources": "", "outmsgstructure": "", "applyincalc": "true", "loopcardinality": "", "outmessagename": "", "inmessagename": "", "bgcolor": "#ffffcc", "bordercolor": "#000000", "time": "", "loopdataoutput": "", "testbefore": "false", "callacitivity": "false", "outmsgiscollection": "false", "monitoring": "", "operationname": "", "dataoutputset": "", "completionquantity": "1", "properties": "", "script": "", "assignments": "", "nonebehavioreventref": "signal", "scriptformat": "", "datainputset": "", "processid": "", "startquantity": "1", "tasktype": "None", "looptype": "None", "instantiate": "false", "behavior": "all", "inmsgimport": "", "costs": "", "inputdataitem": "", "loopdatainput": "", "name": "A", "outmsgitemkind": "Information", "costcenter": "", "completioncondition": "", "isforcompensation": "false", "inmsgiscollection": "false", "inmsgitemkind": "Information", "inmsgstructure": "", "outputdataitem": "", "messageref": "", "loopcondition": "", "onebehavioreventref:": "signal", "implementation": "webService", "operationref": "", "outmsgimport": "", "documentation": "", "categories": "", "auditing": "", "complexbehaviordefinition": ""}, "stencil": {"id": "Task"}, "outgoing": [{"resourceId": "sid-13F2F596-EF56-4071-9BB7-2C76356BB15C"}], "glossaryLinks": {}, "formats": {}}, {"dockers": [], "bounds": {"lowerRight": {"y": 209, "x": 360}, "upperLeft": {"y": 169, "x": 320}}, "resourceId": "sid-3CD11762-902B-43AE-8641-207B8DAC5B24", "layers": [], "labels": [], "childShapes": [], "properties": {"xortype": "Data", "monitoring": "", "defaultgate": "", "gatewaytype": "XOR", "gates": "", "assignments": "", "bgcolor": "#ffffff", "bordercolor": "#000000", "pool": "", "gate_assignments": "", "markervisible": "true", "name": "B", "documentation": "", "gates_assignments": "", "categories": "", "auditing": "", "gate_outgoingsequenceflow": "", "lanes": "", "gates_outgoingsequenceflow": "", "processid": ""}, "stencil": {"id": "Exclusive_Databased_Gateway"}, "outgoing": [{"resourceId": "sid-930BE98A-1A5F-42B8-A477-E56DD05AC638"}, {"resourceId": "sid-63747E68-213A-4291-B5B2-1B728C2EFE06"}], "glossaryLinks": {}, "formats": {}}, {"dockers": [], "bounds": {"lowerRight": {"y": 229, "x": 520}, "upperLeft": {"y": 149, "x": 420}}, "resourceId": "sid-116D267C-B242-4AF5-9936-1876B92CADBB", "layers": [], "labels": [], "childShapes": [], "properties": {"resources": "", "outmsgstructure": "", "applyincalc": "true", "loopcardinality": "", "outmessagename": "", "inmessagename": "", "bgcolor": "#ffffcc", "bordercolor": "#000000", "time": "", "loopdataoutput": "", "testbefore": "false", "callacitivity": "false", "outmsgiscollection": "false", "monitoring": "", "operationname": "", "dataoutputset": "", "completionquantity": "1", "properties": "", "script": "", "assignments": "", "nonebehavioreventref": "signal", "scriptformat": "", "datainputset": "", "processid": "", "startquantity": "1", "tasktype": "None", "looptype": "None", "instantiate": "false", "behavior": "all", "inmsgimport": "", "costs": "", "inputdataitem": "", "loopdatainput": "", "name": "C", "outmsgitemkind": "Information", "costcenter": "", "completioncondition": "", "isforcompensation": "false", "inmsgiscollection": "false", "inmsgitemkind": "Information", "inmsgstructure": "", "outputdataitem": "", "messageref": "", "loopcondition": "", "onebehavioreventref:": "signal", "implementation": "webService", "operationref": "", "outmsgimport": "", "documentation": "", "categories": "", "auditing": "", "complexbehaviordefinition": ""}, "stencil": {"id": "Task"}, "outgoing": [{"resourceId": "sid-D948A7F2-7A7B-4F3C-B31B-7A4C43A89EDC"}], "glossaryLinks": {}, "formats": {}}, {"dockers": [], "bounds": {"lowerRight": {"y": 209, "x": 605}, "upperLeft": {"y": 169, "x": 565}}, "resourceId": "sid-9274BA3B-9B16-481F-848B-2B9F03C9AD98", "layers": [], "labels": [{"ref": "text_name", "align": "center", "valign": "bottom", "y": -8, "top": true, "x": 21}], "childShapes": [], "properties": {"xortype": "Data", "monitoring": "", "defaultgate": "", "gatewaytype": "XOR", "gates": "", "assignments": "", "bgcolor": "#ffffff", "bordercolor": "#000000", "pool": "", "gate_assignments": "", "markervisible": "true", "name": "D", "documentation": "", "gates_assignments": "", "categories": "", "auditing": "", "gate_outgoingsequenceflow": "", "lanes": "", "gates_outgoingsequenceflow": "", "processid": ""}, "stencil": {"id": "Exclusive_Databased_Gateway"}, "outgoing": [{"resourceId": "sid-654DD026-1A99-46C7-B87D-322073F8ECBA"}], "glossaryLinks": {}, "formats": {}}, {"dockers": [], "bounds": {"lowerRight": {"y": 209.5, "x": 734}, "upperLeft": {"y": 169.5, "x": 694}}, "resourceId": "sid-2363C598-728A-409D-BA2E-AF67ACD8D20B", "layers": [], "labels": [{"ref": "text_name", "align": "center", "bottom": true, "y": 45, "x": 21}], "childShapes": [], "properties": {"xortype": "Data", "monitoring": "", "defaultgate": "", "gatewaytype": "XOR", "gates": "", "assignments": "", "bgcolor": "#ffffff", "bordercolor": "#000000", "pool": "", "gate_assignments": "", "markervisible": "true", "name": "E", "documentation": "", "gates_assignments": "", "categories": "", "auditing": "", "gate_outgoingsequenceflow": "", "lanes": "", "gates_outgoingsequenceflow": "", "processid": ""}, "stencil": {"id": "Exclusive_Databased_Gateway"}, "outgoing": [{"resourceId": "sid-1304C4E3-1B20-47C3-BBCF-56341383549C"}, {"resourceId": "sid-CABAB8A7-DFD0-47CC-9930-820320E73674"}], "glossaryLinks": {}, "formats": {}}, {"dockers": [], "bounds": {"lowerRight": {"y": 129, "x": 764}, "upperLeft": {"y": 49, "x": 664}}, "resourceId": "sid-C327E032-1A57-4B59-BEFC-20DB7FD4BE85", "layers": [], "labels": [], "childShapes": [], "properties": {"resources": "", "outmsgstructure": "", "applyincalc": "true", "loopcardinality": "", "outmessagename": "", "inmessagename": "", "bgcolor": "#ffffcc", "bordercolor": "#000000", "time": "", "loopdataoutput": "", "testbefore": "false", "callacitivity": "false", "outmsgiscollection": "false", "monitoring": "", "operationname": "", "dataoutputset": "", "completionquantity": "1", "properties": "", "script": "", "assignments": "", "nonebehavioreventref": "signal", "scriptformat": "", "datainputset": "", "processid": "", "startquantity": "1", "tasktype": "None", "looptype": "None", "instantiate": "false", "behavior": "all", "inmsgimport": "", "costs": "", "inputdataitem": "", "loopdatainput": "", "name": "F", "outmsgitemkind": "Information", "costcenter": "", "completioncondition": "", "isforcompensation": "false", "inmsgiscollection": "false", "inmsgitemkind": "Information", "inmsgstructure": "", "outputdataitem": "", "messageref": "", "loopcondition": "", "onebehavioreventref:": "signal", "implementation": "webService", "operationref": "", "outmsgimport": "", "documentation": "", "categories": "", "auditing": "", "complexbehaviordefinition": ""}, "stencil": {"id": "Task"}, "outgoing": [{"resourceId": "sid-FA9D5BBF-034D-409D-9D3C-8D1764A1DD25"}], "glossaryLinks": {}, "formats": {}}, {"dockers": [], "bounds": {"lowerRight": {"y": 209.5, "x": 949}, "upperLeft": {"y": 169.5, "x": 909}}, "resourceId": "sid-6BA98455-9CD1-4D8C-9212-BA0C35D44DE4", "layers": [], "labels": [{"ref": "text_name", "align": "center", "valign": "bottom", "y": -8, "top": true, "x": 21}], "childShapes": [], "properties": {"xortype": "Data", "monitoring": "", "defaultgate": "", "gatewaytype": "XOR", "gates": "", "assignments": "", "bgcolor": "#ffffff", "bordercolor": "#000000", "pool": "", "gate_assignments": "", "markervisible": "true", "name": "G", "documentation": "", "gates_assignments": "", "categories": "", "auditing": "", "gate_outgoingsequenceflow": "", "lanes": "", "gates_outgoingsequenceflow": "", "processid": ""}, "stencil": {"id": "Exclusive_Databased_Gateway"}, "outgoing": [{"resourceId": "sid-6E99F989-5E2E-4E3D-AEE6-3F81635670AE"}, {"resourceId": "sid-A2167C59-3BAD-46AA-94C6-099B1C6C49D5"}], "glossaryLinks": {}, "formats": {}}, {"dockers": [], "bounds": {"lowerRight": {"y": 229, "x": 1212}, "upperLeft": {"y": 149.5, "x": 1095}}, "resourceId": "sid-AD0C1BC8-17C0-49E7-8478-16F1204548F4", "layers": [], "labels": [], "childShapes": [], "properties": {"resources": "", "outmsgstructure": "", "applyincalc": "true", "loopcardinality": "", "outmessagename": "", "inmessagename": "", "bgcolor": "#ffffcc", "bordercolor": "#000000", "time": "", "loopdataoutput": "", "testbefore": "false", "callacitivity": "false", "outmsgiscollection": "false", "monitoring": "", "operationname": "", "dataoutputset": "", "completionquantity": "1", "properties": "", "script": "", "assignments": "", "nonebehavioreventref": "signal", "scriptformat": "", "datainputset": "", "processid": "", "startquantity": "1", "tasktype": "None", "looptype": "None", "instantiate": "false", "behavior": "all", "inmsgimport": "", "costs": "", "inputdataitem": "", "loopdatainput": "", "name": "H", "outmsgitemkind": "Information", "costcenter": "", "completioncondition": "", "isforcompensation": "false", "inmsgiscollection": "false", "inmsgitemkind": "Information", "inmsgstructure": "", "outputdataitem": "", "messageref": "", "loopcondition": "", "onebehavioreventref:": "signal", "implementation": "webService", "operationref": "", "outmsgimport": "", "documentation": "", "categories": "", "auditing": "", "complexbehaviordefinition": ""}, "stencil": {"id": "Task"}, "outgoing": [{"resourceId": "sid-6B8FFE6B-CFBF-4200-BD8A-5E0AD66FB26D"}], "glossaryLinks": {}, "formats": {}}, {"dockers": [], "bounds": {"lowerRight": {"y": 103, "x": 828}, "upperLeft": {"y": 75, "x": 800}}, "resourceId": "sid-7C985603-8F9C-49F6-AAE0-168A1DDE59F2", "layers": [], "labels": [], "childShapes": [], "properties": {"inputset": "", "trigger": "None", "bordercolor": "#000000", "monitoring": "", "datainputassociations": "", "name": "", "documentation": "", "auditing": "", "datainput": "", "bgcolor": "#ffffff"}, "stencil": {"id": "EndNoneEvent"}, "outgoing": [], "glossaryLinks": {}, "formats": {}}, {"dockers": [{"y": 189, "x": 1350}], "bounds": {"lowerRight": {"y": 204, "x": 1365}, "upperLeft": {"y": 174, "x": 1335}}, "resourceId": "sid-B9C07D80-CDAF-4873-B8A9-A81AB309BE58", "layers": [], "labels": [], "childShapes": [], "properties": {"trigger": "Message", "bordercolor": "#000000", "monitoring": "", "operationname": "", "name": "I", "documentation": "", "messagename": "", "auditing": "", "boundarycancelactivity2": "true", "bgcolor": "#ffffff"}, "stencil": {"id": "IntermediateMessageEventCatching"}, "outgoing": [{"resourceId": "sid-2E1DAE39-3763-472C-A43F-5A919FA392E5"}], "glossaryLinks": {}, "formats": {}}, {"dockers": [], "bounds": {"lowerRight": {"y": 410, "x": 390}, "upperLeft": {"y": 330, "x": 290}}, "resourceId": "sid-4739EF52-419B-48D7-A954-DB7919FA139E", "layers": [], "labels": [], "childShapes": [], "properties": {"resources": "", "outmsgstructure": "", "applyincalc": "true", "loopcardinality": "", "outmessagename": "", "inmessagename": "", "bgcolor": "#ffffcc", "bordercolor": "#000000", "time": "", "loopdataoutput": "", "testbefore": "false", "callacitivity": "false", "outmsgiscollection": "false", "monitoring": "", "operationname": "", "dataoutputset": "", "completionquantity": "1", "properties": "", "script": "", "assignments": "", "nonebehavioreventref": "signal", "scriptformat": "", "datainputset": "", "processid": "", "startquantity": "1", "tasktype": "None", "looptype": "None", "instantiate": "false", "behavior": "all", "inmsgimport": "", "costs": "", "inputdataitem": "", "loopdatainput": "", "name": "J", "outmsgitemkind": "Information", "costcenter": "", "completioncondition": "", "isforcompensation": "false", "inmsgiscollection": "false", "inmsgitemkind": "Information", "inmsgstructure": "", "outputdataitem": "", "messageref": "", "loopcondition": "", "onebehavioreventref:": "signal", "implementation": "webService", "operationref": "", "outmsgimport": "", "documentation": "", "categories": "", "auditing": "", "complexbehaviordefinition": ""}, "stencil": {"id": "Task"}, "outgoing": [{"resourceId": "sid-7FB4D399-9D50-46F1-9D35-B4A1B39DCC21"}], "glossaryLinks": {}, "formats": {}}, {"dockers": [], "bounds": {"lowerRight": {"y": 410, "x": 529}, "upperLeft": {"y": 330, "x": 429}}, "resourceId": "sid-9040B0AB-7F2F-45EF-92F5-8341043306EA", "layers": [], "labels": [], "childShapes": [], "properties": {"resources": "", "outmsgstructure": "", "applyincalc": "true", "loopcardinality": "", "outmessagename": "", "inmessagename": "", "bgcolor": "#ffffcc", "bordercolor": "#000000", "time": "", "loopdataoutput": "", "testbefore": "false", "callacitivity": "false", "outmsgiscollection": "false", "monitoring": "", "operationname": "", "dataoutputset": "", "completionquantity": "1", "properties": "", "script": "", "assignments": "", "nonebehavioreventref": "signal", "scriptformat": "", "datainputset": "", "processid": "", "startquantity": "1", "tasktype": "None", "looptype": "None", "instantiate": "false", "behavior": "all", "inmsgimport": "", "costs": "", "inputdataitem": "", "loopdatainput": "", "name": "K", "outmsgitemkind": "Information", "costcenter": "", "completioncondition": "", "isforcompensation": "false", "inmsgiscollection": "false", "inmsgitemkind": "Information", "inmsgstructure": "", "outputdataitem": "", "messageref": "", "loopcondition": "", "onebehavioreventref:": "signal", "implementation": "webService", "operationref": "", "outmsgimport": "", "documentation": "", "categories": "", "auditing": "", "complexbehaviordefinition": ""}, "stencil": {"id": "Task"}, "outgoing": [{"resourceId": "sid-40823E3B-E308-47CA-80D7-76B9EAA44358"}], "glossaryLinks": {}, "formats": {}}, {"dockers": [], "bounds": {"lowerRight": {"y": 390, "x": 622}, "upperLeft": {"y": 350, "x": 582}}, "resourceId": "sid-E2426F16-29DA-4787-8BEA-1097E5FA5B72", "layers": [], "labels": [{"ref": "text_name", "align": "center", "valign": "bottom", "y": -8, "top": true, "x": 21}], "childShapes": [], "properties": {"xortype": "Data", "monitoring": "", "defaultgate": "", "gatewaytype": "XOR", "gates": "", "assignments": "", "bgcolor": "#ffffff", "bordercolor": "#000000", "pool": "", "gate_assignments": "", "markervisible": "true", "name": "L", "documentation": "", "gates_assignments": "", "categories": "", "auditing": "", "gate_outgoingsequenceflow": "", "lanes": "", "gates_outgoingsequenceflow": "", "processid": ""}, "stencil": {"id": "Exclusive_Databased_Gateway"}, "outgoing": [{"resourceId": "sid-7F093000-81C8-4C27-80F6-BF7AB8ABF822"}, {"resourceId": "sid-04239D09-05F0-4649-A229-BBC72F327D96"}], "glossaryLinks": {}, "formats": {}}, {"dockers": [], "bounds": {"lowerRight": {"y": 409.5, "x": 836}, "upperLeft": {"y": 330, "x": 719}}, "resourceId": "sid-684D77F5-1B47-4061-B4F0-3E88F8A81AC2", "layers": [], "labels": [], "childShapes": [], "properties": {"resources": "", "outmsgstructure": "", "applyincalc": "true", "loopcardinality": "", "outmessagename": "", "inmessagename": "", "bgcolor": "#ffffcc", "bordercolor": "#000000", "time": "", "loopdataoutput": "", "testbefore": "false", "callacitivity": "false", "outmsgiscollection": "false", "monitoring": "", "operationname": "", "dataoutputset": "", "completionquantity": "1", "properties": "", "script": "", "assignments": "", "nonebehavioreventref": "signal", "scriptformat": "", "datainputset": "", "processid": "", "startquantity": "1", "tasktype": "None", "looptype": "None", "instantiate": "false", "behavior": "all", "inmsgimport": "", "costs": "", "inputdataitem": "", "loopdatainput": "", "name": "M", "outmsgitemkind": "Information", "costcenter": "", "completioncondition": "", "isforcompensation": "false", "inmsgiscollection": "false", "inmsgitemkind": "Information", "inmsgstructure": "", "outputdataitem": "", "messageref": "", "loopcondition": "", "onebehavioreventref:": "signal", "implementation": "webService", "operationref": "", "outmsgimport": "", "documentation": "", "categories": "", "auditing": "", "complexbehaviordefinition": ""}, "stencil": {"id": "Task"}, "outgoing": [{"resourceId": "sid-0B59DA8E-EF4A-44BA-BAB5-E2F448A52EA1"}], "glossaryLinks": {}, "formats": {}}, {"dockers": [], "bounds": {"lowerRight": {"y": 515, "x": 740}, "upperLeft": {"y": 435, "x": 640}}, "resourceId": "sid-0BB6BD35-555F-4A44-9282-8DA9E5299BC0", "layers": [], "labels": [], "childShapes": [], "properties": {"resources": "", "outmsgstructure": "", "applyincalc": "true", "loopcardinality": "", "outmessagename": "", "inmessagename": "", "bgcolor": "#ffffcc", "bordercolor": "#000000", "time": "", "loopdataoutput": "", "testbefore": "false", "callacitivity": "false", "outmsgiscollection": "false", "monitoring": "", "operationname": "", "dataoutputset": "", "completionquantity": "1", "properties": "", "script": "", "assignments": "", "nonebehavioreventref": "signal", "scriptformat": "", "datainputset": "", "processid": "", "startquantity": "1", "tasktype": "None", "looptype": "None", "instantiate": "false", "behavior": "all", "inmsgimport": "", "costs": "", "inputdataitem": "", "loopdatainput": "", "name": "N", "outmsgitemkind": "Information", "costcenter": "", "completioncondition": "", "isforcompensation": "false", "inmsgiscollection": "false", "inmsgitemkind": "Information", "inmsgstructure": "", "outputdataitem": "", "messageref": "", "loopcondition": "", "onebehavioreventref:": "signal", "implementation": "webService", "operationref": "", "outmsgimport": "", "documentation": "", "categories": "", "auditing": "", "complexbehaviordefinition": ""}, "stencil": {"id": "Task"}, "outgoing": [{"resourceId": "sid-AB12B266-5C6D-4A2C-B925-D85B817E18F1"}], "glossaryLinks": {}, "formats": {}}, {"dockers": [], "bounds": {"lowerRight": {"y": 410, "x": 979}, "upperLeft": {"y": 330, "x": 879}}, "resourceId": "sid-5FB976DA-EF54-40A3-BBF9-E0A6AC993F9D", "layers": [], "labels": [], "childShapes": [], "properties": {"resources": "", "outmsgstructure": "", "applyincalc": "true", "loopcardinality": "", "outmessagename": "", "inmessagename": "", "bgcolor": "#ffffcc", "bordercolor": "#000000", "time": "", "loopdataoutput": "", "testbefore": "false", "callacitivity": "false", "outmsgiscollection": "false", "monitoring": "", "operationname": "", "dataoutputset": "", "completionquantity": "1", "properties": "", "script": "", "assignments": "", "nonebehavioreventref": "signal", "scriptformat": "", "datainputset": "", "processid": "", "startquantity": "1", "tasktype": "None", "looptype": "None", "instantiate": "false", "behavior": "all", "inmsgimport": "", "costs": "", "inputdataitem": "", "loopdatainput": "", "name": "O", "outmsgitemkind": "Information", "costcenter": "", "completioncondition": "", "isforcompensation": "false", "inmsgiscollection": "false", "inmsgitemkind": "Information", "inmsgstructure": "", "outputdataitem": "", "messageref": "", "loopcondition": "", "onebehavioreventref:": "signal", "implementation": "webService", "operationref": "", "outmsgimport": "", "documentation": "", "categories": "", "auditing": "", "complexbehaviordefinition": ""}, "stencil": {"id": "Task"}, "outgoing": [{"resourceId": "sid-30E8B5A5-3B99-4F50-A382-DE83ECA5C4C1"}], "glossaryLinks": {}, "formats": {}}, {"dockers": [], "bounds": {"lowerRight": {"y": 410, "x": 1164}, "upperLeft": {"y": 330, "x": 1024}}, "resourceId": "sid-B3D78449-7AC9-485B-83E9-51B45C73B1A2", "layers": [], "labels": [], "childShapes": [], "properties": {"resources": "", "outmsgstructure": "", "applyincalc": "true", "loopcardinality": "", "outmessagename": "", "inmessagename": "", "bgcolor": "#ffffcc", "bordercolor": "#000000", "time": "", "loopdataoutput": "", "testbefore": "false", "callacitivity": "false", "outmsgiscollection": "false", "monitoring": "", "operationname": "", "dataoutputset": "", "completionquantity": "1", "properties": "", "script": "", "assignments": "", "nonebehavioreventref": "signal", "scriptformat": "", "datainputset": "", "processid": "", "startquantity": "1", "tasktype": "None", "looptype": "None", "instantiate": "false", "behavior": "all", "inmsgimport": "", "costs": "", "inputdataitem": "", "loopdatainput": "", "name": "P", "outmsgitemkind": "Information", "costcenter": "", "completioncondition": "", "isforcompensation": "false", "inmsgiscollection": "false", "inmsgitemkind": "Information", "inmsgstructure": "", "outputdataitem": "", "messageref": "", "loopcondition": "", "onebehavioreventref:": "signal", "implementation": "webService", "operationref": "", "outmsgimport": "", "documentation": "", "categories": "", "auditing": "", "complexbehaviordefinition": ""}, "stencil": {"id": "Task"}, "outgoing": [{"resourceId": "sid-D30B8CBB-751B-459A-A831-417FB29D4DBF"}], "glossaryLinks": {}, "formats": {}}, {"dockers": [], "bounds": {"lowerRight": {"y": 390, "x": 1285}, "upperLeft": {"y": 350, "x": 1245}}, "resourceId": "sid-2EF85BAC-66EA-48B2-9892-BF09300EBBC9", "layers": [], "labels": [], "childShapes": [], "properties": {"xortype": "Data", "monitoring": "", "defaultgate": "", "gatewaytype": "XOR", "gates": "", "assignments": "", "bgcolor": "#ffffff", "bordercolor": "#000000", "pool": "", "gate_assignments": "", "markervisible": "true", "name": "Q", "documentation": "", "gates_assignments": "", "categories": "", "auditing": "", "gate_outgoingsequenceflow": "", "lanes": "", "gates_outgoingsequenceflow": "", "processid": ""}, "stencil": {"id": "Exclusive_Databased_Gateway"}, "outgoing": [{"resourceId": "sid-95FC096A-9A0F-41C5-B41A-0C00D86CB62E"}, {"resourceId": "sid-A6113846-5785-436A-ACBB-50688B06A0AB"}], "glossaryLinks": {}, "formats": {}}, {"dockers": [], "bounds": {"lowerRight": {"y": 514.5, "x": 1323}, "upperLeft": {"y": 435, "x": 1206}}, "resourceId": "sid-274A1AD5-5FDF-4E80-A538-8B91DF25C54B", "layers": [], "labels": [], "childShapes": [], "properties": {"resources": "", "outmsgstructure": "", "applyincalc": "true", "loopcardinality": "", "outmessagename": "", "inmessagename": "", "bgcolor": "#ffffcc", "bordercolor": "#000000", "time": "", "loopdataoutput": "", "testbefore": "false", "callacitivity": "false", "outmsgiscollection": "false", "monitoring": "", "operationname": "", "dataoutputset": "", "completionquantity": "1", "properties": "", "script": "", "assignments": "", "nonebehavioreventref": "signal", "scriptformat": "", "datainputset": "", "processid": "", "startquantity": "1", "tasktype": "None", "looptype": "None", "instantiate": "false", "behavior": "all", "inmsgimport": "", "costs": "", "inputdataitem": "", "loopdatainput": "", "name": "R", "outmsgitemkind": "Information", "costcenter": "", "completioncondition": "", "isforcompensation": "false", "inmsgiscollection": "false", "inmsgitemkind": "Information", "inmsgstructure": "", "outputdataitem": "", "messageref": "", "loopcondition": "", "onebehavioreventref:": "signal", "implementation": "webService", "operationref": "", "outmsgimport": "", "documentation": "", "categories": "", "auditing": "", "complexbehaviordefinition": ""}, "stencil": {"id": "Task"}, "outgoing": [{"resourceId": "sid-1D67E7C7-0256-4D0A-9E60-60C59F869692"}], "glossaryLinks": {}, "formats": {}}, {"dockers": [], "bounds": {"lowerRight": {"y": 329.3000024232864007, "x": 1480}, "upperLeft": {"y": 249.3000024232864007, "x": 1380}}, "resourceId": "sid-00A0474E-EC1F-44AD-B88A-FB0C3F07D13A", "layers": [], "labels": [], "childShapes": [], "properties": {"resources": "", "outmsgstructure": "", "applyincalc": "true", "loopcardinality": "", "outmessagename": "", "inmessagename": "", "bgcolor": "#ffffcc", "bordercolor": "#000000", "time": "", "loopdataoutput": "", "testbefore": "false", "callacitivity": "false", "outmsgiscollection": "false", "monitoring": "", "operationname": "", "dataoutputset": "", "completionquantity": "1", "properties": "", "script": "", "assignments": "", "nonebehavioreventref": "signal", "scriptformat": "", "datainputset": "", "processid": "", "startquantity": "1", "tasktype": "None", "looptype": "None", "instantiate": "false", "behavior": "all", "inmsgimport": "", "costs": "", "inputdataitem": "", "loopdatainput": "", "name": "S", "outmsgitemkind": "Information", "costcenter": "", "completioncondition": "", "isforcompensation": "false", "inmsgiscollection": "false", "inmsgitemkind": "Information", "inmsgstructure": "", "outputdataitem": "", "messageref": "", "loopcondition": "", "onebehavioreventref:": "signal", "implementation": "webService", "operationref": "", "outmsgimport": "", "documentation": "", "categories": "", "auditing": "", "complexbehaviordefinition": ""}, "stencil": {"id": "Task"}, "outgoing": [{"resourceId": "sid-EC9A7252-908F-4D3B-BA90-E14A16193C30"}], "glossaryLinks": {}, "formats": {}}, {"dockers": [], "bounds": {"lowerRight": {"y": 327.3000024232864007, "x": 1733.7499984854462127}, "upperLeft": {"y": 247.3000024232864007, "x": 1633.7499984854462127}}, "resourceId": "sid-D27BD0C5-856D-4BE9-B396-6B373447259A", "layers": [], "labels": [], "childShapes": [], "properties": {"resources": "", "outmsgstructure": "", "applyincalc": "true", "loopcardinality": "", "outmessagename": "", "inmessagename": "", "bgcolor": "#ffffcc", "bordercolor": "#000000", "time": "", "loopdataoutput": "", "testbefore": "false", "callacitivity": "false", "outmsgiscollection": "false", "monitoring": "", "operationname": "", "dataoutputset": "", "completionquantity": "1", "properties": "", "script": "", "assignments": "", "nonebehavioreventref": "signal", "scriptformat": "", "datainputset": "", "processid": "", "startquantity": "1", "tasktype": "None", "looptype": "None", "instantiate": "false", "behavior": "all", "inmsgimport": "", "costs": "", "inputdataitem": "", "loopdatainput": "", "name": "T", "outmsgitemkind": "Information", "costcenter": "", "completioncondition": "", "isforcompensation": "false", "inmsgiscollection": "false", "inmsgitemkind": "Information", "inmsgstructure": "", "outputdataitem": "", "messageref": "", "loopcondition": "", "onebehavioreventref:": "signal", "implementation": "webService", "operationref": "", "outmsgimport": "", "documentation": "", "categories": "", "auditing": "", "complexbehaviordefinition": ""}, "stencil": {"id": "Task"}, "outgoing": [{"resourceId": "sid-7AEE5F65-EE91-4EC0-B512-A7FA6692454A"}], "glossaryLinks": {}, "formats": {}}, {"dockers": [], "bounds": {"lowerRight": {"y": 327.3000024232864007, "x": 1878.7499984854462127}, "upperLeft": {"y": 247.3000024232864007, "x": 1778.7499984854462127}}, "resourceId": "sid-564DCE00-3BF6-4A52-8EBE-F41241361466", "layers": [], "labels": [], "childShapes": [], "properties": {"resources": "", "outmsgstructure": "", "applyincalc": "true", "loopcardinality": "", "outmessagename": "", "inmessagename": "", "bgcolor": "#ffffcc", "bordercolor": "#000000", "time": "", "loopdataoutput": "", "testbefore": "false", "callacitivity": "false", "outmsgiscollection": "false", "monitoring": "", "operationname": "", "dataoutputset": "", "completionquantity": "1", "properties": "", "script": "", "assignments": "", "nonebehavioreventref": "signal", "scriptformat": "", "datainputset": "", "processid": "", "startquantity": "1", "tasktype": "None", "looptype": "None", "instantiate": "false", "behavior": "all", "inmsgimport": "", "costs": "", "inputdataitem": "", "loopdatainput": "", "name": "U", "outmsgitemkind": "Information", "costcenter": "", "completioncondition": "", "isforcompensation": "false", "inmsgiscollection": "false", "inmsgitemkind": "Information", "inmsgstructure": "", "outputdataitem": "", "messageref": "", "loopcondition": "", "onebehavioreventref:": "signal", "implementation": "webService", "operationref": "", "outmsgimport": "", "documentation": "", "categories": "", "auditing": "", "complexbehaviordefinition": ""}, "stencil": {"id": "Task"}, "outgoing": [{"resourceId": "sid-1F8E9243-FC41-4703-8957-40527D04F6E2"}], "glossaryLinks": {}, "formats": {}}, {"dockers": [], "bounds": {"lowerRight": {"y": 327.3000024232864007, "x": 2023.7499984854462127}, "upperLeft": {"y": 247.3000024232864007, "x": 1923.7499984854462127}}, "resourceId": "sid-663410F7-1D5B-41CA-8B8C-C4A7E155BBDD", "layers": [], "labels": [], "childShapes": [], "properties": {"resources": "", "outmsgstructure": "", "applyincalc": "true", "loopcardinality": "", "outmessagename": "", "inmessagename": "", "bgcolor": "#ffffcc", "bordercolor": "#000000", "time": "", "loopdataoutput": "", "testbefore": "false", "callacitivity": "false", "outmsgiscollection": "false", "monitoring": "", "operationname": "", "dataoutputset": "", "completionquantity": "1", "properties": "", "script": "", "assignments": "", "nonebehavioreventref": "signal", "scriptformat": "", "datainputset": "", "processid": "", "startquantity": "1", "tasktype": "None", "looptype": "None", "instantiate": "false", "behavior": "all", "inmsgimport": "", "costs": "", "inputdataitem": "", "loopdatainput": "", "name": "V", "outmsgitemkind": "Information", "costcenter": "", "completioncondition": "", "isforcompensation": "false", "inmsgiscollection": "false", "inmsgitemkind": "Information", "inmsgstructure": "", "outputdataitem": "", "messageref": "", "loopcondition": "", "onebehavioreventref:": "signal", "implementation": "webService", "operationref": "", "outmsgimport": "", "documentation": "", "categories": "", "auditing": "", "complexbehaviordefinition": ""}, "stencil": {"id": "Task"}, "outgoing": [{"resourceId": "sid-55FF69C0-3795-4C5D-B2A4-3D0FC7A20F7A"}], "glossaryLinks": {}, "formats": {}}, {"dockers": [], "bounds": {"lowerRight": {"y": 327.3000024232864007, "x": 2168.7499984854462127}, "upperLeft": {"y": 247.3000024232864007, "x": 2068.7499984854462127}}, "resourceId": "sid-683EAE2A-C754-441E-8662-508E62A11CC3", "layers": [], "labels": [], "childShapes": [], "properties": {"resources": "", "outmsgstructure": "", "applyincalc": "true", "loopcardinality": "", "outmessagename": "", "inmessagename": "", "bgcolor": "#ffffcc", "bordercolor": "#000000", "time": "", "loopdataoutput": "", "testbefore": "false", "callacitivity": "false", "outmsgiscollection": "false", "monitoring": "", "operationname": "", "dataoutputset": "", "completionquantity": "1", "properties": "", "script": "", "assignments": "", "nonebehavioreventref": "signal", "scriptformat": "", "datainputset": "", "processid": "", "startquantity": "1", "tasktype": "None", "looptype": "None", "instantiate": "false", "behavior": "all", "inmsgimport": "", "costs": "", "inputdataitem": "", "loopdatainput": "", "name": "W", "outmsgitemkind": "Information", "costcenter": "", "completioncondition": "", "isforcompensation": "false", "inmsgiscollection": "false", "inmsgitemkind": "Information", "inmsgstructure": "", "outputdataitem": "", "messageref": "", "loopcondition": "", "onebehavioreventref:": "signal", "implementation": "webService", "operationref": "", "outmsgimport": "", "documentation": "", "categories": "", "auditing": "", "complexbehaviordefinition": ""}, "stencil": {"id": "Task"}, "outgoing": [{"resourceId": "sid-3DAD7B65-D056-428F-85BB-EF1CFECC76F4"}], "glossaryLinks": {}, "formats": {}}, {"dockers": [], "bounds": {"lowerRight": {"y": 215.39699999999999136, "x": 2144.5989984854463728}, "upperLeft": {"y": 163.5, "x": 2092.7499984854462127}}, "resourceId": "sid-52262881-C300-4BF6-8612-5DEC8095017E", "layers": [], "labels": [], "childShapes": [], "properties": {"bordercolor": "#000000", "monitoring": "", "pool": "", "name": "X", "documentation": "", "categories": "", "auditing": "", "lanes": "", "bgcolor": "#ffffff"}, "stencil": {"id": "processparticipant"}, "outgoing": [], "glossaryLinks": {}, "formats": {}}, {"dockers": [], "bounds": {"lowerRight": {"y": 327.3000024232864007, "x": 2313.7499984854462127}, "upperLeft": {"y": 247.3000024232864007, "x": 2213.7499984854462127}}, "resourceId": "sid-1B8B7316-35AC-4779-9729-8F71E88D102C", "layers": [], "labels": [], "childShapes": [], "properties": {"resources": "", "outmsgstructure": "", "applyincalc": "true", "loopcardinality": "", "outmessagename": "", "inmessagename": "", "bgcolor": "#ffffcc", "bordercolor": "#000000", "time": "", "loopdataoutput": "", "testbefore": "false", "callacitivity": "false", "outmsgiscollection": "false", "monitoring": "", "operationname": "", "dataoutputset": "", "completionquantity": "1", "properties": "", "script": "", "assignments": "", "nonebehavioreventref": "signal", "scriptformat": "", "datainputset": "", "processid": "", "startquantity": "1", "tasktype": "None", "looptype": "None", "instantiate": "false", "behavior": "all", "inmsgimport": "", "costs": "", "inputdataitem": "", "loopdatainput": "", "name": "Y", "outmsgitemkind": "Information", "costcenter": "", "completioncondition": "", "isforcompensation": "false", "inmsgiscollection": "false", "inmsgitemkind": "Information", "inmsgstructure": "", "outputdataitem": "", "messageref": "", "loopcondition": "", "onebehavioreventref:": "signal", "implementation": "webService", "operationref": "", "outmsgimport": "", "documentation": "", "categories": "", "auditing": "", "complexbehaviordefinition": ""}, "stencil": {"id": "Task"}, "outgoing": [{"resourceId": "sid-ACB5E8F8-6955-4945-AF97-957B33F81314"}], "glossaryLinks": {}, "formats": {}}, {"dockers": [], "bounds": {"lowerRight": {"y": 307.3000024232864007, "x": 2398.7499984854462127}, "upperLeft": {"y": 267.3000024232864007, "x": 2358.7499984854462127}}, "resourceId": "sid-EDDB6855-75D2-47BD-A1DD-7487696B8CEB", "layers": [], "labels": [{"ref": "text_name", "valign": "middle", "y": 20, "x": 45}], "childShapes": [], "properties": {"xortype": "Data", "monitoring": "", "defaultgate": "", "gatewaytype": "XOR", "gates": "", "assignments": "", "bgcolor": "#ffffff", "bordercolor": "#000000", "pool": "", "gate_assignments": "", "markervisible": "true", "name": "Z", "documentation": "", "gates_assignments": "", "categories": "", "auditing": "", "gate_outgoingsequenceflow": "", "lanes": "", "gates_outgoingsequenceflow": "", "processid": ""}, "stencil": {"id": "Exclusive_Databased_Gateway"}, "outgoing": [{"resourceId": "sid-87F7F01A-94DC-4EB4-8F88-70586340468A"}, {"resourceId": "sid-8073BFD1-0F35-43D4-A7BA-595026BE0547"}], "glossaryLinks": {}, "formats": {}}, {"dockers": [], "bounds": {"lowerRight": {"y": 228.75, "x": 2794.1749741319590612}, "upperLeft": {"y": 148.75, "x": 2655.1749741319590612}}, "resourceId": "sid-F226E78D-4808-48F2-8EC5-1B16490EFBD5", "layers": [], "labels": [], "childShapes": [], "properties": {"resources": "", "outmsgstructure": "", "applyincalc": "true", "loopcardinality": "", "outmessagename": "", "inmessagename": "", "bgcolor": "#ffffcc", "bordercolor": "#000000", "time": "", "loopdataoutput": "", "testbefore": "false", "callacitivity": "false", "outmsgiscollection": "false", "monitoring": "", "operationname": "", "dataoutputset": "", "completionquantity": "1", "properties": "", "script": "", "assignments": "", "nonebehavioreventref": "signal", "scriptformat": "", "datainputset": "", "processid": "", "startquantity": "1", "tasktype": "None", "looptype": "None", "instantiate": "false", "behavior": "all", "inmsgimport": "", "costs": "", "inputdataitem": "", "loopdatainput": "", "name": "AA", "outmsgitemkind": "Information", "costcenter": "", "completioncondition": "", "isforcompensation": "false", "inmsgiscollection": "false", "inmsgitemkind": "Information", "inmsgstructure": "", "outputdataitem": "", "messageref": "", "loopcondition": "", "onebehavioreventref:": "signal", "implementation": "webService", "operationref": "", "outmsgimport": "", "documentation": "", "categories": "", "auditing": "", "complexbehaviordefinition": ""}, "stencil": {"id": "Task"}, "outgoing": [{"resourceId": "sid-9900B2BD-748B-41F4-8BC2-FBAC544BBD3F"}], "glossaryLinks": {}, "formats": {}}, {"dockers": [], "bounds": {"lowerRight": {"y": 466.85498953908381736, "x": 2660.1749741319590612}, "upperLeft": {"y": 386.85498953908381736, "x": 2543.1749741319590612}}, "resourceId": "sid-2E3ED2F7-1409-40C6-B6BF-3A3636E42E4C", "layers": [], "labels": [], "childShapes": [], "properties": {"resources": "", "outmsgstructure": "", "applyincalc": "true", "loopcardinality": "", "outmessagename": "", "inmessagename": "", "bgcolor": "#ffffcc", "bordercolor": "#000000", "time": "", "loopdataoutput": "", "testbefore": "false", "callacitivity": "false", "outmsgiscollection": "false", "monitoring": "", "operationname": "", "dataoutputset": "", "completionquantity": "1", "properties": "", "script": "", "assignments": "", "nonebehavioreventref": "signal", "scriptformat": "", "datainputset": "", "processid": "", "startquantity": "1", "tasktype": "None", "looptype": "None", "instantiate": "false", "behavior": "all", "inmsgimport": "", "costs": "", "inputdataitem": "", "loopdatainput": "", "name": "AB", "outmsgitemkind": "Information", "costcenter": "", "completioncondition": "", "isforcompensation": "false", "inmsgiscollection": "false", "inmsgitemkind": "Information", "inmsgstructure": "", "outputdataitem": "", "messageref": "", "loopcondition": "", "onebehavioreventref:": "signal", "implementation": "webService", "operationref": "", "outmsgimport": "", "documentation": "", "categories": "", "auditing": "", "complexbehaviordefinition": ""}, "stencil": {"id": "Task"}, "outgoing": [{"resourceId": "sid-6686AA22-C8D9-42BC-96AD-0841959AEB0A"}], "glossaryLinks": {}, "formats": {}}, {"dockers": [], "bounds": {"lowerRight": {"y": 534.8970000000000482, "x": 2636.0239741319592213}, "upperLeft": {"y": 483, "x": 2584.1749741319590612}}, "resourceId": "sid-3096E4B9-5858-4407-9203-D69BEE142C0B", "layers": [], "labels": [], "childShapes": [], "properties": {"bordercolor": "#000000", "monitoring": "", "pool": "", "name": "AC", "documentation": "", "categories": "", "auditing": "", "lanes": "", "bgcolor": "#ffffff"}, "stencil": {"id": "processparticipant"}, "outgoing": [], "glossaryLinks": {}, "formats": {}}, {"dockers": [{"y": 289.45000363492960105, "x": 1560}], "bounds": {"lowerRight": {"y": 304.45000363492960105, "x": 1575}, "upperLeft": {"y": 274.45000363492960105, "x": 1545}}, "resourceId": "sid-01ED4858-EED7-454C-BB23-CC07E5404813", "layers": [], "labels": [], "childShapes": [], "properties": {"trigger": "Message", "monitoring": "", "operationname": "", "applyincalc": "true", "costs": "", "bgcolor": "#ffffff", "inputset": "", "bordercolor": "#000000", "time": "", "datainputassociations": "", "name": "AD", "documentation": "", "costcenter": "", "messagename": "", "datainput": "", "auditing": ""}, "stencil": {"id": "IntermediateMessageEventThrowing"}, "outgoing": [{"resourceId": "sid-679666BD-B645-4D31-B05E-EC745A518212"}], "glossaryLinks": {}, "formats": {}}, {"dockers": [{"y": 426.85498953908381736, "x": 2461.3499927301409116}], "bounds": {"lowerRight": {"y": 441.85498953908381736, "x": 2476.3499927301409116}, "upperLeft": {"y": 411.85498953908381736, "x": 2446.3499927301409116}}, "resourceId": "sid-0428DF3F-208C-44BA-83FD-6511D5A3D05F", "layers": [], "labels": [], "childShapes": [], "properties": {"trigger": "Message", "monitoring": "", "operationname": "", "applyincalc": "true", "costs": "", "bgcolor": "#ffffff", "inputset": "", "bordercolor": "#000000", "time": "", "datainputassociations": "", "name": "AE", "documentation": "", "costcenter": "", "messagename": "", "datainput": "", "auditing": ""}, "stencil": {"id": "IntermediateMessageEventThrowing"}, "outgoing": [{"resourceId": "sid-71F0A511-85F5-4A8F-9040-F01307F864CB"}], "glossaryLinks": {}, "formats": {}}, {"dockers": [], "bounds": {"lowerRight": {"y": 446.85498953908381736, "x": 2745.1749741319590612}, "upperLeft": {"y": 406.85498953908381736, "x": 2705.1749741319590612}}, "resourceId": "sid-0559BB34-5E87-4B3F-9D44-C590DE899D2D", "layers": [], "labels": [], "childShapes": [], "properties": {"xortype": "Data", "monitoring": "", "defaultgate": "", "gatewaytype": "XOR", "gates": "", "assignments": "", "bgcolor": "#ffffff", "bordercolor": "#000000", "pool": "", "gate_assignments": "", "markervisible": "true", "name": "", "documentation": "", "gates_assignments": "", "categories": "", "auditing": "", "gate_outgoingsequenceflow": "", "lanes": "", "gates_outgoingsequenceflow": "", "processid": ""}, "stencil": {"id": "Exclusive_Databased_Gateway"}, "outgoing": [{"resourceId": "sid-28BC6C4E-F730-4210-A6AE-3634282D2F06"}, {"resourceId": "sid-7F376E8A-AD18-4F87-A16D-FC9A23CB4300"}], "glossaryLinks": {}, "formats": {}}, {"dockers": [], "bounds": {"lowerRight": {"y": 468.85498953908381736, "x": 2981}, "upperLeft": {"y": 383.85498953908381736, "x": 2803}}, "resourceId": "sid-0ABE3B70-E31A-4C95-BFCD-F65EAA175807", "layers": [], "labels": [], "childShapes": [], "properties": {"resources": "", "outmsgstructure": "", "applyincalc": "true", "loopcardinality": "", "outmessagename": "", "inmessagename": "", "bgcolor": "#ffffcc", "bordercolor": "#000000", "time": "", "loopdataoutput": "", "testbefore": "false", "callacitivity": "false", "outmsgiscollection": "false", "monitoring": "", "operationname": "", "dataoutputset": "", "completionquantity": "1", "properties": "", "script": "", "assignments": "", "nonebehavioreventref": "signal", "scriptformat": "", "datainputset": "", "processid": "", "startquantity": "1", "tasktype": "None", "looptype": "None", "instantiate": "false", "behavior": "all", "inmsgimport": "", "costs": "", "inputdataitem": "", "loopdatainput": "", "name": "AF", "outmsgitemkind": "Information", "costcenter": "", "completioncondition": "", "isforcompensation": "false", "inmsgiscollection": "false", "inmsgitemkind": "Information", "inmsgstructure": "", "outputdataitem": "", "messageref": "", "loopcondition": "", "onebehavioreventref:": "signal", "implementation": "webService", "operationref": "", "outmsgimport": "", "documentation": "", "categories": "", "auditing": "", "complexbehaviordefinition": ""}, "stencil": {"id": "Task"}, "outgoing": [{"resourceId": "sid-43F40161-1DED-4A56-A048-35F309429310"}], "glossaryLinks": {}, "formats": {}}, {"dockers": [], "bounds": {"lowerRight": {"y": 365, "x": 2783.1749741319590612}, "upperLeft": {"y": 285, "x": 2666.1749741319590612}}, "resourceId": "sid-47623C23-781A-42B5-B11B-584210F6D886", "layers": [], "labels": [], "childShapes": [], "properties": {"resources": "", "outmsgstructure": "", "applyincalc": "true", "loopcardinality": "", "outmessagename": "", "inmessagename": "", "bgcolor": "#ffffcc", "bordercolor": "#000000", "time": "", "loopdataoutput": "", "testbefore": "false", "callacitivity": "false", "outmsgiscollection": "false", "monitoring": "", "operationname": "", "dataoutputset": "", "completionquantity": "1", "properties": "", "script": "", "assignments": "", "nonebehavioreventref": "signal", "scriptformat": "", "datainputset": "", "processid": "", "startquantity": "1", "tasktype": "None", "looptype": "None", "instantiate": "false", "behavior": "all", "inmsgimport": "", "costs": "", "inputdataitem": "", "loopdatainput": "", "name": "AG", "outmsgitemkind": "Information", "costcenter": "", "completioncondition": "", "isforcompensation": "false", "inmsgiscollection": "false", "inmsgitemkind": "Information", "inmsgstructure": "", "outputdataitem": "", "messageref": "", "loopcondition": "", "onebehavioreventref:": "signal", "implementation": "webService", "operationref": "", "outmsgimport": "", "documentation": "", "categories": "", "auditing": "", "complexbehaviordefinition": ""}, "stencil": {"id": "Task"}, "outgoing": [{"resourceId": "sid-F6F66233-7EF6-43BB-A645-28A134E7A5B3"}], "glossaryLinks": {}, "formats": {}}, {"dockers": [], "bounds": {"lowerRight": {"y": 228.25, "x": 2989.1749741319590612}, "upperLeft": {"y": 148.75, "x": 2850.1749741319590612}}, "resourceId": "sid-8BD64174-E8B7-4F6A-BAA0-314932032ABE", "layers": [], "labels": [], "childShapes": [], "properties": {"resources": "", "outmsgstructure": "", "applyincalc": "true", "loopcardinality": "", "outmessagename": "", "inmessagename": "", "bgcolor": "#ffffcc", "bordercolor": "#000000", "time": "", "loopdataoutput": "", "testbefore": "false", "callacitivity": "false", "outmsgiscollection": "false", "monitoring": "", "operationname": "", "dataoutputset": "", "completionquantity": "1", "properties": "", "script": "", "assignments": "", "nonebehavioreventref": "signal", "scriptformat": "", "datainputset": "", "processid": "", "startquantity": "1", "tasktype": "None", "looptype": "None", "instantiate": "false", "behavior": "all", "inmsgimport": "", "costs": "", "inputdataitem": "", "loopdatainput": "", "name": "AH", "outmsgitemkind": "Information", "costcenter": "", "completioncondition": "", "isforcompensation": "false", "inmsgiscollection": "false", "inmsgitemkind": "Information", "inmsgstructure": "", "outputdataitem": "", "messageref": "", "loopcondition": "", "onebehavioreventref:": "signal", "implementation": "webService", "operationref": "", "outmsgimport": "", "documentation": "", "categories": "", "auditing": "", "complexbehaviordefinition": ""}, "stencil": {"id": "Task"}, "outgoing": [{"resourceId": "sid-88306D5F-9DC2-4676-83A7-4B6C9502AAFD"}], "glossaryLinks": {}, "formats": {}}, {"dockers": [], "bounds": {"lowerRight": {"y": 228.75, "x": 3147.1749741319590612}, "upperLeft": {"y": 149.25, "x": 3030.1749741319590612}}, "resourceId": "sid-B220503D-4C98-40BA-A688-A317653256B3", "layers": [], "labels": [], "childShapes": [], "properties": {"resources": "", "outmsgstructure": "", "applyincalc": "true", "loopcardinality": "", "outmessagename": "", "inmessagename": "", "bgcolor": "#ffffcc", "bordercolor": "#000000", "time": "", "loopdataoutput": "", "testbefore": "false", "callacitivity": "false", "outmsgiscollection": "false", "monitoring": "", "operationname": "", "dataoutputset": "", "completionquantity": "1", "properties": "", "script": "", "assignments": "", "nonebehavioreventref": "signal", "scriptformat": "", "datainputset": "", "processid": "", "startquantity": "1", "tasktype": "None", "looptype": "None", "instantiate": "false", "behavior": "all", "inmsgimport": "", "costs": "", "inputdataitem": "", "loopdatainput": "", "name": "AI", "outmsgitemkind": "Information", "costcenter": "", "completioncondition": "", "isforcompensation": "false", "inmsgiscollection": "false", "inmsgitemkind": "Information", "inmsgstructure": "", "outputdataitem": "", "messageref": "", "loopcondition": "", "onebehavioreventref:": "signal", "implementation": "webService", "operationref": "", "outmsgimport": "", "documentation": "", "categories": "", "auditing": "", "complexbehaviordefinition": ""}, "stencil": {"id": "Task"}, "outgoing": [{"resourceId": "sid-6B0DDA97-07A0-4306-922C-1FD9085E7590"}], "glossaryLinks": {}, "formats": {}}, {"dockers": [], "bounds": {"lowerRight": {"y": 229, "x": 3309.1749741319590612}, "upperLeft": {"y": 149, "x": 3192.1749741319590612}}, "resourceId": "sid-CDDB4FCC-34BF-4EF8-ACEC-2043DB30BF4D", "layers": [], "labels": [], "childShapes": [], "properties": {"resources": "", "outmsgstructure": "", "applyincalc": "true", "loopcardinality": "", "outmessagename": "", "inmessagename": "", "bgcolor": "#ffffcc", "bordercolor": "#000000", "time": "", "loopdataoutput": "", "testbefore": "false", "callacitivity": "false", "outmsgiscollection": "false", "monitoring": "", "operationname": "", "dataoutputset": "", "completionquantity": "1", "properties": "", "script": "", "assignments": "", "nonebehavioreventref": "signal", "scriptformat": "", "datainputset": "", "processid": "", "startquantity": "1", "tasktype": "None", "looptype": "None", "instantiate": "false", "behavior": "all", "inmsgimport": "", "costs": "", "inputdataitem": "", "loopdatainput": "", "name": "AJ", "outmsgitemkind": "Information", "costcenter": "", "completioncondition": "", "isforcompensation": "false", "inmsgiscollection": "false", "inmsgitemkind": "Information", "inmsgstructure": "", "outputdataitem": "", "messageref": "", "loopcondition": "", "onebehavioreventref:": "signal", "implementation": "webService", "operationref": "", "outmsgimport": "", "documentation": "", "categories": "", "auditing": "", "complexbehaviordefinition": ""}, "stencil": {"id": "Task"}, "outgoing": [{"resourceId": "sid-674D9037-342C-43E6-878C-3DE1E2E9BB5C"}], "glossaryLinks": {}, "formats": {}}, {"dockers": [], "bounds": {"lowerRight": {"y": 440.35498953908381736, "x": 3054}, "upperLeft": {"y": 412.35498953908381736, "x": 3026}}, "resourceId": "sid-6A11421B-CF2E-490A-B7E2-B21459119722", "layers": [], "labels": [], "childShapes": [], "properties": {"inputset": "", "trigger": "None", "bordercolor": "#000000", "monitoring": "", "datainputassociations": "", "name": "", "documentation": "", "auditing": "", "datainput": "", "bgcolor": "#ffffff"}, "stencil": {"id": "EndNoneEvent"}, "outgoing": [], "glossaryLinks": {}, "formats": {}}, {"dockers": [], "bounds": {"lowerRight": {"y": 228, "x": 3470.1749741319590612}, "upperLeft": {"y": 148.75, "x": 3353.1749741319590612}}, "resourceId": "sid-D12014B1-8A9F-412E-BA40-822989E30566", "layers": [], "labels": [], "childShapes": [], "properties": {"resources": "", "outmsgstructure": "", "applyincalc": "true", "loopcardinality": "", "outmessagename": "", "inmessagename": "", "bgcolor": "#ffffcc", "bordercolor": "#000000", "time": "", "loopdataoutput": "", "testbefore": "false", "callacitivity": "false", "outmsgiscollection": "false", "monitoring": "", "operationname": "", "dataoutputset": "", "completionquantity": "1", "properties": "", "script": "", "assignments": "", "nonebehavioreventref": "signal", "scriptformat": "", "datainputset": "", "processid": "", "startquantity": "1", "tasktype": "None", "looptype": "None", "instantiate": "false", "behavior": "all", "inmsgimport": "", "costs": "", "inputdataitem": "", "loopdatainput": "", "name": "AK", "outmsgitemkind": "Information", "costcenter": "", "completioncondition": "", "isforcompensation": "false", "inmsgiscollection": "false", "inmsgitemkind": "Information", "inmsgstructure": "", "outputdataitem": "", "messageref": "", "loopcondition": "", "onebehavioreventref:": "signal", "implementation": "webService", "operationref": "", "outmsgimport": "", "documentation": "", "categories": "", "auditing": "", "complexbehaviordefinition": ""}, "stencil": {"id": "Task"}, "outgoing": [{"resourceId": "sid-60F6B3F8-BBBB-484B-B1D8-FDE3C0ADF275"}], "glossaryLinks": {}, "formats": {}}, {"dockers": [], "bounds": {"lowerRight": {"y": 202.75, "x": 3583}, "upperLeft": {"y": 174.75, "x": 3555}}, "resourceId": "sid-1E3BAF81-4167-4538-892C-C1ACC81BF95C", "layers": [], "labels": [{"ref": "text_name", "valign": "bottom", "y": -8, "top": true, "x": 15}], "childShapes": [], "properties": {"trigger": "Message", "bordercolor": "#000000", "monitoring": "", "operationname": "", "name": "AL", "documentation": "", "messagename": "", "auditing": "", "bgcolor": "#ffffff"}, "stencil": {"id": "EndMessageEvent"}, "outgoing": [], "glossaryLinks": {}, "formats": {}}], "properties": {"showcaption": "true", "bordercolor": "#000000", "monitoring": "", "parentlane": "", "name": "", "documentation": "", "auditing": "", "bgcolor": "", "parentpool": ""}, "stencil": {"id": "Lane"}, "outgoing": [], "glossaryLinks": {}, "formats": {}}], "properties": {"isclosed": "false", "enableinstancecompensation": "false", "boundaryvisible": "true", "monitoring": "", "processcategories": "", "minimum": "2", "status": "None", "isexecutable": "false", "processdocumentation": "", "processtype": "None", "bordercolor": "#000000", "processname": "", "multiinstance": "false", "maximum": "2", "name": "AM", "documentation": "", "suppressjoinfailure": "false", "adhoccompletioncondition": "", "auditing": "", "adhocordering": "Parallel", "adhoc": "false", "processid": ""}, "stencil": {"id": "Pool"}, "outgoing": [], "glossaryLinks": {}, "formats": {}}, {"dockers": [{"y": 15, "x": 15}, {"y": 46.25, "x": 70}], "bounds": {"lowerRight": {"y": 399.62913523963158013, "x": 239.89843898632247488}, "upperLeft": {"y": 399.52711476036841987, "x": 180.72656101367752512}}, "resourceId": "sid-ED52A8C9-7621-4AC8-836E-22F521226B7F", "layers": [], "labels": [], "target": {"resourceId": "sid-F662B180-F841-4E51-B9FB-62E927737751"}, "childShapes": [], "properties": {"ConditionType": "None", "showdiamondmarker": "false", "bordercolor": "#000000", "monitoring": "", "name": "", "documentation": "", "probability": "", "conditionexpression": "", "isimmediate": "false", "auditing": ""}, "stencil": {"id": "SequenceFlow"}, "outgoing": [{"resourceId": "sid-F662B180-F841-4E51-B9FB-62E927737751"}], "glossaryLinks": {}, "formats": {}}, {"dockers": [{"y": 46.25, "x": 70}, {"y": 20.5, "x": 20.5}], "bounds": {"lowerRight": {"y": 399.62084870848707396, "x": 424.38672045204219785}, "upperLeft": {"y": 399.53895439030986836, "x": 380}}, "resourceId": "sid-13F2F596-EF56-4071-9BB7-2C76356BB15C", "layers": [], "labels": [], "target": {"resourceId": "sid-3CD11762-902B-43AE-8641-207B8DAC5B24"}, "childShapes": [], "properties": {"ConditionType": "None", "showdiamondmarker": "false", "bordercolor": "#000000", "monitoring": "", "name": "", "documentation": "", "probability": "", "conditionexpression": "", "isimmediate": "false", "auditing": ""}, "stencil": {"id": "SequenceFlow"}, "outgoing": [{"resourceId": "sid-3CD11762-902B-43AE-8641-207B8DAC5B24"}], "glossaryLinks": {}, "formats": {}}, {"dockers": [{"y": 20.5, "x": 20.5}, {"y": 40, "x": 50}], "bounds": {"lowerRight": {"y": 379.27344975347540412, "x": 819.39739331561122526}, "upperLeft": {"y": 339, "x": 819.19801980198019464}}, "resourceId": "sid-1304C4E3-1B20-47C3-BBCF-56341383549C", "layers": [], "labels": [], "target": {"resourceId": "sid-C327E032-1A57-4B59-BEFC-20DB7FD4BE85"}, "childShapes": [], "properties": {"ConditionType": "None", "showdiamondmarker": "false", "bordercolor": "#000000", "monitoring": "", "name": "AN", "documentation": "", "probability": "", "conditionexpression": "", "isimmediate": "false", "auditing": ""}, "stencil": {"id": "SequenceFlow"}, "outgoing": [{"resourceId": "sid-C327E032-1A57-4B59-BEFC-20DB7FD4BE85"}], "glossaryLinks": {}, "formats": {}}, {"dockers": [{"y": 20.5, "x": 20.5}, {"y": 20.5, "x": 20.5}], "bounds": {"lowerRight": {"y": 400, "x": 1013.34375}, "upperLeft": {"y": 400, "x": 839}}, "resourceId": "sid-CABAB8A7-DFD0-47CC-9930-820320E73674", "layers": [], "labels": [], "target": {"resourceId": "sid-6BA98455-9CD1-4D8C-9212-BA0C35D44DE4"}, "childShapes": [], "properties": {"ConditionType": "None", "showdiamondmarker": "false", "bordercolor": "#000000", "monitoring": "", "name": "AO", "documentation": "", "probability": "", "conditionexpression": "", "isimmediate": "false", "auditing": ""}, "stencil": {"id": "SequenceFlow"}, "outgoing": [{"resourceId": "sid-6BA98455-9CD1-4D8C-9212-BA0C35D44DE4"}], "glossaryLinks": {}, "formats": {}}, {"dockers": [{"y": 40, "x": 50}, {"y": 14, "x": 14}], "bounds": {"lowerRight": {"y": 299, "x": 904.71875}, "upperLeft": {"y": 299, "x": 869}}, "resourceId": "sid-FA9D5BBF-034D-409D-9D3C-8D1764A1DD25", "layers": [], "labels": [], "target": {"resourceId": "sid-7C985603-8F9C-49F6-AAE0-168A1DDE59F2"}, "childShapes": [], "properties": {"ConditionType": "None", "showdiamondmarker": "false", "bordercolor": "#000000", "monitoring": "", "name": "", "documentation": "", "probability": "", "conditionexpression": "", "isimmediate": "false", "auditing": ""}, "stencil": {"id": "SequenceFlow"}, "outgoing": [{"resourceId": "sid-7C985603-8F9C-49F6-AAE0-168A1DDE59F2"}], "glossaryLinks": {}, "formats": {}}, {"dockers": [{"y": 39.75, "x": 58.5}, {"y": 15, "x": 15}], "bounds": {"lowerRight": {"y": 399.1755725190839712, "x": 1439.4160164343277302}, "upperLeft": {"y": 399.01982695110137911, "x": 1317}}, "resourceId": "sid-6B8FFE6B-CFBF-4200-BD8A-5E0AD66FB26D", "layers": [], "labels": [], "target": {"resourceId": "sid-B9C07D80-CDAF-4873-B8A9-A81AB309BE58"}, "childShapes": [], "properties": {"ConditionType": "None", "showdiamondmarker": "false", "bordercolor": "#000000", "monitoring": "", "name": "", "documentation": "", "probability": "", "conditionexpression": "", "isimmediate": "false", "auditing": ""}, "stencil": {"id": "SequenceFlow"}, "outgoing": [{"resourceId": "sid-B9C07D80-CDAF-4873-B8A9-A81AB309BE58"}], "glossaryLinks": {}, "formats": {}}, {"dockers": [{"y": 20.5, "x": 20.5}, {"y": 40, "x": 50}], "bounds": {"lowerRight": {"y": 539.51562883665815207, "x": 445.44449555252538175}, "upperLeft": {"y": 419.53710553834190478, "x": 445.11214507247461825}}, "resourceId": "sid-930BE98A-1A5F-42B8-A477-E56DD05AC638", "layers": [], "labels": [], "target": {"resourceId": "sid-4739EF52-419B-48D7-A954-DB7919FA139E"}, "childShapes": [], "properties": {"ConditionType": "None", "showdiamondmarker": "false", "bordercolor": "#000000", "monitoring": "", "name": "AP", "documentation": "", "probability": "", "conditionexpression": "", "isimmediate": "false", "auditing": ""}, "stencil": {"id": "SequenceFlow"}, "outgoing": [{"resourceId": "sid-4739EF52-419B-48D7-A954-DB7919FA139E"}], "glossaryLinks": {}, "formats": {}}, {"dockers": [{"y": 40, "x": 50}, {"y": 685, "x": 882.5}, {"y": 39.75, "x": 58.5}], "bounds": {"lowerRight": {"y": 685, "x": 882.5}, "upperLeft": {"y": 619.5, "x": 845}}, "resourceId": "sid-AB12B266-5C6D-4A2C-B925-D85B817E18F1", "layers": [], "labels": [], "target": {"resourceId": "sid-684D77F5-1B47-4061-B4F0-3E88F8A81AC2"}, "childShapes": [], "properties": {"ConditionType": "None", "showdiamondmarker": "false", "bordercolor": "#000000", "monitoring": "", "name": "", "documentation": "", "probability": "", "conditionexpression": "", "isimmediate": "false", "auditing": ""}, "stencil": {"id": "SequenceFlow"}, "outgoing": [{"resourceId": "sid-684D77F5-1B47-4061-B4F0-3E88F8A81AC2"}], "glossaryLinks": {}, "formats": {}}, {"dockers": [{"y": 39.75, "x": 58.5}, {"y": 40, "x": 50}], "bounds": {"lowerRight": {"y": 579.91631858723019377, "x": 983.28906386151948027}, "upperLeft": {"y": 579.84653465346536905, "x": 941}}, "resourceId": "sid-0B59DA8E-EF4A-44BA-BAB5-E2F448A52EA1", "layers": [], "labels": [], "target": {"resourceId": "sid-5FB976DA-EF54-40A3-BBF9-E0A6AC993F9D"}, "childShapes": [], "properties": {"ConditionType": "None", "showdiamondmarker": "false", "bordercolor": "#000000", "monitoring": "", "name": "", "documentation": "", "probability": "", "conditionexpression": "", "isimmediate": "false", "auditing": ""}, "stencil": {"id": "SequenceFlow"}, "outgoing": [{"resourceId": "sid-5FB976DA-EF54-40A3-BBF9-E0A6AC993F9D"}], "glossaryLinks": {}, "formats": {}}, {"dockers": [{"y": 40, "x": 50}, {"y": 40, "x": 70}], "bounds": {"lowerRight": {"y": 580, "x": 1128.390625}, "upperLeft": {"y": 580, "x": 1084}}, "resourceId": "sid-30E8B5A5-3B99-4F50-A382-DE83ECA5C4C1", "layers": [], "labels": [], "target": {"resourceId": "sid-B3D78449-7AC9-485B-83E9-51B45C73B1A2"}, "childShapes": [], "properties": {"ConditionType": "None", "showdiamondmarker": "false", "bordercolor": "#000000", "monitoring": "", "name": "", "documentation": "", "probability": "", "conditionexpression": "", "isimmediate": "false", "auditing": ""}, "stencil": {"id": "SequenceFlow"}, "outgoing": [{"resourceId": "sid-B3D78449-7AC9-485B-83E9-51B45C73B1A2"}], "glossaryLinks": {}, "formats": {}}, {"dockers": [{"y": 40, "x": 50}, {"y": 40, "x": 50}], "bounds": {"lowerRight": {"y": 580, "x": 533.046875}, "upperLeft": {"y": 580, "x": 495}}, "resourceId": "sid-7FB4D399-9D50-46F1-9D35-B4A1B39DCC21", "layers": [], "labels": [], "target": {"resourceId": "sid-9040B0AB-7F2F-45EF-92F5-8341043306EA"}, "childShapes": [], "properties": {"ConditionType": "None", "showdiamondmarker": "false", "bordercolor": "#000000", "monitoring": "", "name": "", "documentation": "", "probability": "", "conditionexpression": "", "isimmediate": "false", "auditing": ""}, "stencil": {"id": "SequenceFlow"}, "outgoing": [{"resourceId": "sid-9040B0AB-7F2F-45EF-92F5-8341043306EA"}], "glossaryLinks": {}, "formats": {}}, {"dockers": [{"y": 20.5, "x": 20.5}, {"y": 685, "x": 707.5}, {"y": 40, "x": 50}], "bounds": {"lowerRight": {"y": 685, "x": 744.78125}, "upperLeft": {"y": 600, "x": 707.5}}, "resourceId": "sid-7F093000-81C8-4C27-80F6-BF7AB8ABF822", "layers": [], "labels": [], "target": {"resourceId": "sid-0BB6BD35-555F-4A44-9282-8DA9E5299BC0"}, "childShapes": [], "properties": {"ConditionType": "None", "showdiamondmarker": "false", "bordercolor": "#000000", "monitoring": "", "name": "AQ", "documentation": "", "probability": "", "conditionexpression": "", "isimmediate": "false", "auditing": ""}, "stencil": {"id": "SequenceFlow"}, "outgoing": [{"resourceId": "sid-0BB6BD35-555F-4A44-9282-8DA9E5299BC0"}], "glossaryLinks": {}, "formats": {}}, {"dockers": [{"y": 20.5, "x": 20.5}, {"y": 39.75, "x": 58.5}], "bounds": {"lowerRight": {"y": 644.65629600318573011, "x": 1370.3107206151385071}, "upperLeft": {"y": 600.23237587181426989, "x": 1369.8845918848614929}}, "resourceId": "sid-95FC096A-9A0F-41C5-B41A-0C00D86CB62E", "layers": [], "labels": [], "target": {"resourceId": "sid-274A1AD5-5FDF-4E80-A538-8B91DF25C54B"}, "childShapes": [], "properties": {"ConditionType": "None", "showdiamondmarker": "false", "bordercolor": "#000000", "monitoring": "", "name": "AR", "documentation": "", "probability": "", "conditionexpression": "", "isimmediate": "false", "auditing": ""}, "stencil": {"id": "SequenceFlow"}, "outgoing": [{"resourceId": "sid-274A1AD5-5FDF-4E80-A538-8B91DF25C54B"}], "glossaryLinks": {}, "formats": {}}, {"dockers": [{"y": 39.75, "x": 58.5}, {"y": 684.75, "x": 1535}, {"y": 40, "x": 50}], "bounds": {"lowerRight": {"y": 684.75, "x": 1535}, "upperLeft": {"y": 539.3000024232864007, "x": 1428}}, "resourceId": "sid-1D67E7C7-0256-4D0A-9E60-60C59F869692", "layers": [], "labels": [], "target": {"resourceId": "sid-00A0474E-EC1F-44AD-B88A-FB0C3F07D13A"}, "childShapes": [], "properties": {"ConditionType": "None", "showdiamondmarker": "false", "bordercolor": "#000000", "monitoring": "", "name": "", "documentation": "", "probability": "", "conditionexpression": "", "isimmediate": "false", "auditing": ""}, "stencil": {"id": "SequenceFlow"}, "outgoing": [{"resourceId": "sid-00A0474E-EC1F-44AD-B88A-FB0C3F07D13A"}], "glossaryLinks": {}, "formats": {}}, {"dockers": [{"y": 40, "x": 99}, {"y": 20.5, "x": 20.5}], "bounds": {"lowerRight": {"y": 580.36047624175000692, "x": 686.71096002074727949}, "upperLeft": {"y": 580.00671140939596171, "x": 634}}, "resourceId": "sid-40823E3B-E308-47CA-80D7-76B9EAA44358", "layers": [], "labels": [], "target": {"resourceId": "sid-E2426F16-29DA-4787-8BEA-1097E5FA5B72"}, "childShapes": [], "properties": {"ConditionType": "None", "showdiamondmarker": "false", "bordercolor": "#000000", "monitoring": "", "name": "", "documentation": "", "probability": "", "conditionexpression": "", "isimmediate": "false", "auditing": ""}, "stencil": {"id": "SequenceFlow"}, "outgoing": [{"resourceId": "sid-E2426F16-29DA-4787-8BEA-1097E5FA5B72"}], "glossaryLinks": {}, "formats": {}}, {"dockers": [{"y": 19.75, "x": 19.640615816453077969}, {"y": 39.75, "x": 58.5}], "bounds": {"lowerRight": {"y": 579.75, "x": 823.79613956477362535}, "upperLeft": {"y": 579.75, "x": 726.87523596152857408}}, "resourceId": "sid-04239D09-05F0-4649-A229-BBC72F327D96", "layers": [], "labels": [], "target": {"resourceId": "sid-684D77F5-1B47-4061-B4F0-3E88F8A81AC2"}, "childShapes": [], "properties": {"ConditionType": "None", "showdiamondmarker": "false", "bordercolor": "#000000", "monitoring": "", "name": "AS", "documentation": "", "probability": "", "conditionexpression": "", "isimmediate": "false", "auditing": ""}, "stencil": {"id": "SequenceFlow"}, "outgoing": [{"resourceId": "sid-684D77F5-1B47-4061-B4F0-3E88F8A81AC2"}], "glossaryLinks": {}, "formats": {}}, {"dockers": [{"y": 21, "x": 18.277335938690043804}, {"y": 20.5, "x": 18}], "bounds": {"lowerRight": {"y": 400, "x": 798.90402117935730075}, "upperLeft": {"y": 400, "x": 710.39589801124873247}}, "resourceId": "sid-654DD026-1A99-46C7-B87D-322073F8ECBA", "layers": [], "labels": [], "target": {"resourceId": "sid-2363C598-728A-409D-BA2E-AF67ACD8D20B"}, "childShapes": [], "properties": {"ConditionType": "None", "showdiamondmarker": "false", "bordercolor": "#000000", "monitoring": "", "name": "", "documentation": "", "probability": "", "conditionexpression": "", "isimmediate": "false", "auditing": ""}, "stencil": {"id": "SequenceFlow"}, "outgoing": [{"resourceId": "sid-2363C598-728A-409D-BA2E-AF67ACD8D20B"}], "glossaryLinks": {}, "formats": {}}, {"dockers": [{"y": 40.5, "x": 45}, {"y": 20.5, "x": 20.5}], "bounds": {"lowerRight": {"y": 399.5, "x": 669.73046875}, "upperLeft": {"y": 399.5, "x": 625}}, "resourceId": "sid-D948A7F2-7A7B-4F3C-B31B-7A4C43A89EDC", "layers": [], "labels": [], "target": {"resourceId": "sid-9274BA3B-9B16-481F-848B-2B9F03C9AD98"}, "childShapes": [], "properties": {"ConditionType": "None", "showdiamondmarker": "false", "bordercolor": "#000000", "monitoring": "", "name": "", "documentation": "", "probability": "", "conditionexpression": "", "isimmediate": "false", "auditing": ""}, "stencil": {"id": "SequenceFlow"}, "outgoing": [{"resourceId": "sid-9274BA3B-9B16-481F-848B-2B9F03C9AD98"}], "glossaryLinks": {}, "formats": {}}, {"dockers": [{"y": 20.5, "x": 20.5}, {"y": 40, "x": 50}], "bounds": {"lowerRight": {"y": 399.42192027491734052, "x": 524.42578870359204757}, "upperLeft": {"y": 399.19526722508265948, "x": 465.72264879640795243}}, "resourceId": "sid-63747E68-213A-4291-B5B2-1B728C2EFE06", "layers": [], "labels": [], "target": {"resourceId": "sid-116D267C-B242-4AF5-9936-1876B92CADBB"}, "childShapes": [], "properties": {"ConditionType": "None", "showdiamondmarker": "false", "bordercolor": "#000000", "monitoring": "", "name": "AT", "documentation": "", "probability": "", "conditionexpression": "", "isimmediate": "false", "auditing": ""}, "stencil": {"id": "SequenceFlow"}, "outgoing": [{"resourceId": "sid-116D267C-B242-4AF5-9936-1876B92CADBB"}], "glossaryLinks": {}, "formats": {}}, {"dockers": [{"y": 40.5, "x": 72}, {"y": 20.5, "x": 20.5}], "bounds": {"lowerRight": {"y": 580.5, "x": 1349.63671875}, "upperLeft": {"y": 580.5, "x": 1269}}, "resourceId": "sid-D30B8CBB-751B-459A-A831-417FB29D4DBF", "layers": [], "labels": [], "target": {"resourceId": "sid-2EF85BAC-66EA-48B2-9892-BF09300EBBC9"}, "childShapes": [], "properties": {"ConditionType": "None", "showdiamondmarker": "false", "bordercolor": "#000000", "monitoring": "", "name": "", "documentation": "", "probability": "", "conditionexpression": "", "isimmediate": "false", "auditing": ""}, "stencil": {"id": "SequenceFlow"}, "outgoing": [{"resourceId": "sid-2EF85BAC-66EA-48B2-9892-BF09300EBBC9"}], "glossaryLinks": {}, "formats": {}}, {"dockers": [{"y": 19.75, "x": 21.749994394777786511}, {"y": 39.75, "x": 58.5}], "bounds": {"lowerRight": {"y": 399.25, "x": 1199.2021469705084655}, "upperLeft": {"y": 399.25, "x": 1054.152338582685843}}, "resourceId": "sid-A2167C59-3BAD-46AA-94C6-099B1C6C49D5", "layers": [], "labels": [], "target": {"resourceId": "sid-AD0C1BC8-17C0-49E7-8478-16F1204548F4"}, "childShapes": [], "properties": {"ConditionType": "None", "showdiamondmarker": "false", "bordercolor": "#000000", "monitoring": "", "name": "AU", "documentation": "", "probability": "", "conditionexpression": "", "isimmediate": "false", "auditing": ""}, "stencil": {"id": "SequenceFlow"}, "outgoing": [{"resourceId": "sid-AD0C1BC8-17C0-49E7-8478-16F1204548F4"}], "glossaryLinks": {}, "formats": {}}, {"dockers": [{"y": 40, "x": 99.700006664037573501}, {"y": 40, "x": 0}], "bounds": {"lowerRight": {"y": 497.3000024232864007, "x": 2028.7499984854462127}, "upperLeft": {"y": 497.3000024232864007, "x": 1983.7499984854462127}}, "resourceId": "sid-1F8E9243-FC41-4703-8957-40527D04F6E2", "layers": [], "labels": [], "target": {"resourceId": "sid-663410F7-1D5B-41CA-8B8C-C4A7E155BBDD"}, "childShapes": [], "properties": {"ConditionType": "None", "showdiamondmarker": "false", "bordercolor": "#000000", "monitoring": "", "name": "", "documentation": "", "probability": "", "conditionexpression": "", "isimmediate": "false", "auditing": ""}, "stencil": {"id": "SequenceFlow"}, "outgoing": [{"resourceId": "sid-663410F7-1D5B-41CA-8B8C-C4A7E155BBDD"}], "glossaryLinks": {}, "formats": {}}, {"dockers": [{"y": 15.440035631603409527, "x": 15.463914950275391647}, {"y": 39.445012884202583336, "x": 0}], "bounds": {"lowerRight": {"y": 637.11177683431151308, "x": 2648.1749741319590612}, "upperLeft": {"y": 636.3000024232864007, "x": 2581.7977662021849028}}, "resourceId": "sid-71F0A511-85F5-4A8F-9040-F01307F864CB", "layers": [], "labels": [], "target": {"resourceId": "sid-2E3ED2F7-1409-40C6-B6BF-3A3636E42E4C"}, "childShapes": [], "properties": {"ConditionType": "None", "showdiamondmarker": "false", "bordercolor": "#000000", "monitoring": "", "name": "", "documentation": "", "probability": "", "conditionexpression": "", "isimmediate": "false", "auditing": ""}, "stencil": {"id": "SequenceFlow"}, "outgoing": [{"resourceId": "sid-2E3ED2F7-1409-40C6-B6BF-3A3636E42E4C"}], "glossaryLinks": {}, "formats": {}}, {"dockers": [{"y": 40, "x": 99.700006664037573501}, {"y": 40, "x": 0}], "bounds": {"lowerRight": {"y": 497.3000024232864007, "x": 2318.7499984854462127}, "upperLeft": {"y": 497.3000024232864007, "x": 2273.7499984854462127}}, "resourceId": "sid-3DAD7B65-D056-428F-85BB-EF1CFECC76F4", "layers": [], "labels": [], "target": {"resourceId": "sid-1B8B7316-35AC-4779-9729-8F71E88D102C"}, "childShapes": [], "properties": {"ConditionType": "None", "showdiamondmarker": "false", "bordercolor": "#000000", "monitoring": "", "name": "", "documentation": "", "probability": "", "conditionexpression": "", "isimmediate": "false", "auditing": ""}, "stencil": {"id": "SequenceFlow"}, "outgoing": [{"resourceId": "sid-1B8B7316-35AC-4779-9729-8F71E88D102C"}], "glossaryLinks": {}, "formats": {}}, {"dockers": [{"y": 20, "x": 20}, {"y": 398.5500024232864007, "x": 2483.7499984854462127}, {"y": 39.800002423286429121, "x": 0}], "bounds": {"lowerRight": {"y": 477.7843774232864007, "x": 2760.1749741319590612}, "upperLeft": {"y": 398.5500024232864007, "x": 2483.7499984854462127}}, "resourceId": "sid-87F7F01A-94DC-4EB4-8F88-70586340468A", "layers": [], "labels": [], "target": {"resourceId": "sid-F226E78D-4808-48F2-8EC5-1B16490EFBD5"}, "childShapes": [], "properties": {"ConditionType": "None", "showdiamondmarker": "false", "bordercolor": "#000000", "monitoring": "", "name": "AV", "documentation": "", "probability": "", "conditionexpression": "", "isimmediate": "false", "auditing": ""}, "stencil": {"id": "SequenceFlow"}, "outgoing": [{"resourceId": "sid-F226E78D-4808-48F2-8EC5-1B16490EFBD5"}], "glossaryLinks": {}, "formats": {}}, {"dockers": [{"y": 15.15151638775971854, "x": 15}, {"y": 40, "x": 0}], "bounds": {"lowerRight": {"y": 499.10283242619760813, "x": 1738.7499984854462127}, "upperLeft": {"y": 497.3000024232864007, "x": 1680.9799818587166556}}, "resourceId": "sid-679666BD-B645-4D31-B05E-EC745A518212", "layers": [], "labels": [], "target": {"resourceId": "sid-D27BD0C5-856D-4BE9-B396-6B373447259A"}, "childShapes": [], "properties": {"ConditionType": "None", "showdiamondmarker": "false", "bordercolor": "#000000", "monitoring": "", "name": "", "documentation": "", "probability": "", "conditionexpression": "", "isimmediate": "false", "auditing": ""}, "stencil": {"id": "SequenceFlow"}, "outgoing": [{"resourceId": "sid-D27BD0C5-856D-4BE9-B396-6B373447259A"}], "glossaryLinks": {}, "formats": {}}, {"dockers": [{"y": 20, "x": 20}, {"y": 637.29502517068726775, "x": 2484.2499984854462127}, {"y": 15.440035631603409527, "x": 15.463914950275391647}], "bounds": {"lowerRight": {"y": 637.29502517068726775, "x": 2550.9782052469449809}, "upperLeft": {"y": 516.89308500398215074, "x": 2483.8199762682138498}}, "resourceId": "sid-8073BFD1-0F35-43D4-A7BA-595026BE0547", "layers": [], "labels": [], "target": {"resourceId": "sid-0428DF3F-208C-44BA-83FD-6511D5A3D05F"}, "childShapes": [], "properties": {"ConditionType": "None", "showdiamondmarker": "false", "bordercolor": "#000000", "monitoring": "", "name": "AW", "documentation": "", "probability": "", "conditionexpression": "", "isimmediate": "false", "auditing": ""}, "stencil": {"id": "SequenceFlow"}, "outgoing": [{"resourceId": "sid-0428DF3F-208C-44BA-83FD-6511D5A3D05F"}], "glossaryLinks": {}, "formats": {}}, {"dockers": [{"y": 40, "x": 99.700006664037573501}, {"y": 40, "x": 0}], "bounds": {"lowerRight": {"y": 497.3000024232864007, "x": 1883.7499984854462127}, "upperLeft": {"y": 497.3000024232864007, "x": 1838.7499984854462127}}, "resourceId": "sid-7AEE5F65-EE91-4EC0-B512-A7FA6692454A", "layers": [], "labels": [], "target": {"resourceId": "sid-564DCE00-3BF6-4A52-8EBE-F41241361466"}, "childShapes": [], "properties": {"ConditionType": "None", "showdiamondmarker": "false", "bordercolor": "#000000", "monitoring": "", "name": "", "documentation": "", "probability": "", "conditionexpression": "", "isimmediate": "false", "auditing": ""}, "stencil": {"id": "SequenceFlow"}, "outgoing": [{"resourceId": "sid-564DCE00-3BF6-4A52-8EBE-F41241361466"}], "glossaryLinks": {}, "formats": {}}, {"dockers": [{"y": 40, "x": 99.700006664037573501}, {"y": 40, "x": 0}], "bounds": {"lowerRight": {"y": 497.3000024232864007, "x": 2173.7499984854462127}, "upperLeft": {"y": 497.3000024232864007, "x": 2128.7499984854462127}}, "resourceId": "sid-55FF69C0-3795-4C5D-B2A4-3D0FC7A20F7A", "layers": [], "labels": [], "target": {"resourceId": "sid-683EAE2A-C754-441E-8662-508E62A11CC3"}, "childShapes": [], "properties": {"ConditionType": "None", "showdiamondmarker": "false", "bordercolor": "#000000", "monitoring": "", "name": "", "documentation": "", "probability": "", "conditionexpression": "", "isimmediate": "false", "auditing": ""}, "stencil": {"id": "SequenceFlow"}, "outgoing": [{"resourceId": "sid-683EAE2A-C754-441E-8662-508E62A11CC3"}], "glossaryLinks": {}, "formats": {}}, {"dockers": [{"y": 40, "x": 99.700006664037573501}, {"y": 20, "x": 20}], "bounds": {"lowerRight": {"y": 497.3000024232864007, "x": 2463.3640629638321116}, "upperLeft": {"y": 497.3000024232864007, "x": 2418.7499984854462127}}, "resourceId": "sid-ACB5E8F8-6955-4945-AF97-957B33F81314", "layers": [], "labels": [], "target": {"resourceId": "sid-EDDB6855-75D2-47BD-A1DD-7487696B8CEB"}, "childShapes": [], "properties": {"ConditionType": "None", "showdiamondmarker": "false", "bordercolor": "#000000", "monitoring": "", "name": "", "documentation": "", "probability": "", "conditionexpression": "", "isimmediate": "false", "auditing": ""}, "stencil": {"id": "SequenceFlow"}, "outgoing": [{"resourceId": "sid-EDDB6855-75D2-47BD-A1DD-7487696B8CEB"}], "glossaryLinks": {}, "formats": {}}, {"dockers": [{"y": 15, "x": 15}, {"y": 399, "x": 1535}, {"y": 1, "x": 50}], "bounds": {"lowerRight": {"y": 459.3000024232864007, "x": 1535}, "upperLeft": {"y": 399, "x": 1470.375}}, "resourceId": "sid-2E1DAE39-3763-472C-A43F-5A919FA392E5", "layers": [], "labels": [], "target": {"resourceId": "sid-00A0474E-EC1F-44AD-B88A-FB0C3F07D13A"}, "childShapes": [], "properties": {"ConditionType": "None", "showdiamondmarker": "false", "bordercolor": "#000000", "monitoring": "", "name": "", "documentation": "", "probability": "", "conditionexpression": "", "isimmediate": "false", "auditing": ""}, "stencil": {"id": "SequenceFlow"}, "outgoing": [{"resourceId": "sid-00A0474E-EC1F-44AD-B88A-FB0C3F07D13A"}], "glossaryLinks": {}, "formats": {}}, {"dockers": [{"y": 20.5, "x": 20.5}, {"y": 479.3000024232864007, "x": 1034.5}, {"y": 20, "x": 25}], "bounds": {"lowerRight": {"y": 479.3000024232864007, "x": 1484.853515625}, "upperLeft": {"y": 419.5, "x": 1034.5}}, "resourceId": "sid-6E99F989-5E2E-4E3D-AEE6-3F81635670AE", "layers": [], "labels": [], "target": {"resourceId": "sid-00A0474E-EC1F-44AD-B88A-FB0C3F07D13A"}, "childShapes": [], "properties": {"ConditionType": "None", "showdiamondmarker": "false", "bordercolor": "#000000", "monitoring": "", "name": "AX", "documentation": "", "probability": "", "conditionexpression": "", "isimmediate": "false", "auditing": ""}, "stencil": {"id": "SequenceFlow"}, "outgoing": [{"resourceId": "sid-00A0474E-EC1F-44AD-B88A-FB0C3F07D13A"}], "glossaryLinks": {}, "formats": {}}, {"dockers": [{"y": 40, "x": 50}, {"y": 15.15151638775971854, "x": 15}], "bounds": {"lowerRight": {"y": 499.566222175343853, "x": 1649.7812526897187126}, "upperLeft": {"y": 499.41597073074905211, "x": 1585}}, "resourceId": "sid-EC9A7252-908F-4D3B-BA90-E14A16193C30", "layers": [], "labels": [], "target": {"resourceId": "sid-01ED4858-EED7-454C-BB23-CC07E5404813"}, "childShapes": [], "properties": {"ConditionType": "None", "showdiamondmarker": "false", "bordercolor": "#000000", "monitoring": "", "name": "", "documentation": "", "probability": "", "conditionexpression": "", "isimmediate": "false", "auditing": ""}, "stencil": {"id": "SequenceFlow"}, "outgoing": [{"resourceId": "sid-01ED4858-EED7-454C-BB23-CC07E5404813"}], "glossaryLinks": {}, "formats": {}}, {"dockers": [{"y": 20.5, "x": 19}, {"y": 519.3000024232864007, "x": 1369}, {"y": 60, "x": 49.521488994289711627}], "bounds": {"lowerRight": {"y": 561.33125071941321949, "x": 1484.3822969491100139}, "upperLeft": {"y": 519.3000024232864007, "x": 1369}}, "resourceId": "sid-A6113846-5785-436A-ACBB-50688B06A0AB", "layers": [], "labels": [], "target": {"resourceId": "sid-00A0474E-EC1F-44AD-B88A-FB0C3F07D13A"}, "childShapes": [], "properties": {"ConditionType": "None", "showdiamondmarker": "false", "bordercolor": "#000000", "monitoring": "", "name": "AY", "documentation": "", "probability": "", "conditionexpression": "", "isimmediate": "false", "auditing": ""}, "stencil": {"id": "SequenceFlow"}, "outgoing": [{"resourceId": "sid-00A0474E-EC1F-44AD-B88A-FB0C3F07D13A"}], "glossaryLinks": {}, "formats": {}}, {"dockers": [{"y": 40, "x": 58.5}, {"y": 20.5, "x": 20.5}], "bounds": {"lowerRight": {"y": 637.26892606379931294, "x": 2809.3312322614124241}, "upperLeft": {"y": 637.0908766358579669, "x": 2765.1749741319590612}}, "resourceId": "sid-6686AA22-C8D9-42BC-96AD-0841959AEB0A", "layers": [], "labels": [], "target": {"resourceId": "sid-0559BB34-5E87-4B3F-9D44-C590DE899D2D"}, "childShapes": [], "properties": {"ConditionType": "None", "showdiamondmarker": "false", "bordercolor": "#000000", "monitoring": "", "name": "", "documentation": "", "probability": "", "conditionexpression": "", "isimmediate": "false", "auditing": ""}, "stencil": {"id": "SequenceFlow"}, "outgoing": [{"resourceId": "sid-0559BB34-5E87-4B3F-9D44-C590DE899D2D"}], "glossaryLinks": {}, "formats": {}}, {"dockers": [{"y": 20.5, "x": 20.5}, {"y": 42.5, "x": 89}], "bounds": {"lowerRight": {"y": 637.23569607341607934, "x": 2907.6398480811353693}, "upperLeft": {"y": 636.89225175475155538, "x": 2850.5164628950410588}}, "resourceId": "sid-28BC6C4E-F730-4210-A6AE-3634282D2F06", "layers": [], "labels": [], "target": {"resourceId": "sid-0ABE3B70-E31A-4C95-BFCD-F65EAA175807"}, "childShapes": [], "properties": {"ConditionType": "None", "showdiamondmarker": "false", "bordercolor": "#000000", "monitoring": "", "name": "AZ", "documentation": "", "probability": "", "conditionexpression": "", "isimmediate": "false", "auditing": ""}, "stencil": {"id": "SequenceFlow"}, "outgoing": [{"resourceId": "sid-0ABE3B70-E31A-4C95-BFCD-F65EAA175807"}], "glossaryLinks": {}, "formats": {}}, {"dockers": [{"y": 20.5, "x": 20.5}, {"y": 40, "x": 58.5}], "bounds": {"lowerRight": {"y": 616.36382836697805487, "x": 2830.4698921787817198}, "upperLeft": {"y": 575, "x": 2830.0657709087467993}}, "resourceId": "sid-7F376E8A-AD18-4F87-A16D-FC9A23CB4300", "layers": [], "labels": [], "target": {"resourceId": "sid-47623C23-781A-42B5-B11B-584210F6D886"}, "childShapes": [], "properties": {"ConditionType": "None", "showdiamondmarker": "false", "bordercolor": "#000000", "monitoring": "", "name": "BA", "documentation": "", "probability": "", "conditionexpression": "", "isimmediate": "false", "auditing": ""}, "stencil": {"id": "SequenceFlow"}, "outgoing": [{"resourceId": "sid-47623C23-781A-42B5-B11B-584210F6D886"}], "glossaryLinks": {}, "formats": {}}, {"dockers": [{"y": 40, "x": 58.5}, {"y": 40, "x": 69.5}], "bounds": {"lowerRight": {"y": 494.615234375, "x": 2829.6749741319590612}, "upperLeft": {"y": 438.75, "x": 2829.6749741319590612}}, "resourceId": "sid-F6F66233-7EF6-43BB-A645-28A134E7A5B3", "layers": [], "labels": [], "target": {"resourceId": "sid-F226E78D-4808-48F2-8EC5-1B16490EFBD5"}, "childShapes": [], "properties": {"ConditionType": "None", "showdiamondmarker": "false", "bordercolor": "#000000", "monitoring": "", "name": "", "documentation": "", "probability": "", "conditionexpression": "", "isimmediate": "false", "auditing": ""}, "stencil": {"id": "SequenceFlow"}, "outgoing": [{"resourceId": "sid-F226E78D-4808-48F2-8EC5-1B16490EFBD5"}], "glossaryLinks": {}, "formats": {}}, {"dockers": [{"y": 40, "x": 69.5}, {"y": 39.75, "x": 69.5}], "bounds": {"lowerRight": {"y": 398.66089743589742511, "x": 2955.1202874537857497}, "upperLeft": {"y": 398.58917267522843986, "x": 2899.1749741319590612}}, "resourceId": "sid-9900B2BD-748B-41F4-8BC2-FBAC544BBD3F", "layers": [], "labels": [], "target": {"resourceId": "sid-8BD64174-E8B7-4F6A-BAA0-314932032ABE"}, "childShapes": [], "properties": {"ConditionType": "None", "showdiamondmarker": "false", "bordercolor": "#000000", "monitoring": "", "name": "", "documentation": "", "probability": "", "conditionexpression": "", "isimmediate": "false", "auditing": ""}, "stencil": {"id": "SequenceFlow"}, "outgoing": [{"resourceId": "sid-8BD64174-E8B7-4F6A-BAA0-314932032ABE"}], "glossaryLinks": {}, "formats": {}}, {"dockers": [{"y": 40, "x": 69.5}, {"y": 39.5, "x": 58.5}], "bounds": {"lowerRight": {"y": 398.75, "x": 3134.5812241319590612}, "upperLeft": {"y": 398.75, "x": 3094.1749741319590612}}, "resourceId": "sid-88306D5F-9DC2-4676-83A7-4B6C9502AAFD", "layers": [], "labels": [], "target": {"resourceId": "sid-B220503D-4C98-40BA-A688-A317653256B3"}, "childShapes": [], "properties": {"ConditionType": "None", "showdiamondmarker": "false", "bordercolor": "#000000", "monitoring": "", "name": "", "documentation": "", "probability": "", "conditionexpression": "", "isimmediate": "false", "auditing": ""}, "stencil": {"id": "SequenceFlow"}, "outgoing": [{"resourceId": "sid-B220503D-4C98-40BA-A688-A317653256B3"}], "glossaryLinks": {}, "formats": {}}, {"dockers": [{"y": 39.75, "x": 58.5}, {"y": 40, "x": 58.5}], "bounds": {"lowerRight": {"y": 399, "x": 3296.4562241319590612}, "upperLeft": {"y": 399, "x": 3252.1749741319590612}}, "resourceId": "sid-6B0DDA97-07A0-4306-922C-1FD9085E7590", "layers": [], "labels": [], "target": {"resourceId": "sid-CDDB4FCC-34BF-4EF8-ACEC-2043DB30BF4D"}, "childShapes": [], "properties": {"ConditionType": "None", "showdiamondmarker": "false", "bordercolor": "#000000", "monitoring": "", "name": "", "documentation": "", "probability": "", "conditionexpression": "", "isimmediate": "false", "auditing": ""}, "stencil": {"id": "SequenceFlow"}, "outgoing": [{"resourceId": "sid-CDDB4FCC-34BF-4EF8-ACEC-2043DB30BF4D"}], "glossaryLinks": {}, "formats": {}}, {"dockers": [{"y": 42.5, "x": 89}, {"y": 14, "x": 14}], "bounds": {"lowerRight": {"y": 636.35498953908381736, "x": 3130.125}, "upperLeft": {"y": 636.35498953908381736, "x": 3086}}, "resourceId": "sid-43F40161-1DED-4A56-A048-35F309429310", "layers": [], "labels": [], "target": {"resourceId": "sid-6A11421B-CF2E-490A-B7E2-B21459119722"}, "childShapes": [], "properties": {"ConditionType": "None", "showdiamondmarker": "false", "bordercolor": "#000000", "monitoring": "", "name": "", "documentation": "", "probability": "", "conditionexpression": "", "isimmediate": "false", "auditing": ""}, "stencil": {"id": "SequenceFlow"}, "outgoing": [{"resourceId": "sid-6A11421B-CF2E-490A-B7E2-B21459119722"}], "glossaryLinks": {}, "formats": {}}, {"dockers": [{"y": 40, "x": 58.5}, {"y": 39.625, "x": 58.5}], "bounds": {"lowerRight": {"y": 398.77290372670807983, "x": 3457.8156066667875166}, "upperLeft": {"y": 398.603491333327554, "x": 3414.1749741319590612}}, "resourceId": "sid-674D9037-342C-43E6-878C-3DE1E2E9BB5C", "layers": [], "labels": [], "target": {"resourceId": "sid-D12014B1-8A9F-412E-BA40-822989E30566"}, "childShapes": [], "properties": {"ConditionType": "None", "showdiamondmarker": "false", "bordercolor": "#000000", "monitoring": "", "name": "", "documentation": "", "probability": "", "conditionexpression": "", "isimmediate": "false", "auditing": ""}, "stencil": {"id": "SequenceFlow"}, "outgoing": [{"resourceId": "sid-D12014B1-8A9F-412E-BA40-822989E30566"}], "glossaryLinks": {}, "formats": {}}, {"dockers": [{"y": 39.625, "x": 58.5}, {"y": 14, "x": 14}], "bounds": {"lowerRight": {"y": 398.71538984383687421, "x": 3659.4798834302287105}, "upperLeft": {"y": 398.51444062541202129, "x": 3575.1749741319590612}}, "resourceId": "sid-60F6B3F8-BBBB-484B-B1D8-FDE3C0ADF275", "layers": [], "labels": [], "target": {"resourceId": "sid-1E3BAF81-4167-4538-892C-C1ACC81BF95C"}, "childShapes": [], "properties": {"ConditionType": "None", "showdiamondmarker": "false", "bordercolor": "#000000", "monitoring": "", "name": "", "documentation": "", "probability": "", "conditionexpression": "", "isimmediate": "false", "auditing": ""}, "stencil": {"id": "SequenceFlow"}, "outgoing": [{"resourceId": "sid-1E3BAF81-4167-4538-892C-C1ACC81BF95C"}], "glossaryLinks": {}, "formats": {}}], "properties": {"orientation": "horizontal", "monitoring": "", "modificationdate": "", "creationdate": "", "namespaces": "", "version": "", "targetnamespace": "http://www.signavio.com/bpmn20", "author": "", "name": "", "documentation": "", "language": "English", "typelanguage": "http://www.w3.org/2001/XMLSchema", "expressionlanguage": "http://www.w3.org/1999/XPath", "auditing": ""}, "ssextensions": [], "stencilset": {"url": "/stencilsets/bpmn2.0/bpmn2.0.json?version=6.0.0", "namespace": "http://b3mn.org/stencilset/bpmn2.0#"}, "stencil": {"id": "BPMNDiagram"}, "formats": {}}