{"revision": {"creationDate": null, "isLastRevision": true, "revisionNumber": 23, "elementCounts": {"total": 57, "Lane": 2, "IntermediateMessageEventCatching": 2, "Association_Undirected": 2, "TextAnnotation": 2, "StartNoneEvent": 1, "Pool": 1, "Task": 12, "SequenceFlow": 27, "EndNoneEvent": 1, "BPMNDiagram": 1, "Exclusive_Databased_Gateway": 6}, "connectedness": 100}, "model": {"modelId": "1032099534", "modelDate": "2012-08-30", "groupName": "BPMN2.0_Process", "naturalLanguage": "en", "modelName": "1032099534", "TimestampModelCollection": "2012-08-30 14:08:38", "modelingLanguage": "bpmn20", "directoryId": "679732737", "numberOfRevisions": 23}}