{"revision": {"creationDate": null, "isLastRevision": true, "revisionNumber": 4, "elementCounts": {"total": 40, "StartNoneEvent": 1, "Task": 3, "SequenceFlow": 6, "DataObject": 17, "EndNoneEvent": 2, "Exclusive_Databased_Gateway": 1, "BPMNDiagram": 1, "Association_Unidirectional": 9}, "connectedness": 63}, "model": {"modelId": "1032482829", "modelDate": "2012-08-30", "groupName": "BPMN2.0_Process", "naturalLanguage": "en", "modelName": "1032482829", "TimestampModelCollection": "2012-08-30 14:08:38", "modelingLanguage": "bpmn20", "directoryId": "1412401616", "numberOfRevisions": 4}}