{"revision": {"creationDate": null, "isLastRevision": true, "revisionNumber": 5, "elementCounts": {"total": 64, "Lane": 1, "IntermediateMessageEventCatching": 2, "Pool": 1, "MessageFlow": 9, "StartMessageEvent": 1, "Association_Undirected": 8, "DataObject": 5, "SequenceFlow": 19, "Task": 4, "CollapsedPool": 2, "Exclusive_Databased_Gateway": 5, "BPMNDiagram": 1, "IntermediateMessageEventThrowing": 2, "EndTerminateEvent": 4}, "connectedness": 81}, "model": {"modelId": "1034187908", "modelDate": "2010-12-12", "groupName": "BPMN2.0_Process", "naturalLanguage": "en", "modelName": "\u00dcbung 4 Aufgabe 2", "TimestampModelCollection": "2012-08-30 14:08:38", "modelingLanguage": "bpmn20", "directoryId": "1835829447", "numberOfRevisions": 5}}