{"revision": {"creationDate": null, "isLastRevision": true, "revisionNumber": 11, "elementCounts": {"total": 71, "EndMessageEvent": 3, "Lane": 7, "Message": 2, "Pool": 2, "StartNoneEvent": 1, "Association_Unidirectional": 3, "MessageFlow": 2, "StartMessageEvent": 1, "Association_Bidirectional": 2, "Association_Undirected": 2, "TextAnnotation": 2, "SequenceFlow": 21, "Task": 15, "DataObject": 2, "Exclusive_Databased_Gateway": 1, "BPMNDiagram": 1, "ParallelGateway": 3, "IntermediateMessageEventThrowing": 1}, "connectedness": 90}, "model": {"modelId": "1034715661", "modelDate": "2012-08-30", "groupName": "BPMN2.0_Process", "naturalLanguage": "en", "modelName": "1034715661", "TimestampModelCollection": "2012-08-30 14:08:38", "modelingLanguage": "bpmn20", "directoryId": "305333844", "numberOfRevisions": 11}}