{"resourceId": "canvas", "properties": {"name": "", "documentation": "", "auditing": "", "monitoring": "", "version": "", "author": "", "language": "English", "namespaces": "", "targetnamespace": "http://www.signavio.com/bpmn20", "expressionlanguage": "http://www.w3.org/1999/XPath", "typelanguage": "http://www.w3.org/2001/XMLSchema", "creationdate": "", "modificationdate": ""}, "stencil": {"id": "BPMNDiagram"}, "childShapes": [{"resourceId": "sid-26954D42-4872-4A2B-AF27-7BA78DF643E8", "properties": {"name": "Agency", "documentation": "", "auditing": "", "monitoring": "", "boundaryvisible": true, "processname": "", "status": "None", "adhoc": "", "adhocordering": "Parallel", "adhoccompletioncondition": "", "suppressjoinfailure": "", "enableinstancecompensation": "", "processcategories": "", "processdocumentation": "", "multiinstance": "", "minimum": 2, "maximum": 2, "processtype": "None", "isclosed": "", "isexecutable": "", "bgcolor": "#ffffff"}, "stencil": {"id": "Pool"}, "childShapes": [{"resourceId": "sid-BF6AB92B-E1D4-4BE1-BCFF-A19313712888", "properties": {"name": "", "documentation": "", "auditing": "", "monitoring": "", "parentpool": "", "parentlane": "", "showcaption": false, "bgcolor": ""}, "stencil": {"id": "Lane"}, "childShapes": [{"resourceId": "sid-D0B67AFB-20A1-4E60-8079-02370FCF6316", "properties": {"name": "", "documentation": "", "auditing": "", "monitoring": "", "dataoutputassociations": "", "dataoutput": "", "outputset": "", "isinterrupting": true, "messagename": "", "operationname": "", "bgcolor": "#ffffff", "trigger": "Message", "frequency": "", "applyincalc": true, "viaitsystem": ""}, "stencil": {"id": "StartMessageEvent"}, "childShapes": [], "outgoing": [{"resourceId": "sid-F954B064-509C-403D-831D-813D053C30AB"}], "bounds": {"lowerRight": {"x": 60, "y": 156}, "upperLeft": {"x": 30, "y": 126}}, "dockers": []}, {"resourceId": "sid-B79E8172-B22F-4802-8EC9-27DF71019063", "properties": {"name": "", "documentation": "", "auditing": "", "monitoring": "", "categories": "", "assignments": "", "pool": "", "lanes": "", "gates": "", "gates_outgoingsequenceflow": "", "gates_assignments": "", "bgcolor": "#ffffff", "gatewaytype": "XOR", "xortype": "Data", "markervisible": "true", "defaultgate": "", "gate_outgoingsequenceflow": "", "gate_assignments": ""}, "stencil": {"id": "Exclusive_Databased_Gateway"}, "childShapes": [], "outgoing": [{"resourceId": "sid-37BE7A25-713D-43EA-9501-74FA0271AEE9"}, {"resourceId": "sid-8EDDAD8B-BD98-4D69-8A0F-E0C275F85472"}], "bounds": {"lowerRight": {"x": 351.5, "y": 161}, "upperLeft": {"x": 311.5, "y": 121}}, "dockers": []}, {"resourceId": "sid-71D2A662-7C42-4712-8271-4C99D0B2415F", "properties": {"name": "", "documentation": "", "auditing": "", "monitoring": "", "categories": "", "assignments": "", "pool": "", "lanes": "", "gates": "", "gates_outgoingsequenceflow": "", "gates_assignments": "", "bgcolor": "#ffffff", "gatewaytype": "XOR", "xortype": "Data", "markervisible": "true", "defaultgate": "", "gate_outgoingsequenceflow": "", "gate_assignments": ""}, "stencil": {"id": "Exclusive_Databased_Gateway"}, "childShapes": [], "outgoing": [{"resourceId": "sid-69CFBDCE-5970-449D-8C14-9FAEB57792EB"}, {"resourceId": "sid-4DCF3BFC-C3B2-40FC-A808-72EC17B4ADC0"}], "bounds": {"lowerRight": {"x": 519.75, "y": 70}, "upperLeft": {"x": 479.75, "y": 30}}, "dockers": []}, {"resourceId": "sid-8AAB3DF3-86E8-4BBB-AD6B-86BC73ABC668", "properties": {"name": "", "documentation": "", "auditing": "", "monitoring": "", "categories": "", "assignments": "", "pool": "", "lanes": "", "gates": "", "gates_outgoingsequenceflow": "", "gates_assignments": "", "bgcolor": "#ffffff", "gatewaytype": "XOR", "xortype": "Data", "markervisible": "true", "defaultgate": "", "gate_outgoingsequenceflow": "", "gate_assignments": ""}, "stencil": {"id": "Exclusive_Databased_Gateway"}, "childShapes": [], "outgoing": [{"resourceId": "sid-243471B4-7198-46BA-B95D-7B917D500455"}, {"resourceId": "sid-E6D88C5B-2F55-4264-8C7C-6746E39B21ED"}], "bounds": {"lowerRight": {"x": 616.5, "y": 399}, "upperLeft": {"x": 576.5, "y": 359}}, "dockers": []}, {"resourceId": "sid-DA44C666-14CA-4E24-98CA-820B807AD2CF", "properties": {"name": "send rating request", "documentation": "", "auditing": "", "monitoring": "", "datainputassociations": "", "datainput": "", "inputset": "", "messagename": "", "operationname": "", "bgcolor": "#ffffff", "trigger": "Message", "time": "", "costs": "", "costcenter": "", "applyincalc": true}, "stencil": {"id": "IntermediateMessageEventThrowing"}, "childShapes": [], "outgoing": [{"resourceId": "sid-B4BB1E6E-8452-4D19-A49A-9ED2EDB8B927"}, {"resourceId": "sid-68EDD964-2771-4D34-BCAE-39E58D0FFA47"}], "bounds": {"lowerRight": {"x": 421.5, "y": 394}, "upperLeft": {"x": 391.5, "y": 364}}, "dockers": [{"x": 406.5, "y": 379}], "labels": [{"x": 15, "y": -8, "top": true, "valign": "bottom", "ref": "text_name"}]}, {"resourceId": "sid-EDA708E5-8129-42A9-A74C-BCFE8816072E", "properties": {"name": "recieve rating", "documentation": "", "auditing": "", "monitoring": "", "boundarycancelactivity2": true, "messagename": "", "operationname": "", "bgcolor": "#ffffff", "trigger": "Message", "viaitsystem": ""}, "stencil": {"id": "IntermediateMessageEventCatching"}, "childShapes": [], "outgoing": [{"resourceId": "sid-74BC893F-523A-4C23-81C0-1318D5E01D7B"}], "bounds": {"lowerRight": {"x": 534.5, "y": 394}, "upperLeft": {"x": 504.5, "y": 364}}, "dockers": [{"x": 519.5, "y": 379}], "labels": [{"x": 15, "y": -8, "top": true, "valign": "bottom", "ref": "text_name"}]}, {"resourceId": "sid-C7949F19-E21D-4349-8B13-A79C8BD7978D", "properties": {"name": "request additional securities", "documentation": "", "auditing": "", "monitoring": "", "datainputassociations": "", "datainput": "", "inputset": "", "messagename": "", "operationname": "", "bgcolor": "#ffffff", "trigger": "Message", "time": "", "costs": "", "costcenter": "", "applyincalc": true}, "stencil": {"id": "IntermediateMessageEventThrowing"}, "childShapes": [], "outgoing": [{"resourceId": "sid-015468A1-127D-43A8-BD04-C445F396D22D"}, {"resourceId": "sid-0FF6F5B7-4F8F-4AD5-9437-591F6F19A59E"}], "bounds": {"lowerRight": {"x": 914.75, "y": 330}, "upperLeft": {"x": 884.75, "y": 300}}, "dockers": [{"x": 899.75, "y": 315}], "labels": [{"x": -9, "y": 40, "valign": "middle", "ref": "text_name"}]}, {"resourceId": "sid-2207E4D2-0356-4C3E-AADC-C12BC5C06786", "properties": {"name": "recieve securities", "documentation": "", "auditing": "", "monitoring": "", "boundarycancelactivity2": true, "messagename": "", "operationname": "", "bgcolor": "#ffffff", "trigger": "Message", "viaitsystem": ""}, "stencil": {"id": "IntermediateMessageEventCatching"}, "childShapes": [], "outgoing": [{"resourceId": "sid-C75A0C71-0133-40CB-9794-B762D942ED81"}], "bounds": {"lowerRight": {"x": 1024, "y": 330}, "upperLeft": {"x": 994, "y": 300}}, "dockers": [{"x": 1009, "y": 315}], "labels": [{"x": 29, "y": 40, "valign": "middle", "ref": "text_name"}]}, {"resourceId": "sid-681E1D8F-6C9B-46EE-A2B2-8497DEF5EEAC", "properties": {"name": "", "documentation": "", "auditing": "", "monitoring": "", "categories": "", "assignments": "", "pool": "", "lanes": "", "gates": "", "gates_outgoingsequenceflow": "", "gates_assignments": "", "bgcolor": "#ffffff", "gatewaytype": "XOR", "xortype": "Data", "markervisible": "true", "defaultgate": "", "gate_outgoingsequenceflow": "", "gate_assignments": ""}, "stencil": {"id": "Exclusive_Databased_Gateway"}, "childShapes": [], "outgoing": [{"resourceId": "sid-B4FFD238-6E1E-4884-A718-1249BB2338BE"}, {"resourceId": "sid-23E13A14-F214-4F88-AD7F-24EB3F780A6D"}], "bounds": {"lowerRight": {"x": 780.5, "y": 399}, "upperLeft": {"x": 740.5, "y": 359}}, "dockers": []}, {"resourceId": "sid-BB587922-0B75-468A-BBE6-436A81D5C760", "properties": {"name": "", "documentation": "", "auditing": "", "monitoring": "", "categories": "", "assignments": "", "pool": "", "lanes": "", "gates": "", "gates_outgoingsequenceflow": "", "gates_assignments": "", "bgcolor": "#ffffff", "gatewaytype": "XOR", "xortype": "Data", "markervisible": "true", "defaultgate": "", "gate_outgoingsequenceflow": "", "gate_assignments": ""}, "stencil": {"id": "Exclusive_Databased_Gateway"}, "childShapes": [], "outgoing": [{"resourceId": "sid-F733FDA0-0FE0-472D-A76E-ABA2B3E55F65"}, {"resourceId": "sid-C364E383-378D-4EF2-B7F0-5A4B87717240"}], "bounds": {"lowerRight": {"x": 1134.75, "y": 335}, "upperLeft": {"x": 1094.75, "y": 295}}, "dockers": []}, {"resourceId": "sid-EABBBD25-1478-411B-99AD-B368689ABA86", "properties": {"name": "send no loan offer possible", "documentation": "", "auditing": "", "monitoring": "", "categories": "", "startquantity": 1, "completionquantity": 1, "isforcompensation": "", "assignments": "", "callacitivity": "", "tasktype": "None", "implementation": "webService", "resources": "", "messageref": "", "operationref": "", "instantiate": "", "script": "", "scriptformat": "", "bgcolor": "#ffffcc", "looptype": "None", "testbefore": "", "loopcondition": "", "loopmaximum": "", "loopcardinality": "", "loopdatainput": "", "loopdataoutput": "", "inputdataitem": "", "outputdataitem": "", "behavior": "all", "complexbehaviordefinition": "", "completioncondition": "", "onebehavioreventref:": "signal", "nonebehavioreventref": "signal", "properties": "", "datainputset": "", "dataoutputset": "", "operationname": "", "inmessagename": "", "inmsgitemkind": "Information", "inmsgstructure": "", "inmsgimport": "", "inmsgiscollection": "", "outmessagename": "", "outmsgitemkind": "Information", "outmsgstructure": "", "outmsgimport": "", "outmsgiscollection": "", "time": "", "costs": "", "costcenter": "", "applyincalc": true, "externaldocuments": "", "risklevel": ""}, "stencil": {"id": "Task"}, "childShapes": [], "outgoing": [{"resourceId": "sid-EFCDA69D-17F8-462D-B5F0-63E9617D8127"}, {"resourceId": "sid-C0135AAB-A821-466A-9274-163366FDB821"}], "bounds": {"lowerRight": {"x": 774.75, "y": 77.5}, "upperLeft": {"x": 674.75, "y": 22.5}}, "dockers": []}, {"resourceId": "sid-D1540FEF-CB69-490E-8F69-F0A69F20D0B3", "properties": {"name": "send Bank A 20% offer", "documentation": "", "auditing": "", "monitoring": "", "categories": "", "startquantity": 1, "completionquantity": 1, "isforcompensation": "", "assignments": "", "callacitivity": "", "tasktype": "None", "implementation": "webService", "resources": "", "messageref": "", "operationref": "", "instantiate": "", "script": "", "scriptformat": "", "bgcolor": "#ffffcc", "looptype": "None", "testbefore": "", "loopcondition": "", "loopmaximum": "", "loopcardinality": "", "loopdatainput": "", "loopdataoutput": "", "inputdataitem": "", "outputdataitem": "", "behavior": "all", "complexbehaviordefinition": "", "completioncondition": "", "onebehavioreventref:": "signal", "nonebehavioreventref": "signal", "properties": "", "datainputset": "", "dataoutputset": "", "operationname": "", "inmessagename": "", "inmsgitemkind": "Information", "inmsgstructure": "", "inmsgimport": "", "inmsgiscollection": "", "outmessagename": "", "outmsgitemkind": "Information", "outmsgstructure": "", "outmsgimport": "", "outmsgiscollection": "", "time": "", "costs": "", "costcenter": "", "applyincalc": true, "externaldocuments": [], "risklevel": ""}, "stencil": {"id": "Task"}, "childShapes": [], "outgoing": [{"resourceId": "sid-66D88CD1-117F-41BE-8DFE-4CBE6A2AD5BE"}, {"resourceId": "sid-30104382-C6F0-498F-9AFB-C178AA680B51"}], "bounds": {"lowerRight": {"x": 894.75, "y": 145}, "upperLeft": {"x": 794.75, "y": 90}}, "dockers": []}, {"resourceId": "sid-21C98CFB-9DF7-4D75-9119-D530B9FE8B9B", "properties": {"name": "Send 12.5% Bank B offer", "documentation": "", "auditing": "", "monitoring": "", "categories": "", "startquantity": 1, "completionquantity": 1, "isforcompensation": "", "assignments": "", "callacitivity": "", "tasktype": "None", "implementation": "webService", "resources": "", "messageref": "", "operationref": "", "instantiate": "", "script": "", "scriptformat": "", "bgcolor": "#ffffcc", "looptype": "None", "testbefore": "", "loopcondition": "", "loopmaximum": "", "loopcardinality": "", "loopdatainput": "", "loopdataoutput": "", "inputdataitem": "", "outputdataitem": "", "behavior": "all", "complexbehaviordefinition": "", "completioncondition": "", "onebehavioreventref:": "signal", "nonebehavioreventref": "signal", "properties": "", "datainputset": "", "dataoutputset": "", "operationname": "", "inmessagename": "", "inmsgitemkind": "Information", "inmsgstructure": "", "inmsgimport": "", "inmsgiscollection": "", "outmessagename": "", "outmsgitemkind": "Information", "outmsgstructure": "", "outmsgimport": "", "outmsgiscollection": "", "time": "", "costs": "", "costcenter": "", "applyincalc": true, "externaldocuments": [], "risklevel": ""}, "stencil": {"id": "Task"}, "childShapes": [], "outgoing": [{"resourceId": "sid-385FF45E-AEF3-4C31-A197-AB0F91AB1A11"}, {"resourceId": "sid-C94AD927-B70E-4BE6-B2AA-11D0531D008E"}], "bounds": {"lowerRight": {"x": 1389.75, "y": 342.5}, "upperLeft": {"x": 1289.75, "y": 287.5}}, "dockers": []}, {"resourceId": "sid-33214ACF-C1B2-44F8-BE41-DF4EE5D4016F", "properties": {"name": "send bank B 15% offer", "documentation": "", "auditing": "", "monitoring": "", "categories": "", "startquantity": 1, "completionquantity": 1, "isforcompensation": "", "assignments": "", "callacitivity": "", "tasktype": "None", "implementation": "webService", "resources": "", "messageref": "", "operationref": "", "instantiate": "", "script": "", "scriptformat": "", "bgcolor": "#ffffcc", "looptype": "None", "testbefore": "", "loopcondition": "", "loopmaximum": "", "loopcardinality": "", "loopdatainput": "", "loopdataoutput": "", "inputdataitem": "", "outputdataitem": "", "behavior": "all", "complexbehaviordefinition": "", "completioncondition": "", "onebehavioreventref:": "signal", "nonebehavioreventref": "signal", "properties": "", "datainputset": "", "dataoutputset": "", "operationname": "", "inmessagename": "", "inmsgitemkind": "Information", "inmsgstructure": "", "inmsgimport": "", "inmsgiscollection": "", "outmessagename": "", "outmsgitemkind": "Information", "outmsgstructure": "", "outmsgimport": "", "outmsgiscollection": "", "time": "", "costs": "", "costcenter": "", "applyincalc": true, "externaldocuments": [], "risklevel": ""}, "stencil": {"id": "Task"}, "childShapes": [], "outgoing": [{"resourceId": "sid-3B2F3DD9-E849-4759-9DF7-502382C2E1E1"}, {"resourceId": "sid-41A4ECBA-6554-4226-9188-AFCE1CE2AD19"}], "bounds": {"lowerRight": {"x": 1449.75, "y": 460}, "upperLeft": {"x": 1349.75, "y": 405}}, "dockers": []}, {"resourceId": "sid-472442A6-8DCD-483F-BC81-82A3D4F3AF38", "properties": {"name": "", "documentation": "", "auditing": "", "monitoring": "", "datainputassociations": "", "datainput": "", "inputset": "", "bgcolor": "#ffffff", "trigger": "Terminate"}, "stencil": {"id": "EndTerminateEvent"}, "childShapes": [], "outgoing": [], "bounds": {"lowerRight": {"x": 1527.75, "y": 447}, "upperLeft": {"x": 1499.75, "y": 419}}, "dockers": []}, {"resourceId": "sid-7394D43C-5A6F-42A5-9B3F-2C1A1FE0954F", "properties": {"name": "", "documentation": "", "auditing": "", "monitoring": "", "datainputassociations": "", "datainput": "", "inputset": "", "bgcolor": "#ffffff", "trigger": "Terminate"}, "stencil": {"id": "EndTerminateEvent"}, "childShapes": [], "outgoing": [], "bounds": {"lowerRight": {"x": 1482.75, "y": 329.5}, "upperLeft": {"x": 1454.75, "y": 301.5}}, "dockers": []}, {"resourceId": "sid-05FD3CB2-783F-4E7D-9A49-846EF76D5C1A", "properties": {"name": "", "documentation": "", "auditing": "", "monitoring": "", "datainputassociations": "", "datainput": "", "inputset": "", "bgcolor": "#ffffff", "trigger": "Terminate"}, "stencil": {"id": "EndTerminateEvent"}, "childShapes": [], "outgoing": [], "bounds": {"lowerRight": {"x": 957.75, "y": 132}, "upperLeft": {"x": 929.75, "y": 104}}, "dockers": []}, {"resourceId": "sid-4C0E39C1-33F8-451D-B746-263CF809E64A", "properties": {"name": "", "documentation": "", "auditing": "", "monitoring": "", "datainputassociations": "", "datainput": "", "inputset": "", "bgcolor": "#ffffff", "trigger": "Terminate"}, "stencil": {"id": "EndTerminateEvent"}, "childShapes": [], "outgoing": [], "bounds": {"lowerRight": {"x": 858.75, "y": 64}, "upperLeft": {"x": 830.75, "y": 36}}, "dockers": []}], "outgoing": [], "bounds": {"lowerRight": {"x": 1634.75, "y": 488}, "upperLeft": {"x": 30, "y": 0}}, "dockers": []}], "outgoing": [], "bounds": {"lowerRight": {"x": 1755, "y": 878}, "upperLeft": {"x": 120.25, "y": 390}}, "dockers": []}, {"resourceId": "sid-AA69DAAB-9816-4D74-A21E-946A6A9C85A0", "properties": {"name": "Rating Agency", "documentation": "", "auditing": "", "monitoring": "", "boundaryvisible": true, "processname": "", "status": "None", "adhoc": "", "adhocordering": "Parallel", "adhoccompletioncondition": "", "suppressjoinfailure": "", "enableinstancecompensation": "", "processcategories": "", "processdocumentation": "", "multiinstance": "", "minimum": 2, "maximum": 2, "processtype": "None", "isclosed": "", "isexecutable": "", "bgcolor": "#ffffff"}, "stencil": {"id": "CollapsedPool"}, "childShapes": [], "outgoing": [{"resourceId": "sid-0292E23E-9F59-465D-A9BA-FCE9ED60D43D"}], "bounds": {"lowerRight": {"x": 875, "y": 1080}, "upperLeft": {"x": 375, "y": 1020}}, "dockers": []}, {"resourceId": "sid-69CFBDCE-5970-449D-8C14-9FAEB57792EB", "properties": {"name": "amount > 20*income", "documentation": "", "auditing": "", "monitoring": "", "conditiontype": "None", "conditionexpression": "", "isimmediate": "", "showdiamondmarker": false, "probability": ""}, "stencil": {"id": "SequenceFlow"}, "childShapes": [], "outgoing": [{"resourceId": "sid-EABBBD25-1478-411B-99AD-B368689ABA86"}], "bounds": {"lowerRight": {"x": 824.16730009872162555, "y": 440.5}, "upperLeft": {"x": 670, "y": 440.5}}, "dockers": [{"x": 20.5, "y": 20.5}, {"x": 18.236331143416919076, "y": 28}], "target": {"resourceId": "sid-EABBBD25-1478-411B-99AD-B368689ABA86"}}, {"resourceId": "sid-4DCF3BFC-C3B2-40FC-A808-72EC17B4ADC0", "properties": {"name": "Amount <= 20*income", "documentation": "", "auditing": "", "monitoring": "", "conditiontype": "None", "conditionexpression": "", "isimmediate": "", "showdiamondmarker": false, "probability": ""}, "stencil": {"id": "SequenceFlow"}, "childShapes": [], "outgoing": [{"resourceId": "sid-D1540FEF-CB69-490E-8F69-F0A69F20D0B3"}], "bounds": {"lowerRight": {"x": 944.42286444586045491, "y": 509}, "upperLeft": {"x": 650.5, "y": 460}}, "dockers": [{"x": 20.5, "y": 20.5}, {"x": 650.5, "y": 509}, {"x": 1, "y": 27.5}], "labels": [{"distance": 7.5, "x": 650.5, "y": 486.00000000000005684, "from": 0, "to": 1, "orientation": "ul", "valign": "top", "align": "left", "ref": "text_name"}], "target": {"resourceId": "sid-D1540FEF-CB69-490E-8F69-F0A69F20D0B3"}}, {"resourceId": "sid-37BE7A25-713D-43EA-9501-74FA0271AEE9", "properties": {"name": "Amount > 100 000\u20ac", "documentation": "", "auditing": "", "monitoring": "", "conditiontype": "None", "conditionexpression": "", "isimmediate": "", "showdiamondmarker": "", "probability": ""}, "stencil": {"id": "SequenceFlow"}, "childShapes": [], "outgoing": [{"resourceId": "sid-71D2A662-7C42-4712-8271-4C99D0B2415F"}], "bounds": {"lowerRight": {"x": 629.9970703125, "y": 510.484375}, "upperLeft": {"x": 482.25, "y": 440}}, "dockers": [{"x": 20.5, "y": 20.5}, {"x": 482.25, "y": 440}, {"x": 20, "y": 20}], "labels": [{"distance": 7, "x": 483.33527411672434937, "y": 440, "from": 1, "to": 2, "orientation": "ll", "valign": "bottom", "align": "left", "ref": "text_name"}], "target": {"resourceId": "sid-71D2A662-7C42-4712-8271-4C99D0B2415F"}}, {"resourceId": "sid-68EDD964-2771-4D34-BCAE-39E58D0FFA47", "properties": {"name": "", "documentation": "", "auditing": "", "monitoring": "", "conditiontype": "None", "conditionexpression": "", "isimmediate": "", "showdiamondmarker": false, "probability": ""}, "stencil": {"id": "SequenceFlow"}, "childShapes": [], "outgoing": [{"resourceId": "sid-EDA708E5-8129-42A9-A74C-BCFE8816072E"}], "bounds": {"lowerRight": {"x": 654.1572265625, "y": 769}, "upperLeft": {"x": 572.0341796875, "y": 769}}, "dockers": [{"x": 18.125, "y": 15}, {"x": 15, "y": 15}], "target": {"resourceId": "sid-EDA708E5-8129-42A9-A74C-BCFE8816072E"}}, {"resourceId": "sid-8EDDAD8B-BD98-4D69-8A0F-E0C275F85472", "properties": {"name": "Amount <= 100 000", "documentation": "", "auditing": "", "monitoring": "", "conditiontype": "None", "conditionexpression": "", "isimmediate": "", "showdiamondmarker": "", "probability": ""}, "stencil": {"id": "SequenceFlow"}, "childShapes": [], "outgoing": [{"resourceId": "sid-DA44C666-14CA-4E24-98CA-820B807AD2CF"}], "bounds": {"lowerRight": {"x": 541.19921875, "y": 769}, "upperLeft": {"x": 482.25, "y": 551}}, "dockers": [{"x": 20.5, "y": 20.5}, {"x": 482.25, "y": 769}, {"x": 15, "y": 15}], "target": {"resourceId": "sid-DA44C666-14CA-4E24-98CA-820B807AD2CF"}}, {"resourceId": "sid-74BC893F-523A-4C23-81C0-1318D5E01D7B", "properties": {"name": "", "documentation": "", "auditing": "", "monitoring": "", "conditiontype": "None", "conditionexpression": "", "isimmediate": "", "showdiamondmarker": "", "probability": ""}, "stencil": {"id": "SequenceFlow"}, "childShapes": [], "outgoing": [{"resourceId": "sid-8AAB3DF3-86E8-4BBB-AD6B-86BC73ABC668"}], "bounds": {"lowerRight": {"x": 726.5, "y": 769}, "upperLeft": {"x": 685.1875, "y": 769}}, "dockers": [{"x": 15, "y": 15}, {"x": 20, "y": 20}], "target": {"resourceId": "sid-8AAB3DF3-86E8-4BBB-AD6B-86BC73ABC668"}}, {"resourceId": "sid-B4BB1E6E-8452-4D19-A49A-9ED2EDB8B927", "properties": {"name": "", "documentation": "", "auditing": "", "monitoring": ""}, "stencil": {"id": "MessageFlow"}, "childShapes": [], "outgoing": [{"resourceId": "sid-AA69DAAB-9816-4D74-A21E-946A6A9C85A0"}], "bounds": {"lowerRight": {"x": 556.73536862306718831, "y": 1019.391705067653902}, "upperLeft": {"x": 556.50974856443281169, "y": 784.24892206802871897}}, "dockers": [{"x": 15, "y": 15}, {"x": 181.5, "y": 9.551726232700161745}], "target": {"resourceId": "sid-AA69DAAB-9816-4D74-A21E-946A6A9C85A0"}}, {"resourceId": "sid-0292E23E-9F59-465D-A9BA-FCE9ED60D43D", "properties": {"name": "", "documentation": "", "auditing": "", "monitoring": ""}, "stencil": {"id": "MessageFlow"}, "childShapes": [], "outgoing": [{"resourceId": "sid-EDA708E5-8129-42A9-A74C-BCFE8816072E"}], "bounds": {"lowerRight": {"x": 669.7343736363801554, "y": 1019.6484914386363698}, "upperLeft": {"x": 669.5048841761198446, "y": 784.97907636471495607}}, "dockers": [{"x": 294.5, "y": 4.6429114519022505192}, {"x": 15, "y": 15}], "target": {"resourceId": "sid-EDA708E5-8129-42A9-A74C-BCFE8816072E"}}, {"resourceId": "sid-5983FA5A-6643-4A85-8134-B052E523CEC6", "properties": {"name": "loan request", "documentation": "", "auditing": "", "monitoring": "", "categories": "", "properties": "", "bgcolor": "#ffffff", "state": "", "input_output": "None", "iscollection": ""}, "stencil": {"id": "DataObject"}, "childShapes": [], "outgoing": [{"resourceId": "sid-22FD1B53-B986-4162-9B14-619B760AAB92"}], "bounds": {"lowerRight": {"x": 281, "y": 320}, "upperLeft": {"x": 210, "y": 270}}, "dockers": []}, {"resourceId": "sid-510B1F9B-E243-4590-9676-D2D79466C8AE", "properties": {"name": "Customer", "documentation": "", "auditing": "", "monitoring": "", "boundaryvisible": true, "processname": "", "status": "None", "adhoc": "", "adhocordering": "Parallel", "adhoccompletioncondition": "", "suppressjoinfailure": "", "enableinstancecompensation": "", "processcategories": "", "processdocumentation": "", "multiinstance": "", "minimum": 2, "maximum": 2, "processtype": "None", "isclosed": "", "isexecutable": "", "bgcolor": "#ffffff"}, "stencil": {"id": "CollapsedPool"}, "childShapes": [], "outgoing": [], "bounds": {"lowerRight": {"x": 1790, "y": 180}, "upperLeft": {"x": 120.25, "y": 120}}, "dockers": []}, {"resourceId": "sid-6E14965F-4CF2-46FE-96BB-33E1299F1023", "properties": {"name": "", "documentation": "", "auditing": "", "monitoring": ""}, "stencil": {"id": "MessageFlow"}, "childShapes": [], "outgoing": [{"resourceId": "sid-D0B67AFB-20A1-4E60-8079-02370FCF6316"}], "bounds": {"lowerRight": {"x": 195.25, "y": 515.48046875}, "upperLeft": {"x": 195.25, "y": 177}}, "dockers": [{"x": 195.25, "y": 177}, {"x": 15, "y": 15}], "target": {"resourceId": "sid-D0B67AFB-20A1-4E60-8079-02370FCF6316"}}, {"resourceId": "sid-22FD1B53-B986-4162-9B14-619B760AAB92", "properties": {"assignments": "", "transformation": "", "type": "none"}, "stencil": {"id": "Association_Undirected"}, "childShapes": [], "outgoing": [{"resourceId": "sid-6E14965F-4CF2-46FE-96BB-33E1299F1023"}], "bounds": {"lowerRight": {"x": 220.36910994764397742, "y": 346.240234375}, "upperLeft": {"x": 195.25, "y": 320}}, "dockers": [{"x": 35.5, "y": 25}, {"x": 0, "y": 167.98828125}], "target": {"resourceId": "sid-6E14965F-4CF2-46FE-96BB-33E1299F1023"}}, {"resourceId": "sid-66D88CD1-117F-41BE-8DFE-4CBE6A2AD5BE", "properties": {"name": "", "documentation": "", "auditing": "", "monitoring": ""}, "stencil": {"id": "MessageFlow"}, "childShapes": [], "outgoing": [{"resourceId": "sid-510B1F9B-E243-4590-9676-D2D79466C8AE"}], "bounds": {"lowerRight": {"x": 1030.75, "y": 479.40730889973480089}, "upperLeft": {"x": 1030.75, "y": 180}}, "dockers": [{"x": 85.75, "y": 1.6324356013024043932}, {"x": 910.5, "y": 48}], "target": {"resourceId": "sid-510B1F9B-E243-4590-9676-D2D79466C8AE"}}, {"resourceId": "sid-F954B064-509C-403D-831D-813D053C30AB", "properties": {"name": "", "documentation": "", "auditing": "", "monitoring": "", "conditiontype": "None", "conditionexpression": "", "isimmediate": "", "showdiamondmarker": "", "probability": ""}, "stencil": {"id": "SequenceFlow"}, "childShapes": [], "outgoing": [{"resourceId": "sid-B79E8172-B22F-4802-8EC9-27DF71019063"}], "bounds": {"lowerRight": {"x": 461.724609375, "y": 531}, "upperLeft": {"x": 210.798828125, "y": 531}}, "dockers": [{"x": 15, "y": 15}, {"x": 20, "y": 20}], "target": {"resourceId": "sid-B79E8172-B22F-4802-8EC9-27DF71019063"}}, {"resourceId": "sid-0FF6F5B7-4F8F-4AD5-9437-591F6F19A59E", "properties": {"name": "", "documentation": "", "auditing": "", "monitoring": ""}, "stencil": {"id": "MessageFlow"}, "childShapes": [], "outgoing": [{"resourceId": "sid-510B1F9B-E243-4590-9676-D2D79466C8AE"}], "bounds": {"lowerRight": {"x": 1114, "y": 689.578125}, "upperLeft": {"x": 1050, "y": 182}}, "dockers": [{"x": 15, "y": 15}, {"x": 1050, "y": 563}, {"x": 1114, "y": 563}, {"x": 993.75, "y": 62}], "target": {"resourceId": "sid-510B1F9B-E243-4590-9676-D2D79466C8AE"}}, {"resourceId": "sid-E6D88C5B-2F55-4264-8C7C-6746E39B21ED", "properties": {"name": "Rating OK", "documentation": "", "auditing": "", "monitoring": "", "conditiontype": "None", "conditionexpression": "", "isimmediate": "", "showdiamondmarker": "", "probability": ""}, "stencil": {"id": "SequenceFlow"}, "childShapes": [], "outgoing": [{"resourceId": "sid-681E1D8F-6C9B-46EE-A2B2-8497DEF5EEAC"}], "bounds": {"lowerRight": {"x": 890.5898484259671477, "y": 769.43834816032403978}, "upperLeft": {"x": 767.4101515740328523, "y": 769.06165183967596022}}, "dockers": [{"x": 20.5, "y": 20.5}, {"x": 20, "y": 20}], "target": {"resourceId": "sid-681E1D8F-6C9B-46EE-A2B2-8497DEF5EEAC"}}, {"resourceId": "sid-B4FFD238-6E1E-4884-A718-1249BB2338BE", "properties": {"name": "Amount > 25 000\u20ac", "documentation": "", "auditing": "", "monitoring": "", "conditiontype": "None", "conditionexpression": "", "isimmediate": "", "showdiamondmarker": "", "probability": ""}, "stencil": {"id": "SequenceFlow"}, "childShapes": [], "outgoing": [{"resourceId": "sid-C7949F19-E21D-4349-8B13-A79C8BD7978D"}], "bounds": {"lowerRight": {"x": 1034.908203125, "y": 748.34375}, "upperLeft": {"x": 911.25, "y": 705}}, "dockers": [{"x": 20.5, "y": 20.5}, {"x": 911.25, "y": 705}, {"x": 15, "y": 15}], "labels": [{"distance": 7, "x": 1002.28125, "y": 705, "from": 1, "to": 2, "orientation": "lr", "valign": "bottom", "align": "left", "ref": "text_name"}], "target": {"resourceId": "sid-C7949F19-E21D-4349-8B13-A79C8BD7978D"}}, {"resourceId": "sid-015468A1-127D-43A8-BD04-C445F396D22D", "properties": {"name": "", "documentation": "", "auditing": "", "monitoring": "", "conditiontype": "None", "conditionexpression": "", "isimmediate": "", "showdiamondmarker": "", "probability": ""}, "stencil": {"id": "SequenceFlow"}, "childShapes": [], "outgoing": [{"resourceId": "sid-2207E4D2-0356-4C3E-AADC-C12BC5C06786"}], "bounds": {"lowerRight": {"x": 1143.740234375, "y": 705}, "upperLeft": {"x": 1065.509765625, "y": 705}}, "dockers": [{"x": 15, "y": 15}, {"x": 15, "y": 15}], "target": {"resourceId": "sid-2207E4D2-0356-4C3E-AADC-C12BC5C06786"}}, {"resourceId": "sid-9EF46D84-D4A0-40AD-A417-56EB5A1411D5", "properties": {"name": "", "documentation": "", "auditing": "", "monitoring": ""}, "stencil": {"id": "MessageFlow"}, "childShapes": [], "outgoing": [{"resourceId": "sid-2207E4D2-0356-4C3E-AADC-C12BC5C06786"}], "bounds": {"lowerRight": {"x": 1159.25, "y": 689.64453125}, "upperLeft": {"x": 1159.25, "y": 180}}, "dockers": [{"x": 1159.25, "y": 180}, {"x": 15, "y": 15}], "target": {"resourceId": "sid-2207E4D2-0356-4C3E-AADC-C12BC5C06786"}}, {"resourceId": "sid-EFCDA69D-17F8-462D-B5F0-63E9617D8127", "properties": {"name": "", "documentation": "", "auditing": "", "monitoring": ""}, "stencil": {"id": "MessageFlow"}, "childShapes": [], "outgoing": [{"resourceId": "sid-510B1F9B-E243-4590-9676-D2D79466C8AE"}], "bounds": {"lowerRight": {"x": 930.25, "y": 412.5}, "upperLeft": {"x": 850, "y": 180}}, "dockers": [{"x": 25, "y": 1}, {"x": 850, "y": 296.25}, {"x": 930.25, "y": 296.25}, {"x": 810, "y": 59}], "target": {"resourceId": "sid-510B1F9B-E243-4590-9676-D2D79466C8AE"}}, {"resourceId": "sid-C75A0C71-0133-40CB-9794-B762D942ED81", "properties": {"name": "", "documentation": "", "auditing": "", "monitoring": "", "conditiontype": "None", "conditionexpression": "", "isimmediate": "", "showdiamondmarker": "", "probability": ""}, "stencil": {"id": "SequenceFlow"}, "childShapes": [], "outgoing": [{"resourceId": "sid-BB587922-0B75-468A-BBE6-436A81D5C760"}], "bounds": {"lowerRight": {"x": 1244.998046875, "y": 705}, "upperLeft": {"x": 1175.12109375, "y": 705}}, "dockers": [{"x": 15, "y": 15}, {"x": 20, "y": 20}], "target": {"resourceId": "sid-BB587922-0B75-468A-BBE6-436A81D5C760"}}, {"resourceId": "sid-23E13A14-F214-4F88-AD7F-24EB3F780A6D", "properties": {"name": "Amount <= 25 000\u20ac", "documentation": "", "auditing": "", "monitoring": "", "conditiontype": "None", "conditionexpression": "", "isimmediate": "", "showdiamondmarker": false, "probability": ""}, "stencil": {"id": "SequenceFlow"}, "childShapes": [], "outgoing": [{"resourceId": "sid-33214ACF-C1B2-44F8-BE41-DF4EE5D4016F"}], "bounds": {"lowerRight": {"x": 1500, "y": 822.5}, "upperLeft": {"x": 911.25, "y": 789}}, "dockers": [{"x": 20.5, "y": 20.5}, {"x": 911.25, "y": 822.5}, {"x": 1, "y": 27.5}], "labels": [{"distance": 7.0142672284123941395, "x": 919.87778248536596948, "y": 822.5, "from": 1, "to": 2, "orientation": "ll", "valign": "bottom", "align": "left", "ref": "text_name"}], "target": {"resourceId": "sid-33214ACF-C1B2-44F8-BE41-DF4EE5D4016F"}}, {"resourceId": "sid-F733FDA0-0FE0-472D-A76E-ABA2B3E55F65", "properties": {"name": "Securities adequate", "documentation": "", "auditing": "", "monitoring": "", "conditiontype": "None", "conditionexpression": "", "isimmediate": "", "showdiamondmarker": false, "probability": ""}, "stencil": {"id": "SequenceFlow"}, "childShapes": [], "outgoing": [{"resourceId": "sid-21C98CFB-9DF7-4D75-9119-D530B9FE8B9B"}], "bounds": {"lowerRight": {"x": 1439.3144571833838654, "y": 705.44246350871333107}, "upperLeft": {"x": 1285.6953084416161346, "y": 705.00480211628666893}}, "dockers": [{"x": 20.5, "y": 20.5}, {"x": 1, "y": 27.5}], "labels": [{"distance": 7, "x": 1419.7882244788991102, "y": 705.06043240889198387, "from": 0, "to": 1, "orientation": "lr", "valign": "bottom", "align": "right", "ref": "text_name"}], "target": {"resourceId": "sid-21C98CFB-9DF7-4D75-9119-D530B9FE8B9B"}}, {"resourceId": "sid-385FF45E-AEF3-4C31-A197-AB0F91AB1A11", "properties": {"name": "", "documentation": "", "auditing": "", "monitoring": ""}, "stencil": {"id": "MessageFlow"}, "childShapes": [], "outgoing": [{"resourceId": "sid-510B1F9B-E243-4590-9676-D2D79466C8AE"}], "bounds": {"lowerRight": {"x": 1490, "y": 677.5}, "upperLeft": {"x": 1490, "y": 180}}, "dockers": [{"x": 50, "y": 1}, {"x": 1369.75, "y": 54}], "target": {"resourceId": "sid-510B1F9B-E243-4590-9676-D2D79466C8AE"}}, {"resourceId": "sid-3B2F3DD9-E849-4759-9DF7-502382C2E1E1", "properties": {"name": "", "documentation": "", "auditing": "", "monitoring": ""}, "stencil": {"id": "MessageFlow"}, "childShapes": [], "outgoing": [{"resourceId": "sid-510B1F9B-E243-4590-9676-D2D79466C8AE"}], "bounds": {"lowerRight": {"x": 1558.9131832797427251, "y": 794.39268279110569893}, "upperLeft": {"x": 1550.0232570014147768, "y": 180}}, "dockers": [{"x": 50, "y": 1}, {"x": 1438.75, "y": 54}], "target": {"resourceId": "sid-510B1F9B-E243-4590-9676-D2D79466C8AE"}}, {"resourceId": "sid-5219A00D-0750-462F-9444-ECC4FECF7A1A", "properties": {"name": "loan proposal", "documentation": "", "auditing": "", "monitoring": "", "categories": "", "properties": "", "bgcolor": "#ffffff", "state": "", "input_output": "None", "iscollection": ""}, "stencil": {"id": "DataObject"}, "childShapes": [], "outgoing": [{"resourceId": "sid-BCD04697-C8F6-4060-961F-0F407D713896"}, {"resourceId": "sid-B8472D48-372F-4A52-83E1-5EB377E16C6B"}, {"resourceId": "sid-F4245E7B-302A-4FBA-AB9F-BEB173EB2C77"}, {"resourceId": "sid-7CA40607-CE1A-484D-8551-807F899446DC"}], "bounds": {"lowerRight": {"x": 1348, "y": 272}, "upperLeft": {"x": 1260, "y": 210}}, "dockers": []}, {"resourceId": "sid-BCD04697-C8F6-4060-961F-0F407D713896", "properties": {"assignments": "", "transformation": "", "type": "none"}, "stencil": {"id": "Association_Undirected"}, "childShapes": [], "outgoing": [{"resourceId": "sid-385FF45E-AEF3-4C31-A197-AB0F91AB1A11"}], "bounds": {"lowerRight": {"x": 1490, "y": 428.75}, "upperLeft": {"x": 1340.3353415755368587, "y": 272}}, "dockers": [{"x": 44, "y": 30.999999999999996447}, {"x": 0, "y": 219.6884765625}], "target": {"resourceId": "sid-385FF45E-AEF3-4C31-A197-AB0F91AB1A11"}}, {"resourceId": "sid-B8472D48-372F-4A52-83E1-5EB377E16C6B", "properties": {"assignments": "", "transformation": "", "type": "none"}, "stencil": {"id": "Association_Undirected"}, "childShapes": [], "outgoing": [{"resourceId": "sid-3B2F3DD9-E849-4759-9DF7-502382C2E1E1"}], "bounds": {"lowerRight": {"x": 1554.4682201405787509, "y": 487.19634139555284946}, "upperLeft": {"x": 1348, "y": 265.77477477477475531}}, "dockers": [{"x": 44, "y": 30.999999999999996447}, {"x": 1526, "y": 366}, {"x": 4, "y": 331.517578125}], "target": {"resourceId": "sid-3B2F3DD9-E849-4759-9DF7-502382C2E1E1"}}, {"resourceId": "sid-F4245E7B-302A-4FBA-AB9F-BEB173EB2C77", "properties": {"assignments": "", "transformation": "", "type": "none"}, "stencil": {"id": "Association_Undirected"}, "childShapes": [], "outgoing": [{"resourceId": "sid-66D88CD1-117F-41BE-8DFE-4CBE6A2AD5BE"}], "bounds": {"lowerRight": {"x": 1259.2942046401440166, "y": 329.70365444986737202}, "upperLeft": {"x": 1030.75, "y": 256.76193719922412129}}, "dockers": [{"x": 44, "y": 30.999999999999996447}, {"x": 0, "y": 157.33984375}], "target": {"resourceId": "sid-66D88CD1-117F-41BE-8DFE-4CBE6A2AD5BE"}}, {"resourceId": "sid-7CA40607-CE1A-484D-8551-807F899446DC", "properties": {"assignments": "", "transformation": "", "type": "none"}, "stencil": {"id": "Association_Undirected"}, "childShapes": [], "outgoing": [{"resourceId": "sid-EFCDA69D-17F8-462D-B5F0-63E9617D8127"}], "bounds": {"lowerRight": {"x": 1259.5599183235635792, "y": 296.25}, "upperLeft": {"x": 890.125, "y": 247.04902681134035447}}, "dockers": [{"x": 44, "y": 30.999999999999996447}, {"x": 0, "y": 122.796875}], "target": {"resourceId": "sid-EFCDA69D-17F8-462D-B5F0-63E9617D8127"}}, {"resourceId": "sid-C4384B77-78D1-4C1B-BB8E-4C91EE02787C", "properties": {"assignments": "", "transformation": "", "type": "none"}, "stencil": {"id": "Association_Undirected"}, "childShapes": [], "outgoing": [{"resourceId": "sid-9EF46D84-D4A0-40AD-A417-56EB5A1411D5"}], "bounds": {"lowerRight": {"x": 1265.8364950874374699, "y": 434.822265625}, "upperLeft": {"x": 1159.25, "y": 365}}, "dockers": [{"x": 44, "y": 25}, {"x": 0, "y": 254.822265625}], "target": {"resourceId": "sid-9EF46D84-D4A0-40AD-A417-56EB5A1411D5"}}, {"resourceId": "sid-7A870189-0DA3-4BF7-BBE7-BA3944C84990", "properties": {"name": "Securities", "documentation": "", "auditing": "", "monitoring": "", "categories": "", "properties": "", "bgcolor": "#ffffff", "state": "", "input_output": "None", "iscollection": ""}, "stencil": {"id": "DataObject"}, "childShapes": [], "outgoing": [{"resourceId": "sid-C4384B77-78D1-4C1B-BB8E-4C91EE02787C"}], "bounds": {"lowerRight": {"x": 1348, "y": 365}, "upperLeft": {"x": 1260, "y": 315}}, "dockers": []}, {"resourceId": "sid-2E0590F1-2293-4DDA-A7BC-3F6E82F8B488", "properties": {"name": "Rating request", "documentation": "", "auditing": "", "monitoring": "", "categories": "", "properties": "", "bgcolor": "#ffffff", "state": "", "input_output": "None", "iscollection": ""}, "stencil": {"id": "DataObject"}, "childShapes": [], "outgoing": [{"resourceId": "sid-93CC8828-894D-4CE4-968D-ABC9CB534B96"}], "bounds": {"lowerRight": {"x": 501.75, "y": 950}, "upperLeft": {"x": 375, "y": 900}}, "dockers": []}, {"resourceId": "sid-93CC8828-894D-4CE4-968D-ABC9CB534B96", "properties": {"assignments": "", "transformation": "", "type": "none"}, "stencil": {"id": "Association_Undirected"}, "childShapes": [], "outgoing": [{"resourceId": "sid-B4BB1E6E-8452-4D19-A49A-9ED2EDB8B927"}], "bounds": {"lowerRight": {"x": 556.62255859375, "y": 912.57680374032099735}, "upperLeft": {"x": 501.75, "y": 901.82031356784136733}}, "dockers": [{"x": 63.375, "y": 25}, {"x": 0.11281002931718830951, "y": 117.57139149981259152}], "target": {"resourceId": "sid-B4BB1E6E-8452-4D19-A49A-9ED2EDB8B927"}}, {"resourceId": "sid-F84532E9-B9FF-4CEE-A88B-A7BE2F6BFCD1", "properties": {"name": "Rating", "documentation": "", "auditing": "", "monitoring": "", "categories": "", "properties": "", "bgcolor": "#ffffff", "state": "", "input_output": "None", "iscollection": ""}, "stencil": {"id": "DataObject"}, "childShapes": [], "outgoing": [{"resourceId": "sid-FAC482EF-FF6B-4836-AE62-D7067AEE1E31"}], "bounds": {"lowerRight": {"x": 821, "y": 950}, "upperLeft": {"x": 720, "y": 900}}, "dockers": []}, {"resourceId": "sid-FAC482EF-FF6B-4836-AE62-D7067AEE1E31", "properties": {"assignments": "", "transformation": "", "type": "none"}, "stencil": {"id": "Association_Undirected"}, "childShapes": [], "outgoing": [{"resourceId": "sid-0292E23E-9F59-465D-A9BA-FCE9ED60D43D"}], "bounds": {"lowerRight": {"x": 719.08418012377683226, "y": 913.43748899872173297}, "upperLeft": {"x": 669.61962890625, "y": 902.3137839016756061}}, "dockers": [{"x": 50.5, "y": 25}, {"x": 0.11474473013015540346, "y": 117.33470753696070688}], "target": {"resourceId": "sid-0292E23E-9F59-465D-A9BA-FCE9ED60D43D"}}, {"resourceId": "sid-243471B4-7198-46BA-B95D-7B917D500455", "properties": {"name": "Bad Rating", "documentation": "", "auditing": "", "monitoring": "", "conditiontype": "None", "conditionexpression": "", "isimmediate": "", "showdiamondmarker": false, "probability": ""}, "stencil": {"id": "SequenceFlow"}, "childShapes": [], "outgoing": [{"resourceId": "sid-EABBBD25-1478-411B-99AD-B368689ABA86"}], "bounds": {"lowerRight": {"x": 837.75, "y": 748.6484375}, "upperLeft": {"x": 747.25, "y": 467.5}}, "dockers": [{"x": 20.5, "y": 20.5}, {"x": 747.25, "y": 588}, {"x": 837.75, "y": 588}, {"x": 12.75, "y": 42.375}], "target": {"resourceId": "sid-EABBBD25-1478-411B-99AD-B368689ABA86"}}, {"resourceId": "sid-C94AD927-B70E-4BE6-B2AA-11D0531D008E", "properties": {"name": "", "documentation": "", "auditing": "", "monitoring": "", "conditiontype": "None", "conditionexpression": "", "isimmediate": "", "showdiamondmarker": "", "probability": ""}, "stencil": {"id": "SequenceFlow"}, "childShapes": [], "outgoing": [{"resourceId": "sid-7394D43C-5A6F-42A5-9B3F-2C1A1FE0954F"}], "bounds": {"lowerRight": {"x": 1604.8984450114830906, "y": 705.44534281012204247}, "upperLeft": {"x": 1540, "y": 705.19379844961235904}}, "dockers": [{"x": 50, "y": 27.5}, {"x": 14, "y": 14}], "target": {"resourceId": "sid-7394D43C-5A6F-42A5-9B3F-2C1A1FE0954F"}}, {"resourceId": "sid-41A4ECBA-6554-4226-9188-AFCE1CE2AD19", "properties": {"name": "", "documentation": "", "auditing": "", "monitoring": "", "conditiontype": "None", "conditionexpression": "", "isimmediate": "", "showdiamondmarker": "", "probability": ""}, "stencil": {"id": "SequenceFlow"}, "childShapes": [], "outgoing": [{"resourceId": "sid-472442A6-8DCD-483F-BC81-82A3D4F3AF38"}], "bounds": {"lowerRight": {"x": 1649.6406346182052403, "y": 822.93702032727287587}, "upperLeft": {"x": 1600, "y": 822.71929824561402711}}, "dockers": [{"x": 50, "y": 27.5}, {"x": 14, "y": 14}], "target": {"resourceId": "sid-472442A6-8DCD-483F-BC81-82A3D4F3AF38"}}, {"resourceId": "sid-C364E383-378D-4EF2-B7F0-5A4B87717240", "properties": {"name": "Securities unadequate", "documentation": "", "auditing": "", "monitoring": "", "conditiontype": "None", "conditionexpression": "", "isimmediate": "", "showdiamondmarker": false, "probability": ""}, "stencil": {"id": "SequenceFlow"}, "childShapes": [], "outgoing": [], "bounds": {"lowerRight": {"x": 1265.5, "y": 684.2890625}, "upperLeft": {"x": 993, "y": 535}}, "dockers": [{"x": 20.5, "y": 20.5}, {"x": 1265.5, "y": 606}, {"x": 993, "y": 606}, {"x": 993, "y": 535}], "labels": [{"distance": -7, "x": 1189, "y": 606, "from": 1, "to": 2, "orientation": "ll", "valign": "bottom", "align": "left", "ref": "text_name"}]}, {"resourceId": "sid-30104382-C6F0-498F-9AFB-C178AA680B51", "properties": {"name": "", "documentation": "", "auditing": "", "monitoring": "", "conditiontype": "None", "conditionexpression": "", "isimmediate": "", "showdiamondmarker": "", "probability": ""}, "stencil": {"id": "SequenceFlow"}, "childShapes": [], "outgoing": [{"resourceId": "sid-05FD3CB2-783F-4E7D-9A49-846EF76D5C1A"}], "bounds": {"lowerRight": {"x": 1079.0781377535565753, "y": 507.9246370593613733}, "upperLeft": {"x": 1045, "y": 507.75252525252523128}}, "dockers": [{"x": 50, "y": 27.5}, {"x": 14, "y": 14}], "target": {"resourceId": "sid-05FD3CB2-783F-4E7D-9A49-846EF76D5C1A"}}, {"resourceId": "sid-C0135AAB-A821-466A-9274-163366FDB821", "properties": {"name": "", "documentation": "", "auditing": "", "monitoring": "", "conditiontype": "None", "conditionexpression": "", "isimmediate": "", "showdiamondmarker": "", "probability": ""}, "stencil": {"id": "SequenceFlow"}, "childShapes": [], "outgoing": [{"resourceId": "sid-4C0E39C1-33F8-451D-B746-263CF809E64A"}], "bounds": {"lowerRight": {"x": 980.875, "y": 440}, "upperLeft": {"x": 925, "y": 440}}, "dockers": [{"x": 50, "y": 27.5}, {"x": 14, "y": 14}], "target": {"resourceId": "sid-4C0E39C1-33F8-451D-B746-263CF809E64A"}}], "bounds": {"lowerRight": {"x": 1890, "y": 1180}, "upperLeft": {"x": 0, "y": 0}}, "stencilset": {"url": "/stencilsets/bpmn2.0/bpmn2.0.json?version=4.3.4", "namespace": "http://b3mn.org/stencilset/bpmn2.0#"}, "ssextensions": []}