{"bounds": {"lowerRight": {"y": 1140, "x": 2779.2830647734294871}, "upperLeft": {"y": 0, "x": 0}}, "resourceId": "canvas", "childShapes": [{"dockers": [], "bounds": {"lowerRight": {"y": 79.320247961101188139, "x": 1361.2180166276793898}, "upperLeft": {"y": 13, "x": 11.053929451991734823}}, "resourceId": "sid-2E5761FD-BC2B-43E5-8EAE-DBCB45006C06", "layers": [], "labels": [], "childShapes": [{"dockers": [], "bounds": {"lowerRight": {"y": 66.320247961101188139, "x": 1350.164087175687655}, "upperLeft": {"y": 0, "x": 30}}, "resourceId": "sid-17CD9704-8B14-477C-A768-51DCC79F61DF", "layers": [], "labels": [], "childShapes": [{"dockers": [], "bounds": {"lowerRight": {"y": 48, "x": 64.100004024386635137}, "upperLeft": {"y": 18, "x": 34.100004024386635137}}, "resourceId": "sid-B2752559-0A17-40CD-9489-2B5179674878", "layers": [], "labels": [{"ref": "text_name", "valign": "middle", "y": -1, "x": 96}], "childShapes": [], "properties": {"trigger": "None", "monitoring": "", "outputset": "", "applyincalc": "true", "frequency": "", "bgcolor": "#ffffff", "bordercolor": "#000000", "dataoutputassociations": "", "name": "G", "documentation": "", "dataoutput": "", "auditing": "", "processid": ""}, "stencil": {"id": "StartNoneEvent"}, "outgoing": [{"resourceId": "sid-FA2C41B9-B6D9-4F11-9703-FBE1A1F79B46"}], "glossaryLinks": {}, "formats": {}}, {"dockers": [], "bounds": {"lowerRight": {"y": 47, "x": 1192.4560914016221886}, "upperLeft": {"y": 19, "x": 1164.4560914016221886}}, "resourceId": "sid-9C5EFDAD-020B-4B98-8643-41C705D75BDC", "layers": [], "labels": [], "childShapes": [], "properties": {"inputset": "", "trigger": "None", "bordercolor": "#000000", "monitoring": "", "datainputassociations": "", "name": "", "documentation": "", "auditing": "", "datainput": "", "bgcolor": "#ffffff"}, "stencil": {"id": "EndNoneEvent"}, "outgoing": [], "glossaryLinks": {}, "formats": {}}, {"dockers": [], "bounds": {"lowerRight": {"y": 47, "x": 261.75001509144988177}, "upperLeft": {"y": 19, "x": 233.75001509144988177}}, "resourceId": "sid-880E6B86-1F53-49DA-A002-B1B11F144D68", "layers": [], "labels": [{"ref": "text_name", "align": "left", "valign": "middle", "right": true, "y": 14, "x": 34}], "childShapes": [], "properties": {"inputset": "", "trigger": "None", "bordercolor": "#000000", "monitoring": "", "datainputassociations": "", "name": "H", "documentation": "", "auditing": "", "datainput": "", "bgcolor": "#ffffff"}, "stencil": {"id": "EndNoneEvent"}, "outgoing": [], "glossaryLinks": {}, "formats": {}}, {"dockers": [], "bounds": {"lowerRight": {"y": 47, "x": 842.94607054800826518}, "upperLeft": {"y": 19, "x": 814.94607054800826518}}, "resourceId": "sid-A37D4A8F-B6C9-4EEB-9919-7CCE7B0F5374", "layers": [], "labels": [{"ref": "text_name", "align": "left", "valign": "middle", "right": true, "y": 14, "x": 34}], "childShapes": [], "properties": {"inputset": "", "trigger": "None", "bordercolor": "#000000", "monitoring": "", "datainputassociations": "", "name": "I", "documentation": "", "auditing": "", "datainput": "", "bgcolor": "#ffffff"}, "stencil": {"id": "EndNoneEvent"}, "outgoing": [], "glossaryLinks": {}, "formats": {}}], "properties": {"showcaption": "true", "bordercolor": "#000000", "monitoring": "", "parentlane": "", "name": "", "documentation": "", "auditing": "", "bgcolor": "", "parentpool": ""}, "stencil": {"id": "Lane"}, "outgoing": [], "glossaryLinks": {}, "formats": {}}], "properties": {"isclosed": "false", "enableinstancecompensation": "false", "boundaryvisible": "true", "monitoring": "", "processcategories": "", "minimum": "2", "status": "None", "isexecutable": "false", "processdocumentation": "", "processtype": "None", "bordercolor": "#000000", "processname": "", "multiinstance": "false", "maximum": "2", "name": "D", "documentation": "", "suppressjoinfailure": "false", "adhoccompletioncondition": "", "auditing": "", "adhocordering": "Parallel", "adhoc": "false", "processid": ""}, "stencil": {"id": "Pool"}, "outgoing": [], "glossaryLinks": {}, "formats": {}}, {"dockers": [], "bounds": {"lowerRight": {"y": 342.26584857228931469, "x": 1361.2180166276793898}, "upperLeft": {"y": 100, "x": 11}}, "resourceId": "sid-280314FE-5225-4C04-AAD7-35E8523E57CB", "layers": [], "labels": [], "childShapes": [{"dockers": [], "bounds": {"lowerRight": {"y": 242.26584857228931469, "x": 1350.2180166276793898}, "upperLeft": {"y": 0, "x": 30}}, "resourceId": "sid-DDE5A8F8-62B6-452B-80A3-C333F4532448", "layers": [], "labels": [], "childShapes": [{"dockers": [], "bounds": {"lowerRight": {"y": 220.03573628493961678, "x": 298.54496985803893949}, "upperLeft": {"y": 139.16073628493961678, "x": 38.720245428313177172}}, "resourceId": "sid-CD2E9C08-7C8D-4726-B246-EE1C93F53C45", "layers": [], "labels": [], "childShapes": [], "properties": {"resources": "", "outmsgstructure": "", "applyincalc": "true", "loopcardinality": "", "outmessagename": "", "inmessagename": "", "bgcolor": "#ffffcc", "bordercolor": "#000000", "time": "", "loopdataoutput": "", "testbefore": "false", "callacitivity": "false", "outmsgiscollection": "false", "monitoring": "", "operationname": "", "dataoutputset": "", "completionquantity": "1", "properties": "", "script": "", "assignments": "", "nonebehavioreventref": "signal", "scriptformat": "", "datainputset": "", "processid": "", "startquantity": "1", "tasktype": "None", "looptype": "None", "instantiate": "false", "behavior": "all", "inmsgimport": "", "costs": "", "inputdataitem": "", "loopdatainput": "", "name": "J", "outmsgitemkind": "Information", "costcenter": "", "completioncondition": "", "isforcompensation": "false", "inmsgiscollection": "false", "inmsgitemkind": "Information", "inmsgstructure": "", "outputdataitem": "", "messageref": "", "loopcondition": "", "onebehavioreventref:": "signal", "implementation": "webService", "operationref": "", "outmsgimport": "", "documentation": "", "categories": "", "auditing": "", "complexbehaviordefinition": ""}, "stencil": {"id": "Task"}, "outgoing": [{"resourceId": "sid-D492900D-BF9E-4F0B-A429-25E57091F694"}], "glossaryLinks": {}, "formats": {}}, {"dockers": [], "bounds": {"lowerRight": {"y": 121.29600905486995543, "x": 129.16866057108427412}, "upperLeft": {"y": 63.350009054869929059, "x": 65.293660571084274125}}, "resourceId": "sid-8D41B3DA-5CEC-41AC-AD93-F0FCB3F41A3B", "layers": [], "labels": [{"ref": "text_name", "valign": "middle", "y": -21, "x": 2}], "childShapes": [], "properties": {"bordercolor": "#000000", "monitoring": "", "name": "K", "documentation": "", "categories": "", "auditing": "", "bgcolor": "#e1e1e1"}, "stencil": {"id": "ITSystem"}, "outgoing": [], "glossaryLinks": {}, "formats": {}}, {"dockers": [], "bounds": {"lowerRight": {"y": 219.16073628493961678, "x": 623.62641510460491645}, "upperLeft": {"y": 138.28573628493961678, "x": 363.80169067487918255}}, "resourceId": "sid-72B1590F-91B5-4B3C-BD5B-8EBD458DE01D", "layers": [], "labels": [], "childShapes": [], "properties": {"resources": "", "outmsgstructure": "", "applyincalc": "true", "loopcardinality": "", "outmessagename": "", "inmessagename": "", "bgcolor": "#ffffcc", "bordercolor": "#000000", "time": "", "loopdataoutput": "", "testbefore": "false", "callacitivity": "false", "outmsgiscollection": "false", "monitoring": "", "operationname": "", "dataoutputset": "", "completionquantity": "1", "properties": "", "script": "", "assignments": "", "nonebehavioreventref": "signal", "scriptformat": "", "datainputset": "", "processid": "", "startquantity": "1", "tasktype": "None", "looptype": "None", "instantiate": "false", "behavior": "all", "inmsgimport": "", "costs": "", "inputdataitem": "", "loopdatainput": "", "name": "L", "outmsgitemkind": "Information", "costcenter": "", "completioncondition": "", "isforcompensation": "false", "inmsgiscollection": "false", "inmsgitemkind": "Information", "inmsgstructure": "", "outputdataitem": "", "messageref": "", "loopcondition": "", "onebehavioreventref:": "signal", "implementation": "webService", "operationref": "", "outmsgimport": "", "documentation": "", "categories": "", "auditing": "", "complexbehaviordefinition": ""}, "stencil": {"id": "Task"}, "outgoing": [{"resourceId": "sid-6DA551CB-647C-4FD2-9F59-C05CE33341AD"}], "glossaryLinks": {}, "formats": {}}], "properties": {"showcaption": "true", "bordercolor": "#000000", "monitoring": "", "parentlane": "", "name": "", "documentation": "", "auditing": "", "bgcolor": "", "parentpool": ""}, "stencil": {"id": "Lane"}, "outgoing": [], "glossaryLinks": {}, "formats": {}}], "properties": {"isclosed": "false", "enableinstancecompensation": "false", "boundaryvisible": "true", "monitoring": "", "processcategories": "", "minimum": "2", "status": "None", "isexecutable": "false", "processdocumentation": "", "processtype": "None", "bordercolor": "#000000", "processname": "", "multiinstance": "false", "maximum": "2", "name": "E", "documentation": "", "suppressjoinfailure": "false", "adhoccompletioncondition": "", "auditing": "", "adhocordering": "Parallel", "adhoc": "false", "processid": ""}, "stencil": {"id": "Pool"}, "outgoing": [], "glossaryLinks": {}, "formats": {}}, {"dockers": [], "bounds": {"lowerRight": {"y": 584.17712340927710102, "x": 1361.2180166276793898}, "upperLeft": {"y": 372.02781199879495944, "x": 14.401964725995904715}}, "resourceId": "sid-5E0F1A68-9221-47E3-BC1F-24FF675D02DA", "layers": [], "labels": [], "childShapes": [{"dockers": [], "bounds": {"lowerRight": {"y": 212.14931141048211316, "x": 1346.8160519016835224}, "upperLeft": {"y": 0, "x": 30}}, "resourceId": "sid-6B8D8439-D22F-47F9-8A29-000A25821B48", "layers": [], "labels": [], "childShapes": [{"dockers": [], "bounds": {"lowerRight": {"y": 186.73116057108427412, "x": 956.91236221486281011}, "upperLeft": {"y": 105.85616057108427412, "x": 697.08763778513718989}}, "resourceId": "sid-B29F008F-0C89-42F1-A06C-C17ABC1187C0", "layers": [], "labels": [], "childShapes": [], "properties": {"resources": "", "outmsgstructure": "", "applyincalc": "true", "loopcardinality": "", "outmessagename": "", "inmessagename": "", "bgcolor": "#ffffcc", "bordercolor": "#000000", "time": "", "loopdataoutput": "", "testbefore": "false", "callacitivity": "false", "outmsgiscollection": "false", "monitoring": "", "operationname": "", "dataoutputset": "", "completionquantity": "1", "properties": "", "script": "", "assignments": "", "nonebehavioreventref": "signal", "scriptformat": "", "datainputset": "", "processid": "", "startquantity": "1", "tasktype": "None", "looptype": "None", "instantiate": "false", "behavior": "all", "inmsgimport": "", "costs": "", "inputdataitem": "", "loopdatainput": "", "name": "A", "outmsgitemkind": "Information", "costcenter": "", "completioncondition": "", "isforcompensation": "false", "inmsgiscollection": "false", "inmsgitemkind": "Information", "inmsgstructure": "", "outputdataitem": "", "messageref": "", "loopcondition": "", "onebehavioreventref:": "signal", "implementation": "webService", "operationref": "", "outmsgimport": "", "documentation": "", "categories": "", "auditing": "", "complexbehaviordefinition": ""}, "stencil": {"id": "Task"}, "outgoing": [{"resourceId": "sid-30207312-3EA5-4D77-A16E-419E6A873ED6"}, {"resourceId": "sid-42C14921-2797-4732-9025-56DAA4AA545F"}], "glossaryLinks": {}, "formats": {}}, {"dockers": [], "bounds": {"lowerRight": {"y": 84.519415142771066485, "x": 1126.6230966459002047}, "upperLeft": {"y": 26.573415142771068531, "x": 1062.7480966459002047}}, "resourceId": "sid-C0B14960-3713-4994-ADDC-CAD6D8D0B549", "layers": [], "labels": [], "childShapes": [], "properties": {"bordercolor": "#000000", "monitoring": "", "name": "B", "documentation": "", "categories": "", "auditing": "", "bgcolor": "#e1e1e1"}, "stencil": {"id": "ITSystem"}, "outgoing": [], "glossaryLinks": {}, "formats": {}}, {"dockers": [], "bounds": {"lowerRight": {"y": 187.16866057108427412, "x": 1304.9327805573439036}, "upperLeft": {"y": 106.29366057108427412, "x": 1045.1080561276180561}}, "resourceId": "sid-73B91E41-4A3A-48C9-A54E-C60ECD794D03", "layers": [], "labels": [], "childShapes": [], "properties": {"resources": "", "outmsgstructure": "", "applyincalc": "true", "loopcardinality": "", "outmessagename": "", "inmessagename": "", "bgcolor": "#ffffcc", "bordercolor": "#000000", "time": "", "loopdataoutput": "", "testbefore": "false", "callacitivity": "false", "outmsgiscollection": "false", "monitoring": "", "operationname": "", "dataoutputset": "", "completionquantity": "1", "properties": "", "script": "", "assignments": "", "nonebehavioreventref": "signal", "scriptformat": "", "datainputset": "", "processid": "", "startquantity": "1", "tasktype": "None", "looptype": "None", "instantiate": "false", "behavior": "all", "inmsgimport": "", "costs": "", "inputdataitem": "", "loopdatainput": "", "name": "C", "outmsgitemkind": "Information", "costcenter": "", "completioncondition": "", "isforcompensation": "false", "inmsgiscollection": "false", "inmsgitemkind": "Information", "inmsgstructure": "", "outputdataitem": "", "messageref": "", "loopcondition": "", "onebehavioreventref:": "signal", "implementation": "webService", "operationref": "", "outmsgimport": "", "documentation": "", "categories": "", "auditing": "", "complexbehaviordefinition": ""}, "stencil": {"id": "Task"}, "outgoing": [{"resourceId": "sid-88B6322A-3FD5-446D-86DE-4E54B396E390"}], "glossaryLinks": {}, "formats": {}}], "properties": {"showcaption": "true", "bordercolor": "#000000", "monitoring": "", "parentlane": "", "name": "", "documentation": "", "auditing": "", "bgcolor": "", "parentpool": ""}, "stencil": {"id": "Lane"}, "outgoing": [], "glossaryLinks": {}, "formats": {}}], "properties": {"isclosed": "false", "enableinstancecompensation": "false", "boundaryvisible": "true", "monitoring": "", "processcategories": "", "minimum": "2", "status": "None", "isexecutable": "false", "processdocumentation": "", "processtype": "None", "bordercolor": "#000000", "processname": "", "multiinstance": "false", "maximum": "2", "name": "F", "documentation": "", "suppressjoinfailure": "false", "adhoccompletioncondition": "", "auditing": "", "adhocordering": "Parallel", "adhoc": "false", "processid": ""}, "stencil": {"id": "Pool"}, "outgoing": [], "glossaryLinks": {}, "formats": {}}, {"dockers": [{"y": 15, "x": 15}, {"y": 46, "x": 212.18653709516777894}, {"y": 40.4375, "x": 129.91236221486286695}], "bounds": {"lowerRight": {"y": 238.44859918334975646, "x": 212.18653709516777894}, "upperLeft": {"y": 46, "x": 105.45462921295525405}}, "resourceId": "sid-FA2C41B9-B6D9-4F11-9703-FBE1A1F79B46", "layers": [], "labels": [], "target": {"resourceId": "sid-CD2E9C08-7C8D-4726-B246-EE1C93F53C45"}, "childShapes": [], "properties": {"ConditionType": "None", "showdiamondmarker": "false", "bordercolor": "#000000", "monitoring": "", "name": "", "documentation": "", "probability": "", "conditionexpression": "", "isimmediate": "false", "auditing": ""}, "stencil": {"id": "SequenceFlow"}, "outgoing": [{"resourceId": "sid-CD2E9C08-7C8D-4726-B246-EE1C93F53C45"}], "glossaryLinks": {}, "formats": {}}, {"dockers": [{"y": 79.875, "x": 129.91236221486292379}, {"y": 518.32147256987923356, "x": 534.71405288974210634}, {"y": 40.4375, "x": 129.91236221486281011}], "bounds": {"lowerRight": {"y": 518.32147256987923356, "x": 740.85602989837468613}, "upperLeft": {"y": 319.16073628493961678, "x": 534.71405288974210634}}, "resourceId": "sid-6DA551CB-647C-4FD2-9F59-C05CE33341AD", "layers": [], "labels": [], "target": {"resourceId": "sid-B29F008F-0C89-42F1-A06C-C17ABC1187C0"}, "childShapes": [], "properties": {"bordercolor": "#000000", "monitoring": "", "name": "", "documentation": "", "auditing": ""}, "stencil": {"id": "MessageFlow"}, "outgoing": [{"resourceId": "sid-B29F008F-0C89-42F1-A06C-C17ABC1187C0"}], "glossaryLinks": {}, "formats": {}}, {"dockers": [{"y": 40.4375, "x": 129.91236221486286695}, {"y": 40.4375, "x": 129.91236221486286695}], "bounds": {"lowerRight": {"y": 279.24855986199958124, "x": 404.18941817173828213}, "upperLeft": {"y": 279.07456072085636833, "x": 339.54496985803893949}}, "resourceId": "sid-D492900D-BF9E-4F0B-A429-25E57091F694", "layers": [], "labels": [], "target": {"resourceId": "sid-72B1590F-91B5-4B3C-BD5B-8EBD458DE01D"}, "childShapes": [], "properties": {"ConditionType": "None", "showdiamondmarker": "false", "bordercolor": "#000000", "monitoring": "", "name": "", "documentation": "", "probability": "", "conditionexpression": "", "isimmediate": "false", "auditing": ""}, "stencil": {"id": "SequenceFlow"}, "outgoing": [{"resourceId": "sid-72B1590F-91B5-4B3C-BD5B-8EBD458DE01D"}], "glossaryLinks": {}, "formats": {}}, {"dockers": [{"y": 30.059740141141059411, "x": 254.92911834931098269}, {"y": 30.059740141141059411, "x": 85.486370080223082368}], "bounds": {"lowerRight": {"y": 508.17026671025297446, "x": 1088.8929730405122882}, "upperLeft": {"y": 507.95570652670454592, "x": 1001.3143269408586775}}, "resourceId": "sid-30207312-3EA5-4D77-A16E-419E6A873ED6", "layers": [], "labels": [], "target": {"resourceId": "sid-73B91E41-4A3A-48C9-A54E-C60ECD794D03"}, "childShapes": [], "properties": {"ConditionType": "None", "showdiamondmarker": "false", "bordercolor": "#000000", "monitoring": "", "name": "", "documentation": "", "probability": "", "conditionexpression": "", "isimmediate": "false", "auditing": ""}, "stencil": {"id": "SequenceFlow"}, "outgoing": [{"resourceId": "sid-73B91E41-4A3A-48C9-A54E-C60ECD794D03"}], "glossaryLinks": {}, "formats": {}}, {"dockers": [], "bounds": {"lowerRight": {"y": 661.18854828373457622, "x": 485}, "upperLeft": {"y": 611.18854828373457622, "x": 30}}, "resourceId": "sid-604A9FB7-168C-4C0F-9414-63878B3EFFE5", "layers": [], "labels": [], "childShapes": [], "properties": {"bordercolor": "#000000", "text": "", "textformat": "text/plain", "monitoring": "", "pool": "", "name": "", "documentation": "", "categories": "", "auditing": "", "lanes": ""}, "stencil": {"id": "TextAnnotation"}, "outgoing": [], "glossaryLinks": {}, "formats": {}}, {"dockers": [{"y": 1, "x": 129.91236221486281011}, {"y": 61.71000336198812164, "x": 871.40196472599586741}], "bounds": {"lowerRight": {"y": 477.88397256987923356, "x": 871.40196472599586741}, "upperLeft": {"y": 61.71000336198812164, "x": 871.40196472599586741}}, "resourceId": "sid-42C14921-2797-4732-9025-56DAA4AA545F", "layers": [], "labels": [], "childShapes": [], "properties": {"ConditionType": "None", "showdiamondmarker": "false", "bordercolor": "#000000", "monitoring": "", "name": "", "documentation": "", "probability": "", "conditionexpression": "", "isimmediate": "false", "auditing": ""}, "stencil": {"id": "SequenceFlow"}, "outgoing": [], "glossaryLinks": {}, "formats": {}}, {"dockers": [{"y": 478.07848691911425476, "x": 1153.1930470953961958}, {"y": 28.972999999999995424, "x": 31.9375}], "bounds": {"lowerRight": {"y": 478.07848691911425476, "x": 1153.1930470953961958}, "upperLeft": {"y": 456.94601388364765171, "x": 1147.2908955141833758}}, "resourceId": "sid-322174EF-AB08-4178-8B8A-A83A1CBB7CE7", "layers": [], "labels": [], "target": {"resourceId": "sid-C0B14960-3713-4994-ADDC-CAD6D8D0B549"}, "childShapes": [], "properties": {"bordercolor": "#000000", "type": "none", "assignments": "", "transformation": ""}, "stencil": {"id": "Association_Undirected"}, "outgoing": [{"resourceId": "sid-C0B14960-3713-4994-ADDC-CAD6D8D0B549"}], "glossaryLinks": {}, "formats": {}}, {"dockers": [{"y": 238.4040946250176205, "x": 286.25001509144988177}, {"y": 14, "x": 14}], "bounds": {"lowerRight": {"y": 238.4040946250176205, "x": 288.61109876895847037}, "upperLeft": {"y": 60.52832481835542211, "x": 286.25001509144988177}}, "resourceId": "sid-7135C07C-8698-44D0-839D-A6A96CEE3B23", "layers": [], "labels": [], "target": {"resourceId": "sid-880E6B86-1F53-49DA-A002-B1B11F144D68"}, "childShapes": [], "properties": {"ConditionType": "None", "showdiamondmarker": "false", "bordercolor": "#000000", "monitoring": "", "name": "", "documentation": "", "probability": "", "conditionexpression": "", "isimmediate": "false", "auditing": ""}, "stencil": {"id": "SequenceFlow"}, "outgoing": [{"resourceId": "sid-880E6B86-1F53-49DA-A002-B1B11F144D68"}], "glossaryLinks": {}, "formats": {}}, {"dockers": [{"y": 238.64027757689635223, "x": 138.23116057108427412}, {"y": 28.973000000000013188, "x": 31.9375}], "bounds": {"lowerRight": {"y": 238.64027757689635223, "x": 138.23116057108427412}, "upperLeft": {"y": 221.54759456047980848, "x": 138.23116057108427412}}, "resourceId": "sid-515B2A9F-D838-4A6F-8D65-E34A3FF3A71E", "layers": [], "labels": [], "target": {"resourceId": "sid-8D41B3DA-5CEC-41AC-AD93-F0FCB3F41A3B"}, "childShapes": [], "properties": {"bordercolor": "#000000", "type": "none", "assignments": "", "transformation": ""}, "stencil": {"id": "Association_Undirected"}, "outgoing": [{"resourceId": "sid-8D41B3DA-5CEC-41AC-AD93-F0FCB3F41A3B"}], "glossaryLinks": {}, "formats": {}}, {"dockers": [{"y": 1, "x": 129.91236221486292379}, {"y": 23.009794290396087035, "x": 14}], "bounds": {"lowerRight": {"y": 477.49273884456920314, "x": 1219.5087873072604907}, "upperLeft": {"y": 60.982196748904179628, "x": 1219.4227607770847044}}, "resourceId": "sid-88B6322A-3FD5-446D-86DE-4E54B396E390", "layers": [], "labels": [], "target": {"resourceId": "sid-9C5EFDAD-020B-4B98-8643-41C705D75BDC"}, "childShapes": [], "properties": {"ConditionType": "None", "showdiamondmarker": "false", "bordercolor": "#000000", "monitoring": "", "name": "", "documentation": "", "probability": "", "conditionexpression": "", "isimmediate": "false", "auditing": ""}, "stencil": {"id": "SequenceFlow"}, "outgoing": [{"resourceId": "sid-9C5EFDAD-020B-4B98-8643-41C705D75BDC"}], "glossaryLinks": {}, "formats": {}}], "properties": {"orientation": "horizontal", "monitoring": "", "modificationdate": "", "creationdate": "", "namespaces": "", "version": "", "targetnamespace": "http://www.signavio.com/bpmn20", "author": "", "name": "", "documentation": "", "language": "English", "typelanguage": "http://www.w3.org/2001/XMLSchema", "expressionlanguage": "http://www.w3.org/1999/XPath", "auditing": ""}, "ssextensions": ["http://oryx-editor.org/stencilsets/extensions/bpmn2.0basicsubset#"], "stencilset": {"url": "/stencilsets/bpmn2.0/bpmn2.0.json?version=5.1.0", "namespace": "http://b3mn.org/stencilset/bpmn2.0#"}, "stencil": {"id": "BPMNDiagram"}, "formats": {}}