{"revision": {"creationDate": null, "isLastRevision": true, "revisionNumber": 2, "elementCounts": {"total": 53, "EndMessageEvent": 1, "Lane": 4, "Pool": 2, "StartNoneEvent": 1, "Task": 12, "SequenceFlow": 19, "BPMNDiagram": 1, "IntermediateMessageEventThrowing": 5, "EndTerminateEvent": 1, "MessageFlow": 6, "StartMessageEvent": 1}, "connectedness": 96}, "model": {"modelId": "1035605564", "modelDate": "2012-08-30", "groupName": "BPMN2.0_Process", "naturalLanguage": "en", "modelName": "1035605564", "TimestampModelCollection": "2012-08-30 14:08:38", "modelingLanguage": "bpmn20", "directoryId": "479431677", "numberOfRevisions": 2}}