{"revision": {"creationDate": null, "isLastRevision": true, "revisionNumber": 1, "elementCounts": {"total": 66, "StartTimerEvent": 1, "IntermediateTimerEvent": 2, "IntermediateErrorEvent": 1, "StartNoneEvent": 1, "Association_Unidirectional": 2, "Subprocess": 1, "TextAnnotation": 9, "Association_Undirected": 9, "CollapsedSubprocess": 6, "Task": 5, "SequenceFlow": 20, "DataObject": 2, "EndNoneEvent": 3, "Exclusive_Databased_Gateway": 3, "BPMNDiagram": 1}, "connectedness": 76}, "model": {"modelId": "1035129037", "modelDate": "2012-08-30", "groupName": "BPMN2.0_Process", "naturalLanguage": "en", "modelName": "1035129037", "TimestampModelCollection": "2012-08-30 14:08:38", "modelingLanguage": "bpmn20", "directoryId": "367593267", "numberOfRevisions": 1}}