{"bounds": {"lowerRight": {"y": 1362.1110367840626623, "x": 2128.1472020185592555}, "upperLeft": {"y": 0, "x": 0}}, "resourceId": "canvas", "childShapes": [{"dockers": [], "bounds": {"lowerRight": {"y": 183.40690377870842553, "x": 350.76200013370885245}, "upperLeft": {"y": 117.60409631284633747, "x": 157.23799986629114755}}, "resourceId": "sid-FDA4B549-4460-4C8D-9330-0703EC8552D9", "layers": [], "labels": [], "childShapes": [], "properties": {"bordercolor": "#000000", "text": "", "textformat": "text/plain", "monitoring": "", "pool": "", "name": "", "documentation": "", "categories": "", "auditing": "", "lanes": ""}, "stencil": {"id": "TextAnnotation"}, "outgoing": [], "glossaryLinks": {}, "formats": {}}, {"dockers": [], "bounds": {"lowerRight": {"y": 329.78757143022414766, "x": 1380.5149661193190695}, "upperLeft": {"y": 50, "x": 532.37398237568334025}}, "resourceId": "sid-7DC2EDC2-D656-4E5A-9223-78D0340F85A5", "layers": [], "labels": [], "childShapes": [{"dockers": [], "bounds": {"lowerRight": {"y": 141.57570522333043073, "x": 43}, "upperLeft": {"y": 111.57570522333043073, "x": 13}}, "resourceId": "sid-FB712D0B-5757-482C-B641-60DE72F306F1", "layers": [], "labels": [], "childShapes": [], "properties": {"trigger": "None", "monitoring": "", "outputset": "", "applyincalc": "true", "frequency": "", "bgcolor": "#ffffff", "bordercolor": "#000000", "dataoutputassociations": "", "name": "", "dataoutput": "", "documentation": "", "auditing": "", "processid": ""}, "stencil": {"id": "StartNoneEvent"}, "outgoing": [{"resourceId": "sid-041F8FC1-0515-4F8F-BC8D-F2F85B6549BB"}], "glossaryLinks": {}, "formats": {}}, {"dockers": [], "bounds": {"lowerRight": {"y": 232.21239834576067551, "x": 267.96601653383766006}, "upperLeft": {"y": 197.21239834576067551, "x": 102.62601762431665975}}, "resourceId": "sid-8CAB56B7-723B-4AF3-95F0-ED3017BCA7DA", "layers": [], "labels": [], "childShapes": [], "properties": {"bordercolor": "#000000", "text": "", "textformat": "text/plain", "monitoring": "", "pool": "", "name": "", "documentation": "", "categories": "", "auditing": "", "lanes": ""}, "stencil": {"id": "TextAnnotation"}, "outgoing": [], "glossaryLinks": {}, "formats": {}}, {"dockers": [], "bounds": {"lowerRight": {"y": 245.6507028373669641, "x": 760.62098456192734375}, "upperLeft": {"y": 213.15070283736685042, "x": 595.28098565240634343}}, "resourceId": "sid-791EA6BC-F56A-4875-AB0C-BAD8F2C6C669", "layers": [], "labels": [], "childShapes": [], "properties": {"bordercolor": "#000000", "text": "", "textformat": "text/plain", "monitoring": "", "pool": "", "name": "", "documentation": "", "categories": "", "auditing": "", "lanes": ""}, "stencil": {"id": "TextAnnotation"}, "outgoing": [{"resourceId": "sid-F6A2D682-15F8-4CDD-99CF-3CFD41952C65"}], "glossaryLinks": {}, "formats": {}}, {"dockers": [], "bounds": {"lowerRight": {"y": 140.57570522333045915, "x": 802.9659813576720353}, "upperLeft": {"y": 112.57570522333045915, "x": 774.9659813576720353}}, "resourceId": "sid-A22B817B-C0FC-4117-AB57-307449AEC148", "layers": [], "labels": [], "childShapes": [], "properties": {"inputset": "", "trigger": "None", "bordercolor": "#000000", "monitoring": "", "datainputassociations": "", "name": "", "documentation": "", "auditing": "", "datainput": "", "bgcolor": "#ffffff"}, "stencil": {"id": "EndNoneEvent"}, "outgoing": [], "glossaryLinks": {}, "formats": {}}, {"dockers": [], "bounds": {"lowerRight": {"y": 165.8465813323404916, "x": 277.22499651829275535}, "upperLeft": {"y": 87.304829114320227745, "x": 139.75499665965116947}}, "resourceId": "sid-0082B4E4-7DFB-4EDE-A18D-E513D25FF33E", "layers": [], "labels": [], "childShapes": [], "properties": {"subprocesstype": "Embedded", "startquantity": "1", "looptype": "None", "processref": "", "transaction": "", "behavior": "all", "adhoccancelremaininginstances": "true", "applyincalc": "true", "loopcardinality": "", "costs": "", "bgcolor": "#ffffcc", "inputdataitem": "", "bordercolor": "#000000", "transactionmethod": "compensate", "loopdatainput": "", "time": "", "loopdataoutput": "", "isatransaction": "false", "testbefore": "false", "name": "A", "costcenter": "", "activitytype": "Sub-Process", "completioncondition": "", "adhoccompletioncondition": "", "isforcompensation": "false", "adhocordering": "Sequential", "callacitivity": "false", "outputmaps": "", "monitoring": "", "dataoutputset": "", "completionquantity": "1", "isadhoc": "false", "outputdataitem": "", "properties": "", "assignments": "", "nonebehavioreventref": "signal", "loopcondition": "", "onebehavioreventref:": "signal", "inputmaps": "", "entry": "", "documentation": "", "diagramref": "", "categories": "", "auditing": "", "complexbehaviordefinition": "", "datainputset": "", "processid": ""}, "stencil": {"id": "CollapsedSubprocess"}, "outgoing": [{"resourceId": "sid-B7FAF627-1661-41E4-903B-1CCE1E090DA5"}, {"resourceId": "sid-18F64673-A813-45E4-ADFD-318ECC0DFB66"}, {"resourceId": "sid-A6FCEABC-10E1-4FC8-A829-021527F37D93"}], "glossaryLinks": {}, "formats": {}}, {"dockers": [], "bounds": {"lowerRight": {"y": 64.342706591282762929, "x": 398.44869278084900088}, "upperLeft": {"y": 14.342706591282762929, "x": 250.04869358861049022}}, "resourceId": "sid-E076D9F0-C8E2-46EB-BBC9-414A6AA0A090", "layers": [], "labels": [], "childShapes": [], "properties": {"bordercolor": "#000000", "text": "", "textformat": "text/plain", "monitoring": "", "pool": "", "name": "", "documentation": "", "categories": "", "auditing": "", "lanes": ""}, "stencil": {"id": "TextAnnotation"}, "outgoing": [], "glossaryLinks": {}, "formats": {}}, {"dockers": [], "bounds": {"lowerRight": {"y": 166.30482911432025617, "x": 500.63099042433327668}, "upperLeft": {"y": 86.304829114320256167, "x": 400.63099042433327668}}, "resourceId": "sid-6544C4EC-71AF-44BE-B6A5-FFA076DE5D1D", "layers": [], "labels": [], "childShapes": [], "properties": {"subprocesstype": "Embedded", "startquantity": "1", "looptype": "None", "processref": "", "transaction": "", "behavior": "all", "adhoccancelremaininginstances": "true", "applyincalc": "true", "loopcardinality": "", "costs": "", "bgcolor": "#ffffcc", "inputdataitem": "", "bordercolor": "#000000", "transactionmethod": "compensate", "loopdatainput": "", "time": "", "loopdataoutput": "", "isatransaction": "false", "testbefore": "false", "name": "B", "costcenter": "", "activitytype": "Sub-Process", "completioncondition": "", "adhoccompletioncondition": "", "isforcompensation": "false", "adhocordering": "Sequential", "callacitivity": "false", "outputmaps": "", "monitoring": "", "dataoutputset": "", "completionquantity": "1", "isadhoc": "false", "outputdataitem": "", "properties": "", "assignments": "", "nonebehavioreventref": "signal", "loopcondition": "", "onebehavioreventref:": "signal", "inputmaps": "", "entry": "", "documentation": "", "diagramref": "", "categories": "", "auditing": "", "complexbehaviordefinition": "", "datainputset": "", "processid": ""}, "stencil": {"id": "CollapsedSubprocess"}, "outgoing": [{"resourceId": "sid-3955A990-30DF-431B-9E78-106866F5D951"}, {"resourceId": "sid-C87B5427-F127-446D-933C-1A0E0CE47902"}], "glossaryLinks": {}, "formats": {}}, {"dockers": [], "bounds": {"lowerRight": {"y": 64.342706591282734507, "x": 623.89098770780083214}, "upperLeft": {"y": 14.342706591282791351, "x": 475.49098851556254886}}, "resourceId": "sid-D871C225-D24E-4C73-BE43-9BFA1AF9D306", "layers": [], "labels": [], "childShapes": [], "properties": {"bordercolor": "#000000", "text": "", "textformat": "text/plain", "monitoring": "", "pool": "", "name": "", "documentation": "", "categories": "", "auditing": "", "lanes": ""}, "stencil": {"id": "TextAnnotation"}, "outgoing": [], "glossaryLinks": {}, "formats": {}}, {"dockers": [], "bounds": {"lowerRight": {"y": 166.57570522333037388, "x": 715.24598517521371832}, "upperLeft": {"y": 86.575705223330402305, "x": 615.24598517521371832}}, "resourceId": "sid-F894DE8D-D45A-4429-9046-CEE80A86EAC5", "layers": [], "labels": [], "childShapes": [], "properties": {"subprocesstype": "Embedded", "startquantity": "1", "looptype": "None", "processref": "", "transaction": "", "behavior": "all", "adhoccancelremaininginstances": "true", "applyincalc": "true", "loopcardinality": "", "costs": "", "bgcolor": "#ffffcc", "inputdataitem": "", "bordercolor": "#000000", "transactionmethod": "compensate", "loopdatainput": "", "time": "", "loopdataoutput": "", "isatransaction": "false", "testbefore": "false", "name": "C", "costcenter": "", "activitytype": "Sub-Process", "completioncondition": "", "adhoccompletioncondition": "", "isforcompensation": "false", "adhocordering": "Sequential", "callacitivity": "false", "outputmaps": "", "monitoring": "", "dataoutputset": "", "completionquantity": "1", "isadhoc": "false", "outputdataitem": "", "properties": "", "assignments": "", "nonebehavioreventref": "signal", "loopcondition": "", "onebehavioreventref:": "signal", "inputmaps": "", "entry": "", "documentation": "", "diagramref": "", "categories": "", "auditing": "", "complexbehaviordefinition": "", "datainputset": "", "processid": ""}, "stencil": {"id": "CollapsedSubprocess"}, "outgoing": [{"resourceId": "sid-4F934F36-B1DA-46C0-A420-036F055E13F8"}, {"resourceId": "sid-2F1FF9DE-BF94-4626-A271-45AB9B5531A5"}], "glossaryLinks": {}, "formats": {}}, {"dockers": [], "bounds": {"lowerRight": {"y": 64.342706591282762929, "x": 865.71498146843896393}, "upperLeft": {"y": 14.342706591282819772, "x": 675.14098374363584298}}, "resourceId": "sid-FD452D5D-58E6-46F2-AA7E-AB2D2687F1BC", "layers": [], "labels": [], "childShapes": [], "properties": {"bordercolor": "#000000", "text": "", "textformat": "text/plain", "monitoring": "", "pool": "", "name": "", "documentation": "", "categories": "", "auditing": "", "lanes": ""}, "stencil": {"id": "TextAnnotation"}, "outgoing": [], "glossaryLinks": {}, "formats": {}}], "properties": {"subprocesstype": "Embedded", "startquantity": "1", "looptype": "None", "processref": "", "transaction": "", "adhoccancelremaininginstances": "true", "behavior": "all", "loopcardinality": "", "bgcolor": "#ffffff", "inputdataitem": "", "bordercolor": "#000000", "transactionmethod": "compensate", "loopdatainput": "", "loopdataoutput": "", "testbefore": "false", "isatransaction": "false", "name": "D", "activitytype": "Sub-Process", "completioncondition": "", "isforcompensation": "false", "adhoccompletioncondition": "", "adhocordering": "Sequential", "callacitivity": "false", "outputmaps": "", "monitoring": "", "dataoutputset": "", "completionquantity": "1", "isadhoc": "false", "outputdataitem": "", "properties": "", "assignments": "", "nonebehavioreventref": "signal", "loopcondition": "", "onebehavioreventref:": "signal", "inputmaps": "", "entry": "", "documentation": "", "diagramref": "", "categories": "", "auditing": "", "complexbehaviordefinition": "", "datainputset": "", "processid": ""}, "stencil": {"id": "Subprocess"}, "outgoing": [{"resourceId": "sid-7CDB8960-E533-46A6-848D-1FDCB378BD66"}, {"resourceId": "sid-6F481145-1F67-4920-BC28-064F4362393B"}, {"resourceId": "sid-BBD5F5BF-CABB-4CC7-9024-9D8BF31772B8"}, {"resourceId": "sid-B88DB3D0-24A2-44A9-9298-7A44923775A0"}], "glossaryLinks": {}, "formats": {}}, {"dockers": [{"y": 277.5310013428696152, "x": 108.99302201884789554}], "bounds": {"lowerRight": {"y": 344.78757143022414766, "x": 651.20129110669154215}, "upperLeft": {"y": 314.78757143022414766, "x": 621.20129110669154215}}, "resourceId": "sid-6F481145-1F67-4920-BC28-064F4362393B", "layers": [], "labels": [{"ref": "text_name", "align": "right", "bottom": true, "left": true, "y": 26, "x": 2}], "childShapes": [], "properties": {"trigger": "Timer", "bordercolor": "#000000", "timeduration": "", "monitoring": "", "timedate": "", "name": "E", "documentation": "", "timecycle": "", "auditing": "", "boundarycancelactivity2": "true", "bgcolor": "#ffffff"}, "stencil": {"id": "IntermediateTimerEvent"}, "outgoing": [{"resourceId": "sid-58E7BA7E-8D49-4B8B-9B00-D5ADAD0A2B94"}], "glossaryLinks": {}, "formats": {}}, {"dockers": [{"y": 272.2069962159164902, "x": 476.34904008525410291}], "bounds": {"lowerRight": {"y": 344.78757143022414766, "x": 1026.7181993244325895}, "upperLeft": {"y": 314.78757143022414766, "x": 996.71819932443258949}}, "resourceId": "sid-BBD5F5BF-CABB-4CC7-9024-9D8BF31772B8", "layers": [], "labels": [{"ref": "text_name", "valign": "middle", "y": 40, "x": -26}], "childShapes": [], "properties": {"trigger": "Timer", "bordercolor": "#000000", "timeduration": "", "monitoring": "", "timedate": "", "name": "F", "documentation": "", "timecycle": "", "auditing": "", "boundarycancelactivity2": "true", "bgcolor": "#ffffff"}, "stencil": {"id": "IntermediateTimerEvent"}, "outgoing": [{"resourceId": "sid-D7ED57FC-5EB4-49F0-9F95-D50010724835"}], "glossaryLinks": {}, "formats": {}}, {"dockers": [{"y": 279.78757143022420451, "x": 252.33822193974796733}], "bounds": {"lowerRight": {"y": 344.78757143022414766, "x": 799.712204315431336}, "upperLeft": {"y": 314.78757143022414766, "x": 769.712204315431336}}, "resourceId": "sid-B88DB3D0-24A2-44A9-9298-7A44923775A0", "layers": [], "labels": [{"ref": "text_name", "align": "left", "bottom": true, "right": true, "y": 26, "x": 26}], "childShapes": [], "properties": {"trigger": "Error", "monitoring": "", "outputset": "", "errorname": "", "boundarycancelactivity2": "true", "bgcolor": "#ffffff", "bordercolor": "#000000", "dataoutputassociations": "", "name": "G", "dataoutput": "", "documentation": "", "errorcode": "", "auditing": ""}, "stencil": {"id": "IntermediateErrorEvent"}, "outgoing": [{"resourceId": "sid-6CCFADC6-191B-431D-8F1C-4D66C4A005A9"}], "glossaryLinks": {}, "formats": {}}, {"dockers": [], "bounds": {"lowerRight": {"y": 305.51426139874587307, "x": 263.99999213218700334}, "upperLeft": {"y": 225.51426139874592991, "x": 163.99999213218711702}}, "resourceId": "sid-95EFEB09-0755-4872-A1D9-6746B2C5EADC", "layers": [], "labels": [], "childShapes": [], "properties": {"resources": "", "outmsgstructure": "", "applyincalc": "true", "loopcardinality": "", "outmessagename": "", "inmessagename": "", "bgcolor": "#ffffcc", "bordercolor": "#000000", "time": "", "loopdataoutput": "", "testbefore": "false", "callacitivity": "false", "outmsgiscollection": "false", "monitoring": "", "operationname": "", "dataoutputset": "", "completionquantity": "1", "properties": "", "script": "", "assignments": "", "nonebehavioreventref": "signal", "scriptformat": "", "datainputset": "", "processid": "", "startquantity": "1", "tasktype": "None", "looptype": "None", "instantiate": "false", "behavior": "all", "inmsgimport": "", "costs": "", "inputdataitem": "", "loopdatainput": "", "name": "H", "outmsgitemkind": "Information", "costcenter": "", "completioncondition": "", "isforcompensation": "false", "inmsgiscollection": "false", "inmsgitemkind": "Information", "inmsgstructure": "", "outputdataitem": "", "messageref": "", "loopcondition": "", "onebehavioreventref:": "signal", "implementation": "webService", "operationref": "", "outmsgimport": "", "documentation": "", "categories": "", "auditing": "", "complexbehaviordefinition": ""}, "stencil": {"id": "Task"}, "outgoing": [{"resourceId": "sid-6187299B-BF76-4DAD-8416-59C987134298"}, {"resourceId": "sid-4CC0576A-3C09-451F-9694-67B41C3AC001"}], "glossaryLinks": {}, "formats": {}}, {"dockers": [], "bounds": {"lowerRight": {"y": 279.71239834576067551, "x": 80}, "upperLeft": {"y": 249.71239834576067551, "x": 50}}, "resourceId": "sid-B6F36F5D-ADAC-40B8-BC0C-71B605906DD9", "layers": [], "labels": [{"ref": "text_name", "valign": "middle", "y": 46, "x": 26}], "childShapes": [], "properties": {"trigger": "Timer", "monitoring": "", "outputset": "", "applyincalc": "true", "frequency": "", "bgcolor": "#ffffff", "isinterrupting": "true", "timeduration": "", "bordercolor": "#000000", "dataoutputassociations": "", "timedate": "", "name": "I", "dataoutput": "", "documentation": "", "timecycle": "", "auditing": "", "processid": ""}, "stencil": {"id": "StartTimerEvent"}, "outgoing": [{"resourceId": "sid-37197F9B-9F5E-45B6-99AE-263E783E540F"}], "glossaryLinks": {}, "formats": {}}, {"dockers": [], "bounds": {"lowerRight": {"y": 479.2649899789535084, "x": 474.29999045614670194}, "upperLeft": {"y": 399.2649899789535084, "x": 374.2999904561462472}}, "resourceId": "sid-A94300C3-9EB6-4844-B11C-9C08EB6482F1", "layers": [], "labels": [], "childShapes": [], "properties": {"resources": "", "outmsgstructure": "", "applyincalc": "true", "loopcardinality": "", "outmessagename": "", "inmessagename": "", "bgcolor": "#ffffcc", "bordercolor": "#000000", "time": "", "loopdataoutput": "", "testbefore": "false", "callacitivity": "false", "outmsgiscollection": "false", "monitoring": "", "operationname": "", "dataoutputset": "", "completionquantity": "1", "properties": "", "script": "", "assignments": "", "nonebehavioreventref": "signal", "scriptformat": "", "datainputset": "", "processid": "", "startquantity": "1", "tasktype": "None", "looptype": "None", "instantiate": "false", "behavior": "all", "inmsgimport": "", "costs": "", "inputdataitem": "", "loopdatainput": "", "name": "J", "outmsgitemkind": "Information", "costcenter": "", "completioncondition": "", "isforcompensation": "false", "inmsgiscollection": "false", "inmsgitemkind": "Information", "inmsgstructure": "", "outputdataitem": "", "messageref": "", "loopcondition": "", "onebehavioreventref:": "signal", "implementation": "webService", "operationref": "", "outmsgimport": "", "documentation": "", "categories": "", "auditing": "", "complexbehaviordefinition": ""}, "stencil": {"id": "Task"}, "outgoing": [{"resourceId": "sid-C6335C80-788F-4A8B-8081-1ADDA3755F11"}], "glossaryLinks": {}, "formats": {}}, {"dockers": [], "bounds": {"lowerRight": {"y": 289.71239834576067551, "x": 335.99998819828067553}, "upperLeft": {"y": 249.71239834576067551, "x": 295.99998819828067553}}, "resourceId": "sid-6E762337-C5FA-49E1-8181-A01747251459", "layers": [], "labels": [], "childShapes": [], "properties": {"xortype": "Data", "monitoring": "", "defaultgate": "", "gatewaytype": "XOR", "gates": "", "assignments": "", "bgcolor": "#ffffff", "bordercolor": "#000000", "pool": "", "gate_assignments": "", "markervisible": "true", "name": "", "documentation": "", "gates_assignments": "", "categories": "", "auditing": "", "gate_outgoingsequenceflow": "", "lanes": "", "gates_outgoingsequenceflow": "", "processid": ""}, "stencil": {"id": "Exclusive_Databased_Gateway"}, "outgoing": [{"resourceId": "sid-53017E34-5BFD-427F-82FA-8CBBE6B20D6E"}], "glossaryLinks": {}, "formats": {}}, {"dockers": [], "bounds": {"lowerRight": {"y": 529.2649899789535084, "x": 986.75497676418194715}, "upperLeft": {"y": 479.2649899789535084, "x": 838.35497757194366386}}, "resourceId": "sid-15E7AFEE-CCD4-416F-8861-B437330DFE14", "layers": [], "labels": [], "childShapes": [], "properties": {"bordercolor": "#000000", "text": "", "textformat": "text/plain", "monitoring": "", "pool": "", "name": "", "documentation": "", "categories": "", "auditing": "", "lanes": ""}, "stencil": {"id": "TextAnnotation"}, "outgoing": [], "glossaryLinks": {}, "formats": {}}, {"dockers": [], "bounds": {"lowerRight": {"y": 284.71239834576067551, "x": 142.99999409914033777}, "upperLeft": {"y": 244.71239834576067551, "x": 102.99999409914033777}}, "resourceId": "sid-BE7B085B-2303-4CA2-8D73-F1434E6C2118", "layers": [], "labels": [], "childShapes": [], "properties": {"xortype": "Data", "monitoring": "", "defaultgate": "", "gatewaytype": "XOR", "gates": "", "assignments": "", "bgcolor": "#ffffff", "bordercolor": "#000000", "pool": "", "gate_assignments": "", "markervisible": "true", "name": "", "documentation": "", "gates_assignments": "", "categories": "", "auditing": "", "gate_outgoingsequenceflow": "", "lanes": "", "gates_outgoingsequenceflow": "", "processid": ""}, "stencil": {"id": "Exclusive_Databased_Gateway"}, "outgoing": [{"resourceId": "sid-316E5EAA-5705-43BD-9CCF-E5FED28047BE"}], "glossaryLinks": {}, "formats": {}}, {"dockers": [], "bounds": {"lowerRight": {"y": 229.44372080630299138, "x": 1724.4349241263626027}, "upperLeft": {"y": 149.44372080630299138, "x": 1624.4349241263626027}}, "resourceId": "sid-2D95DF45-6F9C-4685-B1C7-320BEF4ED441", "layers": [], "labels": [], "childShapes": [], "properties": {"resources": "", "outmsgstructure": "", "applyincalc": "true", "loopcardinality": "", "outmessagename": "", "inmessagename": "", "bgcolor": "#ffffcc", "bordercolor": "#000000", "time": "", "loopdataoutput": "", "testbefore": "false", "callacitivity": "false", "outmsgiscollection": "false", "monitoring": "", "operationname": "", "dataoutputset": "", "completionquantity": "1", "properties": "", "script": "", "assignments": "", "nonebehavioreventref": "signal", "scriptformat": "", "datainputset": "", "processid": "", "startquantity": "1", "tasktype": "None", "looptype": "None", "instantiate": "false", "behavior": "all", "inmsgimport": "", "costs": "", "inputdataitem": "", "loopdatainput": "", "name": "K", "outmsgitemkind": "Information", "costcenter": "", "completioncondition": "", "isforcompensation": "false", "inmsgiscollection": "false", "inmsgitemkind": "Information", "inmsgstructure": "", "outputdataitem": "", "messageref": "", "loopcondition": "", "onebehavioreventref:": "signal", "implementation": "webService", "operationref": "", "outmsgimport": "", "documentation": "", "categories": "", "auditing": "", "complexbehaviordefinition": ""}, "stencil": {"id": "Task"}, "outgoing": [{"resourceId": "sid-50A53F27-034C-4205-B51C-D0BBC1E0B1B1"}], "glossaryLinks": {}, "formats": {}}, {"dockers": [], "bounds": {"lowerRight": {"y": 209.44372080630299138, "x": 1804.1899207860137722}, "upperLeft": {"y": 169.44372080630299138, "x": 1764.1899207860137722}}, "resourceId": "sid-9634CDDC-911F-4CD4-A407-0861E05D3371", "layers": [], "labels": [], "childShapes": [], "properties": {"xortype": "Data", "monitoring": "", "defaultgate": "", "gatewaytype": "XOR", "gates": "", "assignments": "", "bgcolor": "#ffffff", "bordercolor": "#000000", "pool": "", "gate_assignments": "", "markervisible": "true", "name": "", "documentation": "", "gates_assignments": "", "categories": "", "auditing": "", "gate_outgoingsequenceflow": "", "lanes": "", "gates_outgoingsequenceflow": "", "processid": ""}, "stencil": {"id": "Exclusive_Databased_Gateway"}, "outgoing": [{"resourceId": "sid-6945858E-F0EE-492B-900A-EDBB1AED6C05"}, {"resourceId": "sid-A81213AA-FD85-44F1-8968-6B9D34787D6B"}], "glossaryLinks": {}, "formats": {}}, {"dockers": [], "bounds": {"lowerRight": {"y": 479.2649899789535084, "x": 609.08998759299015546}, "upperLeft": {"y": 399.2649899789535084, "x": 509.08998759299015546}}, "resourceId": "sid-B8F6B185-C0FA-4695-82F2-FE6DF9BCC480", "layers": [], "labels": [], "childShapes": [], "properties": {"resources": "", "outmsgstructure": "", "applyincalc": "true", "loopcardinality": "", "outmessagename": "", "inmessagename": "", "bgcolor": "#ffffcc", "bordercolor": "#000000", "time": "", "loopdataoutput": "", "testbefore": "false", "callacitivity": "false", "outmsgiscollection": "false", "monitoring": "", "operationname": "", "dataoutputset": "", "completionquantity": "1", "properties": "", "script": "", "assignments": "", "nonebehavioreventref": "signal", "scriptformat": "", "datainputset": "", "processid": "", "startquantity": "1", "tasktype": "None", "looptype": "None", "instantiate": "false", "behavior": "all", "inmsgimport": "", "costs": "", "inputdataitem": "", "loopdatainput": "", "name": "L", "outmsgitemkind": "Information", "costcenter": "", "completioncondition": "", "isforcompensation": "false", "inmsgiscollection": "false", "inmsgitemkind": "Information", "inmsgstructure": "", "outputdataitem": "", "messageref": "", "loopcondition": "", "onebehavioreventref:": "signal", "implementation": "webService", "operationref": "", "outmsgimport": "", "documentation": "", "categories": "", "auditing": "", "complexbehaviordefinition": ""}, "stencil": {"id": "Task"}, "outgoing": [{"resourceId": "sid-EF5D28BD-77BF-4E2C-8390-B6CF14DEF470"}, {"resourceId": "sid-0048A341-7831-4F8E-9874-ADAAD060140A"}], "glossaryLinks": {}, "formats": {}}, {"dockers": [], "bounds": {"lowerRight": {"y": 569.19498902456814449, "x": 658.84498425264132493}, "upperLeft": {"y": 519.19498902456814449, "x": 558.84498425264132493}}, "resourceId": "sid-05D4F171-06CD-4FD5-9FD4-0A083DD671FF", "layers": [], "labels": [], "childShapes": [], "properties": {"bordercolor": "#000000", "text": "", "textformat": "text/plain", "monitoring": "", "pool": "", "name": "", "documentation": "", "categories": "", "auditing": "", "lanes": ""}, "stencil": {"id": "TextAnnotation"}, "outgoing": [], "glossaryLinks": {}, "formats": {}}, {"dockers": [], "bounds": {"lowerRight": {"y": 445.37675273113120511, "x": 253.00001180171898341}, "upperLeft": {"y": 358.39750644523371648, "x": 174.99997246265525064}}, "resourceId": "sid-BF7DD48D-A15B-4FB5-8EF1-76573576E678", "layers": [], "labels": [], "childShapes": [], "properties": {"bordercolor": "#000000", "iscollection": "false", "monitoring": "", "input_output": "None", "name": "M", "state": "", "documentation": "", "categories": "", "properties": "", "auditing": "", "bgcolor": "#ffffff"}, "stencil": {"id": "DataObject"}, "outgoing": [{"resourceId": "sid-1BA9030E-7477-45A1-A491-AEDC89E8F4E1"}], "glossaryLinks": {}, "formats": {}}, {"dockers": [], "bounds": {"lowerRight": {"y": 434.12498807018278058, "x": 1187.5149661193190695}, "upperLeft": {"y": 354.12498807018278058, "x": 1087.5149661193190695}}, "resourceId": "sid-5BF5E37F-6F86-4CA3-BE97-F6C69067C186", "layers": [], "labels": [], "childShapes": [], "properties": {"resources": "", "outmsgstructure": "", "applyincalc": "true", "loopcardinality": "", "outmessagename": "", "inmessagename": "", "bgcolor": "#ffffcc", "bordercolor": "#000000", "time": "", "loopdataoutput": "", "testbefore": "false", "callacitivity": "false", "outmsgiscollection": "false", "monitoring": "", "operationname": "", "dataoutputset": "", "completionquantity": "1", "properties": "", "script": "", "assignments": "", "nonebehavioreventref": "signal", "scriptformat": "", "datainputset": "", "processid": "", "startquantity": "1", "tasktype": "None", "looptype": "None", "instantiate": "false", "behavior": "all", "inmsgimport": "", "costs": "", "inputdataitem": "", "loopdatainput": "", "name": "N", "outmsgitemkind": "Information", "costcenter": "", "completioncondition": "", "isforcompensation": "false", "inmsgiscollection": "false", "inmsgitemkind": "Information", "inmsgstructure": "", "outputdataitem": "", "messageref": "", "loopcondition": "", "onebehavioreventref:": "signal", "implementation": "webService", "operationref": "", "outmsgimport": "", "documentation": "", "categories": "", "auditing": "", "complexbehaviordefinition": ""}, "stencil": {"id": "Task"}, "outgoing": [{"resourceId": "sid-254B2435-6246-4B35-8844-2B49C8A3CA39"}], "glossaryLinks": {}, "formats": {}}, {"dockers": [], "bounds": {"lowerRight": {"y": 488.94998568421931395, "x": 1320.9689654323515242}, "upperLeft": {"y": 453.94998568421931395, "x": 1127.4449651649338193}}, "resourceId": "sid-748F39BB-D750-47AD-8FFC-42DD4E5EFD4D", "layers": [], "labels": [], "childShapes": [], "properties": {"bordercolor": "#000000", "text": "", "textformat": "text/plain", "monitoring": "", "pool": "", "name": "", "documentation": "", "categories": "", "auditing": "", "lanes": ""}, "stencil": {"id": "TextAnnotation"}, "outgoing": [{"resourceId": "sid-D0B39FDE-EF52-4137-8F73-EF313C29915C"}], "glossaryLinks": {}, "formats": {}}, {"dockers": [], "bounds": {"lowerRight": {"y": 606.17423531046563312, "x": 460.03902701829929356}, "upperLeft": {"y": 519.19498902456814449, "x": 382.03898767923556079}}, "resourceId": "sid-E5AA305D-BFBE-4D06-9C6D-8985BEEC3B99", "layers": [], "labels": [], "childShapes": [], "properties": {"bordercolor": "#000000", "iscollection": "false", "monitoring": "", "input_output": "None", "name": "O", "state": "", "documentation": "", "categories": "", "properties": "", "auditing": "", "bgcolor": "#ffffff"}, "stencil": {"id": "DataObject"}, "outgoing": [{"resourceId": "sid-48CC35D0-54C7-4E53-9204-E5DFB2794C37"}], "glossaryLinks": {}, "formats": {}}, {"dockers": [], "bounds": {"lowerRight": {"y": 218.72566266103072508, "x": 471.03900734876742717}, "upperLeft": {"y": 138.72566266103072508, "x": 371.03900734876742717}}, "resourceId": "sid-B574C71C-068A-45E0-A4DA-38A60A1F1B87", "layers": [], "labels": [], "childShapes": [], "properties": {"subprocesstype": "Embedded", "startquantity": "1", "looptype": "None", "processref": "", "transaction": "", "behavior": "all", "adhoccancelremaininginstances": "true", "applyincalc": "true", "loopcardinality": "", "costs": "", "bgcolor": "#ffffcc", "inputdataitem": "", "bordercolor": "#000000", "transactionmethod": "compensate", "loopdatainput": "", "time": "", "loopdataoutput": "", "isatransaction": "false", "testbefore": "false", "name": "P", "costcenter": "", "activitytype": "Sub-Process", "completioncondition": "", "adhoccompletioncondition": "", "isforcompensation": "false", "adhocordering": "Sequential", "callacitivity": "false", "outputmaps": "", "monitoring": "", "dataoutputset": "", "completionquantity": "1", "isadhoc": "false", "outputdataitem": "", "properties": "", "assignments": "", "nonebehavioreventref": "signal", "loopcondition": "", "onebehavioreventref:": "signal", "inputmaps": "", "entry": "", "documentation": "", "diagramref": "", "categories": "", "auditing": "", "complexbehaviordefinition": "", "datainputset": "", "processid": ""}, "stencil": {"id": "CollapsedSubprocess"}, "outgoing": [{"resourceId": "sid-2A340AF3-104F-4BFB-8C8E-5EB6F19EBB1F"}], "glossaryLinks": {}, "formats": {}}, {"dockers": [], "bounds": {"lowerRight": {"y": 470.38500524911955836, "x": 840.0276065068447906}, "upperLeft": {"y": 390.38500524911955836, "x": 740.0276065068447906}}, "resourceId": "sid-8F0CB7D0-B5AC-4A52-A5E5-CE608BC620CA", "layers": [], "labels": [], "childShapes": [], "properties": {"subprocesstype": "Embedded", "startquantity": "1", "looptype": "None", "processref": "", "transaction": "", "behavior": "all", "adhoccancelremaininginstances": "true", "applyincalc": "true", "loopcardinality": "", "costs": "", "bgcolor": "#ffffcc", "inputdataitem": "", "bordercolor": "#000000", "transactionmethod": "compensate", "loopdatainput": "", "time": "", "loopdataoutput": "", "isatransaction": "false", "testbefore": "false", "name": "Q", "costcenter": "", "activitytype": "Sub-Process", "completioncondition": "", "adhoccompletioncondition": "", "isforcompensation": "false", "adhocordering": "Sequential", "callacitivity": "false", "outputmaps": "", "monitoring": "", "dataoutputset": "", "completionquantity": "1", "isadhoc": "false", "outputdataitem": "", "properties": "", "assignments": "", "nonebehavioreventref": "signal", "loopcondition": "", "onebehavioreventref:": "signal", "inputmaps": "", "entry": "", "documentation": "", "diagramref": "", "categories": "", "auditing": "", "complexbehaviordefinition": "", "datainputset": "", "processid": ""}, "stencil": {"id": "CollapsedSubprocess"}, "outgoing": [{"resourceId": "sid-A6AF452E-9B55-4689-8648-1A47B2CFB312"}], "glossaryLinks": {}, "formats": {}}, {"dockers": [], "bounds": {"lowerRight": {"y": 229.44372080630299138, "x": 1583.6070754230272541}, "upperLeft": {"y": 149.44372080630299138, "x": 1430.3670766955410727}}, "resourceId": "sid-54DF600E-03C9-4E2B-B937-9362FF54C2E0", "layers": [], "labels": [], "childShapes": [], "properties": {"subprocesstype": "Embedded", "startquantity": "1", "looptype": "None", "processref": "", "transaction": "", "behavior": "all", "adhoccancelremaininginstances": "true", "applyincalc": "true", "loopcardinality": "", "costs": "", "bgcolor": "#ffffcc", "inputdataitem": "", "bordercolor": "#000000", "transactionmethod": "compensate", "loopdatainput": "", "time": "", "loopdataoutput": "", "isatransaction": "false", "testbefore": "false", "name": "R", "costcenter": "", "activitytype": "Sub-Process", "completioncondition": "", "adhoccompletioncondition": "", "isforcompensation": "false", "adhocordering": "Sequential", "callacitivity": "false", "outputmaps": "", "monitoring": "", "dataoutputset": "", "completionquantity": "1", "isadhoc": "false", "outputdataitem": "", "properties": "", "assignments": "", "nonebehavioreventref": "signal", "loopcondition": "", "onebehavioreventref:": "signal", "inputmaps": "", "entry": "", "documentation": "", "diagramref": "", "categories": "", "auditing": "", "complexbehaviordefinition": "", "datainputset": "", "processid": ""}, "stencil": {"id": "CollapsedSubprocess"}, "outgoing": [{"resourceId": "sid-2F9BCAB4-F2BA-4D25-A588-484C9D675188"}], "glossaryLinks": {}, "formats": {}}, {"dockers": [], "bounds": {"lowerRight": {"y": 408.12498807018278058, "x": 1260.5149661193190695}, "upperLeft": {"y": 380.12498807018278058, "x": 1232.5149661193190695}}, "resourceId": "sid-609E1B4A-2988-4A27-A848-AB3E9921B7E5", "layers": [], "labels": [], "childShapes": [], "properties": {"inputset": "", "trigger": "None", "bordercolor": "#000000", "monitoring": "", "datainputassociations": "", "name": "", "documentation": "", "auditing": "", "datainput": "", "bgcolor": "#ffffff"}, "stencil": {"id": "EndNoneEvent"}, "outgoing": [], "glossaryLinks": {}, "formats": {}}, {"dockers": [], "bounds": {"lowerRight": {"y": 203.44372080630299138, "x": 1892.0149184000501918}, "upperLeft": {"y": 175.44372080630299138, "x": 1864.0149184000501918}}, "resourceId": "sid-4D79EF9C-6DD4-4F17-BF4F-DCBCC33C3686", "layers": [], "labels": [], "childShapes": [], "properties": {"inputset": "", "trigger": "None", "bordercolor": "#000000", "monitoring": "", "datainputassociations": "", "name": "", "documentation": "", "auditing": "", "datainput": "", "bgcolor": "#ffffff"}, "stencil": {"id": "EndNoneEvent"}, "outgoing": [], "glossaryLinks": {}, "formats": {}}, {"dockers": [{"y": 39.999999999999964473, "x": 49.999999999999943157}, {"y": 20.5, "x": 20.5}], "bounds": {"lowerRight": {"y": 428.90070500686664445, "x": 396.28228772943049307}, "upperLeft": {"y": 427.42103035807866718, "x": 363.99999213218700334}}, "resourceId": "sid-6187299B-BF76-4DAD-8416-59C987134298", "layers": [], "labels": [], "target": {"resourceId": "sid-6E762337-C5FA-49E1-8181-A01747251459"}, "childShapes": [], "properties": {"ConditionType": "None", "showdiamondmarker": "false", "bordercolor": "#000000", "monitoring": "", "name": "", "documentation": "", "probability": "", "conditionexpression": "", "isimmediate": "false", "auditing": ""}, "stencil": {"id": "SequenceFlow"}, "outgoing": [{"resourceId": "sid-6E762337-C5FA-49E1-8181-A01747251459"}], "glossaryLinks": {}, "formats": {}}, {"dockers": [{"y": 39.999999999999964473, "x": 49.999999999999943157}, {"y": 31.585347583613778255, "x": 1.9352400026741769512}], "bounds": {"lowerRight": {"y": 384.23803823082590725, "x": 294.7269537323509212}, "upperLeft": {"y": 342.42535547224809989, "x": 275.01960625235011548}}, "resourceId": "sid-4CC0576A-3C09-451F-9694-67B41C3AC001", "layers": [], "labels": [], "target": {"resourceId": "sid-FDA4B549-4460-4C8D-9330-0703EC8552D9"}, "childShapes": [], "properties": {"bordercolor": "#000000", "type": "none", "assignments": "", "transformation": ""}, "stencil": {"id": "Association_Undirected"}, "outgoing": [{"resourceId": "sid-FDA4B549-4460-4C8D-9330-0703EC8552D9"}], "glossaryLinks": {}, "formats": {}}, {"dockers": [{"y": 15, "x": 15}, {"y": 439.2649899789535084, "x": 635.99412368729463196}, {"y": 40, "x": 50}], "bounds": {"lowerRight": {"y": 598.87998472983395004, "x": 736.17188435060927532}, "upperLeft": {"y": 504.94253404165590382, "x": 709.08998759299015546}}, "resourceId": "sid-58E7BA7E-8D49-4B8B-9B00-D5ADAD0A2B94", "layers": [], "labels": [], "target": {"resourceId": "sid-B8F6B185-C0FA-4695-82F2-FE6DF9BCC480"}, "childShapes": [], "properties": {"ConditionType": "None", "showdiamondmarker": "false", "bordercolor": "#000000", "monitoring": "", "name": "", "documentation": "", "probability": "", "conditionexpression": "", "isimmediate": "false", "auditing": ""}, "stencil": {"id": "SequenceFlow"}, "outgoing": [{"resourceId": "sid-B8F6B185-C0FA-4695-82F2-FE6DF9BCC480"}], "glossaryLinks": {}, "formats": {}}, {"dockers": [{"y": 40, "x": 50}, {"y": 24, "x": 1.4839999919223829661}], "bounds": {"lowerRight": {"y": 660.34626847264325988, "x": 938.10725545788613999}, "upperLeft": {"y": 630, "x": 917.36645474709723658}}, "resourceId": "sid-A6AF452E-9B55-4689-8648-1A47B2CFB312", "layers": [], "labels": [], "target": {"resourceId": "sid-15E7AFEE-CCD4-416F-8861-B437330DFE14"}, "childShapes": [], "properties": {"bordercolor": "#000000", "type": "none", "assignments": "", "transformation": ""}, "stencil": {"id": "Association_Undirected"}, "outgoing": [{"resourceId": "sid-15E7AFEE-CCD4-416F-8861-B437330DFE14"}], "glossaryLinks": {}, "formats": {}}, {"dockers": [{"y": 39.270876109010131927, "x": 68.734999929320792944}, {"y": 10.724000113086720631, "x": 2.9008001518593573564}], "bounds": {"lowerRight": {"y": 406.76131506747736921, "x": 791.01098052550503326}, "upperLeft": {"y": 375.5841468320727472, "x": 751.55580603963596786}}, "resourceId": "sid-B7FAF627-1661-41E4-903B-1CCE1E090DA5", "layers": [], "labels": [], "target": {"resourceId": "sid-8CAB56B7-723B-4AF3-95F0-ED3017BCA7DA"}, "childShapes": [], "properties": {"bordercolor": "#000000", "type": "none", "assignments": "", "transformation": ""}, "stencil": {"id": "Association_Undirected"}, "outgoing": [{"resourceId": "sid-8CAB56B7-723B-4AF3-95F0-ED3017BCA7DA"}], "glossaryLinks": {}, "formats": {}}, {"dockers": [{"y": 40, "x": 50}, {"y": 23.999999999999971578, "x": 1.4839999919223829661}], "bounds": {"lowerRight": {"y": 295.10402711507538243, "x": 1107.8271941202417565}, "upperLeft": {"y": 253.03888581730456053, "x": 1095.2289987842236769}}, "resourceId": "sid-3955A990-30DF-431B-9E78-106866F5D951", "layers": [], "labels": [], "target": {"resourceId": "sid-D871C225-D24E-4C73-BE43-9BFA1AF9D306"}, "childShapes": [], "properties": {"bordercolor": "#000000", "type": "none", "assignments": "", "transformation": ""}, "stencil": {"id": "Association_Undirected"}, "outgoing": [{"resourceId": "sid-D871C225-D24E-4C73-BE43-9BFA1AF9D306"}], "glossaryLinks": {}, "formats": {}}, {"dockers": [{"y": 40, "x": 50}, {"y": 39.999999999999985789, "x": 50}], "bounds": {"lowerRight": {"y": 336.12700934793036822, "x": 1247.1579187759141405}, "upperLeft": {"y": 335.98293131706452641, "x": 1133.0049728000167306}}, "resourceId": "sid-C87B5427-F127-446D-933C-1A0E0CE47902", "layers": [], "labels": [], "target": {"resourceId": "sid-F894DE8D-D45A-4429-9046-CEE80A86EAC5"}, "childShapes": [], "properties": {"ConditionType": "None", "showdiamondmarker": "false", "bordercolor": "#000000", "monitoring": "", "name": "", "documentation": "", "probability": "", "conditionexpression": "", "isimmediate": "false", "auditing": ""}, "stencil": {"id": "SequenceFlow"}, "outgoing": [{"resourceId": "sid-F894DE8D-D45A-4429-9046-CEE80A86EAC5"}], "glossaryLinks": {}, "formats": {}}, {"dockers": [{"y": 39.999999999999985789, "x": 50}, {"y": 23.999999999999971578, "x": 1.9057399772480312361}], "bounds": {"lowerRight": {"y": 295.21894812744761794, "x": 1307.4442759051353278}, "upperLeft": {"y": 262.73528172003722148, "x": 1303.099741998074478}}, "resourceId": "sid-4F934F36-B1DA-46C0-A420-036F055E13F8", "layers": [], "labels": [], "target": {"resourceId": "sid-FD452D5D-58E6-46F2-AA7E-AB2D2687F1BC"}, "childShapes": [], "properties": {"bordercolor": "#000000", "type": "none", "assignments": "", "transformation": ""}, "stencil": {"id": "Association_Undirected"}, "outgoing": [{"resourceId": "sid-FD452D5D-58E6-46F2-AA7E-AB2D2687F1BC"}], "glossaryLinks": {}, "formats": {}}, {"dockers": [{"y": 15.600000000000054712, "x": 1}, {"y": 39.999999999999985789, "x": 50}], "bounds": {"lowerRight": {"y": 422.37023595478558491, "x": 1270.1210591666599612}, "upperLeft": {"y": 376.93166884232198299, "x": 1239.4514155903964365}}, "resourceId": "sid-F6A2D682-15F8-4CDD-99CF-3CFD41952C65", "layers": [], "labels": [], "target": {"resourceId": "sid-F894DE8D-D45A-4429-9046-CEE80A86EAC5"}, "childShapes": [], "properties": {"bordercolor": "#000000", "type": "none", "assignments": "", "transformation": ""}, "stencil": {"id": "Association_Undirected"}, "outgoing": [{"resourceId": "sid-F894DE8D-D45A-4429-9046-CEE80A86EAC5"}], "glossaryLinks": {}, "formats": {}}, {"dockers": [{"y": 15, "x": 15}, {"y": 20.5, "x": 20.5}], "bounds": {"lowerRight": {"y": 424.64697139940022907, "x": 202.39065765124470886}, "upperLeft": {"y": 424.46093979388200523, "x": 180.62496200110123823}}, "resourceId": "sid-37197F9B-9F5E-45B6-99AE-263E783E540F", "layers": [], "labels": [], "target": {"resourceId": "sid-BE7B085B-2303-4CA2-8D73-F1434E6C2118"}, "childShapes": [], "properties": {"ConditionType": "None", "showdiamondmarker": "false", "bordercolor": "#000000", "monitoring": "", "name": "", "documentation": "", "probability": "", "conditionexpression": "", "isimmediate": "false", "auditing": ""}, "stencil": {"id": "SequenceFlow"}, "outgoing": [{"resourceId": "sid-BE7B085B-2303-4CA2-8D73-F1434E6C2118"}], "glossaryLinks": {}, "formats": {}}, {"dockers": [{"y": 20.5, "x": 20.5}, {"y": 39.999999999999971578, "x": 49.999999999999943157}], "bounds": {"lowerRight": {"y": 424.96083930765922787, "x": 263.50781127060974995}, "upperLeft": {"y": 424.89440281924601095, "x": 243.58983187149101468}}, "resourceId": "sid-316E5EAA-5705-43BD-9CCF-E5FED28047BE", "layers": [], "labels": [], "target": {"resourceId": "sid-95EFEB09-0755-4872-A1D9-6746B2C5EADC"}, "childShapes": [], "properties": {"ConditionType": "None", "showdiamondmarker": "false", "bordercolor": "#000000", "monitoring": "", "name": "", "documentation": "", "probability": "", "conditionexpression": "", "isimmediate": "false", "auditing": ""}, "stencil": {"id": "SequenceFlow"}, "outgoing": [{"resourceId": "sid-95EFEB09-0755-4872-A1D9-6746B2C5EADC"}], "glossaryLinks": {}, "formats": {}}, {"dockers": [{"y": 40, "x": 50}, {"y": 40, "x": 50.000000000000220268}], "bounds": {"lowerRight": {"y": 598.87998472983395004, "x": 608.59678551930539925}, "upperLeft": {"y": 598.87998472983395004, "x": 574.79319252983123079}}, "resourceId": "sid-EF5D28BD-77BF-4E2C-8390-B6CF14DEF470", "layers": [], "labels": [], "target": {"resourceId": "sid-A94300C3-9EB6-4844-B11C-9C08EB6482F1"}, "childShapes": [], "properties": {"ConditionType": "None", "showdiamondmarker": "false", "bordercolor": "#000000", "monitoring": "", "name": "", "documentation": "", "probability": "", "conditionexpression": "", "isimmediate": "false", "auditing": ""}, "stencil": {"id": "SequenceFlow"}, "outgoing": [{"resourceId": "sid-A94300C3-9EB6-4844-B11C-9C08EB6482F1"}], "glossaryLinks": {}, "formats": {}}, {"dockers": [{"y": 40, "x": 50}, {"y": 24, "x": 1}], "bounds": {"lowerRight": {"y": 678.26336975191532019, "x": 659.66666604073236613}, "upperLeft": {"y": 638.87998472983395004, "x": 659.38056650825399174}}, "resourceId": "sid-0048A341-7831-4F8E-9874-ADAAD060140A", "layers": [], "labels": [], "target": {"resourceId": "sid-05D4F171-06CD-4FD5-9FD4-0A083DD671FF"}, "childShapes": [], "properties": {"bordercolor": "#000000", "type": "none", "assignments": "", "transformation": ""}, "stencil": {"id": "Association_Undirected"}, "outgoing": [{"resourceId": "sid-05D4F171-06CD-4FD5-9FD4-0A083DD671FF"}], "glossaryLinks": {}, "formats": {}}, {"dockers": [{"y": 15, "x": 15}, {"y": 39.270876109010131927, "x": 68.734999929320792944}], "bounds": {"lowerRight": {"y": 336.19069997421081553, "x": 771.47519119461503578}, "upperLeft": {"y": 336.19069997421081553, "x": 675.47476335919679968}}, "resourceId": "sid-041F8FC1-0515-4F8F-BC8D-F2F85B6549BB", "layers": [], "labels": [], "target": {"resourceId": "sid-0082B4E4-7DFB-4EDE-A18D-E513D25FF33E"}, "childShapes": [], "properties": {"ConditionType": "None", "showdiamondmarker": "false", "bordercolor": "#000000", "monitoring": "", "name": "", "documentation": "", "probability": "", "conditionexpression": "", "isimmediate": "false", "auditing": ""}, "stencil": {"id": "SequenceFlow"}, "outgoing": [{"resourceId": "sid-0082B4E4-7DFB-4EDE-A18D-E513D25FF33E"}], "glossaryLinks": {}, "formats": {}}, {"dockers": [{"y": 39.270876109010146138, "x": 119.17274331478773775}, {"y": 40, "x": 50}], "bounds": {"lowerRight": {"y": 336.16484600644275815, "x": 1032.5814795416818015}, "upperLeft": {"y": 335.99107210759859754, "x": 909.59897889397609561}}, "resourceId": "sid-A6FCEABC-10E1-4FC8-A829-021527F37D93", "layers": [], "labels": [], "target": {"resourceId": "sid-6544C4EC-71AF-44BE-B6A5-FFA076DE5D1D"}, "childShapes": [], "properties": {"ConditionType": "None", "showdiamondmarker": "false", "bordercolor": "#000000", "monitoring": "", "name": "", "documentation": "", "probability": "", "conditionexpression": "", "isimmediate": "false", "auditing": ""}, "stencil": {"id": "SequenceFlow"}, "outgoing": [{"resourceId": "sid-6544C4EC-71AF-44BE-B6A5-FFA076DE5D1D"}], "glossaryLinks": {}, "formats": {}}, {"dockers": [{"y": 39.270876109010131927, "x": 68.734999929320792944}, {"y": 24, "x": 1.4839999919223851865}], "bounds": {"lowerRight": {"y": 296.69000349711200215, "x": 882.12314986004014372}, "upperLeft": {"y": 251.61374212499265468, "x": 860.13360071365298154}}, "resourceId": "sid-18F64673-A813-45E4-ADFD-318ECC0DFB66", "layers": [], "labels": [], "target": {"resourceId": "sid-E076D9F0-C8E2-46EB-BBC9-414A6AA0A090"}, "childShapes": [], "properties": {"bordercolor": "#000000", "type": "none", "assignments": "", "transformation": ""}, "stencil": {"id": "Association_Undirected"}, "outgoing": [{"resourceId": "sid-E076D9F0-C8E2-46EB-BBC9-414A6AA0A090"}], "glossaryLinks": {}, "formats": {}}, {"dockers": [{"y": 16.799999999999997158, "x": 1}, {"y": 40, "x": 50}], "bounds": {"lowerRight": {"y": 612.61019501302394019, "x": 1232.7802183284891271}, "upperLeft": {"y": 593.73998282106322222, "x": 1230.5465759412795705}}, "resourceId": "sid-D0B39FDE-EF52-4137-8F73-EF313C29915C", "layers": [], "labels": [], "target": {"resourceId": "sid-5BF5E37F-6F86-4CA3-BE97-F6C69067C186"}, "childShapes": [], "properties": {"bordercolor": "#000000", "type": "none", "assignments": "", "transformation": ""}, "stencil": {"id": "Association_Undirected"}, "outgoing": [{"resourceId": "sid-5BF5E37F-6F86-4CA3-BE97-F6C69067C186"}], "glossaryLinks": {}, "formats": {}}, {"dockers": [{"y": 139.89378571511210225, "x": 424.07049187181786465}, {"y": 39.999999999999985789, "x": 76.619999363743090726}], "bounds": {"lowerRight": {"y": 349.16210566439713148, "x": 1529.6423015328134625}, "upperLeft": {"y": 349.12194439502371779, "x": 1480.5149661193190695}}, "resourceId": "sid-7CDB8960-E533-46A6-848D-1FDCB378BD66", "layers": [], "labels": [], "target": {"resourceId": "sid-54DF600E-03C9-4E2B-B937-9362FF54C2E0"}, "childShapes": [], "properties": {"ConditionType": "None", "showdiamondmarker": "false", "bordercolor": "#000000", "monitoring": "", "name": "", "documentation": "", "probability": "", "conditionexpression": "", "isimmediate": "false", "auditing": ""}, "stencil": {"id": "SequenceFlow"}, "outgoing": [{"resourceId": "sid-54DF600E-03C9-4E2B-B937-9362FF54C2E0"}], "glossaryLinks": {}, "formats": {}}, {"dockers": [{"y": 39.999999999999985789, "x": 76.619999363743090726}, {"y": 40.000000000000014211, "x": 50}], "bounds": {"lowerRight": {"y": 349.05871555718346144, "x": 1723.7238442314485383}, "upperLeft": {"y": 349.0587155571834046, "x": 1683.6070754230272541}}, "resourceId": "sid-2F9BCAB4-F2BA-4D25-A588-484C9D675188", "layers": [], "labels": [], "target": {"resourceId": "sid-2D95DF45-6F9C-4685-B1C7-320BEF4ED441"}, "childShapes": [], "properties": {"ConditionType": "None", "showdiamondmarker": "false", "bordercolor": "#000000", "monitoring": "", "name": "", "documentation": "", "probability": "", "conditionexpression": "", "isimmediate": "false", "auditing": ""}, "stencil": {"id": "SequenceFlow"}, "outgoing": [{"resourceId": "sid-2D95DF45-6F9C-4685-B1C7-320BEF4ED441"}], "glossaryLinks": {}, "formats": {}}, {"dockers": [{"y": 43.489623142948744317, "x": 39.000019669531866384}, {"y": 40, "x": 50.000000000000220268}], "bounds": {"lowerRight": {"y": 677.91024486894275469, "x": 523.24311374576507205}, "upperLeft": {"y": 638.87998472983395004, "x": 522.21185942223644361}}, "resourceId": "sid-48CC35D0-54C7-4E53-9204-E5DFB2794C37", "layers": [], "labels": [], "target": {"resourceId": "sid-A94300C3-9EB6-4844-B11C-9C08EB6482F1"}, "childShapes": [], "properties": {"bordercolor": "#000000", "text": "", "assignments": "", "transformation": ""}, "stencil": {"id": "Association_Unidirectional"}, "outgoing": [{"resourceId": "sid-A94300C3-9EB6-4844-B11C-9C08EB6482F1"}], "glossaryLinks": {}, "formats": {}}, {"dockers": [{"y": 15, "x": 15}, {"y": 13, "x": 44.684597808586545398}], "bounds": {"lowerRight": {"y": 549.35044106237728556, "x": 884.71220431530832684}, "upperLeft": {"y": 505.35204492556772493, "x": 884.71220431491201452}}, "resourceId": "sid-6CCFADC6-191B-431D-8F1C-4D66C4A005A9", "layers": [], "labels": [], "target": {"resourceId": "sid-8F0CB7D0-B5AC-4A52-A5E5-CE608BC620CA"}, "childShapes": [], "properties": {"ConditionType": "None", "showdiamondmarker": "false", "bordercolor": "#000000", "monitoring": "", "name": "", "documentation": "", "probability": "", "conditionexpression": "", "isimmediate": "false", "auditing": ""}, "stencil": {"id": "SequenceFlow"}, "outgoing": [{"resourceId": "sid-8F0CB7D0-B5AC-4A52-A5E5-CE608BC620CA"}], "glossaryLinks": {}, "formats": {}}, {"dockers": [{"y": 20.5, "x": 20.5}, {"y": 178.72566266103072508, "x": 316.49998819828067553}, {"y": 40.000000000000014211, "x": 50}], "bounds": {"lowerRight": {"y": 408.81466966560645915, "x": 471.03634212197675879}, "upperLeft": {"y": 338.3406574119111383, "x": 416.49998819828067553}}, "resourceId": "sid-53017E34-5BFD-427F-82FA-8CBBE6B20D6E", "layers": [], "labels": [], "target": {"resourceId": "sid-B574C71C-068A-45E0-A4DA-38A60A1F1B87"}, "childShapes": [], "properties": {"ConditionType": "None", "showdiamondmarker": "false", "bordercolor": "#000000", "monitoring": "", "name": "", "documentation": "", "probability": "", "conditionexpression": "", "isimmediate": "false", "auditing": ""}, "stencil": {"id": "SequenceFlow"}, "outgoing": [{"resourceId": "sid-B574C71C-068A-45E0-A4DA-38A60A1F1B87"}], "glossaryLinks": {}, "formats": {}}, {"dockers": [{"y": 39.999999999999985789, "x": 50}, {"y": 14, "x": 14}], "bounds": {"lowerRight": {"y": 336.19069997421081553, "x": 1406.8080891508989225}, "upperLeft": {"y": 336.19069997421081553, "x": 1347.6199675508969449}}, "resourceId": "sid-2F1FF9DE-BF94-4626-A271-45AB9B5531A5", "layers": [], "labels": [], "target": {"resourceId": "sid-A22B817B-C0FC-4117-AB57-307449AEC148"}, "childShapes": [], "properties": {"ConditionType": "None", "showdiamondmarker": "false", "bordercolor": "#000000", "monitoring": "", "name": "", "documentation": "", "probability": "", "conditionexpression": "", "isimmediate": "false", "auditing": ""}, "stencil": {"id": "SequenceFlow"}, "outgoing": [{"resourceId": "sid-A22B817B-C0FC-4117-AB57-307449AEC148"}], "glossaryLinks": {}, "formats": {}}, {"dockers": [{"y": 40, "x": 50}, {"y": 14, "x": 14}], "bounds": {"lowerRight": {"y": 553.73998282106322222, "x": 1331.8899661193190695}, "upperLeft": {"y": 553.73998282106322222, "x": 1287.5149661193190695}}, "resourceId": "sid-254B2435-6246-4B35-8844-2B49C8A3CA39", "layers": [], "labels": [], "target": {"resourceId": "sid-609E1B4A-2988-4A27-A848-AB3E9921B7E5"}, "childShapes": [], "properties": {"ConditionType": "None", "showdiamondmarker": "false", "bordercolor": "#000000", "monitoring": "", "name": "", "documentation": "", "probability": "", "conditionexpression": "", "isimmediate": "false", "auditing": ""}, "stencil": {"id": "SequenceFlow"}, "outgoing": [{"resourceId": "sid-609E1B4A-2988-4A27-A848-AB3E9921B7E5"}], "glossaryLinks": {}, "formats": {}}, {"dockers": [{"y": 15, "x": 15}, {"y": 394.12498807018278058, "x": 1012.0482315126139383}, {"y": 40, "x": 50}], "bounds": {"lowerRight": {"y": 553.73998282106322222, "x": 1187.5045229135748741}, "upperLeft": {"y": 504.47636291440096556, "x": 1111.795523506095833}}, "resourceId": "sid-D7ED57FC-5EB4-49F0-9F95-D50010724835", "layers": [], "labels": [], "target": {"resourceId": "sid-5BF5E37F-6F86-4CA3-BE97-F6C69067C186"}, "childShapes": [], "properties": {"ConditionType": "None", "showdiamondmarker": "false", "bordercolor": "#000000", "monitoring": "", "name": "", "documentation": "", "probability": "", "conditionexpression": "", "isimmediate": "false", "auditing": ""}, "stencil": {"id": "SequenceFlow"}, "outgoing": [{"resourceId": "sid-5BF5E37F-6F86-4CA3-BE97-F6C69067C186"}], "glossaryLinks": {}, "formats": {}}, {"dockers": [{"y": 34.120015270166049959, "x": 50.000000000000220268}, {"y": 433.38500524911955836, "x": 316.49998819828067553}, {"y": 20.5, "x": 20.5}], "bounds": {"lowerRight": {"y": 593, "x": 473.6109269154114827}, "upperLeft": {"y": 449.32739309664111715, "x": 416.49998819828067553}}, "resourceId": "sid-C6335C80-788F-4A8B-8081-1ADDA3755F11", "layers": [], "labels": [], "target": {"resourceId": "sid-6E762337-C5FA-49E1-8181-A01747251459"}, "childShapes": [], "properties": {"ConditionType": "None", "showdiamondmarker": "false", "bordercolor": "#000000", "monitoring": "", "name": "", "documentation": "", "probability": "", "conditionexpression": "", "isimmediate": "false", "auditing": ""}, "stencil": {"id": "SequenceFlow"}, "outgoing": [{"resourceId": "sid-6E762337-C5FA-49E1-8181-A01747251459"}], "glossaryLinks": {}, "formats": {}}, {"dockers": [{"y": 43.489623142948744317, "x": 39.000019669531866384}, {"y": 39.999999999999971578, "x": 49.999999999999943157}], "bounds": {"lowerRight": {"y": 517.88560302986400075, "x": 313.99999213218711702}, "upperLeft": {"y": 465.12925614962631471, "x": 313.99999213218706018}}, "resourceId": "sid-1BA9030E-7477-45A1-A491-AEDC89E8F4E1", "layers": [], "labels": [], "target": {"resourceId": "sid-95EFEB09-0755-4872-A1D9-6746B2C5EADC"}, "childShapes": [], "properties": {"bordercolor": "#000000", "text": "", "assignments": "", "transformation": ""}, "stencil": {"id": "Association_Unidirectional"}, "outgoing": [{"resourceId": "sid-95EFEB09-0755-4872-A1D9-6746B2C5EADC"}], "glossaryLinks": {}, "formats": {}}, {"dockers": [{"y": 40.000000000000014211, "x": 50}, {"y": 128.7256626610307535, "x": 3.2413724771003713521}], "bounds": {"lowerRight": {"y": 338.3406574119111383, "x": 631.92997170815829122}, "upperLeft": {"y": 338.3406574119111383, "x": 571.03900734876742717}}, "resourceId": "sid-2A340AF3-104F-4BFB-8C8E-5EB6F19EBB1F", "layers": [], "labels": [], "target": {"resourceId": "sid-7DC2EDC2-D656-4E5A-9223-78D0340F85A5"}, "childShapes": [], "properties": {"ConditionType": "None", "showdiamondmarker": "false", "bordercolor": "#000000", "monitoring": "", "name": "", "documentation": "", "probability": "", "conditionexpression": "", "isimmediate": "false", "auditing": ""}, "stencil": {"id": "SequenceFlow"}, "outgoing": [{"resourceId": "sid-7DC2EDC2-D656-4E5A-9223-78D0340F85A5"}], "glossaryLinks": {}, "formats": {}}, {"dockers": [{"y": 40.000000000000014211, "x": 50}, {"y": 20.500000000000014211, "x": 20.5}], "bounds": {"lowerRight": {"y": 349.46433691195142046, "x": 1863.8784863564228544}, "upperLeft": {"y": 349.28546265035299712, "x": 1824.4349241263626027}}, "resourceId": "sid-50A53F27-034C-4205-B51C-D0BBC1E0B1B1", "layers": [], "labels": [], "target": {"resourceId": "sid-9634CDDC-911F-4CD4-A407-0861E05D3371"}, "childShapes": [], "properties": {"ConditionType": "None", "showdiamondmarker": "false", "bordercolor": "#000000", "monitoring": "", "name": "", "documentation": "", "probability": "", "conditionexpression": "", "isimmediate": "false", "auditing": ""}, "stencil": {"id": "SequenceFlow"}, "outgoing": [{"resourceId": "sid-9634CDDC-911F-4CD4-A407-0861E05D3371"}], "glossaryLinks": {}, "formats": {}}, {"dockers": [{"y": 20.500000000000014211, "x": 20.5}, {"y": -57.614994750880413221, "x": 1784.6899207860137722}, {"y": -57.614994750880413221, "x": 123.49999409914033777}, {"y": 20.5, "x": 20.5}], "bounds": {"lowerRight": {"y": 403.65068102810107575, "x": 1884.6899207860137722}, "upperLeft": {"y": 102, "x": 223.49999409914033777}}, "resourceId": "sid-6945858E-F0EE-492B-900A-EDBB1AED6C05", "layers": [], "labels": [], "target": {"resourceId": "sid-BE7B085B-2303-4CA2-8D73-F1434E6C2118"}, "childShapes": [], "properties": {"ConditionType": "None", "showdiamondmarker": "false", "bordercolor": "#000000", "monitoring": "", "name": "S", "documentation": "", "probability": "", "conditionexpression": "", "isimmediate": "false", "auditing": ""}, "stencil": {"id": "SequenceFlow"}, "outgoing": [{"resourceId": "sid-BE7B085B-2303-4CA2-8D73-F1434E6C2118"}], "glossaryLinks": {}, "formats": {}}, {"dockers": [{"y": 20.500000000000014211, "x": 20.5}, {"y": 14.000000000000015987, "x": 14}], "bounds": {"lowerRight": {"y": 349.45179551272144636, "x": 1963.8911049623206964}, "upperLeft": {"y": 349.13438560164536284, "x": 1904.6465465746205155}}, "resourceId": "sid-A81213AA-FD85-44F1-8968-6B9D34787D6B", "layers": [], "labels": [], "target": {"resourceId": "sid-4D79EF9C-6DD4-4F17-BF4F-DCBCC33C3686"}, "childShapes": [], "properties": {"ConditionType": "None", "showdiamondmarker": "false", "bordercolor": "#000000", "monitoring": "", "name": "T", "documentation": "", "probability": "", "conditionexpression": "", "isimmediate": "false", "auditing": ""}, "stencil": {"id": "SequenceFlow"}, "outgoing": [{"resourceId": "sid-4D79EF9C-6DD4-4F17-BF4F-DCBCC33C3686"}], "glossaryLinks": {}, "formats": {}}], "properties": {"orientation": "horizontal", "monitoring": "", "modificationdate": "", "namespaces": "", "creationdate": "", "version": "", "author": "", "targetnamespace": "http://www.signavio.com/bpmn20", "name": "", "documentation": "", "language": "English", "auditing": "", "expressionlanguage": "http://www.w3.org/1999/XPath", "typelanguage": "http://www.w3.org/2001/XMLSchema"}, "ssextensions": [], "stencilset": {"url": "/stencilsets/bpmn2.0/bpmn2.0.json?version=5.2.0", "namespace": "http://b3mn.org/stencilset/bpmn2.0#"}, "stencil": {"id": "BPMNDiagram"}, "formats": {}}