{"revision": {"creationDate": null, "isLastRevision": true, "revisionNumber": 2, "elementCounts": {"total": 102, "EndMessageEvent": 2, "StartTimerEvent": 2, "IntermediateTimerEvent": 1, "processparticipant": 2, "Lane": 4, "IntermediateMessageEventCatching": 7, "Pool": 4, "MessageFlow": 10, "StartConditionalEvent": 1, "StartMultipleEvent": 1, "Association_Undirected": 1, "TextAnnotation": 1, "CollapsedSubprocess": 2, "SequenceFlow": 37, "Task": 10, "EndNoneEvent": 4, "CollapsedPool": 2, "BPMNDiagram": 1, "Exclusive_Databased_Gateway": 2, "IntermediateMessageEventThrowing": 8}, "connectedness": 87}, "model": {"modelId": "1035058931", "modelDate": "2012-08-30", "groupName": "BPMN2.0_Process", "naturalLanguage": "en", "modelName": "1035058931", "TimestampModelCollection": "2012-08-30 14:08:38", "modelingLanguage": "bpmn20", "directoryId": "1751803183", "numberOfRevisions": 2}}