{"revision": {"creationDate": null, "isLastRevision": true, "revisionNumber": 2, "elementCounts": {"total": 52, "EventSubprocess": 5, "Lane": 1, "Pool": 1, "StartNoneEvent": 3, "StartMessageEvent": 2, "StartConditionalEvent": 4, "Subprocess": 1, "CollapsedSubprocess": 6, "SequenceFlow": 19, "EndNoneEvent": 6, "BPMNDiagram": 1, "Exclusive_Databased_Gateway": 3}, "connectedness": 100}, "model": {"modelId": "1036346325", "modelDate": "2012-08-30", "groupName": "BPMN2.0_Process", "naturalLanguage": "en", "modelName": "1036346325", "TimestampModelCollection": "2012-08-30 14:08:38", "modelingLanguage": "bpmn20", "directoryId": "277069373", "numberOfRevisions": 2}}