{"bounds": {"lowerRight": {"y": 1050, "x": 1485}, "upperLeft": {"y": 0, "x": 0}}, "resourceId": "canvas", "childShapes": [{"dockers": [{"y": 15, "x": 15}, {"y": 180, "x": 134}], "bounds": {"lowerRight": {"y": 180, "x": 134}, "upperLeft": {"y": 180, "x": 80.015625}}, "resourceId": "sid-5DABDE6C-A52A-4C19-9D6F-889629D9D086", "childShapes": [], "properties": {"id": "", "showdiamondmarker": false, "monitoring": "", "name": "", "documentation": "", "probability": "", "conditiontype": "None", "conditionexpression": "\n", "isimmediate": "", "auditing": ""}, "stencil": {"id": "SequenceFlow"}, "outgoing": []}, {"dockers": [], "bounds": {"lowerRight": {"y": 294, "x": 1058}, "upperLeft": {"y": 45, "x": 0}}, "resourceId": "sid-9F47AB74-D6FE-4DC2-849E-8ABBE515EC5C", "childShapes": [{"dockers": [], "bounds": {"lowerRight": {"y": 249, "x": 1058}, "upperLeft": {"y": 0, "x": 30}}, "resourceId": "sid-D53D7E48-578A-480E-8F1A-780926BCD95A", "childShapes": [{"dockers": [], "bounds": {"lowerRight": {"y": 150, "x": 50}, "upperLeft": {"y": 120, "x": 20}}, "resourceId": "sid-567759DB-486A-461F-9481-AE04226E4547", "childShapes": [], "properties": {"trigger": "None", "monitoring": "", "outputset": "", "eventdefinitions": "", "frequency": "", "bgcolor": "#ffffff", "id": "", "dataoutputassociations": "", "name": "Initiate\n", "eventdefinitionref": "", "documentation": "", "dataoutput": "", "auditing": ""}, "stencil": {"id": "StartNoneEvent"}, "outgoing": [{"resourceId": "sid-5DABDE6C-A52A-4C19-9D6F-889629D9D086"}]}, {"dockers": [], "bounds": {"lowerRight": {"y": 175, "x": 205}, "upperLeft": {"y": 95, "x": 105}}, "resourceId": "sid-28BF3A5B-E307-43BC-8CF8-C32395B59FD0", "childShapes": [], "properties": {"resources": "", "tasktype": "None", "startquantity": 1, "instantiate": "", "looptype": "None", "script_language": "", "applyincalc": true, "taskref": "", "costs": "", "bgcolor": "#ffffcc", "inputsets": "", "id": "", "time": "", "performers": "", "outputsets": "", "loopmaximum": 1, "pool": "", "loopcounter": 1, "name": "Send Switch-over request", "costcenter": "", "activitytype": "Task", "outputs": "", "isforcompensation": "", "lanes": "", "callacitivity": "", "monitoring": "", "complexmi_condition": "", "status": "None", "completionquantity": 1, "messageref": "", "properties": "", "testtime": "After", "script": "", "mi_condition": "", "assignments": "", "mi_flowcondition": "All", "loopcondition": "", "inputs": "", "iorules": "", "operationref": "", "implementation": "webService", "documentation": "", "outmessage": "", "categories": "", "inmessage": "", "auditing": ""}, "stencil": {"id": "Task"}, "outgoing": [{"resourceId": "sid-BF99C56E-01C5-4F26-8F4D-FA55462087F0"}, {"resourceId": "sid-C6003A9B-4DE2-4313-BD08-8D41EFAA5B92"}]}, {"dockers": [], "bounds": {"lowerRight": {"y": 150, "x": 280}, "upperLeft": {"y": 120, "x": 250}}, "resourceId": "sid-2BBAC60B-2013-44A9-A60D-260F8CE21E74", "childShapes": [], "properties": {"trigger": "Message", "monitoring": "", "outputset": "", "eventdefinitions": "", "frequency": "", "isinterrupting": true, "bgcolor": "#ffffff", "id": "", "dataoutputassociations": "", "name": "", "eventdefinitionref": "", "documentation": "", "dataoutput": "", "auditing": ""}, "stencil": {"id": "StartMessageEvent"}, "outgoing": []}, {"dockers": [], "bounds": {"lowerRight": {"y": 135, "x": 445}, "upperLeft": {"y": 55, "x": 345}}, "resourceId": "sid-659E65F0-AA2D-4D0F-BB26-60BDC25B0C1D", "childShapes": [], "properties": {"resources": "", "tasktype": "None", "startquantity": 1, "instantiate": "", "looptype": "None", "script_language": "", "applyincalc": true, "taskref": "", "costs": "", "bgcolor": "#ffffcc", "inputsets": "", "id": "", "time": "", "performers": "", "outputsets": "", "loopmaximum": 1, "pool": "", "loopcounter": 1, "name": "Review and confirm the switch contract", "costcenter": "", "activitytype": "Task", "outputs": "", "isforcompensation": "", "lanes": "", "callacitivity": "", "monitoring": "", "complexmi_condition": "", "status": "None", "completionquantity": 1, "messageref": "", "properties": "", "testtime": "After", "script": "", "mi_condition": "", "assignments": "", "mi_flowcondition": "All", "loopcondition": "", "inputs": "", "iorules": "", "operationref": "", "implementation": "webService", "documentation": "", "outmessage": "", "categories": "", "inmessage": "", "auditing": ""}, "stencil": {"id": "Task"}, "outgoing": []}], "properties": {"id": "", "showcaption": false, "monitoring": "", "parentlane": "", "name": "", "documentation": "", "auditing": "", "parentpool": ""}, "stencil": {"id": "Lane"}, "outgoing": []}], "properties": {"enableinstancecompensation": "", "boundaryvisible": true, "monitoring": "", "processcategories": "", "processref": "", "status": "None", "bgcolor": "#ffffff", "processdocumentation": "", "id": "", "processname": "", "processtype": "None", "multiinstance": "", "mainpool": "", "name": "Customer", "documentation": "", "participantref": "", "suppressjoinfailure": "", "adhoccompletioncondition": "", "auditing": "", "adhocordering": "Parallel", "lanes": "", "adhoc": ""}, "stencil": {"id": "Pool"}, "outgoing": []}, {"dockers": [{"y": 15, "x": 15}, {"y": 375, "x": 147}], "bounds": {"lowerRight": {"y": 375, "x": 147}, "upperLeft": {"y": 375, "x": 95.65625}}, "resourceId": "sid-C680D048-7257-42F2-B49C-A1CF6E3BD313", "childShapes": [], "properties": {"id": "", "showdiamondmarker": false, "monitoring": "", "name": "", "documentation": "", "probability": "", "conditiontype": "None", "conditionexpression": "", "isimmediate": "", "auditing": ""}, "stencil": {"id": "SequenceFlow"}, "outgoing": []}, {"dockers": [{"y": 79, "x": 25}, {"y": 372.6139102374390859, "x": 136.69572458302690166}], "bounds": {"lowerRight": {"y": 372.6139102374390859, "x": 159.75897706501277185}, "upperLeft": {"y": 220.58874175823231667, "x": 136.69572458302690166}}, "resourceId": "sid-BF99C56E-01C5-4F26-8F4D-FA55462087F0", "childShapes": [], "properties": {"id": "", "monitoring": "", "name": "", "documentation": "", "auditing": ""}, "stencil": {"id": "MessageFlow"}, "outgoing": []}, {"dockers": [], "bounds": {"lowerRight": {"y": 619, "x": 1316}, "upperLeft": {"y": 329, "x": 9}}, "resourceId": "sid-599142AB-B42C-4C8E-A9A8-818F503B09D9", "childShapes": [{"dockers": [], "bounds": {"lowerRight": {"y": 290, "x": 1307}, "upperLeft": {"y": 0, "x": 30}}, "resourceId": "sid-3C3DE71A-54E3-4F3A-BE57-FF25F4F269F3", "childShapes": [{"dockers": [], "bounds": {"lowerRight": {"y": 61, "x": 56}, "upperLeft": {"y": 31, "x": 26}}, "resourceId": "sid-C0545168-4D0E-4341-9FE5-755BCAC75D73", "childShapes": [], "properties": {"trigger": "None", "monitoring": "", "outputset": "", "eventdefinitions": "", "frequency": "", "bgcolor": "#ffffff", "id": "", "dataoutputassociations": "", "name": "", "eventdefinitionref": "", "documentation": "", "dataoutput": "", "auditing": ""}, "stencil": {"id": "StartNoneEvent"}, "outgoing": [{"resourceId": "sid-C680D048-7257-42F2-B49C-A1CF6E3BD313"}]}, {"dockers": [], "bounds": {"lowerRight": {"y": 61, "x": 126}, "upperLeft": {"y": 31, "x": 96}}, "resourceId": "sid-923C0782-261D-4BC2-ACAF-F2A28C087550", "childShapes": [], "properties": {"trigger": "Message", "monitoring": "", "outputset": "", "eventdefinitions": "", "frequency": "", "isinterrupting": true, "bgcolor": "#ffffff", "id": "", "dataoutputassociations": "", "name": "", "eventdefinitionref": "", "documentation": "", "dataoutput": "", "auditing": ""}, "stencil": {"id": "StartMessageEvent"}, "outgoing": [{"resourceId": "sid-8C23FACD-9B10-4453-8692-097CBEC0C431"}]}, {"dockers": [], "bounds": {"lowerRight": {"y": 421, "x": 556}, "upperLeft": {"y": 341, "x": 456}}, "resourceId": "sid-80EC6B21-8B4A-4F7E-B682-E7EB9E5DD72B", "childShapes": [], "properties": {"resources": "", "tasktype": "None", "startquantity": 1, "instantiate": "", "looptype": "None", "script_language": "", "applyincalc": true, "taskref": "", "costs": "", "bgcolor": "#ffffcc", "inputsets": "", "id": "", "time": "", "performers": "", "outputsets": "", "loopmaximum": 1, "pool": "", "loopcounter": 1, "name": "Compare if the customer data is the same as existing data\n", "costcenter": "", "activitytype": "Task", "outputs": "", "isforcompensation": "", "lanes": "", "callacitivity": "", "monitoring": "", "complexmi_condition": "", "status": "None", "completionquantity": 1, "messageref": "", "properties": "", "testtime": "After", "script": "", "mi_condition": "", "assignments": "", "mi_flowcondition": "All", "loopcondition": "", "inputs": "", "iorules": "", "operationref": "", "implementation": "webService", "documentation": "", "outmessage": "", "categories": "", "inmessage": "", "auditing": ""}, "stencil": {"id": "Task"}, "outgoing": [{"resourceId": "sid-2079AFFA-39BC-4B05-9061-150E4255C920"}]}, {"dockers": [], "bounds": {"lowerRight": {"y": 401, "x": 361}, "upperLeft": {"y": 361, "x": 321}}, "resourceId": "sid-924FED14-9DCE-479E-ADC3-F19969661F90", "childShapes": [], "properties": {"xortype": "Data", "monitoring": "", "defaultgate": "", "gatewaytype": "XOR", "gates": "", "assignments": "", "bgcolor": "#ffffff", "id": "", "pool": "", "gate_assignments": "", "markervisible": "true", "name": "", "documentation": "", "gates_assignments": "", "categories": "", "gate_outgoingsequenceflow": "", "auditing": "", "lanes": "", "gates_outgoingsequenceflow": ""}, "stencil": {"id": "Exclusive_Databased_Gateway"}, "outgoing": []}, {"dockers": [], "bounds": {"lowerRight": {"y": 401, "x": 641}, "upperLeft": {"y": 361, "x": 601}}, "resourceId": "sid-C5291E93-AA6F-4E5C-B806-1EDB90950C4C", "childShapes": [], "properties": {"xortype": "Data", "monitoring": "", "defaultgate": "", "gatewaytype": "XOR", "gates": "", "assignments": "", "bgcolor": "#ffffff", "id": "", "pool": "", "gate_assignments": "", "markervisible": "true", "name": "", "documentation": "", "gates_assignments": "", "categories": "", "gate_outgoingsequenceflow": "", "auditing": "", "lanes": "", "gates_outgoingsequenceflow": ""}, "stencil": {"id": "Exclusive_Databased_Gateway"}, "outgoing": [{"resourceId": "sid-F39EBB96-3466-43D8-B72D-A1BB011C2E9B"}, {"resourceId": "sid-9E02C812-E721-4467-AA97-28EBF638FB93"}]}, {"dockers": [], "bounds": {"lowerRight": {"y": 421, "x": 271}, "upperLeft": {"y": 341, "x": 171}}, "resourceId": "sid-57D4C8BF-F9DF-490E-A2F6-D12796428F55", "childShapes": [], "properties": {"resources": "", "tasktype": "None", "startquantity": 1, "instantiate": "", "looptype": "None", "script_language": "", "applyincalc": true, "taskref": "", "costs": "", "bgcolor": "#ffffcc", "inputsets": "", "id": "", "time": "", "performers": "", "outputsets": "", "loopmaximum": 1, "pool": "", "loopcounter": 1, "name": "Check if the customer data is present in the database", "costcenter": "", "activitytype": "Task", "outputs": "", "isforcompensation": "", "lanes": "", "callacitivity": "", "monitoring": "", "complexmi_condition": "", "status": "None", "completionquantity": 1, "messageref": "", "properties": "", "testtime": "After", "script": "", "mi_condition": "", "assignments": "", "mi_flowcondition": "All", "loopcondition": "", "inputs": "", "iorules": "", "operationref": "", "implementation": "webService", "documentation": "", "outmessage": "", "categories": "", "inmessage": "", "auditing": ""}, "stencil": {"id": "Task"}, "outgoing": [{"resourceId": "sid-FCA86BDE-A0FD-4F2A-A5F3-F0EBE83730E2"}]}, {"dockers": [], "bounds": {"lowerRight": {"y": 86, "x": 271}, "upperLeft": {"y": 6, "x": 171}}, "resourceId": "sid-6939E3A1-D8A4-41CE-8AC8-3D6B4AF2CD66", "childShapes": [], "properties": {"resources": "", "tasktype": "None", "startquantity": 1, "instantiate": "", "looptype": "None", "script_language": "", "applyincalc": true, "taskref": "", "costs": "", "bgcolor": "#ffffcc", "inputsets": "", "id": "", "time": "", "performers": "", "outputsets": "", "loopmaximum": 1, "pool": "", "loopcounter": 1, "name": "Enter customer data into CRM", "costcenter": "", "activitytype": "Task", "outputs": "", "isforcompensation": "", "lanes": "", "callacitivity": "", "monitoring": "", "complexmi_condition": "", "status": "None", "completionquantity": 1, "messageref": "", "properties": "", "testtime": "After", "script": "", "mi_condition": "", "assignments": "", "mi_flowcondition": "All", "loopcondition": "", "inputs": "", "iorules": "", "operationref": "", "implementation": "webService", "documentation": "", "outmessage": "", "categories": "", "inmessage": "", "auditing": ""}, "stencil": {"id": "Task"}, "outgoing": [{"resourceId": "sid-EB06F5A7-F617-4812-83EB-EF358D4CBCBB"}, {"resourceId": "sid-961CD3E4-1C5D-41BA-AFE7-85E96A6953AB"}]}, {"dockers": [], "bounds": {"lowerRight": {"y": 61, "x": 371}, "upperLeft": {"y": 31, "x": 341}}, "resourceId": "sid-DF6DE992-2130-4BAB-96DC-9592638B7020", "childShapes": [], "properties": {"trigger": "Message", "monitoring": "", "outputset": "", "eventdefinitions": "", "frequency": "", "isinterrupting": true, "bgcolor": "#ffffff", "id": "", "dataoutputassociations": "", "name": "", "eventdefinitionref": "", "documentation": "", "dataoutput": "", "auditing": ""}, "stencil": {"id": "StartMessageEvent"}, "outgoing": [{"resourceId": "sid-1F05D5B7-8A05-4803-B235-31E2DA83DE39"}]}, {"dockers": [], "bounds": {"lowerRight": {"y": 86, "x": 516}, "upperLeft": {"y": 6, "x": 416}}, "resourceId": "sid-BCDF67DC-AB73-4BF1-A893-37B8FA9FC364", "childShapes": [], "properties": {"resources": "", "tasktype": "None", "startquantity": 1, "instantiate": "", "looptype": "None", "script_language": "", "applyincalc": true, "taskref": "", "costs": "", "bgcolor": "#ffffcc", "inputsets": "", "id": "", "time": "", "performers": "", "outputsets": "", "loopmaximum": 1, "pool": "", "loopcounter": 1, "name": "Generate contract documents for the switch", "costcenter": "", "activitytype": "Task", "outputs": "", "isforcompensation": "", "lanes": "", "callacitivity": "", "monitoring": "", "complexmi_condition": "", "status": "None", "completionquantity": 1, "messageref": "", "properties": "", "testtime": "After", "script": "", "mi_condition": "", "assignments": "", "mi_flowcondition": "All", "loopcondition": "", "inputs": "", "iorules": "", "operationref": "", "implementation": "webService", "documentation": "", "outmessage": "", "categories": "", "inmessage": "", "auditing": ""}, "stencil": {"id": "Task"}, "outgoing": [{"resourceId": "sid-F664F515-A61D-424C-93B9-FC3B2FD78E1E"}]}, {"dockers": [], "bounds": {"lowerRight": {"y": 66, "x": 658.5}, "upperLeft": {"y": 26, "x": 618.5}}, "resourceId": "sid-DC0FD68B-B944-4969-B55B-C85FA37462F5", "childShapes": [], "properties": {"xortype": "Data", "monitoring": "", "defaultgate": "", "gatewaytype": "XOR", "gates": "", "assignments": "", "bgcolor": "#ffffff", "id": "", "pool": "", "gate_assignments": "", "markervisible": "true", "name": "", "documentation": "", "gates_assignments": "", "categories": "", "gate_outgoingsequenceflow": "", "auditing": "", "lanes": "", "gates_outgoingsequenceflow": ""}, "stencil": {"id": "Exclusive_Databased_Gateway"}, "outgoing": [{"resourceId": "sid-6891B746-1F86-4589-BCC1-970431506E00"}, {"resourceId": "sid-7F542482-743B-41D6-B2EE-1194B74E0344"}]}, {"dockers": [], "bounds": {"lowerRight": {"y": 86, "x": 863.5}, "upperLeft": {"y": 6, "x": 763.5}}, "resourceId": "sid-A932D523-0E97-453B-8737-2AE8DE6AF7CE", "childShapes": [], "properties": {"resources": "", "tasktype": "None", "startquantity": 1, "instantiate": "", "looptype": "None", "script_language": "", "applyincalc": true, "taskref": "", "costs": "", "bgcolor": "#ffffcc", "inputsets": "", "id": "", "time": "", "performers": "", "outputsets": "", "loopmaximum": 1, "pool": "", "loopcounter": 1, "name": "Send the switch contract to the customer", "costcenter": "", "activitytype": "Task", "outputs": "", "isforcompensation": "", "lanes": "", "callacitivity": "", "monitoring": "", "complexmi_condition": "", "status": "None", "completionquantity": 1, "messageref": "", "properties": "", "testtime": "After", "script": "", "mi_condition": "", "assignments": "", "mi_flowcondition": "All", "loopcondition": "", "inputs": "", "iorules": "", "operationref": "", "implementation": "webService", "documentation": "", "outmessage": "", "categories": "", "inmessage": "", "auditing": ""}, "stencil": {"id": "Task"}, "outgoing": [{"resourceId": "sid-CD6B568C-AE12-430D-BC42-DD580456F248"}]}, {"dockers": [], "bounds": {"lowerRight": {"y": 271, "x": 688.5}, "upperLeft": {"y": 191, "x": 588.5}}, "resourceId": "sid-4AAA7B04-66CF-4AEA-B691-E6815E400E62", "childShapes": [], "properties": {"resources": "", "tasktype": "None", "startquantity": 1, "instantiate": "", "looptype": "None", "script_language": "", "applyincalc": true, "taskref": "", "costs": "", "bgcolor": "#ffffcc", "inputsets": "", "id": "", "time": "", "performers": "", "outputsets": "", "loopmaximum": 1, "pool": "", "loopcounter": 1, "name": "Analyze and resolve generation failure", "costcenter": "", "activitytype": "Task", "outputs": "", "isforcompensation": "", "lanes": "", "callacitivity": "", "monitoring": "", "complexmi_condition": "", "status": "None", "completionquantity": 1, "messageref": "", "properties": "", "testtime": "After", "script": "", "mi_condition": "", "assignments": "", "mi_flowcondition": "All", "loopcondition": "", "inputs": "", "iorules": "", "operationref": "", "implementation": "webService", "documentation": "", "outmessage": "", "categories": "", "inmessage": "", "auditing": ""}, "stencil": {"id": "Task"}, "outgoing": [{"resourceId": "sid-D8DCBC51-8FC7-4B1D-8ECA-E5DE986EFC68"}]}], "properties": {"id": "", "showcaption": false, "monitoring": "", "parentlane": "", "name": "", "documentation": "", "auditing": "", "parentpool": ""}, "stencil": {"id": "Lane"}, "outgoing": []}], "properties": {"enableinstancecompensation": "", "boundaryvisible": true, "monitoring": "", "processcategories": "", "processref": "", "status": "None", "bgcolor": "#ffffff", "processdocumentation": "", "id": "", "processname": "", "processtype": "None", "multiinstance": "", "mainpool": "", "name": "Customer Service \n", "documentation": "", "participantref": "", "suppressjoinfailure": "", "adhoccompletioncondition": "", "auditing": "", "adhocordering": "Parallel", "lanes": "", "adhoc": ""}, "stencil": {"id": "Pool"}, "outgoing": []}, {"dockers": [], "bounds": {"lowerRight": {"y": 915, "x": 1099}, "upperLeft": {"y": 645, "x": 15}}, "resourceId": "sid-5D123ED2-121C-4EA1-84E5-E7CD94A58E79", "childShapes": [{"dockers": [], "bounds": {"lowerRight": {"y": 270, "x": 1084}, "upperLeft": {"y": 0, "x": 30}}, "resourceId": "sid-4787B760-8B93-4E15-9FA0-E6BCA98B4652", "childShapes": [{"dockers": [], "bounds": {"lowerRight": {"y": 60, "x": 50}, "upperLeft": {"y": 30, "x": 20}}, "resourceId": "sid-AE042A37-87B4-4D68-9196-453DBBAB016E", "childShapes": [], "properties": {"trigger": "None", "monitoring": "", "outputset": "", "eventdefinitions": "", "frequency": "", "bgcolor": "#ffffff", "id": "", "dataoutputassociations": "", "name": "", "eventdefinitionref": "", "documentation": "", "dataoutput": "", "auditing": ""}, "stencil": {"id": "StartNoneEvent"}, "outgoing": [{"resourceId": "sid-DCD5629C-A122-46E5-8B47-91FAC47A6623"}]}, {"dockers": [], "bounds": {"lowerRight": {"y": 60, "x": 120}, "upperLeft": {"y": 30, "x": 90}}, "resourceId": "sid-A53BDE18-EB9E-4402-A667-30E279DC5567", "childShapes": [], "properties": {"trigger": "Message", "monitoring": "", "outputset": "", "eventdefinitions": "", "frequency": "", "isinterrupting": true, "bgcolor": "#ffffff", "id": "", "dataoutputassociations": "", "name": "", "eventdefinitionref": "", "documentation": "", "dataoutput": "", "auditing": ""}, "stencil": {"id": "StartMessageEvent"}, "outgoing": []}, {"dockers": [], "bounds": {"lowerRight": {"y": 245, "x": 400}, "upperLeft": {"y": 165, "x": 300}}, "resourceId": "sid-D96B9B39-A3E8-4A00-9D66-882D19D4D52C", "childShapes": [], "properties": {"resources": "", "tasktype": "None", "startquantity": 1, "instantiate": "", "looptype": "None", "script_language": "", "applyincalc": true, "taskref": "", "costs": "", "bgcolor": "#ffffcc", "inputsets": "", "id": "", "time": "", "performers": "", "outputsets": "", "loopmaximum": 1, "pool": "", "loopcounter": 1, "name": "Generate new customer object", "costcenter": "", "activitytype": "Task", "outputs": "", "isforcompensation": "", "lanes": "", "callacitivity": "", "monitoring": "", "complexmi_condition": "", "status": "None", "completionquantity": 1, "messageref": "", "properties": "", "testtime": "After", "script": "", "mi_condition": "", "assignments": "", "mi_flowcondition": "All", "loopcondition": "", "inputs": "", "iorules": "", "operationref": "", "implementation": "webService", "documentation": "", "outmessage": "", "categories": "", "inmessage": "", "auditing": ""}, "stencil": {"id": "Task"}, "outgoing": [{"resourceId": "sid-E0E8D04E-4713-402C-B991-C9D56805C212"}]}, {"dockers": [], "bounds": {"lowerRight": {"y": 105, "x": 880}, "upperLeft": {"y": 25, "x": 780}}, "resourceId": "sid-D4A72D0D-6018-460C-A964-123A429F19E6", "childShapes": [], "properties": {"resources": "", "tasktype": "None", "startquantity": 1, "instantiate": "", "looptype": "None", "script_language": "", "applyincalc": true, "taskref": "", "costs": "", "bgcolor": "#ffffcc", "inputsets": "", "id": "", "time": "", "performers": "", "outputsets": "", "loopmaximum": 1, "pool": "", "loopcounter": 1, "name": "Update customer data", "costcenter": "", "activitytype": "Task", "outputs": "", "isforcompensation": "", "lanes": "", "callacitivity": "", "monitoring": "", "complexmi_condition": "", "status": "None", "completionquantity": 1, "messageref": "", "properties": "", "testtime": "After", "script": "", "mi_condition": "", "assignments": "", "mi_flowcondition": "All", "loopcondition": "", "inputs": "", "iorules": "", "operationref": "", "implementation": "webService", "documentation": "", "outmessage": "", "categories": "", "inmessage": "", "auditing": ""}, "stencil": {"id": "Task"}, "outgoing": [{"resourceId": "sid-D191BE87-4851-48A5-A1A5-A6A2D7B5E934"}]}, {"dockers": [], "bounds": {"lowerRight": {"y": 245, "x": 895}, "upperLeft": {"y": 165, "x": 795}}, "resourceId": "sid-3D131558-8516-4AAE-9082-3CAAD3D013E5", "childShapes": [], "properties": {"resources": "", "tasktype": "None", "startquantity": 1, "instantiate": "", "looptype": "None", "script_language": "", "applyincalc": true, "taskref": "", "costs": "", "bgcolor": "#ffffcc", "inputsets": "", "id": "", "time": "", "performers": "", "outputsets": "", "loopmaximum": 1, "pool": "", "loopcounter": 1, "name": "Send customer data", "costcenter": "", "activitytype": "Task", "outputs": "", "isforcompensation": "", "lanes": "", "callacitivity": "", "monitoring": "", "complexmi_condition": "", "status": "None", "completionquantity": 1, "messageref": "", "properties": "", "testtime": "After", "script": "", "mi_condition": "", "assignments": "", "mi_flowcondition": "All", "loopcondition": "", "inputs": "", "iorules": "", "operationref": "", "implementation": "webService", "documentation": "", "outmessage": "", "categories": "", "inmessage": "", "auditing": ""}, "stencil": {"id": "Task"}, "outgoing": [{"resourceId": "sid-83B0F9E6-39E2-4A37-BC63-2D42415CEC58"}, {"resourceId": "sid-3963BA8A-17AA-4149-A35F-21EAC98E6775"}]}, {"dockers": [], "bounds": {"lowerRight": {"y": 219, "x": 968}, "upperLeft": {"y": 191, "x": 940}}, "resourceId": "sid-F838E63C-CE1D-40A1-AB25-4C8842A03CB1", "childShapes": [], "properties": {"inputset": "", "id": "", "trigger": "None", "monitoring": "", "datainputassociations": "", "eventdefinitionref": "", "name": "", "eventdefinitions": "", "documentation": "", "datainput": "", "auditing": "", "bgcolor": "#ffffff"}, "stencil": {"id": "EndNoneEvent"}, "outgoing": []}], "properties": {"id": "", "showcaption": false, "monitoring": "", "parentlane": "", "name": "", "documentation": "", "auditing": "", "parentpool": ""}, "stencil": {"id": "Lane"}, "outgoing": []}], "properties": {"enableinstancecompensation": "", "boundaryvisible": true, "monitoring": "", "processcategories": "", "processref": "", "status": "None", "bgcolor": "#ffffff", "processdocumentation": "", "id": "", "processname": "", "processtype": "None", "multiinstance": "", "mainpool": "", "name": "CRM", "documentation": "", "participantref": "", "suppressjoinfailure": "", "adhoccompletioncondition": "", "auditing": "", "adhocordering": "Parallel", "lanes": "", "adhoc": ""}, "stencil": {"id": "Pool"}, "outgoing": []}, {"dockers": [{"y": 40, "x": 99}, {"y": 710, "x": 359}], "bounds": {"lowerRight": {"y": 710, "x": 359}, "upperLeft": {"y": 710, "x": 310.78125}}, "resourceId": "sid-FCA86BDE-A0FD-4F2A-A5F3-F0EBE83730E2", "childShapes": [], "properties": {"id": "", "showdiamondmarker": false, "monitoring": "", "name": "", "documentation": "", "probability": "", "conditiontype": "None", "conditionexpression": "", "isimmediate": "", "auditing": ""}, "stencil": {"id": "SequenceFlow"}, "outgoing": []}, {"dockers": [{"y": 710, "x": 381.25}, {"y": 40, "x": 1}], "bounds": {"lowerRight": {"y": 710, "x": 495}, "upperLeft": {"y": 710, "x": 381.25}}, "resourceId": "sid-A900E30F-6C23-4BBB-A0F9-B1B034D049FC", "target": {"resourceId": "sid-80EC6B21-8B4A-4F7E-B682-E7EB9E5DD72B"}, "childShapes": [], "properties": {"id": "", "showdiamondmarker": false, "monitoring": "", "name": "Present", "documentation": "", "probability": "", "conditiontype": "None", "conditionexpression": "Present", "isimmediate": "", "auditing": ""}, "stencil": {"id": "SequenceFlow"}, "outgoing": [{"resourceId": "sid-80EC6B21-8B4A-4F7E-B682-E7EB9E5DD72B"}]}, {"dockers": [{"y": 713.5, "x": 381.25}, {"y": 1, "x": 50}], "bounds": {"lowerRight": {"y": 809.24807945384975483, "x": 394.75293428195317347}, "upperLeft": {"y": 713.5, "x": 381.25}}, "resourceId": "sid-F1A4E916-DADB-4114-A510-B9F057BAB35C", "target": {"resourceId": "sid-D96B9B39-A3E8-4A00-9D66-882D19D4D52C"}, "childShapes": [], "properties": {"id": "", "showdiamondmarker": false, "monitoring": "", "name": "Not present", "documentation": "", "probability": "", "conditiontype": "None", "conditionexpression": "Not present", "isimmediate": "", "auditing": ""}, "stencil": {"id": "SequenceFlow"}, "outgoing": [{"resourceId": "sid-D96B9B39-A3E8-4A00-9D66-882D19D4D52C"}]}, {"dockers": [{"y": 40, "x": 50}, {"y": 20.5, "x": 20.5}], "bounds": {"lowerRight": {"y": 710.40973353623382991, "x": 639.64844687000754675}, "upperLeft": {"y": 710.21917271376617009, "x": 595.62889687999245325}}, "resourceId": "sid-2079AFFA-39BC-4B05-9061-150E4255C920", "target": {"resourceId": "sid-C5291E93-AA6F-4E5C-B806-1EDB90950C4C"}, "childShapes": [], "properties": {"id": "", "showdiamondmarker": "", "monitoring": "", "name": "", "documentation": "", "probability": "", "conditiontype": "None", "conditionexpression": "", "isimmediate": "", "auditing": ""}, "stencil": {"id": "SequenceFlow"}, "outgoing": [{"resourceId": "sid-C5291E93-AA6F-4E5C-B806-1EDB90950C4C"}]}, {"dockers": [{"y": 20.5, "x": 20.5}, {"y": 850, "x": 660.5}, {"y": 40, "x": 50}], "bounds": {"lowerRight": {"y": 850, "x": 839.693359375}, "upperLeft": {"y": 730.02734375, "x": 660.5}}, "resourceId": "sid-F39EBB96-3466-43D8-B72D-A1BB011C2E9B", "target": {"resourceId": "sid-3D131558-8516-4AAE-9082-3CAAD3D013E5"}, "childShapes": [], "properties": {"id": "", "showdiamondmarker": "", "monitoring": "", "name": "Same", "documentation": "", "probability": "", "conditiontype": "None", "conditionexpression": "Same", "isimmediate": "", "auditing": ""}, "stencil": {"id": "SequenceFlow"}, "outgoing": [{"resourceId": "sid-3D131558-8516-4AAE-9082-3CAAD3D013E5"}]}, {"dockers": [{"y": 20.5, "x": 20.5}, {"y": 40, "x": 50}], "bounds": {"lowerRight": {"y": 710.45274712900175018, "x": 824.56445584177481578}, "upperLeft": {"y": 710.11756537099824982, "x": 680.77148165822518422}}, "resourceId": "sid-9E02C812-E721-4467-AA97-28EBF638FB93", "target": {"resourceId": "sid-D4A72D0D-6018-460C-A964-123A429F19E6"}, "childShapes": [], "properties": {"id": "", "showdiamondmarker": "", "monitoring": "", "name": "Not same\n", "documentation": "", "probability": "", "conditiontype": "None", "conditionexpression": "Not same\n", "isimmediate": "", "auditing": ""}, "stencil": {"id": "SequenceFlow"}, "outgoing": [{"resourceId": "sid-D4A72D0D-6018-460C-A964-123A429F19E6"}]}, {"dockers": [{"y": 15, "x": 15}, {"y": 691.5, "x": 157.25}], "bounds": {"lowerRight": {"y": 691.5, "x": 157.25}, "upperLeft": {"y": 690.30066381619633376, "x": 95.484186534110648381}}, "resourceId": "sid-DCD5629C-A122-46E5-8B47-91FAC47A6623", "childShapes": [], "properties": {"id": "", "showdiamondmarker": false, "monitoring": "", "name": "", "documentation": "", "probability": "", "conditiontype": "None", "conditionexpression": "", "isimmediate": "", "auditing": ""}, "stencil": {"id": "SequenceFlow"}, "outgoing": []}, {"dockers": [{"y": 15, "x": 15}, {"y": 40, "x": 50}], "bounds": {"lowerRight": {"y": 375, "x": 209.15625}, "upperLeft": {"y": 375, "x": 165.609375}}, "resourceId": "sid-8C23FACD-9B10-4453-8692-097CBEC0C431", "target": {"resourceId": "sid-6939E3A1-D8A4-41CE-8AC8-3D6B4AF2CD66"}, "childShapes": [], "properties": {"id": "", "showdiamondmarker": "", "monitoring": "", "name": "", "documentation": "", "probability": "", "conditiontype": "None", "conditionexpression": "", "isimmediate": "", "auditing": ""}, "stencil": {"id": "SequenceFlow"}, "outgoing": [{"resourceId": "sid-6939E3A1-D8A4-41CE-8AC8-3D6B4AF2CD66"}]}, {"dockers": [{"y": 40, "x": 50}, {"y": 15, "x": 15}], "bounds": {"lowerRight": {"y": 675.52075200142212452, "x": 245.92031716716326173}, "upperLeft": {"y": 415.31909174857781863, "x": 155.05624533283670985}}, "resourceId": "sid-EB06F5A7-F617-4812-83EB-EF358D4CBCBB", "target": {"resourceId": "sid-A53BDE18-EB9E-4402-A667-30E279DC5567"}, "childShapes": [], "properties": {"id": "", "monitoring": "", "name": "", "documentation": "", "auditing": ""}, "stencil": {"id": "MessageFlow"}, "outgoing": [{"resourceId": "sid-A53BDE18-EB9E-4402-A667-30E279DC5567"}]}, {"dockers": [{"y": 692.5, "x": 157.25}, {"y": 703.5, "x": 209.25}], "bounds": {"lowerRight": {"y": 703.5, "x": 209.25}, "upperLeft": {"y": 692.5, "x": 157.25}}, "resourceId": "sid-35F66056-7B09-488D-BD46-8BA53023824A", "childShapes": [], "properties": {"id": "", "showdiamondmarker": "", "monitoring": "", "name": "", "documentation": "", "probability": "", "conditiontype": "None", "conditionexpression": "", "isimmediate": "", "auditing": ""}, "stencil": {"id": "SequenceFlow"}, "outgoing": []}, {"dockers": [{"y": 60, "x": 99}, {"y": 870, "x": 839.25}], "bounds": {"lowerRight": {"y": 870, "x": 839.25}, "upperLeft": {"y": 870, "x": 445.77197265625}}, "resourceId": "sid-E0E8D04E-4713-402C-B991-C9D56805C212", "childShapes": [], "properties": {"id": "", "showdiamondmarker": false, "monitoring": "", "name": "", "documentation": "", "probability": "", "conditiontype": "None", "conditionexpression": "", "isimmediate": "", "auditing": ""}, "stencil": {"id": "SequenceFlow"}, "outgoing": []}, {"dockers": [{"y": 79, "x": 50}, {"y": 1, "x": 50}], "bounds": {"lowerRight": {"y": 809.05929122595557601, "x": 889.53047368369891501}, "upperLeft": {"y": 750.94070877404442399, "x": 875.46952631630108499}}, "resourceId": "sid-D191BE87-4851-48A5-A1A5-A6A2D7B5E934", "target": {"resourceId": "sid-3D131558-8516-4AAE-9082-3CAAD3D013E5"}, "childShapes": [], "properties": {"id": "", "showdiamondmarker": false, "monitoring": "", "name": "", "documentation": "", "probability": "", "conditiontype": "None", "conditionexpression": "", "isimmediate": "", "auditing": ""}, "stencil": {"id": "SequenceFlow"}, "outgoing": [{"resourceId": "sid-3D131558-8516-4AAE-9082-3CAAD3D013E5"}]}, {"dockers": [{"y": 40, "x": 50}, {"y": 14, "x": 14}], "bounds": {"lowerRight": {"y": 850, "x": 984.375}, "upperLeft": {"y": 850, "x": 940.390625}}, "resourceId": "sid-83B0F9E6-39E2-4A37-BC63-2D42415CEC58", "target": {"resourceId": "sid-F838E63C-CE1D-40A1-AB25-4C8842A03CB1"}, "childShapes": [], "properties": {"id": "", "showdiamondmarker": "", "monitoring": "", "name": "", "documentation": "", "probability": "", "conditiontype": "None", "conditionexpression": "", "isimmediate": "", "auditing": ""}, "stencil": {"id": "SequenceFlow"}, "outgoing": [{"resourceId": "sid-F838E63C-CE1D-40A1-AB25-4C8842A03CB1"}]}, {"dockers": [{"y": 40, "x": 99}, {"y": 375, "x": 392.25}], "bounds": {"lowerRight": {"y": 375, "x": 392.25}, "upperLeft": {"y": 375, "x": 310.650390625}}, "resourceId": "sid-961CD3E4-1C5D-41BA-AFE7-85E96A6953AB", "childShapes": [], "properties": {"id": "", "showdiamondmarker": false, "monitoring": "", "name": "", "documentation": "", "probability": "", "conditiontype": "None", "conditionexpression": "", "isimmediate": "", "auditing": ""}, "stencil": {"id": "SequenceFlow"}, "outgoing": []}, {"dockers": [{"y": 1, "x": 75}, {"y": 378.5, "x": 396.25}], "bounds": {"lowerRight": {"y": 809.51490701285763407, "x": 913.21874685068178223}, "upperLeft": {"y": 378.5, "x": 396.25}}, "resourceId": "sid-3963BA8A-17AA-4149-A35F-21EAC98E6775", "childShapes": [], "properties": {"id": "", "monitoring": "", "name": "", "documentation": "", "auditing": ""}, "stencil": {"id": "MessageFlow"}, "outgoing": []}, {"dockers": [{"y": 15, "x": 15}, {"y": 40, "x": 50}], "bounds": {"lowerRight": {"y": 375, "x": 454.15625}, "upperLeft": {"y": 375, "x": 410.609375}}, "resourceId": "sid-1F05D5B7-8A05-4803-B235-31E2DA83DE39", "target": {"resourceId": "sid-BCDF67DC-AB73-4BF1-A893-37B8FA9FC364"}, "childShapes": [], "properties": {"id": "", "showdiamondmarker": "", "monitoring": "", "name": "", "documentation": "", "probability": "", "conditiontype": "None", "conditionexpression": "", "isimmediate": "", "auditing": ""}, "stencil": {"id": "SequenceFlow"}, "outgoing": [{"resourceId": "sid-BCDF67DC-AB73-4BF1-A893-37B8FA9FC364"}]}, {"dockers": [{"y": 40, "x": 50}, {"y": 20.5, "x": 20.5}], "bounds": {"lowerRight": {"y": 375.43851608866049219, "x": 656.72656667652495344}, "upperLeft": {"y": 375.14546828633950781, "x": 555.33202707347504656}}, "resourceId": "sid-F664F515-A61D-424C-93B9-FC3B2FD78E1E", "target": {"resourceId": "sid-DC0FD68B-B944-4969-B55B-C85FA37462F5"}, "childShapes": [], "properties": {"id": "", "showdiamondmarker": "", "monitoring": "", "name": "", "documentation": "", "probability": "", "conditiontype": "None", "conditionexpression": "", "isimmediate": "", "auditing": ""}, "stencil": {"id": "SequenceFlow"}, "outgoing": [{"resourceId": "sid-DC0FD68B-B944-4969-B55B-C85FA37462F5"}]}, {"dockers": [{"y": 20.5, "x": 20.5}, {"y": 40, "x": 50}], "bounds": {"lowerRight": {"y": 375.44244718224939561, "x": 802.42187910503128023}, "upperLeft": {"y": 375.14349031775060439, "x": 698.08593339496871977}}, "resourceId": "sid-6891B746-1F86-4589-BCC1-970431506E00", "target": {"resourceId": "sid-A932D523-0E97-453B-8737-2AE8DE6AF7CE"}, "childShapes": [], "properties": {"id": "", "showdiamondmarker": "", "monitoring": "", "name": "Generated", "documentation": "", "probability": "", "conditiontype": "None", "conditionexpression": "Generated", "isimmediate": "", "auditing": ""}, "stencil": {"id": "SequenceFlow"}, "outgoing": [{"resourceId": "sid-A932D523-0E97-453B-8737-2AE8DE6AF7CE"}]}, {"dockers": [{"y": 20.5, "x": 20.5}, {"y": 1, "x": 50}], "bounds": {"lowerRight": {"y": 519.43164652945995385, "x": 677.93015734417338081}, "upperLeft": {"y": 395.82421284554004615, "x": 677.50538953082661919}}, "resourceId": "sid-7F542482-743B-41D6-B2EE-1194B74E0344", "target": {"resourceId": "sid-4AAA7B04-66CF-4AEA-B691-E6815E400E62"}, "childShapes": [], "properties": {"id": "", "showdiamondmarker": false, "monitoring": "", "name": "Not generated", "documentation": "", "probability": "", "conditiontype": "None", "conditionexpression": "Not generated", "isimmediate": "", "auditing": ""}, "stencil": {"id": "SequenceFlow"}, "outgoing": [{"resourceId": "sid-4AAA7B04-66CF-4AEA-B691-E6815E400E62"}]}, {"dockers": [{"y": 1, "x": 25}, {"y": 79, "x": 50}], "bounds": {"lowerRight": {"y": 519.5768701343271232, "x": 650.53820883003038489}, "upperLeft": {"y": 415.4231298656728768, "x": 506.96179116996961511}}, "resourceId": "sid-D8DCBC51-8FC7-4B1D-8ECA-E5DE986EFC68", "target": {"resourceId": "sid-BCDF67DC-AB73-4BF1-A893-37B8FA9FC364"}, "childShapes": [], "properties": {"id": "", "showdiamondmarker": false, "monitoring": "", "name": "", "documentation": "", "probability": "", "conditiontype": "None", "conditionexpression": "", "isimmediate": "", "auditing": ""}, "stencil": {"id": "SequenceFlow"}, "outgoing": [{"resourceId": "sid-BCDF67DC-AB73-4BF1-A893-37B8FA9FC364"}]}, {"dockers": [{"y": 1, "x": 25}, {"y": 15, "x": 15}], "bounds": {"lowerRight": {"y": 334.8047958303649807, "x": 823.42021653634208178}, "upperLeft": {"y": 184.24207916963499088, "x": 309.48017408865791822}}, "resourceId": "sid-CD6B568C-AE12-430D-BC42-DD580456F248", "target": {"resourceId": "sid-2BBAC60B-2013-44A9-A60D-260F8CE21E74"}, "childShapes": [], "properties": {"id": "", "monitoring": "", "name": "", "documentation": "", "auditing": ""}, "stencil": {"id": "MessageFlow"}, "outgoing": [{"resourceId": "sid-2BBAC60B-2013-44A9-A60D-260F8CE21E74"}]}, {"dockers": [{"y": 40, "x": 99}, {"y": 180, "x": 314.25}], "bounds": {"lowerRight": {"y": 180, "x": 314.25}, "upperLeft": {"y": 180, "x": 235.626953125}}, "resourceId": "sid-C6003A9B-4DE2-4313-BD08-8D41EFAA5B92", "childShapes": [], "properties": {"id": "", "showdiamondmarker": false, "monitoring": "", "name": "", "documentation": "", "probability": "", "conditiontype": "None", "conditionexpression": "", "isimmediate": "", "auditing": ""}, "stencil": {"id": "SequenceFlow"}, "outgoing": []}, {"dockers": [{"y": 180, "x": 291.25}, {"y": 40, "x": 50}], "bounds": {"lowerRight": {"y": 180, "x": 374.9305995031164116}, "upperLeft": {"y": 154.97402631682501806, "x": 291.25}}, "resourceId": "sid-1BE97FC3-2FDA-4269-A379-E106B182D4C1", "target": {"resourceId": "sid-659E65F0-AA2D-4D0F-BB26-60BDC25B0C1D"}, "childShapes": [], "properties": {"id": "", "showdiamondmarker": "", "monitoring": "", "name": "", "documentation": "", "probability": "", "conditiontype": "None", "conditionexpression": "", "isimmediate": "", "auditing": ""}, "stencil": {"id": "SequenceFlow"}, "outgoing": [{"resourceId": "sid-659E65F0-AA2D-4D0F-BB26-60BDC25B0C1D"}]}], "properties": {"monitoring": "", "modificationdate": "", "namespaces": "", "creationdate": "", "version": "", "id": "", "author": "", "targetnamespace": "http://www.omg.org/bpmn20", "name": "", "documentation": "", "language": "English", "auditing": "", "expressionlanguage": "http://www.w3.org/1999/XPath", "typelanguage": "http://www.w3.org/2001/XMLSchema"}, "ssextensions": ["http://oryx-editor.org/stencilsets/extensions/bpmn2.0basicsubset#"], "stencilset": {"url": "/editor/stencilsets/bpmn2.0/bpmn2.0.json", "namespace": "http://b3mn.org/stencilset/bpmn2.0#"}, "stencil": {"id": "BPMNDiagram"}}