{"revision": {"creationDate": null, "isLastRevision": true, "revisionNumber": 1, "elementCounts": {"total": 68, "IntermediateTimerEvent": 1, "Lane": 5, "Pool": 2, "Task": 17, "StartNoneEvent": 1, "SequenceFlow": 27, "EndNoneEvent": 2, "Exclusive_Databased_Gateway": 2, "BPMNDiagram": 1, "ParallelGateway": 4, "MessageFlow": 6}, "connectedness": 97}, "model": {"modelId": "1037624884", "modelDate": "2012-08-30", "groupName": "BPMN2.0_Process", "naturalLanguage": "en", "modelName": "1037624884", "TimestampModelCollection": "2012-08-30 14:08:38", "modelingLanguage": "bpmn20", "directoryId": "1357379827", "numberOfRevisions": 1}}