{"revision": {"creationDate": null, "isLastRevision": true, "revisionNumber": 21, "elementCounts": {"total": 124, "EndMessageEvent": 2, "processparticipant": 1, "Lane": 2, "Message": 3, "StartNoneEvent": 4, "Pool": 2, "InclusiveGateway": 2, "MessageFlow": 3, "StartMessageEvent": 1, "Subprocess": 4, "TextAnnotation": 10, "Association_Undirected": 22, "ITSystem": 4, "SequenceFlow": 34, "Task": 16, "EndNoneEvent": 4, "BPMNDiagram": 1, "Exclusive_Databased_Gateway": 3, "ParallelGateway": 2, "DataStore": 4}, "connectedness": 97}, "model": {"modelId": "1037531241", "modelDate": "2010-11-15", "groupName": "BPMN2.0_Process", "naturalLanguage": "en", "modelName": "create new insurance plan", "TimestampModelCollection": "2012-08-30 14:08:38", "modelingLanguage": "bpmn20", "directoryId": "2025540167", "numberOfRevisions": 21}}