{"bounds": {"lowerRight": {"y": 1050, "x": 2070}, "upperLeft": {"y": 0, "x": 0}}, "resourceId": "canvas", "childShapes": [{"dockers": [], "bounds": {"lowerRight": {"y": 288, "x": 1970}, "upperLeft": {"y": 223, "x": 570}}, "resourceId": "sid-7D87575A-4499-4EDE-9A9D-9CD7776DA474", "layers": [], "labels": [], "childShapes": [{"dockers": [], "bounds": {"lowerRight": {"y": 65, "x": 1400}, "upperLeft": {"y": 0, "x": 30}}, "resourceId": "sid-07D45096-9AEE-4410-BF14-42D47C8003D8", "layers": [], "labels": [], "childShapes": [], "properties": {"showcaption": "true", "bordercolor": "#000000", "monitoring": "", "parentlane": "", "name": "", "documentation": "", "auditing": "", "bgcolor": "", "parentpool": ""}, "stencil": {"id": "Lane"}, "outgoing": [], "glossaryLinks": {}, "formats": {}}], "properties": {"isclosed": "false", "enableinstancecompensation": "false", "boundaryvisible": "true", "monitoring": "", "processcategories": "", "minimum": "2", "status": "None", "isexecutable": "false", "processdocumentation": "", "processtype": "None", "bordercolor": "#000000", "processname": "", "multiinstance": "false", "maximum": "2", "name": "H", "documentation": "", "suppressjoinfailure": "false", "adhoccompletioncondition": "", "auditing": "", "adhocordering": "Parallel", "adhoc": "false", "processid": ""}, "stencil": {"id": "Pool"}, "outgoing": [{"resourceId": "sid-43F0FC52-A075-468F-98E1-E032414A94FC"}, {"resourceId": "sid-2EDF6C51-6495-42FE-83B6-D91E7EE4B5F0"}, {"resourceId": "sid-D6AF0921-F20A-46F7-BDE1-C53DC42CF104"}, {"resourceId": "sid-58DD2845-EC55-4634-A9A4-4C45ADB618E9"}], "glossaryLinks": {}, "formats": {}}, {"dockers": [], "bounds": {"lowerRight": {"y": 660, "x": 1942}, "upperLeft": {"y": 313, "x": 570}}, "resourceId": "sid-66CAA1AE-AE55-47C2-98B4-DFB447DAAE0C", "layers": [], "labels": [], "childShapes": [{"dockers": [], "bounds": {"lowerRight": {"y": 347, "x": 1372}, "upperLeft": {"y": 0, "x": 30}}, "resourceId": "sid-E5B0E9D8-1F20-4BCD-9A47-3094C816975D", "layers": [], "labels": [], "childShapes": [{"dockers": [], "bounds": {"lowerRight": {"y": 228.19151092968849071, "x": 141.6920041636908536}, "upperLeft": {"y": 188.19151092968849071, "x": 101.6920041636908536}}, "resourceId": "sid-6D8B44DD-695F-47AD-8716-7408C799AD7A", "layers": [], "labels": [], "childShapes": [], "properties": {"monitoring": "", "defaultgate": "", "gatewaytype": "OR", "gates": "", "assignments": "", "bgcolor": "#ffffff", "bordercolor": "#000000", "pool": "", "gate_assignments": "", "name": "", "gates_assignments": "", "documentation": "", "categories": "", "auditing": "", "gate_outgoingsequenceflow": "", "lanes": "", "gates_outgoingsequenceflow": "", "processid": ""}, "stencil": {"id": "InclusiveGateway"}, "outgoing": [{"resourceId": "sid-26489D94-5300-413C-91E7-814C7A2D82E1"}], "glossaryLinks": {}, "formats": {}}, {"dockers": [], "bounds": {"lowerRight": {"y": 228.19151092968849071, "x": 203}, "upperLeft": {"y": 188.19151092968849071, "x": 163}}, "resourceId": "sid-6BDF90F7-1289-43E7-871E-4F48D9C5BF4F", "layers": [], "labels": [], "childShapes": [], "properties": {"monitoring": "", "defaultgate": "", "gatewaytype": "OR", "gates": "", "assignments": "", "bgcolor": "#ffffff", "bordercolor": "#000000", "pool": "", "gate_assignments": "", "name": "", "gates_assignments": "", "documentation": "", "categories": "", "auditing": "", "gate_outgoingsequenceflow": "", "lanes": "", "gates_outgoingsequenceflow": "", "processid": ""}, "stencil": {"id": "InclusiveGateway"}, "outgoing": [{"resourceId": "sid-198DAEA6-839D-4C78-9F66-F94D6C2B6F0D"}, {"resourceId": "sid-57F3E2C2-DE34-4F65-A8A3-AA6DE60D55E4"}], "glossaryLinks": {}, "formats": {}}, {"dockers": [], "bounds": {"lowerRight": {"y": 162.3070093683044206, "x": 255.4225078069203505}, "upperLeft": {"y": 122.3070093683044206, "x": 215.4225078069203505}}, "resourceId": "sid-22A7FF66-4567-45D5-8792-F871E8ACAB7A", "layers": [], "labels": [], "childShapes": [], "properties": {"monitoring": "", "defaultgate": "", "gatewaytype": "OR", "gates": "", "assignments": "", "bgcolor": "#ffffff", "bordercolor": "#000000", "pool": "", "gate_assignments": "", "name": "", "gates_assignments": "", "documentation": "", "categories": "", "auditing": "", "gate_outgoingsequenceflow": "", "lanes": "", "gates_outgoingsequenceflow": "", "processid": ""}, "stencil": {"id": "InclusiveGateway"}, "outgoing": [{"resourceId": "sid-196FE47B-00F9-480A-8B61-990BA629F0D0"}, {"resourceId": "sid-5AEA70E5-5056-4B88-8048-6B2A83A2AFCF"}], "glossaryLinks": {}, "formats": {}}, {"dockers": [], "bounds": {"lowerRight": {"y": 292.11451197061114726, "x": 275.67120804980226012}, "upperLeft": {"y": 245.11451197061114726, "x": 209.3455088478430639}}, "resourceId": "sid-C1A4E3B0-BD8B-4EB6-B74F-7BCE0EEE0AF2", "layers": [], "labels": [], "childShapes": [], "properties": {"resources": "", "outmsgstructure": "", "applyincalc": "true", "loopcardinality": "", "outmessagename": "", "inmessagename": "", "bgcolor": "#ffffcc", "bordercolor": "#000000", "time": "", "loopdataoutput": "", "testbefore": "false", "callacitivity": "false", "outmsgiscollection": "false", "monitoring": "", "operationname": "", "dataoutputset": "", "completionquantity": "1", "properties": "", "script": "", "assignments": "", "nonebehavioreventref": "signal", "scriptformat": "", "datainputset": "", "processid": "", "startquantity": "1", "tasktype": "None", "looptype": "None", "instantiate": "false", "behavior": "all", "inmsgimport": "", "costs": "", "inputdataitem": "", "loopdatainput": "", "name": "V", "outmsgitemkind": "Information", "costcenter": "", "completioncondition": "", "isforcompensation": "false", "inmsgiscollection": "false", "inmsgitemkind": "Information", "inmsgstructure": "", "outputdataitem": "", "messageref": "", "loopcondition": "", "onebehavioreventref:": "signal", "implementation": "webService", "operationref": "", "outmsgimport": "", "documentation": "", "categories": "", "auditing": "", "complexbehaviordefinition": ""}, "stencil": {"id": "Task"}, "outgoing": [{"resourceId": "sid-35333D4B-8A16-40FA-BF8C-7F505C952C4D"}], "glossaryLinks": {}, "formats": {}}, {"dockers": [], "bounds": {"lowerRight": {"y": 90, "x": 250.4225078069203505}, "upperLeft": {"y": 60, "x": 220.4225078069203505}}, "resourceId": "sid-4CFBBD77-B0B9-4308-8D7A-74A755D55DD0", "layers": [], "labels": [], "childShapes": [], "properties": {"trigger": "Message", "monitoring": "", "operationname": "", "outputset": "", "applyincalc": "true", "frequency": "", "isinterrupting": "true", "bgcolor": "#ffffff", "bordercolor": "#000000", "dataoutputassociations": "", "name": "W", "messagename": "", "dataoutput": "", "documentation": "", "auditing": "", "processid": ""}, "stencil": {"id": "StartMessageEvent"}, "outgoing": [{"resourceId": "sid-DEAF2568-BE29-480E-A966-7D9144C67DFC"}], "glossaryLinks": {}, "formats": {}}, {"dockers": [], "bounds": {"lowerRight": {"y": 228.19151092968849071, "x": 311.11451197061114726}, "upperLeft": {"y": 188.19151092968849071, "x": 271.11451197061114726}}, "resourceId": "sid-AA039E24-F852-41B9-A7F3-0D983FB00520", "layers": [], "labels": [], "childShapes": [], "properties": {"monitoring": "", "defaultgate": "", "gatewaytype": "OR", "gates": "", "assignments": "", "bgcolor": "#ffffff", "bordercolor": "#000000", "pool": "", "gate_assignments": "", "name": "", "gates_assignments": "", "documentation": "", "categories": "", "auditing": "", "gate_outgoingsequenceflow": "", "lanes": "", "gates_outgoingsequenceflow": "", "processid": ""}, "stencil": {"id": "InclusiveGateway"}, "outgoing": [{"resourceId": "sid-8DA30CB4-1E78-46E3-AC97-3936DBF4E54A"}], "glossaryLinks": {}, "formats": {}}, {"dockers": [], "bounds": {"lowerRight": {"y": 162.3070093683044206, "x": 591}, "upperLeft": {"y": 122.3070093683044206, "x": 551}}, "resourceId": "sid-7BA290DF-3D4E-4359-BE5D-B52252F42FDD", "layers": [], "labels": [], "childShapes": [], "properties": {"monitoring": "", "defaultgate": "", "gatewaytype": "OR", "gates": "", "assignments": "", "bgcolor": "#ffffff", "bordercolor": "#000000", "pool": "", "gate_assignments": "", "name": "", "gates_assignments": "", "documentation": "", "categories": "", "auditing": "", "gate_outgoingsequenceflow": "", "lanes": "", "gates_outgoingsequenceflow": "", "processid": ""}, "stencil": {"id": "InclusiveGateway"}, "outgoing": [{"resourceId": "sid-28ACD7CE-843A-461C-A4C9-E94EDD1FD17B"}], "glossaryLinks": {}, "formats": {}}, {"dockers": [], "bounds": {"lowerRight": {"y": 231.69151092968849071, "x": 384.3455088478430639}, "upperLeft": {"y": 184.69151092968849071, "x": 334.3455088478430639}}, "resourceId": "sid-E87DC5AD-2961-4A19-BD8C-15CAB90FF135", "layers": [], "labels": [], "childShapes": [], "properties": {"resources": "", "outmsgstructure": "", "applyincalc": "true", "loopcardinality": "", "outmessagename": "", "inmessagename": "", "bgcolor": "#ffffcc", "bordercolor": "#000000", "time": "", "loopdataoutput": "", "testbefore": "false", "callacitivity": "false", "outmsgiscollection": "false", "monitoring": "", "operationname": "", "dataoutputset": "", "completionquantity": "1", "properties": "", "script": "", "assignments": "", "nonebehavioreventref": "signal", "scriptformat": "", "datainputset": "", "processid": "", "startquantity": "1", "tasktype": "None", "looptype": "None", "instantiate": "false", "behavior": "all", "inmsgimport": "", "costs": "", "inputdataitem": "", "loopdatainput": "", "name": "X", "outmsgitemkind": "Information", "costcenter": "", "completioncondition": "", "isforcompensation": "false", "inmsgiscollection": "false", "inmsgitemkind": "Information", "inmsgstructure": "", "outputdataitem": "", "messageref": "", "loopcondition": "", "onebehavioreventref:": "signal", "implementation": "webService", "operationref": "", "outmsgimport": "", "documentation": "", "categories": "", "auditing": "", "complexbehaviordefinition": ""}, "stencil": {"id": "Task"}, "outgoing": [{"resourceId": "sid-FF34D282-FEF5-4688-8E1A-A331AEE1EF90"}], "glossaryLinks": {}, "formats": {}}, {"dockers": [], "bounds": {"lowerRight": {"y": 228.19151092968849071, "x": 452.69101769568612781}, "upperLeft": {"y": 188.19151092968849071, "x": 412.69101769568612781}}, "resourceId": "sid-E699B5AA-2618-442E-BB62-9133ABC9F92C", "layers": [], "labels": [], "childShapes": [], "properties": {"monitoring": "", "defaultgate": "", "gatewaytype": "OR", "gates": "", "assignments": "", "bgcolor": "#ffffff", "bordercolor": "#000000", "pool": "", "gate_assignments": "", "name": "", "gates_assignments": "", "documentation": "", "categories": "", "auditing": "", "gate_outgoingsequenceflow": "", "lanes": "", "gates_outgoingsequenceflow": "", "processid": ""}, "stencil": {"id": "InclusiveGateway"}, "outgoing": [{"resourceId": "sid-A439C57A-C8F0-49AB-8822-368F974177E6"}, {"resourceId": "sid-4687B8DB-10A0-413C-B6DA-6EB9C1C32FCB"}], "glossaryLinks": {}, "formats": {}}, {"dockers": [], "bounds": {"lowerRight": {"y": 238.69151092968854755, "x": 544.47969712011376942}, "upperLeft": {"y": 178.69151092968849071, "x": 480.53701977753155461}}, "resourceId": "sid-48DC62AB-57DA-40E8-B466-A5034245164A", "layers": [], "labels": [], "childShapes": [], "properties": {"resources": "", "outmsgstructure": "", "applyincalc": "true", "loopcardinality": "", "outmessagename": "", "inmessagename": "", "bgcolor": "#ffffcc", "bordercolor": "#000000", "time": "", "loopdataoutput": "", "testbefore": "false", "callacitivity": "false", "outmsgiscollection": "false", "monitoring": "", "operationname": "", "dataoutputset": "", "completionquantity": "1", "properties": "", "script": "", "assignments": "", "nonebehavioreventref": "signal", "scriptformat": "", "datainputset": "", "processid": "", "startquantity": "1", "tasktype": "None", "looptype": "None", "instantiate": "false", "behavior": "all", "inmsgimport": "", "costs": "", "inputdataitem": "", "loopdatainput": "", "name": "Y", "outmsgitemkind": "Information", "costcenter": "", "completioncondition": "", "isforcompensation": "false", "inmsgiscollection": "false", "inmsgitemkind": "Information", "inmsgstructure": "", "outputdataitem": "", "messageref": "", "loopcondition": "", "onebehavioreventref:": "signal", "implementation": "webService", "operationref": "", "outmsgimport": "", "documentation": "", "categories": "", "auditing": "", "complexbehaviordefinition": ""}, "stencil": {"id": "Task"}, "outgoing": [{"resourceId": "sid-7C0AA63C-99DD-49F3-8D09-0997A612C25E"}, {"resourceId": "sid-57CCE104-D1A2-44EA-892D-35FA28AB581A"}], "glossaryLinks": {}, "formats": {}}, {"dockers": [], "bounds": {"lowerRight": {"y": 321.42152133891568155, "x": 558.86271897949063714}, "upperLeft": {"y": 276.03751301153397435, "x": 480.53701977753144092}}, "resourceId": "sid-464F9A91-84AD-4E6A-A978-C552F4BF59A8", "layers": [], "labels": [], "childShapes": [], "properties": {"resources": "", "outmsgstructure": "", "applyincalc": "true", "loopcardinality": "", "outmessagename": "", "inmessagename": "", "bgcolor": "#ffffcc", "bordercolor": "#000000", "time": "", "loopdataoutput": "", "testbefore": "false", "callacitivity": "false", "outmsgiscollection": "false", "monitoring": "", "operationname": "", "dataoutputset": "", "completionquantity": "1", "properties": "", "script": "", "assignments": "", "nonebehavioreventref": "signal", "scriptformat": "", "datainputset": "", "processid": "", "startquantity": "1", "tasktype": "None", "looptype": "None", "instantiate": "false", "behavior": "all", "inmsgimport": "", "costs": "", "inputdataitem": "", "loopdatainput": "", "name": "Z", "outmsgitemkind": "Information", "costcenter": "", "completioncondition": "", "isforcompensation": "false", "inmsgiscollection": "false", "inmsgitemkind": "Information", "inmsgstructure": "", "outputdataitem": "", "messageref": "", "loopcondition": "", "onebehavioreventref:": "signal", "implementation": "webService", "operationref": "", "outmsgimport": "", "documentation": "", "categories": "", "auditing": "", "complexbehaviordefinition": ""}, "stencil": {"id": "Task"}, "outgoing": [{"resourceId": "sid-7CB298DF-171A-4E7E-BBF4-6D082E1F76FB"}], "glossaryLinks": {}, "formats": {}}, {"dockers": [], "bounds": {"lowerRight": {"y": 165.8070093683044206, "x": 660.03652654352913487}, "upperLeft": {"y": 112.3070093683044206, "x": 610.03652654352913487}}, "resourceId": "sid-4366BBAA-0EAD-439B-85C8-DE7C20BF8C48", "layers": [], "labels": [], "childShapes": [], "properties": {"resources": "", "outmsgstructure": "", "applyincalc": "true", "loopcardinality": "", "outmessagename": "", "inmessagename": "", "bgcolor": "#ffffcc", "bordercolor": "#000000", "time": "", "loopdataoutput": "", "testbefore": "false", "callacitivity": "false", "outmsgiscollection": "false", "monitoring": "", "operationname": "", "dataoutputset": "", "completionquantity": "1", "properties": "", "script": "", "assignments": "", "nonebehavioreventref": "signal", "scriptformat": "", "datainputset": "", "processid": "", "startquantity": "1", "tasktype": "None", "looptype": "None", "instantiate": "false", "behavior": "all", "inmsgimport": "", "costs": "", "inputdataitem": "", "loopdatainput": "", "name": "AA", "outmsgitemkind": "Information", "costcenter": "", "completioncondition": "", "isforcompensation": "false", "inmsgiscollection": "false", "inmsgitemkind": "Information", "inmsgstructure": "", "outputdataitem": "", "messageref": "", "loopcondition": "", "onebehavioreventref:": "signal", "implementation": "webService", "operationref": "", "outmsgimport": "", "documentation": "", "categories": "", "auditing": "", "complexbehaviordefinition": ""}, "stencil": {"id": "Task"}, "outgoing": [{"resourceId": "sid-C9586DD0-84C8-430D-A668-05BD04BA7FAB"}], "glossaryLinks": {}, "formats": {}}, {"dockers": [], "bounds": {"lowerRight": {"y": 159.3070093683044206, "x": 725}, "upperLeft": {"y": 119.3070093683044206, "x": 685}}, "resourceId": "sid-568BCABD-5C59-4639-9EAB-1AF823EC2038", "layers": [], "labels": [], "childShapes": [], "properties": {"monitoring": "", "defaultgate": "", "gatewaytype": "OR", "gates": "", "assignments": "", "bgcolor": "#ffffff", "bordercolor": "#000000", "pool": "", "gate_assignments": "", "name": "", "gates_assignments": "", "documentation": "", "categories": "", "auditing": "", "gate_outgoingsequenceflow": "", "lanes": "", "gates_outgoingsequenceflow": "", "processid": ""}, "stencil": {"id": "InclusiveGateway"}, "outgoing": [{"resourceId": "sid-95C33A3E-1DE3-4031-9895-662C483873DC"}], "glossaryLinks": {}, "formats": {}}, {"dockers": [], "bounds": {"lowerRight": {"y": 162.8070093683044206, "x": 811.72853070722010216}, "upperLeft": {"y": 115.8070093683044206, "x": 761.72853070722010216}}, "resourceId": "sid-54FC2597-EDE1-4027-9EB1-099A1D93EEB9", "layers": [], "labels": [], "childShapes": [], "properties": {"resources": "", "outmsgstructure": "", "applyincalc": "true", "loopcardinality": "", "outmessagename": "", "inmessagename": "", "bgcolor": "#ffffcc", "bordercolor": "#000000", "time": "", "loopdataoutput": "", "testbefore": "false", "callacitivity": "false", "outmsgiscollection": "false", "monitoring": "", "operationname": "", "dataoutputset": "", "completionquantity": "1", "properties": "", "script": "", "assignments": "", "nonebehavioreventref": "signal", "scriptformat": "", "datainputset": "", "processid": "", "startquantity": "1", "tasktype": "None", "looptype": "None", "instantiate": "false", "behavior": "all", "inmsgimport": "", "costs": "", "inputdataitem": "", "loopdatainput": "", "name": "AB", "outmsgitemkind": "Information", "costcenter": "", "completioncondition": "", "isforcompensation": "false", "inmsgiscollection": "false", "inmsgitemkind": "Information", "inmsgstructure": "", "outputdataitem": "", "messageref": "", "loopcondition": "", "onebehavioreventref:": "signal", "implementation": "webService", "operationref": "", "outmsgimport": "", "documentation": "", "categories": "", "auditing": "", "complexbehaviordefinition": ""}, "stencil": {"id": "Task"}, "outgoing": [{"resourceId": "sid-7C903EB8-0602-4D8C-B8DD-8A3FE862050C"}], "glossaryLinks": {}, "formats": {}}, {"dockers": [], "bounds": {"lowerRight": {"y": 90, "x": 586}, "upperLeft": {"y": 60, "x": 556}}, "resourceId": "sid-F02ED20D-AD31-4F56-ABC3-61C7EDA6D35D", "layers": [], "labels": [], "childShapes": [], "properties": {"trigger": "Message", "monitoring": "", "operationname": "", "outputset": "", "applyincalc": "true", "frequency": "", "isinterrupting": "true", "bgcolor": "#ffffff", "bordercolor": "#000000", "dataoutputassociations": "", "name": "", "messagename": "", "dataoutput": "", "documentation": "", "auditing": "", "processid": ""}, "stencil": {"id": "StartMessageEvent"}, "outgoing": [{"resourceId": "sid-2090F930-A8C7-4E31-B0AF-72BB4F0C005A"}], "glossaryLinks": {}, "formats": {}}, {"dockers": [], "bounds": {"lowerRight": {"y": 159.3070093683044206, "x": 882.49852029799296815}, "upperLeft": {"y": 119.3070093683044206, "x": 842.49852029799296815}}, "resourceId": "sid-DB2D49C6-FF35-43B1-9A4C-12D87C2F5EFA", "layers": [], "labels": [], "childShapes": [], "properties": {"monitoring": "", "gatewaytype": "AND", "gates": "", "assignments": "", "bgcolor": "#ffffff", "bordercolor": "#000000", "pool": "", "name": "", "gates_assignments": "", "documentation": "", "categories": "", "auditing": "", "gates_outgoingsequenceflow": "", "lanes": "", "processid": ""}, "stencil": {"id": "ParallelGateway"}, "outgoing": [{"resourceId": "sid-B14C6661-2168-46D4-8FBD-92782F642A12"}, {"resourceId": "sid-8CC61AFD-12E8-45BA-840C-01D11DE4EF2B"}, {"resourceId": "sid-614814E4-34ED-45BD-9320-4130236A0DD9"}, {"resourceId": "sid-6BB379AD-02D3-4894-AFAB-C2948D103EB0"}], "glossaryLinks": {}, "formats": {}}, {"dockers": [], "bounds": {"lowerRight": {"y": 113.5, "x": 994}, "upperLeft": {"y": 60, "x": 898}}, "resourceId": "sid-46F59FD0-6835-46CC-AD4B-F52F423C4BE4", "layers": [], "labels": [], "childShapes": [], "properties": {"resources": "", "outmsgstructure": "", "applyincalc": "true", "loopcardinality": "", "outmessagename": "", "inmessagename": "", "bgcolor": "#ffffcc", "bordercolor": "#000000", "time": "", "loopdataoutput": "", "testbefore": "false", "callacitivity": "false", "outmsgiscollection": "false", "monitoring": "", "operationname": "", "dataoutputset": "", "completionquantity": "1", "properties": "", "script": "", "assignments": "", "nonebehavioreventref": "signal", "scriptformat": "", "datainputset": "", "processid": "", "startquantity": "1", "tasktype": "None", "looptype": "None", "instantiate": "false", "behavior": "all", "inmsgimport": "", "costs": "", "inputdataitem": "", "loopdatainput": "", "name": "AC", "outmsgitemkind": "Information", "costcenter": "", "completioncondition": "", "isforcompensation": "false", "inmsgiscollection": "false", "inmsgitemkind": "Information", "inmsgstructure": "", "outputdataitem": "", "messageref": "", "loopcondition": "", "onebehavioreventref:": "signal", "implementation": "webService", "operationref": "", "outmsgimport": "", "documentation": "", "categories": "", "auditing": "", "complexbehaviordefinition": ""}, "stencil": {"id": "Task"}, "outgoing": [{"resourceId": "sid-8BBC8955-2555-43C5-85C3-45180AE2536E"}, {"resourceId": "sid-C228B0E4-7390-412F-8B83-52335F3A6EB7"}], "glossaryLinks": {}, "formats": {}}, {"dockers": [], "bounds": {"lowerRight": {"y": 223.69151092968854755, "x": 994}, "upperLeft": {"y": 176.57179993060515244, "x": 898}}, "resourceId": "sid-DD4A21AC-B305-4D92-B586-B70F947A9C70", "layers": [], "labels": [], "childShapes": [], "properties": {"resources": "", "outmsgstructure": "", "applyincalc": "true", "loopcardinality": "", "outmessagename": "", "inmessagename": "", "bgcolor": "#ffffcc", "bordercolor": "#000000", "time": "", "loopdataoutput": "", "testbefore": "false", "callacitivity": "false", "outmsgiscollection": "false", "monitoring": "", "operationname": "", "dataoutputset": "", "completionquantity": "1", "properties": "", "script": "", "assignments": "", "nonebehavioreventref": "signal", "scriptformat": "", "datainputset": "", "processid": "", "startquantity": "1", "tasktype": "None", "looptype": "None", "instantiate": "false", "behavior": "all", "inmsgimport": "", "costs": "", "inputdataitem": "", "loopdatainput": "", "name": "AD", "outmsgitemkind": "Information", "costcenter": "", "completioncondition": "", "isforcompensation": "false", "inmsgiscollection": "false", "inmsgitemkind": "Information", "inmsgstructure": "", "outputdataitem": "", "messageref": "", "loopcondition": "", "onebehavioreventref:": "signal", "implementation": "webService", "operationref": "", "outmsgimport": "", "documentation": "", "categories": "", "auditing": "", "complexbehaviordefinition": ""}, "stencil": {"id": "Task"}, "outgoing": [{"resourceId": "sid-3B29307A-2544-484F-8232-5C7880C3FC91"}, {"resourceId": "sid-7D792675-16A7-4CF3-A5D7-1CA029609BFE"}], "glossaryLinks": {}, "formats": {}}, {"dockers": [], "bounds": {"lowerRight": {"y": 159.3070093683044206, "x": 1038.1905244616837081}, "upperLeft": {"y": 119.3070093683044206, "x": 998.19052446168382176}}, "resourceId": "sid-1394F0E8-97F2-47D3-BAA8-830F35896863", "layers": [], "labels": [], "childShapes": [], "properties": {"monitoring": "", "gatewaytype": "AND", "gates": "", "assignments": "", "bgcolor": "#ffffff", "bordercolor": "#000000", "pool": "", "name": "", "gates_assignments": "", "documentation": "", "categories": "", "auditing": "", "gates_outgoingsequenceflow": "", "lanes": "", "processid": ""}, "stencil": {"id": "ParallelGateway"}, "outgoing": [{"resourceId": "sid-E3B47558-0231-40B1-BCDE-53A510A54DE0"}], "glossaryLinks": {}, "formats": {}}, {"dockers": [], "bounds": {"lowerRight": {"y": 163.8070093683044206, "x": 1132.3908870741972805}, "upperLeft": {"y": 116.8070093683044206, "x": 1066.0651878722380843}}, "resourceId": "sid-891F8A6B-5405-4790-AB88-C9F0C7F57526", "layers": [], "labels": [], "childShapes": [], "properties": {"resources": "", "outmsgstructure": "", "applyincalc": "true", "loopcardinality": "", "outmessagename": "", "inmessagename": "", "bgcolor": "#ffffcc", "bordercolor": "#000000", "time": "", "loopdataoutput": "", "testbefore": "false", "callacitivity": "false", "outmsgiscollection": "false", "monitoring": "", "operationname": "", "dataoutputset": "", "completionquantity": "1", "properties": "", "script": "", "assignments": "", "nonebehavioreventref": "signal", "scriptformat": "", "datainputset": "", "processid": "", "startquantity": "1", "tasktype": "None", "looptype": "None", "instantiate": "false", "behavior": "all", "inmsgimport": "", "costs": "", "inputdataitem": "", "loopdatainput": "", "name": "AE", "outmsgitemkind": "Information", "costcenter": "", "completioncondition": "", "isforcompensation": "false", "inmsgiscollection": "false", "inmsgitemkind": "Information", "inmsgstructure": "", "outputdataitem": "", "messageref": "", "loopcondition": "", "onebehavioreventref:": "signal", "implementation": "webService", "operationref": "", "outmsgimport": "", "documentation": "", "categories": "", "auditing": "", "complexbehaviordefinition": ""}, "stencil": {"id": "Task"}, "outgoing": [{"resourceId": "sid-54D2609D-894F-4B12-8395-1DC7A153638C"}], "glossaryLinks": {}, "formats": {}}, {"dockers": [], "bounds": {"lowerRight": {"y": 162.3070093683044206, "x": 1189.9595275844517346}, "upperLeft": {"y": 122.3070093683044206, "x": 1149.9595275844517346}}, "resourceId": "sid-C3222453-2F93-42C7-A7EF-4F15C668FB62", "layers": [], "labels": [], "childShapes": [], "properties": {"monitoring": "", "defaultgate": "", "gatewaytype": "OR", "gates": "", "assignments": "", "bgcolor": "#ffffff", "bordercolor": "#000000", "pool": "", "gate_assignments": "", "name": "", "gates_assignments": "", "documentation": "", "categories": "", "auditing": "", "gate_outgoingsequenceflow": "", "lanes": "", "gates_outgoingsequenceflow": "", "processid": ""}, "stencil": {"id": "InclusiveGateway"}, "outgoing": [{"resourceId": "sid-C0F925AC-DED9-413D-B176-7EBFBEB5A2C0"}, {"resourceId": "sid-2F88A9DE-D4A3-4E1B-966C-DA391DF0B5D3"}], "glossaryLinks": {}, "formats": {}}, {"dockers": [], "bounds": {"lowerRight": {"y": 157.3070093683044206, "x": 1335.6130322686042291}, "upperLeft": {"y": 129.3070093683044206, "x": 1307.6130322686042291}}, "resourceId": "sid-F25A73D2-9D52-459A-A4D4-5F0C369C2874", "layers": [], "labels": [], "childShapes": [], "properties": {"inputset": "", "trigger": "None", "bordercolor": "#000000", "monitoring": "", "datainputassociations": "", "name": "", "documentation": "", "auditing": "", "datainput": "", "bgcolor": "#ffffff"}, "stencil": {"id": "EndNoneEvent"}, "outgoing": [], "glossaryLinks": {}, "formats": {}}, {"dockers": [], "bounds": {"lowerRight": {"y": 165.8070093683044206, "x": 1288.5620284518874996}, "upperLeft": {"y": 122.3070093683044206, "x": 1210.2363292499283034}}, "resourceId": "sid-7D376D95-A5F4-43DF-AA15-B507AC12E5E3", "layers": [], "labels": [], "childShapes": [], "properties": {"resources": "", "outmsgstructure": "", "applyincalc": "true", "loopcardinality": "", "outmessagename": "", "inmessagename": "", "bgcolor": "#ffffcc", "bordercolor": "#000000", "time": "", "loopdataoutput": "", "testbefore": "false", "callacitivity": "false", "outmsgiscollection": "false", "monitoring": "", "operationname": "", "dataoutputset": "", "completionquantity": "1", "properties": "", "script": "", "assignments": "", "nonebehavioreventref": "signal", "scriptformat": "", "datainputset": "", "processid": "", "startquantity": "1", "tasktype": "None", "looptype": "None", "instantiate": "false", "behavior": "all", "inmsgimport": "", "costs": "", "inputdataitem": "", "loopdatainput": "", "name": "AF", "outmsgitemkind": "Information", "costcenter": "", "completioncondition": "", "isforcompensation": "false", "inmsgiscollection": "false", "inmsgitemkind": "Information", "inmsgstructure": "", "outputdataitem": "", "messageref": "", "loopcondition": "", "onebehavioreventref:": "signal", "implementation": "webService", "operationref": "", "outmsgimport": "", "documentation": "", "categories": "", "auditing": "", "complexbehaviordefinition": ""}, "stencil": {"id": "Task"}, "outgoing": [{"resourceId": "sid-C79036BE-71FB-4240-AA02-F6CF71B61E0E"}, {"resourceId": "sid-4B5F4F86-D3C6-4CF3-B562-DFF5BBBAF3D6"}], "glossaryLinks": {}, "formats": {}}, {"dockers": [], "bounds": {"lowerRight": {"y": 223.69151092968854755, "x": 76}, "upperLeft": {"y": 193.69151092968854755, "x": 46}}, "resourceId": "sid-5CBBDF15-9D0F-4A52-B9FD-6BD450354175", "layers": [], "labels": [], "childShapes": [], "properties": {"trigger": "Message", "monitoring": "", "operationname": "", "outputset": "", "applyincalc": "true", "frequency": "", "isinterrupting": "true", "bgcolor": "#ffffff", "bordercolor": "#000000", "dataoutputassociations": "", "name": "AG", "messagename": "", "dataoutput": "", "documentation": "", "auditing": "", "processid": ""}, "stencil": {"id": "StartMessageEvent"}, "outgoing": [{"resourceId": "sid-6CB62F8D-2ED9-4910-9C84-74EAD84FE57B"}], "glossaryLinks": {}, "formats": {}}, {"dockers": [], "bounds": {"lowerRight": {"y": 276.23422296969454237, "x": 996}, "upperLeft": {"y": 229.11451197061114726, "x": 896}}, "resourceId": "sid-0093A417-DA71-4DDC-B9C2-3768BE9B21B7", "layers": [], "labels": [], "childShapes": [], "properties": {"resources": "", "outmsgstructure": "", "applyincalc": "true", "loopcardinality": "", "outmessagename": "", "inmessagename": "", "bgcolor": "#ffffcc", "bordercolor": "#000000", "time": "", "loopdataoutput": "", "testbefore": "false", "callacitivity": "false", "outmsgiscollection": "false", "monitoring": "", "operationname": "", "dataoutputset": "", "completionquantity": "1", "properties": "", "script": "", "assignments": "", "nonebehavioreventref": "signal", "scriptformat": "", "datainputset": "", "processid": "", "startquantity": "1", "tasktype": "None", "looptype": "None", "instantiate": "false", "behavior": "all", "inmsgimport": "", "costs": "", "inputdataitem": "", "loopdatainput": "", "name": "AH", "outmsgitemkind": "Information", "costcenter": "", "completioncondition": "", "isforcompensation": "false", "inmsgiscollection": "false", "inmsgitemkind": "Information", "inmsgstructure": "", "outputdataitem": "", "messageref": "", "loopcondition": "", "onebehavioreventref:": "signal", "implementation": "webService", "operationref": "", "outmsgimport": "", "documentation": "", "categories": "", "auditing": "", "complexbehaviordefinition": ""}, "stencil": {"id": "Task"}, "outgoing": [{"resourceId": "sid-0C3BC16E-C8F9-41BE-9FEC-A74582AD9458"}, {"resourceId": "sid-0C405E33-980D-490B-B0A0-C1419EB16A76"}], "glossaryLinks": {}, "formats": {}}, {"dockers": [], "bounds": {"lowerRight": {"y": 326.15722401061736946, "x": 996}, "upperLeft": {"y": 279.03751301153397435, "x": 896}}, "resourceId": "sid-A90596D6-FD7D-4206-A7C1-440949A83E66", "layers": [], "labels": [], "childShapes": [], "properties": {"resources": "", "outmsgstructure": "", "applyincalc": "true", "loopcardinality": "", "outmessagename": "", "inmessagename": "", "bgcolor": "#ffffcc", "bordercolor": "#000000", "time": "", "loopdataoutput": "", "testbefore": "false", "callacitivity": "false", "outmsgiscollection": "false", "monitoring": "", "operationname": "", "dataoutputset": "", "completionquantity": "1", "properties": "", "script": "", "assignments": "", "nonebehavioreventref": "signal", "scriptformat": "", "datainputset": "", "processid": "", "startquantity": "1", "tasktype": "None", "looptype": "None", "instantiate": "false", "behavior": "all", "inmsgimport": "", "costs": "", "inputdataitem": "", "loopdatainput": "", "name": "AI", "outmsgitemkind": "Information", "costcenter": "", "completioncondition": "", "isforcompensation": "false", "inmsgiscollection": "false", "inmsgitemkind": "Information", "inmsgstructure": "", "outputdataitem": "", "messageref": "", "loopcondition": "", "onebehavioreventref:": "signal", "implementation": "webService", "operationref": "", "outmsgimport": "", "documentation": "", "categories": "", "auditing": "", "complexbehaviordefinition": ""}, "stencil": {"id": "Task"}, "outgoing": [{"resourceId": "sid-BCF60417-04F0-4DBF-B260-731445888FED"}, {"resourceId": "sid-BC09F13F-15BD-4F61-B676-52F448B1E8F7"}], "glossaryLinks": {}, "formats": {}}], "properties": {"showcaption": "true", "bordercolor": "#000000", "monitoring": "", "parentlane": "", "name": "", "documentation": "", "auditing": "", "bgcolor": "", "parentpool": ""}, "stencil": {"id": "Lane"}, "outgoing": [], "glossaryLinks": {}, "formats": {}}], "properties": {"isclosed": "false", "enableinstancecompensation": "false", "boundaryvisible": "true", "monitoring": "", "processcategories": "", "minimum": "2", "status": "None", "isexecutable": "false", "processdocumentation": "", "processtype": "None", "bordercolor": "#000000", "processname": "", "multiinstance": "false", "maximum": "2", "name": "I", "documentation": "", "suppressjoinfailure": "false", "adhoccompletioncondition": "", "auditing": "", "adhocordering": "Parallel", "adhoc": "false", "processid": ""}, "stencil": {"id": "Pool"}, "outgoing": [], "glossaryLinks": {}, "formats": {}}, {"dockers": [], "bounds": {"lowerRight": {"y": 203, "x": 1970}, "upperLeft": {"y": 18, "x": 570}}, "resourceId": "sid-963EFC0B-A21F-4D2D-89CF-5D3786E8CCE0", "layers": [], "labels": [], "childShapes": [{"dockers": [], "bounds": {"lowerRight": {"y": 185, "x": 1400}, "upperLeft": {"y": 0, "x": 30}}, "resourceId": "sid-C6741ECF-E8D0-46CE-B3EC-06CA05312B9B", "layers": [], "labels": [], "childShapes": [{"dockers": [], "bounds": {"lowerRight": {"y": 169, "x": 1029}, "upperLeft": {"y": 97, "x": 913}}, "resourceId": "sid-080C6A10-BE5C-4815-950D-5FD017E96489", "layers": [], "labels": [], "childShapes": [], "properties": {"resources": "", "outmsgstructure": "", "applyincalc": "true", "loopcardinality": "", "outmessagename": "", "inmessagename": "", "bgcolor": "#ffffcc", "bordercolor": "#000000", "time": "", "loopdataoutput": "", "testbefore": "false", "callacitivity": "false", "outmsgiscollection": "false", "monitoring": "", "operationname": "", "dataoutputset": "", "completionquantity": "1", "properties": "", "script": "", "assignments": "", "nonebehavioreventref": "signal", "scriptformat": "", "datainputset": "", "processid": "", "startquantity": "1", "tasktype": "None", "looptype": "None", "instantiate": "false", "behavior": "all", "inmsgimport": "", "costs": "", "inputdataitem": "", "loopdatainput": "", "name": "A", "outmsgitemkind": "Information", "costcenter": "", "completioncondition": "", "isforcompensation": "false", "inmsgiscollection": "false", "inmsgitemkind": "Information", "inmsgstructure": "", "outputdataitem": "", "messageref": "", "loopcondition": "", "onebehavioreventref:": "signal", "implementation": "webService", "operationref": "", "outmsgimport": "", "documentation": "", "categories": "", "auditing": "", "complexbehaviordefinition": ""}, "stencil": {"id": "Task"}, "outgoing": [{"resourceId": "sid-D5000509-AB13-4983-81BB-658AAA37DF39"}, {"resourceId": "sid-08957FA5-C7C9-43B9-8C3A-79766210787D"}], "glossaryLinks": {}, "formats": {}}, {"dockers": [], "bounds": {"lowerRight": {"y": 113, "x": 156}, "upperLeft": {"y": 73, "x": 116}}, "resourceId": "sid-C65C1F6F-2F78-46EC-B373-1D472FEBAE51", "layers": [], "labels": [], "childShapes": [], "properties": {"monitoring": "", "defaultgate": "", "gatewaytype": "OR", "gates": "", "assignments": "", "bgcolor": "#ffffff", "bordercolor": "#000000", "pool": "", "gate_assignments": "", "name": "", "gates_assignments": "", "documentation": "", "categories": "", "auditing": "", "gate_outgoingsequenceflow": "", "lanes": "", "gates_outgoingsequenceflow": "", "processid": ""}, "stencil": {"id": "InclusiveGateway"}, "outgoing": [{"resourceId": "sid-48C52762-F682-4671-9057-FAAA82EFBD4D"}, {"resourceId": "sid-043E4768-D7D2-45CA-B625-29F2CD8580A9"}, {"resourceId": "sid-4CB661F8-9854-48D6-A3BA-D31B8B8938AB"}], "glossaryLinks": {}, "formats": {}}, {"dockers": [], "bounds": {"lowerRight": {"y": 108, "x": 83.846002081845426801}, "upperLeft": {"y": 78, "x": 53.846002081845426801}}, "resourceId": "sid-4BD18BF9-AA39-42C2-9664-8D26024142F0", "layers": [], "labels": [], "childShapes": [], "properties": {"trigger": "None", "monitoring": "", "outputset": "", "applyincalc": "true", "frequency": "", "bgcolor": "#ffffff", "bordercolor": "#000000", "dataoutputassociations": "", "name": "", "documentation": "", "dataoutput": "", "auditing": "", "processid": ""}, "stencil": {"id": "StartNoneEvent"}, "outgoing": [{"resourceId": "sid-7EAF1B60-C443-4014-8C2E-880C0E8FEABF"}], "glossaryLinks": {}, "formats": {}}, {"dockers": [], "bounds": {"lowerRight": {"y": 65.923001040922713401, "x": 293}, "upperLeft": {"y": 18.923001040922713401, "x": 193}}, "resourceId": "sid-2339D7CA-6A44-438B-85BF-EDE56C7B2ED4", "layers": [], "labels": [], "childShapes": [], "properties": {"resources": "", "outmsgstructure": "", "applyincalc": "true", "loopcardinality": "", "outmessagename": "", "inmessagename": "", "bgcolor": "#ffffcc", "bordercolor": "#000000", "time": "", "loopdataoutput": "", "testbefore": "false", "callacitivity": "false", "outmsgiscollection": "false", "monitoring": "", "operationname": "", "dataoutputset": "", "completionquantity": "1", "properties": "", "script": "", "assignments": "", "nonebehavioreventref": "signal", "scriptformat": "", "datainputset": "", "processid": "", "startquantity": "1", "tasktype": "None", "looptype": "None", "instantiate": "false", "behavior": "all", "inmsgimport": "", "costs": "", "inputdataitem": "", "loopdatainput": "", "name": "B", "outmsgitemkind": "Information", "costcenter": "", "completioncondition": "", "isforcompensation": "false", "inmsgiscollection": "false", "inmsgitemkind": "Information", "inmsgstructure": "", "outputdataitem": "", "messageref": "", "loopcondition": "", "onebehavioreventref:": "signal", "implementation": "webService", "operationref": "", "outmsgimport": "", "documentation": "", "categories": "", "auditing": "", "complexbehaviordefinition": ""}, "stencil": {"id": "Task"}, "outgoing": [{"resourceId": "sid-D89DC6E6-6FE9-47CE-8085-2183964480B7"}], "glossaryLinks": {}, "formats": {}}, {"dockers": [], "bounds": {"lowerRight": {"y": 120, "x": 293.00000000000005684}, "upperLeft": {"y": 73, "x": 193.00000000000002842}}, "resourceId": "sid-3C0BCF8E-8D20-49AD-9046-3860E4B729BE", "layers": [], "labels": [], "childShapes": [], "properties": {"resources": "", "outmsgstructure": "", "applyincalc": "true", "loopcardinality": "", "outmessagename": "", "inmessagename": "", "bgcolor": "#ffffcc", "bordercolor": "#000000", "time": "", "loopdataoutput": "", "testbefore": "false", "callacitivity": "false", "outmsgiscollection": "false", "monitoring": "", "operationname": "", "dataoutputset": "", "completionquantity": "1", "properties": "", "script": "", "assignments": "", "nonebehavioreventref": "signal", "scriptformat": "", "datainputset": "", "processid": "", "startquantity": "1", "tasktype": "None", "looptype": "None", "instantiate": "false", "behavior": "all", "inmsgimport": "", "costs": "", "inputdataitem": "", "loopdatainput": "", "name": "C", "outmsgitemkind": "Information", "costcenter": "", "completioncondition": "", "isforcompensation": "false", "inmsgiscollection": "false", "inmsgitemkind": "Information", "inmsgstructure": "", "outputdataitem": "", "messageref": "", "loopcondition": "", "onebehavioreventref:": "signal", "implementation": "webService", "operationref": "", "outmsgimport": "", "documentation": "", "categories": "", "auditing": "", "complexbehaviordefinition": ""}, "stencil": {"id": "Task"}, "outgoing": [{"resourceId": "sid-25CCD6A0-2163-4637-9425-771B48688C3A"}], "glossaryLinks": {}, "formats": {}}, {"dockers": [], "bounds": {"lowerRight": {"y": 175.7305036432294969, "x": 293}, "upperLeft": {"y": 128.7305036432294969, "x": 193}}, "resourceId": "sid-0824AAE4-2CC8-43D8-87AF-524E01CAC08B", "layers": [], "labels": [], "childShapes": [], "properties": {"resources": "", "outmsgstructure": "", "applyincalc": "true", "loopcardinality": "", "outmessagename": "", "inmessagename": "", "bgcolor": "#ffffcc", "bordercolor": "#000000", "time": "", "loopdataoutput": "", "testbefore": "false", "callacitivity": "false", "outmsgiscollection": "false", "monitoring": "", "operationname": "", "dataoutputset": "", "completionquantity": "1", "properties": "", "script": "", "assignments": "", "nonebehavioreventref": "signal", "scriptformat": "", "datainputset": "", "processid": "", "startquantity": "1", "tasktype": "None", "looptype": "None", "instantiate": "false", "behavior": "all", "inmsgimport": "", "costs": "", "inputdataitem": "", "loopdatainput": "", "name": "D", "outmsgitemkind": "Information", "costcenter": "", "completioncondition": "", "isforcompensation": "false", "inmsgiscollection": "false", "inmsgitemkind": "Information", "inmsgstructure": "", "outputdataitem": "", "messageref": "", "loopcondition": "", "onebehavioreventref:": "signal", "implementation": "webService", "operationref": "", "outmsgimport": "", "documentation": "", "categories": "", "auditing": "", "complexbehaviordefinition": ""}, "stencil": {"id": "Task"}, "outgoing": [{"resourceId": "sid-7851DA1F-7551-43BA-9AA0-2DBE8541BEE9"}], "glossaryLinks": {}, "formats": {}}, {"dockers": [], "bounds": {"lowerRight": {"y": 117, "x": 379.3455088478430639}, "upperLeft": {"y": 77, "x": 339.3455088478430639}}, "resourceId": "sid-AF0898D5-8B28-4860-9600-AD7E9102472D", "layers": [], "labels": [], "childShapes": [], "properties": {"monitoring": "", "defaultgate": "", "gatewaytype": "OR", "gates": "", "assignments": "", "bgcolor": "#ffffff", "bordercolor": "#000000", "pool": "", "gate_assignments": "", "name": "", "gates_assignments": "", "documentation": "", "categories": "", "auditing": "", "gate_outgoingsequenceflow": "", "lanes": "", "gates_outgoingsequenceflow": "", "processid": ""}, "stencil": {"id": "InclusiveGateway"}, "outgoing": [{"resourceId": "sid-06636406-0B3D-4F55-A2DD-97900C16A839"}], "glossaryLinks": {}, "formats": {}}, {"dockers": [], "bounds": {"lowerRight": {"y": 173, "x": 564}, "upperLeft": {"y": 93, "x": 464}}, "resourceId": "sid-EF363D57-D832-4EAF-B197-F50361ABA972", "layers": [], "labels": [], "childShapes": [], "properties": {"resources": "", "outmsgstructure": "", "applyincalc": "true", "loopcardinality": "", "outmessagename": "", "inmessagename": "", "bgcolor": "#ffffcc", "bordercolor": "#000000", "time": "", "loopdataoutput": "", "testbefore": "false", "callacitivity": "false", "outmsgiscollection": "false", "monitoring": "", "operationname": "", "dataoutputset": "", "completionquantity": "1", "properties": "", "script": "", "assignments": "", "nonebehavioreventref": "signal", "scriptformat": "", "datainputset": "", "processid": "", "startquantity": "1", "tasktype": "None", "looptype": "None", "instantiate": "false", "behavior": "all", "inmsgimport": "", "costs": "", "inputdataitem": "", "loopdatainput": "", "name": "E", "outmsgitemkind": "Information", "costcenter": "", "completioncondition": "", "isforcompensation": "false", "inmsgiscollection": "false", "inmsgitemkind": "Information", "inmsgstructure": "", "outputdataitem": "", "messageref": "", "loopcondition": "", "onebehavioreventref:": "signal", "implementation": "webService", "operationref": "", "outmsgimport": "", "documentation": "", "categories": "", "auditing": "", "complexbehaviordefinition": ""}, "stencil": {"id": "Task"}, "outgoing": [{"resourceId": "sid-FC92497F-2935-46C2-B7F7-FD042918AFEF"}], "glossaryLinks": {}, "formats": {}}, {"dockers": [], "bounds": {"lowerRight": {"y": 173, "x": 720.92201457291798761}, "upperLeft": {"y": 93, "x": 620.92201457291798761}}, "resourceId": "sid-AF531144-576D-4EB5-98E1-82EDFAD9506F", "layers": [], "labels": [], "childShapes": [], "properties": {"resources": "", "outmsgstructure": "", "applyincalc": "true", "loopcardinality": "", "outmessagename": "", "inmessagename": "", "bgcolor": "#ffffcc", "bordercolor": "#000000", "time": "", "loopdataoutput": "", "testbefore": "false", "callacitivity": "false", "outmsgiscollection": "false", "monitoring": "", "operationname": "", "dataoutputset": "", "completionquantity": "1", "properties": "", "script": "", "assignments": "", "nonebehavioreventref": "signal", "scriptformat": "", "datainputset": "", "processid": "", "startquantity": "1", "tasktype": "None", "looptype": "None", "instantiate": "false", "behavior": "all", "inmsgimport": "", "costs": "", "inputdataitem": "", "loopdatainput": "", "name": "F", "outmsgitemkind": "Information", "costcenter": "", "completioncondition": "", "isforcompensation": "false", "inmsgiscollection": "false", "inmsgitemkind": "Information", "inmsgstructure": "", "outputdataitem": "", "messageref": "", "loopcondition": "", "onebehavioreventref:": "signal", "implementation": "webService", "operationref": "", "outmsgimport": "", "documentation": "", "categories": "", "auditing": "", "complexbehaviordefinition": ""}, "stencil": {"id": "Task"}, "outgoing": [{"resourceId": "sid-07B1794D-831B-4C91-BFF2-FAE1E2792519"}], "glossaryLinks": {}, "formats": {}}, {"dockers": [], "bounds": {"lowerRight": {"y": 73.00950104092271431, "x": 845.00049999999998818}, "upperLeft": {"y": 12.836501040922712491, "x": 782.99950000000001182}}, "resourceId": "sid-81458BF7-F9E8-4B1B-BEAF-43EC024DFFF9", "layers": [], "labels": [], "childShapes": [], "properties": {"bordercolor": "#000000", "monitoring": "", "isUnlimited": "false", "name": "G", "documentation": "", "categories": "", "auditing": "", "bgcolor": "#ffffff"}, "stencil": {"id": "DataStore"}, "outgoing": [{"resourceId": "sid-0E586E5E-5035-44D8-AD1F-0DECAFF3DB18"}], "glossaryLinks": {}, "formats": {}}, {"dockers": [], "bounds": {"lowerRight": {"y": 147, "x": 1114.0365265435291349}, "upperLeft": {"y": 119, "x": 1086.0365265435291349}}, "resourceId": "sid-1C24EAF0-F166-45F3-8801-5BD68C5E95BF", "layers": [], "labels": [], "childShapes": [], "properties": {"inputset": "", "trigger": "None", "bordercolor": "#000000", "monitoring": "", "datainputassociations": "", "name": "", "documentation": "", "auditing": "", "datainput": "", "bgcolor": "#ffffff"}, "stencil": {"id": "EndNoneEvent"}, "outgoing": [], "glossaryLinks": {}, "formats": {}}], "properties": {"showcaption": "true", "bordercolor": "#000000", "monitoring": "", "parentlane": "", "name": "", "documentation": "", "auditing": "", "bgcolor": "", "parentpool": ""}, "stencil": {"id": "Lane"}, "outgoing": [], "glossaryLinks": {}, "formats": {}}], "properties": {"isclosed": "false", "enableinstancecompensation": "false", "boundaryvisible": "true", "monitoring": "", "processcategories": "", "minimum": "2", "status": "None", "isexecutable": "false", "processdocumentation": "", "processtype": "None", "bordercolor": "#000000", "processname": "", "multiinstance": "false", "maximum": "2", "name": "J", "documentation": "", "suppressjoinfailure": "false", "adhoccompletioncondition": "", "auditing": "", "adhocordering": "Parallel", "adhoc": "false", "processid": ""}, "stencil": {"id": "Pool"}, "outgoing": [], "glossaryLinks": {}, "formats": {}}, {"dockers": [{"y": 15, "x": 15}, {"y": 20.5, "x": 20.5}], "bounds": {"lowerRight": {"y": 111.34417215558723058, "x": 715.41524667701605722}, "upperLeft": {"y": 111.11676534441276942, "x": 684.64528681747356131}}, "resourceId": "sid-7EAF1B60-C443-4014-8C2E-880C0E8FEABF", "layers": [], "labels": [], "target": {"resourceId": "sid-C65C1F6F-2F78-46EC-B373-1D472FEBAE51"}, "childShapes": [], "properties": {"ConditionType": "None", "showdiamondmarker": "false", "bordercolor": "#000000", "monitoring": "", "name": "", "documentation": "", "probability": "", "conditionexpression": "", "isimmediate": "false", "auditing": ""}, "stencil": {"id": "SequenceFlow"}, "outgoing": [{"resourceId": "sid-C65C1F6F-2F78-46EC-B373-1D472FEBAE51"}], "glossaryLinks": {}, "formats": {}}, {"dockers": [{"y": 20.5, "x": 20.5}, {"y": 60.423001040922713401, "x": 736.5}, {"y": 23.5, "x": 50}], "bounds": {"lowerRight": {"y": 90.548047281610422488, "x": 792.078125}, "upperLeft": {"y": 60.423001040922713401, "x": 736.5}}, "resourceId": "sid-48C52762-F682-4671-9057-FAAA82EFBD4D", "layers": [], "labels": [], "target": {"resourceId": "sid-2339D7CA-6A44-438B-85BF-EDE56C7B2ED4"}, "childShapes": [], "properties": {"ConditionType": "None", "showdiamondmarker": "false", "bordercolor": "#000000", "monitoring": "", "name": "", "documentation": "", "probability": "", "conditionexpression": "", "isimmediate": "false", "auditing": ""}, "stencil": {"id": "SequenceFlow"}, "outgoing": [{"resourceId": "sid-2339D7CA-6A44-438B-85BF-EDE56C7B2ED4"}], "glossaryLinks": {}, "formats": {}}, {"dockers": [{"y": 20.5, "x": 20.5}, {"y": 23.5, "x": 50.000000000000035527}], "bounds": {"lowerRight": {"y": 113.06559215523158457, "x": 792.07852151072142988}, "upperLeft": {"y": 112.04378284476841543, "x": 755.80429098927857012}}, "resourceId": "sid-043E4768-D7D2-45CA-B625-29F2CD8580A9", "layers": [], "labels": [], "target": {"resourceId": "sid-3C0BCF8E-8D20-49AD-9046-3860E4B729BE"}, "childShapes": [], "properties": {"ConditionType": "None", "showdiamondmarker": "false", "bordercolor": "#000000", "monitoring": "", "name": "", "documentation": "", "probability": "", "conditionexpression": "", "isimmediate": "false", "auditing": ""}, "stencil": {"id": "SequenceFlow"}, "outgoing": [{"resourceId": "sid-3C0BCF8E-8D20-49AD-9046-3860E4B729BE"}], "glossaryLinks": {}, "formats": {}}, {"dockers": [{"y": 20.5, "x": 20.5}, {"y": 170.2305036432294969, "x": 736.5}, {"y": 23.5, "x": 49.999999999999985789}], "bounds": {"lowerRight": {"y": 170.2305036432294969, "x": 792.078125}, "upperLeft": {"y": 131, "x": 736.5}}, "resourceId": "sid-4CB661F8-9854-48D6-A3BA-D31B8B8938AB", "layers": [], "labels": [], "target": {"resourceId": "sid-0824AAE4-2CC8-43D8-87AF-524E01CAC08B"}, "childShapes": [], "properties": {"ConditionType": "None", "showdiamondmarker": "false", "bordercolor": "#000000", "monitoring": "", "name": "", "documentation": "", "probability": "", "conditionexpression": "", "isimmediate": "false", "auditing": ""}, "stencil": {"id": "SequenceFlow"}, "outgoing": [{"resourceId": "sid-0824AAE4-2CC8-43D8-87AF-524E01CAC08B"}], "glossaryLinks": {}, "formats": {}}, {"dockers": [{"y": 23.5, "x": 50}, {"y": 60.423001040922713401, "x": 959.84550884784312075}, {"y": 20.5, "x": 20.5}], "bounds": {"lowerRight": {"y": 94.706703499081612563, "x": 959.84550884784312075}, "upperLeft": {"y": 60.423001040922713401, "x": 893}}, "resourceId": "sid-D89DC6E6-6FE9-47CE-8085-2183964480B7", "layers": [], "labels": [], "target": {"resourceId": "sid-AF0898D5-8B28-4860-9600-AD7E9102472D"}, "childShapes": [], "properties": {"ConditionType": "None", "showdiamondmarker": "false", "bordercolor": "#000000", "monitoring": "", "name": "", "documentation": "", "probability": "", "conditionexpression": "", "isimmediate": "false", "auditing": ""}, "stencil": {"id": "SequenceFlow"}, "outgoing": [{"resourceId": "sid-AF0898D5-8B28-4860-9600-AD7E9102472D"}], "glossaryLinks": {}, "formats": {}}, {"dockers": [{"y": 23.5, "x": 50.000000000000035527}, {"y": 20.5, "x": 20.5}], "bounds": {"lowerRight": {"y": 115.31956700415109651, "x": 938.76272363493717421}, "upperLeft": {"y": 114.92791546284513515, "x": 893}}, "resourceId": "sid-25CCD6A0-2163-4637-9425-771B48688C3A", "layers": [], "labels": [], "target": {"resourceId": "sid-AF0898D5-8B28-4860-9600-AD7E9102472D"}, "childShapes": [], "properties": {"ConditionType": "None", "showdiamondmarker": "false", "bordercolor": "#000000", "monitoring": "", "name": "", "documentation": "", "probability": "", "conditionexpression": "", "isimmediate": "false", "auditing": ""}, "stencil": {"id": "SequenceFlow"}, "outgoing": [{"resourceId": "sid-AF0898D5-8B28-4860-9600-AD7E9102472D"}], "glossaryLinks": {}, "formats": {}}, {"dockers": [{"y": 23.5, "x": 49.999999999999985789}, {"y": 170.2305036432294969, "x": 959.84550884784312075}, {"y": 20.5, "x": 20.5}], "bounds": {"lowerRight": {"y": 170.2305036432294969, "x": 959.84550884784312075}, "upperLeft": {"y": 135, "x": 893}}, "resourceId": "sid-7851DA1F-7551-43BA-9AA0-2DBE8541BEE9", "layers": [], "labels": [], "target": {"resourceId": "sid-AF0898D5-8B28-4860-9600-AD7E9102472D"}, "childShapes": [], "properties": {"ConditionType": "None", "showdiamondmarker": "false", "bordercolor": "#000000", "monitoring": "", "name": "", "documentation": "", "probability": "", "conditionexpression": "", "isimmediate": "false", "auditing": ""}, "stencil": {"id": "SequenceFlow"}, "outgoing": [{"resourceId": "sid-AF0898D5-8B28-4860-9600-AD7E9102472D"}], "glossaryLinks": {}, "formats": {}}, {"dockers": [{"y": 29.924500000000001876, "x": 30.575499999999983913}, {"y": 40, "x": 50}], "bounds": {"lowerRight": {"y": 119.37114951050089928, "x": 1382.6390280128050563}, "upperLeft": {"y": 80.330385695529074042, "x": 1320.9220145729179876}}, "resourceId": "sid-0E586E5E-5035-44D8-AD1F-0DECAFF3DB18", "layers": [], "labels": [], "target": {"resourceId": "sid-AF531144-576D-4EB5-98E1-82EDFAD9506F"}, "childShapes": [], "properties": {"bordercolor": "#000000", "type": "none", "assignments": "", "transformation": ""}, "stencil": {"id": "Association_Undirected"}, "outgoing": [{"resourceId": "sid-AF531144-576D-4EB5-98E1-82EDFAD9506F"}], "glossaryLinks": {}, "formats": {}}, {"dockers": [{"y": 20.5, "x": 20.5}, {"y": 115.5, "x": 1001.6727544239215604}, {"y": 151, "x": 1001.6727544239215604}, {"y": 40, "x": 50}], "bounds": {"lowerRight": {"y": 151, "x": 1063.8568300604656542}, "upperLeft": {"y": 115.5, "x": 979.34550884784312075}}, "resourceId": "sid-06636406-0B3D-4F55-A2DD-97900C16A839", "layers": [], "labels": [], "target": {"resourceId": "sid-EF363D57-D832-4EAF-B197-F50361ABA972"}, "childShapes": [], "properties": {"ConditionType": "None", "showdiamondmarker": "false", "bordercolor": "#000000", "monitoring": "", "name": "", "documentation": "", "probability": "", "conditionexpression": "", "isimmediate": "false", "auditing": ""}, "stencil": {"id": "SequenceFlow"}, "outgoing": [{"resourceId": "sid-EF363D57-D832-4EAF-B197-F50361ABA972"}], "glossaryLinks": {}, "formats": {}}, {"dockers": [{"y": 40, "x": 50}, {"y": 40, "x": 50}], "bounds": {"lowerRight": {"y": 151, "x": 1220.8838850188808465}, "upperLeft": {"y": 151, "x": 1164}}, "resourceId": "sid-FC92497F-2935-46C2-B7F7-FD042918AFEF", "layers": [], "labels": [], "target": {"resourceId": "sid-AF531144-576D-4EB5-98E1-82EDFAD9506F"}, "childShapes": [], "properties": {"ConditionType": "None", "showdiamondmarker": "false", "bordercolor": "#000000", "monitoring": "", "name": "", "documentation": "", "probability": "", "conditionexpression": "", "isimmediate": "false", "auditing": ""}, "stencil": {"id": "SequenceFlow"}, "outgoing": [{"resourceId": "sid-AF531144-576D-4EB5-98E1-82EDFAD9506F"}], "glossaryLinks": {}, "formats": {}}, {"dockers": [{"y": 40, "x": 50}, {"y": 36, "x": 58}], "bounds": {"lowerRight": {"y": 151, "x": 1512.5631981018473198}, "upperLeft": {"y": 151, "x": 1320.9220145729179876}}, "resourceId": "sid-07B1794D-831B-4C91-BFF2-FAE1E2792519", "layers": [], "labels": [], "target": {"resourceId": "sid-080C6A10-BE5C-4815-950D-5FD017E96489"}, "childShapes": [], "properties": {"ConditionType": "None", "showdiamondmarker": "false", "bordercolor": "#000000", "monitoring": "", "name": "", "documentation": "", "probability": "", "conditionexpression": "", "isimmediate": "false", "auditing": ""}, "stencil": {"id": "SequenceFlow"}, "outgoing": [{"resourceId": "sid-080C6A10-BE5C-4815-950D-5FD017E96489"}], "glossaryLinks": {}, "formats": {}}, {"dockers": [{"y": 36, "x": 58}, {"y": 14, "x": 14}], "bounds": {"lowerRight": {"y": 151, "x": 1685.9312543164519411}, "upperLeft": {"y": 151, "x": 1629.4615782264154404}}, "resourceId": "sid-D5000509-AB13-4983-81BB-658AAA37DF39", "layers": [], "labels": [], "target": {"resourceId": "sid-1C24EAF0-F166-45F3-8801-5BD68C5E95BF"}, "childShapes": [], "properties": {"ConditionType": "None", "showdiamondmarker": "false", "bordercolor": "#000000", "monitoring": "", "name": "", "documentation": "", "probability": "", "conditionexpression": "", "isimmediate": "false", "auditing": ""}, "stencil": {"id": "SequenceFlow"}, "outgoing": [{"resourceId": "sid-1C24EAF0-F166-45F3-8801-5BD68C5E95BF"}], "glossaryLinks": {}, "formats": {}}, {"dockers": [{"y": 32.5, "x": 273}, {"y": 46, "x": 50}], "bounds": {"lowerRight": {"y": 222.13447844104018714, "x": 843}, "upperLeft": {"y": 193.7305036432294969, "x": 843}}, "resourceId": "sid-43F0FC52-A075-468F-98E1-E032414A94FC", "layers": [], "labels": [], "target": {"resourceId": "sid-0824AAE4-2CC8-43D8-87AF-524E01CAC08B"}, "childShapes": [], "properties": {"bordercolor": "#000000", "monitoring": "", "name": "", "documentation": "", "auditing": ""}, "stencil": {"id": "MessageFlow"}, "outgoing": [{"resourceId": "sid-0824AAE4-2CC8-43D8-87AF-524E01CAC08B"}], "glossaryLinks": {}, "formats": {}}, {"dockers": [{"y": 223.56421984747470333, "x": 868.00000000000011369}, {"y": 46, "x": 75.000000000000085265}], "bounds": {"lowerRight": {"y": 223.56421984747470333, "x": 868.00000000000011369}, "upperLeft": {"y": 138, "x": 868.00000000000011369}}, "resourceId": "sid-56B9A214-3433-4551-8267-8048350A9D02", "layers": [], "labels": [], "target": {"resourceId": "sid-3C0BCF8E-8D20-49AD-9046-3860E4B729BE"}, "childShapes": [], "properties": {"bordercolor": "#000000", "monitoring": "", "name": "", "documentation": "", "auditing": ""}, "stencil": {"id": "MessageFlow"}, "outgoing": [{"resourceId": "sid-3C0BCF8E-8D20-49AD-9046-3860E4B729BE"}], "glossaryLinks": {}, "formats": {}}, {"dockers": [{"y": 71.100000000000008527, "x": 55.5}, {"y": 14.661022189508628344, "x": 998.5}], "bounds": {"lowerRight": {"y": 222.159484698709349, "x": 1568.5}, "upperLeft": {"y": 187, "x": 1568.5}}, "resourceId": "sid-08957FA5-C7C9-43B9-8C3A-79766210787D", "layers": [], "labels": [], "target": {"resourceId": "sid-7D87575A-4499-4EDE-9A9D-9CD7776DA474"}, "childShapes": [], "properties": {"bordercolor": "#000000", "monitoring": "", "name": "", "documentation": "", "auditing": ""}, "stencil": {"id": "MessageFlow"}, "outgoing": [{"resourceId": "sid-7D87575A-4499-4EDE-9A9D-9CD7776DA474"}], "glossaryLinks": {}, "formats": {}}, {"dockers": [{"y": 20.5, "x": 20.5}, {"y": 20.5, "x": 20.5}], "bounds": {"lowerRight": {"y": 521.69151092968854755, "x": 762.38331386621098318}, "upperLeft": {"y": 521.69151092968854755, "x": 742.35075286253754712}}, "resourceId": "sid-26489D94-5300-413C-91E7-814C7A2D82E1", "layers": [], "labels": [], "target": {"resourceId": "sid-6BDF90F7-1289-43E7-871E-4F48D9C5BF4F"}, "childShapes": [], "properties": {"ConditionType": "None", "showdiamondmarker": "false", "bordercolor": "#000000", "monitoring": "", "name": "", "documentation": "", "probability": "", "conditionexpression": "", "isimmediate": "false", "auditing": ""}, "stencil": {"id": "SequenceFlow"}, "outgoing": [{"resourceId": "sid-6BDF90F7-1289-43E7-871E-4F48D9C5BF4F"}], "glossaryLinks": {}, "formats": {}}, {"dockers": [{"y": 20.5, "x": 20.5}, {"y": 455.8070093683044206, "x": 783.5}, {"y": 20.5, "x": 20.5}], "bounds": {"lowerRight": {"y": 501.13204952865260111, "x": 815.26406737932518354}, "upperLeft": {"y": 455.8070093683044206, "x": 783.5}}, "resourceId": "sid-198DAEA6-839D-4C78-9F66-F94D6C2B6F0D", "layers": [], "labels": [], "target": {"resourceId": "sid-22A7FF66-4567-45D5-8792-F871E8ACAB7A"}, "childShapes": [], "properties": {"ConditionType": "None", "showdiamondmarker": "false", "bordercolor": "#000000", "monitoring": "", "name": "", "documentation": "", "probability": "", "conditionexpression": "", "isimmediate": "false", "auditing": ""}, "stencil": {"id": "SequenceFlow"}, "outgoing": [{"resourceId": "sid-22A7FF66-4567-45D5-8792-F871E8ACAB7A"}], "glossaryLinks": {}, "formats": {}}, {"dockers": [{"y": 20.5, "x": 20.5}, {"y": 581.61451197061114726, "x": 783.5}, {"y": 23.5, "x": 33.162849600979598108}], "bounds": {"lowerRight": {"y": 581.61451197061114726, "x": 809.23816242212285488}, "upperLeft": {"y": 541.41744875497693101, "x": 783.5}}, "resourceId": "sid-57F3E2C2-DE34-4F65-A8A3-AA6DE60D55E4", "layers": [], "labels": [], "target": {"resourceId": "sid-C1A4E3B0-BD8B-4EB6-B74F-7BCE0EEE0AF2"}, "childShapes": [], "properties": {"ConditionType": "None", "showdiamondmarker": "false", "bordercolor": "#000000", "monitoring": "", "name": "", "documentation": "", "probability": "", "conditionexpression": "", "isimmediate": "false", "auditing": ""}, "stencil": {"id": "SequenceFlow"}, "outgoing": [{"resourceId": "sid-C1A4E3B0-BD8B-4EB6-B74F-7BCE0EEE0AF2"}], "glossaryLinks": {}, "formats": {}}, {"dockers": [{"y": 20.5, "x": 20.5}, {"y": 521.69151092968854755, "x": 835.92250780692029366}, {"y": 20.5, "x": 20.5}], "bounds": {"lowerRight": {"y": 521.69151092968854755, "x": 870.6001979742848107}, "upperLeft": {"y": 475.3070093683044206, "x": 835.92250780692029366}}, "resourceId": "sid-196FE47B-00F9-480A-8B61-990BA629F0D0", "layers": [], "labels": [], "target": {"resourceId": "sid-AA039E24-F852-41B9-A7F3-0D983FB00520"}, "childShapes": [], "properties": {"ConditionType": "None", "showdiamondmarker": "false", "bordercolor": "#000000", "monitoring": "", "name": "", "documentation": "", "probability": "", "conditionexpression": "", "isimmediate": "false", "auditing": ""}, "stencil": {"id": "SequenceFlow"}, "outgoing": [{"resourceId": "sid-AA039E24-F852-41B9-A7F3-0D983FB00520"}], "glossaryLinks": {}, "formats": {}}, {"dockers": [{"y": 20.5, "x": 20.5}, {"y": 20.5, "x": 20.5}], "bounds": {"lowerRight": {"y": 455.8070093683044206, "x": 1150.8372563168118177}, "upperLeft": {"y": 455.8070093683044206, "x": 855.42250780692029366}}, "resourceId": "sid-5AEA70E5-5056-4B88-8048-6B2A83A2AFCF", "layers": [], "labels": [], "target": {"resourceId": "sid-7BA290DF-3D4E-4359-BE5D-B52252F42FDD"}, "childShapes": [], "properties": {"ConditionType": "None", "showdiamondmarker": "false", "bordercolor": "#000000", "monitoring": "", "name": "", "documentation": "", "probability": "", "conditionexpression": "", "isimmediate": "false", "auditing": ""}, "stencil": {"id": "SequenceFlow"}, "outgoing": [{"resourceId": "sid-7BA290DF-3D4E-4359-BE5D-B52252F42FDD"}], "glossaryLinks": {}, "formats": {}}, {"dockers": [{"y": 15, "x": 15}, {"y": 20.5, "x": 20.5}], "bounds": {"lowerRight": {"y": 434.6768306479518742, "x": 835.76669663844961633}, "upperLeft": {"y": 403.83275611345368361, "x": 835.53925647539097099}}, "resourceId": "sid-DEAF2568-BE29-480E-A966-7D9144C67DFC", "layers": [], "labels": [], "target": {"resourceId": "sid-22A7FF66-4567-45D5-8792-F871E8ACAB7A"}, "childShapes": [], "properties": {"ConditionType": "None", "showdiamondmarker": "false", "bordercolor": "#000000", "monitoring": "", "name": "", "documentation": "", "probability": "", "conditionexpression": "", "isimmediate": "false", "auditing": ""}, "stencil": {"id": "SequenceFlow"}, "outgoing": [{"resourceId": "sid-22A7FF66-4567-45D5-8792-F871E8ACAB7A"}], "glossaryLinks": {}, "formats": {}}, {"dockers": [{"y": 23.5, "x": 33.162849600979598108}, {"y": 581.61451197061114726, "x": 891.61451197061114726}, {"y": 20.5, "x": 20.5}], "bounds": {"lowerRight": {"y": 581.61451197061114726, "x": 891.61451197061114726}, "upperLeft": {"y": 541.41744875497693101, "x": 875.67120804980231696}}, "resourceId": "sid-35333D4B-8A16-40FA-BF8C-7F505C952C4D", "layers": [], "labels": [], "target": {"resourceId": "sid-AA039E24-F852-41B9-A7F3-0D983FB00520"}, "childShapes": [], "properties": {"ConditionType": "None", "showdiamondmarker": "false", "bordercolor": "#000000", "monitoring": "", "name": "", "documentation": "", "probability": "", "conditionexpression": "", "isimmediate": "false", "auditing": ""}, "stencil": {"id": "SequenceFlow"}, "outgoing": [{"resourceId": "sid-AA039E24-F852-41B9-A7F3-0D983FB00520"}], "glossaryLinks": {}, "formats": {}}, {"dockers": [{"y": 20.5, "x": 20.5}, {"y": 23.5, "x": 25}], "bounds": {"lowerRight": {"y": 521.54350398641895481, "x": 934.00470909200225833}, "upperLeft": {"y": 521.37858037295814029, "x": 911.66382759541829728}}, "resourceId": "sid-8DA30CB4-1E78-46E3-AC97-3936DBF4E54A", "layers": [], "labels": [], "target": {"resourceId": "sid-E87DC5AD-2961-4A19-BD8C-15CAB90FF135"}, "childShapes": [], "properties": {"ConditionType": "None", "showdiamondmarker": "false", "bordercolor": "#000000", "monitoring": "", "name": "", "documentation": "", "probability": "", "conditionexpression": "", "isimmediate": "false", "auditing": ""}, "stencil": {"id": "SequenceFlow"}, "outgoing": [{"resourceId": "sid-E87DC5AD-2961-4A19-BD8C-15CAB90FF135"}], "glossaryLinks": {}, "formats": {}}, {"dockers": [{"y": 23.5, "x": 25}, {"y": 20.5, "x": 20.5}], "bounds": {"lowerRight": {"y": 521.55192769241625683, "x": 1012.5758273296821699}, "upperLeft": {"y": 521.3607832415058283, "x": 984.34550884784312075}}, "resourceId": "sid-FF34D282-FEF5-4688-8E1A-A331AEE1EF90", "layers": [], "labels": [], "target": {"resourceId": "sid-E699B5AA-2618-442E-BB62-9133ABC9F92C"}, "childShapes": [], "properties": {"ConditionType": "None", "showdiamondmarker": "false", "bordercolor": "#000000", "monitoring": "", "name": "", "documentation": "", "probability": "", "conditionexpression": "", "isimmediate": "false", "auditing": ""}, "stencil": {"id": "SequenceFlow"}, "outgoing": [{"resourceId": "sid-E699B5AA-2618-442E-BB62-9133ABC9F92C"}], "glossaryLinks": {}, "formats": {}}, {"dockers": [{"y": 20.5, "x": 20.5}, {"y": 30.000000000000031974, "x": 31.97133867129110385}], "bounds": {"lowerRight": {"y": 521.69151092968854755, "x": 1080.5250222171289352}, "upperLeft": {"y": 521.69151092968854755, "x": 1052.7810194347025572}}, "resourceId": "sid-A439C57A-C8F0-49AB-8822-368F974177E6", "layers": [], "labels": [], "target": {"resourceId": "sid-48DC62AB-57DA-40E8-B466-A5034245164A"}, "childShapes": [], "properties": {"ConditionType": "None", "showdiamondmarker": "false", "bordercolor": "#000000", "monitoring": "", "name": "", "documentation": "", "probability": "", "conditionexpression": "", "isimmediate": "false", "auditing": ""}, "stencil": {"id": "SequenceFlow"}, "outgoing": [{"resourceId": "sid-48DC62AB-57DA-40E8-B466-A5034245164A"}], "glossaryLinks": {}, "formats": {}}, {"dockers": [{"y": 20.5, "x": 20.5}, {"y": 611.72951717522482795, "x": 1033.1910176956862415}, {"y": 22.692004163690853602, "x": 39.162849600979598108}], "bounds": {"lowerRight": {"y": 611.72951717522482795, "x": 1080.176396363503045}, "upperLeft": {"y": 541.68390287210627321, "x": 1033.1910176956862415}}, "resourceId": "sid-4687B8DB-10A0-413C-B6DA-6EB9C1C32FCB", "layers": [], "labels": [], "target": {"resourceId": "sid-464F9A91-84AD-4E6A-A978-C552F4BF59A8"}, "childShapes": [], "properties": {"ConditionType": "None", "showdiamondmarker": "false", "bordercolor": "#000000", "monitoring": "", "name": "", "documentation": "", "probability": "", "conditionexpression": "", "isimmediate": "false", "auditing": ""}, "stencil": {"id": "SequenceFlow"}, "outgoing": [{"resourceId": "sid-464F9A91-84AD-4E6A-A978-C552F4BF59A8"}], "glossaryLinks": {}, "formats": {}}, {"dockers": [{"y": 30.000000000000031974, "x": 31.97133867129110385}, {"y": 521.69151092968854755, "x": 1171.5}, {"y": 20.5, "x": 20.5}], "bounds": {"lowerRight": {"y": 521.69151092968854755, "x": 1171.5}, "upperLeft": {"y": 475.3070093683044206, "x": 1144.479697120113542}}, "resourceId": "sid-7C0AA63C-99DD-49F3-8D09-0997A612C25E", "layers": [], "labels": [], "target": {"resourceId": "sid-7BA290DF-3D4E-4359-BE5D-B52252F42FDD"}, "childShapes": [], "properties": {"ConditionType": "None", "showdiamondmarker": "false", "bordercolor": "#000000", "monitoring": "", "name": "", "documentation": "", "probability": "", "conditionexpression": "", "isimmediate": "false", "auditing": ""}, "stencil": {"id": "SequenceFlow"}, "outgoing": [{"resourceId": "sid-7BA290DF-3D4E-4359-BE5D-B52252F42FDD"}], "glossaryLinks": {}, "formats": {}}, {"dockers": [{"y": 20.5, "x": 20.5}, {"y": 26.750000000000003553, "x": 25}], "bounds": {"lowerRight": {"y": 454.69340323268590964, "x": 1209.2193080742270013}, "upperLeft": {"y": 453.58077175392293157, "x": 1190.3679108786038796}}, "resourceId": "sid-28ACD7CE-843A-461C-A4C9-E94EDD1FD17B", "layers": [], "labels": [], "target": {"resourceId": "sid-4366BBAA-0EAD-439B-85C8-DE7C20BF8C48"}, "childShapes": [], "properties": {"ConditionType": "None", "showdiamondmarker": "false", "bordercolor": "#000000", "monitoring": "", "name": "", "documentation": "", "probability": "", "conditionexpression": "", "isimmediate": "false", "auditing": ""}, "stencil": {"id": "SequenceFlow"}, "outgoing": [{"resourceId": "sid-4366BBAA-0EAD-439B-85C8-DE7C20BF8C48"}], "glossaryLinks": {}, "formats": {}}, {"dockers": [{"y": 26.750000000000003553, "x": 25}, {"y": 20.5, "x": 20.5}], "bounds": {"lowerRight": {"y": 452.5854286586697981, "x": 1284.682204730927424}, "upperLeft": {"y": 452.3231046809572149, "x": 1260.0365265435291349}}, "resourceId": "sid-C9586DD0-84C8-430D-A668-05BD04BA7FAB", "layers": [], "labels": [], "target": {"resourceId": "sid-568BCABD-5C59-4639-9EAB-1AF823EC2038"}, "childShapes": [], "properties": {"ConditionType": "None", "showdiamondmarker": "false", "bordercolor": "#000000", "monitoring": "", "name": "", "documentation": "", "probability": "", "conditionexpression": "", "isimmediate": "false", "auditing": ""}, "stencil": {"id": "SequenceFlow"}, "outgoing": [{"resourceId": "sid-568BCABD-5C59-4639-9EAB-1AF823EC2038"}], "glossaryLinks": {}, "formats": {}}, {"dockers": [{"y": 22.692004163690853602, "x": 39.162849600979598108}, {"y": 611.72951717522482795, "x": 1305.5}, {"y": 20.5, "x": 20.5}], "bounds": {"lowerRight": {"y": 611.72951717522482795, "x": 1305.5}, "upperLeft": {"y": 472.3070093683044206, "x": 1158.8627189794906371}}, "resourceId": "sid-7CB298DF-171A-4E7E-BBF4-6D082E1F76FB", "layers": [], "labels": [], "target": {"resourceId": "sid-568BCABD-5C59-4639-9EAB-1AF823EC2038"}, "childShapes": [], "properties": {"ConditionType": "None", "showdiamondmarker": "false", "bordercolor": "#000000", "monitoring": "", "name": "", "documentation": "", "probability": "", "conditionexpression": "", "isimmediate": "false", "auditing": ""}, "stencil": {"id": "SequenceFlow"}, "outgoing": [{"resourceId": "sid-568BCABD-5C59-4639-9EAB-1AF823EC2038"}], "glossaryLinks": {}, "formats": {}}, {"dockers": [{"y": 20.5, "x": 20.5}, {"y": 23.5, "x": 25}], "bounds": {"lowerRight": {"y": 452.68366651225579744, "x": 1361.613829597898075}, "upperLeft": {"y": 452.46160222435304377, "x": 1325.5379179401211331}}, "resourceId": "sid-95C33A3E-1DE3-4031-9895-662C483873DC", "layers": [], "labels": [], "target": {"resourceId": "sid-54FC2597-EDE1-4027-9EB1-099A1D93EEB9"}, "childShapes": [], "properties": {"ConditionType": "None", "showdiamondmarker": "false", "bordercolor": "#000000", "monitoring": "", "name": "", "documentation": "", "probability": "", "conditionexpression": "", "isimmediate": "false", "auditing": ""}, "stencil": {"id": "SequenceFlow"}, "outgoing": [{"resourceId": "sid-54FC2597-EDE1-4027-9EB1-099A1D93EEB9"}], "glossaryLinks": {}, "formats": {}}, {"dockers": [{"y": 15, "x": 15}, {"y": 20.5, "x": 20.5}], "bounds": {"lowerRight": {"y": 434.6768306479518742, "x": 1171.3441888315294364}, "upperLeft": {"y": 403.83275611345368361, "x": 1171.1167486684705636}}, "resourceId": "sid-2090F930-A8C7-4E31-B0AF-72BB4F0C005A", "layers": [], "labels": [], "target": {"resourceId": "sid-7BA290DF-3D4E-4359-BE5D-B52252F42FDD"}, "childShapes": [], "properties": {"ConditionType": "None", "showdiamondmarker": "false", "bordercolor": "#000000", "monitoring": "", "name": "", "documentation": "", "probability": "", "conditionexpression": "", "isimmediate": "false", "auditing": ""}, "stencil": {"id": "SequenceFlow"}, "outgoing": [{"resourceId": "sid-7BA290DF-3D4E-4359-BE5D-B52252F42FDD"}], "glossaryLinks": {}, "formats": {}}, {"dockers": [{"y": 32.5, "x": 601}, {"y": 0, "x": 15}], "bounds": {"lowerRight": {"y": 373, "x": 1171}, "upperLeft": {"y": 288, "x": 1171}}, "resourceId": "sid-2EDF6C51-6495-42FE-83B6-D91E7EE4B5F0", "layers": [], "labels": [], "target": {"resourceId": "sid-F02ED20D-AD31-4F56-ABC3-61C7EDA6D35D"}, "childShapes": [], "properties": {"bordercolor": "#000000", "monitoring": "", "name": "K", "documentation": "", "auditing": ""}, "stencil": {"id": "MessageFlow"}, "outgoing": [{"resourceId": "sid-F02ED20D-AD31-4F56-ABC3-61C7EDA6D35D"}], "glossaryLinks": {}, "formats": {}}, {"dockers": [{"y": 23.5, "x": 25}, {"y": 20.5, "x": 20.5}], "bounds": {"lowerRight": {"y": 452.66764135074288333, "x": 1441.7393258005797634}, "upperLeft": {"y": 452.4709008289833605, "x": 1411.7285307072202158}}, "resourceId": "sid-7C903EB8-0602-4D8C-B8DD-8A3FE862050C", "layers": [], "labels": [], "target": {"resourceId": "sid-DB2D49C6-FF35-43B1-9A4C-12D87C2F5EFA"}, "childShapes": [], "properties": {"ConditionType": "None", "showdiamondmarker": "false", "bordercolor": "#000000", "monitoring": "", "name": "", "documentation": "", "probability": "", "conditionexpression": "", "isimmediate": "false", "auditing": ""}, "stencil": {"id": "SequenceFlow"}, "outgoing": [{"resourceId": "sid-DB2D49C6-FF35-43B1-9A4C-12D87C2F5EFA"}], "glossaryLinks": {}, "formats": {}}, {"dockers": [{"y": 20.5, "x": 20.5}, {"y": 399.75, "x": 1462.9985202979928545}, {"y": 26.749999999999996447, "x": 1.5013447041897542977}], "bounds": {"lowerRight": {"y": 431.91063085519022025, "x": 1497.3606314414960252}, "upperLeft": {"y": 399.75, "x": 1462.9985202979928545}}, "resourceId": "sid-B14C6661-2168-46D4-8FBD-92782F642A12", "layers": [], "labels": [], "target": {"resourceId": "sid-46F59FD0-6835-46CC-AD4B-F52F423C4BE4"}, "childShapes": [], "properties": {"ConditionType": "None", "showdiamondmarker": "false", "bordercolor": "#000000", "monitoring": "", "name": "", "documentation": "", "probability": "", "conditionexpression": "", "isimmediate": "false", "auditing": ""}, "stencil": {"id": "SequenceFlow"}, "outgoing": [{"resourceId": "sid-46F59FD0-6835-46CC-AD4B-F52F423C4BE4"}], "glossaryLinks": {}, "formats": {}}, {"dockers": [{"y": 26.749999999999996447, "x": 48}, {"y": 399.75, "x": 1618.6905244616837081}, {"y": 20.5, "x": 20.499999999999939604}], "bounds": {"lowerRight": {"y": 431.91063085519022025, "x": 1618.6905244616837081}, "upperLeft": {"y": 399.75, "x": 1594.703156677979905}}, "resourceId": "sid-8BBC8955-2555-43C5-85C3-45180AE2536E", "layers": [], "labels": [], "target": {"resourceId": "sid-1394F0E8-97F2-47D3-BAA8-830F35896863"}, "childShapes": [], "properties": {"ConditionType": "None", "showdiamondmarker": "false", "bordercolor": "#000000", "monitoring": "", "name": "", "documentation": "", "probability": "", "conditionexpression": "", "isimmediate": "false", "auditing": ""}, "stencil": {"id": "SequenceFlow"}, "outgoing": [{"resourceId": "sid-1394F0E8-97F2-47D3-BAA8-830F35896863"}], "glossaryLinks": {}, "formats": {}}, {"dockers": [{"y": 20.5, "x": 20.499999999999939604}, {"y": 23.5, "x": 33.162849600979534159}], "bounds": {"lowerRight": {"y": 453.09767620088189233, "x": 1665.5096920831390435}, "upperLeft": {"y": 452.93040503572694888, "x": 1638.566484802904597}}, "resourceId": "sid-E3B47558-0231-40B1-BCDE-53A510A54DE0", "layers": [], "labels": [], "target": {"resourceId": "sid-891F8A6B-5405-4790-AB88-C9F0C7F57526"}, "childShapes": [], "properties": {"ConditionType": "None", "showdiamondmarker": "false", "bordercolor": "#000000", "monitoring": "", "name": "", "documentation": "", "probability": "", "conditionexpression": "", "isimmediate": "false", "auditing": ""}, "stencil": {"id": "SequenceFlow"}, "outgoing": [{"resourceId": "sid-891F8A6B-5405-4790-AB88-C9F0C7F57526"}], "glossaryLinks": {}, "formats": {}}, {"dockers": [{"y": 23.5, "x": 33.162849600979534159}, {"y": 20.5, "x": 20.5}], "bounds": {"lowerRight": {"y": 455.10787162725375765, "x": 1750.5392783492354738}, "upperLeft": {"y": 454.47092049627582355, "x": 1732.3908870741972805}}, "resourceId": "sid-54D2609D-894F-4B12-8395-1DC7A153638C", "layers": [], "labels": [], "target": {"resourceId": "sid-C3222453-2F93-42C7-A7EF-4F15C668FB62"}, "childShapes": [], "properties": {"ConditionType": "None", "showdiamondmarker": "false", "bordercolor": "#000000", "monitoring": "", "name": "", "documentation": "", "probability": "", "conditionexpression": "", "isimmediate": "false", "auditing": ""}, "stencil": {"id": "SequenceFlow"}, "outgoing": [{"resourceId": "sid-C3222453-2F93-42C7-A7EF-4F15C668FB62"}], "glossaryLinks": {}, "formats": {}}, {"dockers": [{"y": 20.5, "x": 20.5}, {"y": 21.75, "x": 39.162849600979598108}], "bounds": {"lowerRight": {"y": 456.43570772197477936, "x": 1810.1629106168772978}, "upperLeft": {"y": 456.11581101463406185, "x": 1789.9608830018682966}}, "resourceId": "sid-C0F925AC-DED9-413D-B176-7EBFBEB5A2C0", "layers": [], "labels": [], "target": {"resourceId": "sid-7D376D95-A5F4-43DF-AA15-B507AC12E5E3"}, "childShapes": [], "properties": {"ConditionType": "None", "showdiamondmarker": "false", "bordercolor": "#000000", "monitoring": "", "name": "", "documentation": "", "probability": "", "conditionexpression": "", "isimmediate": "false", "auditing": ""}, "stencil": {"id": "SequenceFlow"}, "outgoing": [{"resourceId": "sid-7D376D95-A5F4-43DF-AA15-B507AC12E5E3"}], "glossaryLinks": {}, "formats": {}}, {"dockers": [{"y": 21.75, "x": 39.162849600979598108}, {"y": 14, "x": 14}], "bounds": {"lowerRight": {"y": 456.65027110672957633, "x": 1907.0729886810399876}, "upperLeft": {"y": 456.45801962706457289, "x": 1888.5620284518874996}}, "resourceId": "sid-C79036BE-71FB-4240-AA02-F6CF71B61E0E", "layers": [], "labels": [], "target": {"resourceId": "sid-F25A73D2-9D52-459A-A4D4-5F0C369C2874"}, "childShapes": [], "properties": {"ConditionType": "None", "showdiamondmarker": "false", "bordercolor": "#000000", "monitoring": "", "name": "", "documentation": "", "probability": "", "conditionexpression": "", "isimmediate": "false", "auditing": ""}, "stencil": {"id": "SequenceFlow"}, "outgoing": [{"resourceId": "sid-F25A73D2-9D52-459A-A4D4-5F0C369C2874"}], "glossaryLinks": {}, "formats": {}}, {"dockers": [{"y": 30.000000000000056843, "x": 31.971338671291050559}, {"y": 64.420401526686646321, "x": 542.50835844882249148}], "bounds": {"lowerRight": {"y": 491.4076222543133099, "x": 1112.5083584488224915}, "upperLeft": {"y": 288, "x": 1112.5083584488224915}}, "resourceId": "sid-57CCE104-D1A2-44EA-892D-35FA28AB581A", "layers": [], "labels": [], "target": {"resourceId": "sid-7D87575A-4499-4EDE-9A9D-9CD7776DA474"}, "childShapes": [], "properties": {"bordercolor": "#000000", "monitoring": "", "name": "L", "documentation": "", "auditing": ""}, "stencil": {"id": "MessageFlow"}, "outgoing": [{"resourceId": "sid-7D87575A-4499-4EDE-9A9D-9CD7776DA474"}], "glossaryLinks": {}, "formats": {}}, {"dockers": [{"y": 65, "x": 265.42250780692029366}, {"y": 17, "x": 15}], "bounds": {"lowerRight": {"y": 372.265625, "x": 835.42250780692029366}, "upperLeft": {"y": 288, "x": 835.42250780692029366}}, "resourceId": "sid-58DD2845-EC55-4634-A9A4-4C45ADB618E9", "layers": [], "labels": [{"to": 1, "ref": "text_name", "distance": -19.538639068603515625, "align": "center", "from": 0, "valign": "middle", "y": 329.65123345742517813, "x": 835.42250780692029366}], "target": {"resourceId": "sid-4CFBBD77-B0B9-4308-8D7A-74A755D55DD0"}, "childShapes": [], "properties": {"bordercolor": "#000000", "monitoring": "", "name": "M", "documentation": "", "auditing": ""}, "stencil": {"id": "MessageFlow"}, "outgoing": [{"resourceId": "sid-4CFBBD77-B0B9-4308-8D7A-74A755D55DD0"}], "glossaryLinks": {}, "formats": {}}, {"dockers": [{"y": 50, "x": 280.42250780692029366}, {"y": 15, "x": 30}], "bounds": {"lowerRight": {"y": 388, "x": 850.42250780692029366}, "upperLeft": {"y": 288, "x": 850.42250780692029366}}, "resourceId": "sid-D6AF0921-F20A-46F7-BDE1-C53DC42CF104", "layers": [], "labels": [{"to": 1, "orientation": "ul", "ref": "text_name", "distance": 0.71017843484878540039, "align": "left", "from": 0, "valign": "top", "y": 343.08534303635968854, "x": 850.42250780692029366}], "target": {"resourceId": "sid-4CFBBD77-B0B9-4308-8D7A-74A755D55DD0"}, "childShapes": [], "properties": {"bordercolor": "#000000", "monitoring": "", "name": "N", "documentation": "", "auditing": ""}, "stencil": {"id": "MessageFlow"}, "outgoing": [{"resourceId": "sid-4CFBBD77-B0B9-4308-8D7A-74A755D55DD0"}], "glossaryLinks": {}, "formats": {}}, {"dockers": [{"y": 15, "x": 15}, {"y": 20.5, "x": 20.5}], "bounds": {"lowerRight": {"y": 521.69151092968854755, "x": 701.11337779747987042}, "upperLeft": {"y": 521.69151092968854755, "x": 676.34187597586515039}}, "resourceId": "sid-6CB62F8D-2ED9-4910-9C84-74EAD84FE57B", "layers": [], "labels": [], "target": {"resourceId": "sid-6D8B44DD-695F-47AD-8716-7408C799AD7A"}, "childShapes": [], "properties": {"ConditionType": "None", "showdiamondmarker": "false", "bordercolor": "#000000", "monitoring": "", "name": "", "documentation": "", "probability": "", "conditionexpression": "", "isimmediate": "false", "auditing": ""}, "stencil": {"id": "SequenceFlow"}, "outgoing": [{"resourceId": "sid-6D8B44DD-695F-47AD-8716-7408C799AD7A"}], "glossaryLinks": {}, "formats": {}}, {"dockers": [{"y": 21.75, "x": 39.162849600979598108}, {"y": 55, "x": 1279.3991788509079015}], "bounds": {"lowerRight": {"y": 435.0737660829562401, "x": 1849.3991788509079015}, "upperLeft": {"y": 288, "x": 1849.3991788509079015}}, "resourceId": "sid-4B5F4F86-D3C6-4CF3-B562-DFF5BBBAF3D6", "layers": [], "labels": [], "target": {"resourceId": "sid-7D87575A-4499-4EDE-9A9D-9CD7776DA474"}, "childShapes": [], "properties": {"bordercolor": "#000000", "monitoring": "", "name": "O", "documentation": "", "auditing": ""}, "stencil": {"id": "MessageFlow"}, "outgoing": [{"resourceId": "sid-7D87575A-4499-4EDE-9A9D-9CD7776DA474"}], "glossaryLinks": {}, "formats": {}}, {"dockers": [{"y": 20.5, "x": 20.5}, {"y": 643, "x": 1770.4595275844517346}, {"y": 643, "x": 722.1920041636908536}, {"y": 20.5, "x": 20.5}], "bounds": {"lowerRight": {"y": 643, "x": 1770.4595275844517346}, "upperLeft": {"y": 475.3070093683044206, "x": 722.1920041636908536}}, "resourceId": "sid-2F88A9DE-D4A3-4E1B-966C-DA391DF0B5D3", "layers": [], "labels": [], "target": {"resourceId": "sid-6D8B44DD-695F-47AD-8716-7408C799AD7A"}, "childShapes": [], "properties": {"ConditionType": "None", "showdiamondmarker": "false", "bordercolor": "#000000", "monitoring": "", "name": "", "documentation": "", "probability": "", "conditionexpression": "", "isimmediate": "false", "auditing": ""}, "stencil": {"id": "SequenceFlow"}, "outgoing": [{"resourceId": "sid-6D8B44DD-695F-47AD-8716-7408C799AD7A"}], "glossaryLinks": {}, "formats": {}}, {"dockers": [{"y": 20.5, "x": 20.5}, {"y": 565.67436747015290166, "x": 1462.9985202979928545}, {"y": 23.559855499541697554, "x": 50}], "bounds": {"lowerRight": {"y": 565.67436747015290166, "x": 1495.7178714269332431}, "upperLeft": {"y": 472.3070093683044206, "x": 1462.9985202979928545}}, "resourceId": "sid-614814E4-34ED-45BD-9320-4130236A0DD9", "layers": [], "labels": [], "target": {"resourceId": "sid-0093A417-DA71-4DDC-B9C2-3768BE9B21B7"}, "childShapes": [], "properties": {"ConditionType": "None", "showdiamondmarker": "false", "bordercolor": "#000000", "monitoring": "", "name": "", "documentation": "", "probability": "", "conditionexpression": "", "isimmediate": "false", "auditing": ""}, "stencil": {"id": "SequenceFlow"}, "outgoing": [{"resourceId": "sid-0093A417-DA71-4DDC-B9C2-3768BE9B21B7"}], "glossaryLinks": {}, "formats": {}}, {"dockers": [{"y": 20.5, "x": 20.5}, {"y": 615.59736851107572875, "x": 1462.9985202979928545}, {"y": 23.559855499541697554, "x": 50}], "bounds": {"lowerRight": {"y": 615.59736851107572875, "x": 1495.7178714269332431}, "upperLeft": {"y": 472.3070093683044206, "x": 1462.9985202979928545}}, "resourceId": "sid-6BB379AD-02D3-4894-AFAB-C2948D103EB0", "layers": [], "labels": [], "target": {"resourceId": "sid-A90596D6-FD7D-4206-A7C1-440949A83E66"}, "childShapes": [], "properties": {"ConditionType": "None", "showdiamondmarker": "false", "bordercolor": "#000000", "monitoring": "", "name": "", "documentation": "", "probability": "", "conditionexpression": "", "isimmediate": "false", "auditing": ""}, "stencil": {"id": "SequenceFlow"}, "outgoing": [{"resourceId": "sid-A90596D6-FD7D-4206-A7C1-440949A83E66"}], "glossaryLinks": {}, "formats": {}}, {"dockers": [{"y": 20.5, "x": 20.5}, {"y": 513.13165543014679315, "x": 1462.9985202979928545}, {"y": 23.559855499541697554, "x": 48}], "bounds": {"lowerRight": {"y": 513.13165543014679315, "x": 1497.0147695472769556}, "upperLeft": {"y": 472.3070093683044206, "x": 1462.9985202979928545}}, "resourceId": "sid-8CC61AFD-12E8-45BA-840C-01D11DE4EF2B", "layers": [], "labels": [], "target": {"resourceId": "sid-DD4A21AC-B305-4D92-B586-B70F947A9C70"}, "childShapes": [], "properties": {"ConditionType": "None", "showdiamondmarker": "false", "bordercolor": "#000000", "monitoring": "", "name": "", "documentation": "", "probability": "", "conditionexpression": "", "isimmediate": "false", "auditing": ""}, "stencil": {"id": "SequenceFlow"}, "outgoing": [{"resourceId": "sid-DD4A21AC-B305-4D92-B586-B70F947A9C70"}], "glossaryLinks": {}, "formats": {}}, {"dockers": [{"y": 23.559855499541697554, "x": 48}, {"y": 513.13165543014679315, "x": 1618.6905244616837081}, {"y": 20.5, "x": 20.499999999999939604}], "bounds": {"lowerRight": {"y": 513.13165543014679315, "x": 1618.6905244616837081}, "upperLeft": {"y": 472.3070093683044206, "x": 1594}}, "resourceId": "sid-3B29307A-2544-484F-8232-5C7880C3FC91", "layers": [], "labels": [], "target": {"resourceId": "sid-1394F0E8-97F2-47D3-BAA8-830F35896863"}, "childShapes": [], "properties": {"ConditionType": "None", "showdiamondmarker": "false", "bordercolor": "#000000", "monitoring": "", "name": "", "documentation": "", "probability": "", "conditionexpression": "", "isimmediate": "false", "auditing": ""}, "stencil": {"id": "SequenceFlow"}, "outgoing": [{"resourceId": "sid-1394F0E8-97F2-47D3-BAA8-830F35896863"}], "glossaryLinks": {}, "formats": {}}, {"dockers": [{"y": 23.559855499541697554, "x": 50}, {"y": 565.67436747015290166, "x": 1618.6905244616837081}, {"y": 20.5, "x": 20.5}], "bounds": {"lowerRight": {"y": 565.67436747015290166, "x": 1618.6905244616837081}, "upperLeft": {"y": 472.3070093683044206, "x": 1596}}, "resourceId": "sid-0C405E33-980D-490B-B0A0-C1419EB16A76", "layers": [], "labels": [], "target": {"resourceId": "sid-1394F0E8-97F2-47D3-BAA8-830F35896863"}, "childShapes": [], "properties": {"ConditionType": "None", "showdiamondmarker": "false", "bordercolor": "#000000", "monitoring": "", "name": "", "documentation": "", "probability": "", "conditionexpression": "", "isimmediate": "false", "auditing": ""}, "stencil": {"id": "SequenceFlow"}, "outgoing": [{"resourceId": "sid-1394F0E8-97F2-47D3-BAA8-830F35896863"}], "glossaryLinks": {}, "formats": {}}, {"dockers": [{"y": 23.559855499541697554, "x": 50}, {"y": 615.59736851107572875, "x": 1618.6905244616837081}, {"y": 20.5, "x": 20.5}], "bounds": {"lowerRight": {"y": 615.59736851107572875, "x": 1618.6905244616837081}, "upperLeft": {"y": 472.3070093683044206, "x": 1596}}, "resourceId": "sid-BC09F13F-15BD-4F61-B676-52F448B1E8F7", "layers": [], "labels": [], "target": {"resourceId": "sid-1394F0E8-97F2-47D3-BAA8-830F35896863"}, "childShapes": [], "properties": {"ConditionType": "None", "showdiamondmarker": "false", "bordercolor": "#000000", "monitoring": "", "name": "", "documentation": "", "probability": "", "conditionexpression": "", "isimmediate": "false", "auditing": ""}, "stencil": {"id": "SequenceFlow"}, "outgoing": [{"resourceId": "sid-1394F0E8-97F2-47D3-BAA8-830F35896863"}], "glossaryLinks": {}, "formats": {}}, {"dockers": [{"y": 1, "x": 48}, {"y": 44, "x": 976}], "bounds": {"lowerRight": {"y": 489.57179993060515244, "x": 1546}, "upperLeft": {"y": 288, "x": 1546}}, "resourceId": "sid-7D792675-16A7-4CF3-A5D7-1CA029609BFE", "layers": [], "labels": [{"to": 1, "ref": "text_name", "distance": -11, "align": "center", "from": 0, "valign": "middle", "y": 338, "x": 1546}], "target": {"resourceId": "sid-7D87575A-4499-4EDE-9A9D-9CD7776DA474"}, "childShapes": [], "properties": {"bordercolor": "#000000", "monitoring": "", "name": "P", "documentation": "", "auditing": ""}, "stencil": {"id": "MessageFlow"}, "outgoing": [{"resourceId": "sid-7D87575A-4499-4EDE-9A9D-9CD7776DA474"}], "glossaryLinks": {}, "formats": {}}, {"dockers": [{"y": 1, "x": 50}, {"y": 36, "x": 976}], "bounds": {"lowerRight": {"y": 592.03751301153397435, "x": 1546}, "upperLeft": {"y": 288, "x": 1546}}, "resourceId": "sid-BCF60417-04F0-4DBF-B260-731445888FED", "layers": [], "labels": [{"to": 1, "ref": "text_name", "distance": 3, "align": "center", "from": 0, "valign": "middle", "y": 462, "x": 1546}], "target": {"resourceId": "sid-7D87575A-4499-4EDE-9A9D-9CD7776DA474"}, "childShapes": [], "properties": {"bordercolor": "#000000", "monitoring": "", "name": "Q", "documentation": "", "auditing": ""}, "stencil": {"id": "MessageFlow"}, "outgoing": [{"resourceId": "sid-7D87575A-4499-4EDE-9A9D-9CD7776DA474"}], "glossaryLinks": {}, "formats": {}}, {"dockers": [{"y": 23.559855499541754398, "x": 50}, {"y": 55, "x": 976}], "bounds": {"lowerRight": {"y": 541.63794351258206916, "x": 1546}, "upperLeft": {"y": 288, "x": 1546}}, "resourceId": "sid-0C3BC16E-C8F9-41BE-9FEC-A74582AD9458", "layers": [], "labels": [{"to": 1, "ref": "text_name", "distance": 13, "align": "center", "from": 0, "valign": "middle", "y": 446, "x": 1546}], "target": {"resourceId": "sid-7D87575A-4499-4EDE-9A9D-9CD7776DA474"}, "childShapes": [], "properties": {"bordercolor": "#000000", "monitoring": "", "name": "R", "documentation": "", "auditing": ""}, "stencil": {"id": "MessageFlow"}, "outgoing": [{"resourceId": "sid-7D87575A-4499-4EDE-9A9D-9CD7776DA474"}], "glossaryLinks": {}, "formats": {}}, {"dockers": [{"y": 13.375, "x": 48}, {"y": 37, "x": 976}], "bounds": {"lowerRight": {"y": 372.5400390625, "x": 1546}, "upperLeft": {"y": 288, "x": 1546}}, "resourceId": "sid-C228B0E4-7390-412F-8B83-52335F3A6EB7", "layers": [], "labels": [{"to": 1, "ref": "text_name", "distance": 0, "align": "center", "from": 0, "valign": "middle", "y": 352, "x": 1546}], "target": {"resourceId": "sid-7D87575A-4499-4EDE-9A9D-9CD7776DA474"}, "childShapes": [], "properties": {"bordercolor": "#000000", "monitoring": "", "name": "S", "documentation": "", "auditing": ""}, "stencil": {"id": "MessageFlow"}, "outgoing": [{"resourceId": "sid-7D87575A-4499-4EDE-9A9D-9CD7776DA474"}], "glossaryLinks": {}, "formats": {}}, {"dockers": [], "bounds": {"lowerRight": {"y": 823, "x": 1942}, "upperLeft": {"y": 694, "x": 570}}, "resourceId": "sid-53A86A29-58D4-4312-91DA-DF2A1BB96EEC", "layers": [], "labels": [], "childShapes": [{"dockers": [], "bounds": {"lowerRight": {"y": 129, "x": 1372}, "upperLeft": {"y": 0, "x": 30}}, "resourceId": "sid-FE416013-F40F-48B6-87AF-40B8D5524657", "layers": [], "labels": [], "childShapes": [], "properties": {"showcaption": "true", "bordercolor": "#000000", "monitoring": "", "parentlane": "", "name": "", "documentation": "", "auditing": "", "bgcolor": "", "parentpool": ""}, "stencil": {"id": "Lane"}, "outgoing": [], "glossaryLinks": {}, "formats": {}}], "properties": {"isclosed": "false", "enableinstancecompensation": "false", "boundaryvisible": "true", "monitoring": "", "processcategories": "", "minimum": "2", "status": "None", "isexecutable": "false", "processdocumentation": "", "processtype": "None", "bordercolor": "#000000", "processname": "", "multiinstance": "false", "maximum": "2", "name": "T", "documentation": "", "suppressjoinfailure": "false", "adhoccompletioncondition": "", "auditing": "", "adhocordering": "Parallel", "adhoc": "false", "processid": ""}, "stencil": {"id": "Pool"}, "outgoing": [], "glossaryLinks": {}, "formats": {}}, {"dockers": [], "bounds": {"lowerRight": {"y": 969, "x": 1942}, "upperLeft": {"y": 840, "x": 570}}, "resourceId": "sid-A91E2312-C135-46F0-B677-4029B40031E3", "layers": [], "labels": [], "childShapes": [{"dockers": [], "bounds": {"lowerRight": {"y": 129, "x": 1372}, "upperLeft": {"y": 0, "x": 30}}, "resourceId": "sid-A9A5B0ED-3B8D-4742-85B5-0939C450EF7B", "layers": [], "labels": [], "childShapes": [], "properties": {"showcaption": "true", "bordercolor": "#000000", "monitoring": "", "parentlane": "", "name": "", "documentation": "", "auditing": "", "bgcolor": "", "parentpool": ""}, "stencil": {"id": "Lane"}, "outgoing": [], "glossaryLinks": {}, "formats": {}}], "properties": {"isclosed": "false", "enableinstancecompensation": "false", "boundaryvisible": "true", "monitoring": "", "processcategories": "", "minimum": "2", "status": "None", "isexecutable": "false", "processdocumentation": "", "processtype": "None", "bordercolor": "#000000", "processname": "", "multiinstance": "false", "maximum": "2", "name": "U", "documentation": "", "suppressjoinfailure": "false", "adhoccompletioncondition": "", "auditing": "", "adhocordering": "Parallel", "adhoc": "false", "processid": ""}, "stencil": {"id": "Pool"}, "outgoing": [], "glossaryLinks": {}, "formats": {}}], "properties": {"orientation": "horizontal", "monitoring": "", "modificationdate": "", "creationdate": "", "namespaces": "", "version": "", "targetnamespace": "http://www.signavio.com/bpmn20", "author": "", "name": "", "documentation": "", "language": "English", "typelanguage": "http://www.w3.org/2001/XMLSchema", "expressionlanguage": "http://www.w3.org/1999/XPath", "auditing": ""}, "offset": {"y": 0, "x": 1}, "ssextensions": [], "stencilset": {"url": "/stencilsets/bpmn2.0/bpmn2.0.json?version=5.0.0", "namespace": "http://b3mn.org/stencilset/bpmn2.0#"}, "stencil": {"id": "BPMNDiagram"}, "formats": {}}