{"bounds": {"lowerRight": {"y": 1255.4448068820104254, "x": 2425.4199768106714146}, "upperLeft": {"y": 0, "x": 0}}, "resourceId": "canvas", "childShapes": [{"dockers": [{"y": 40, "x": 50}, {"y": 20.5, "x": 20.5}], "bounds": {"lowerRight": {"y": 455.90149252241479871, "x": 1484.7187612304660433}, "upperLeft": {"y": 455.73694863032727653, "x": 1450}}, "resourceId": "sid-07C0BCC3-708C-441E-9990-65C8709E29CE", "layers": [], "labels": [], "target": {"resourceId": "sid-5A580852-262B-4E94-B5F0-B8B097AFC7FF"}, "childShapes": [], "properties": {"ConditionType": "None", "showdiamondmarker": "false", "bordercolor": "#000000", "monitoring": "", "name": "", "documentation": "", "probability": "", "conditionexpression": "", "isimmediate": "false", "auditing": ""}, "stencil": {"id": "SequenceFlow"}, "outgoing": [{"resourceId": "sid-5A580852-262B-4E94-B5F0-B8B097AFC7FF"}], "glossaryLinks": {}, "formats": {}}, {"dockers": [{"y": 39.999999999999943157, "x": 33.5}, {"y": 711.15479688811706183, "x": 2088.5}, {"y": 874, "x": 2088.5}, {"y": 40.000000000000227374, "x": 39.5}], "bounds": {"lowerRight": {"y": 874, "x": 2129.265625}, "upperLeft": {"y": 711.15479688811706183, "x": 2047}}, "resourceId": "sid-75163C90-EB2B-4AE4-AFDD-F7AFF0E97843", "layers": [], "labels": [], "target": {"resourceId": "sid-903CC613-0E93-401A-9CEC-3ADF43CDEEDA"}, "childShapes": [], "properties": {"ConditionType": "None", "showdiamondmarker": "false", "bordercolor": "#000000", "monitoring": "", "name": "", "documentation": "", "probability": "", "conditionexpression": "", "isimmediate": "false", "auditing": ""}, "stencil": {"id": "SequenceFlow"}, "outgoing": [{"resourceId": "sid-903CC613-0E93-401A-9CEC-3ADF43CDEEDA"}], "glossaryLinks": {}, "formats": {}}, {"dockers": [], "bounds": {"lowerRight": {"y": 176, "x": 2325.4199768106714146}, "upperLeft": {"y": 60, "x": 54.450003018289983459}}, "resourceId": "sid-68215B37-C64A-4840-A5BE-934916B69C5F", "layers": [], "labels": [], "childShapes": [{"dockers": [], "bounds": {"lowerRight": {"y": 116, "x": 2270.9699737923815519}, "upperLeft": {"y": 0, "x": 30}}, "resourceId": "sid-05A532F8-5948-4F80-9B6C-8A0EB1FE42E8", "layers": [], "labels": [], "childShapes": [], "properties": {"showcaption": "true", "bordercolor": "#000000", "monitoring": "", "parentlane": "", "name": "", "documentation": "", "auditing": "", "bgcolor": "", "parentpool": ""}, "stencil": {"id": "Lane"}, "outgoing": [], "glossaryLinks": {}, "formats": {}}], "properties": {"isclosed": "false", "enableinstancecompensation": "false", "boundaryvisible": "true", "monitoring": "", "processcategories": "", "minimum": "2", "status": "None", "isexecutable": "false", "processdocumentation": "", "processtype": "None", "bordercolor": "#000000", "processname": "", "multiinstance": "false", "maximum": "2", "name": "N", "documentation": "", "suppressjoinfailure": "false", "adhoccompletioncondition": "", "auditing": "", "adhocordering": "Parallel", "adhoc": "false", "processid": ""}, "stencil": {"id": "Pool"}, "outgoing": [{"resourceId": "sid-8AD288A0-4342-481F-9200-D07D8175B15A"}, {"resourceId": "sid-C4470843-AEDF-41A4-B50A-DFA66899AAC1"}, {"resourceId": "sid-51E8C8D0-BF06-498E-ADFA-629C7F428DDA"}, {"resourceId": "sid-3C4A7F5B-9649-4714-A182-6B25D728FD97"}], "glossaryLinks": {}, "formats": {}}, {"dockers": [], "bounds": {"lowerRight": {"y": 1155.4448068820104254, "x": 2325.4199768106714146}, "upperLeft": {"y": 271.77768413918886381, "x": 54.450003018289976353}}, "resourceId": "sid-F07F46C5-0C6C-4E2D-9C92-9C35A23B5F0A", "layers": [], "labels": [], "childShapes": [{"dockers": [], "bounds": {"lowerRight": {"y": 249.14694671731680842, "x": 2270.9699737923815519}, "upperLeft": {"y": 0, "x": 30}}, "resourceId": "sid-859923F5-BEA2-4ABA-9E8C-CB763A95A6FA", "layers": [], "labels": [], "childShapes": [{"dockers": [], "bounds": {"lowerRight": {"y": 98.692829077224700995, "x": 65.549996981710023647}, "upperLeft": {"y": 68.692829077224700995, "x": 35.549996981710023647}}, "resourceId": "sid-E560216E-E4A7-46A2-88CD-1A500027862E", "layers": [], "labels": [], "childShapes": [], "properties": {"trigger": "None", "monitoring": "", "outputset": "", "applyincalc": "true", "frequency": "", "bgcolor": "#ffffff", "bordercolor": "#000000", "dataoutputassociations": "", "name": "A", "dataoutput": "", "documentation": "", "auditing": "", "processid": ""}, "stencil": {"id": "StartNoneEvent"}, "outgoing": [{"resourceId": "sid-1863CFD4-236A-4569-9277-0952E168F4AF"}], "glossaryLinks": {}, "formats": {}}, {"dockers": [], "bounds": {"lowerRight": {"y": 123.692829077224701, "x": 1719.54999698170991}, "upperLeft": {"y": 43.692829077224700995, "x": 1640.54999698170991}}, "resourceId": "sid-7709C9E0-5811-4A91-A7AE-B9D3F0860E21", "layers": [], "labels": [], "childShapes": [], "properties": {"resources": "", "outmsgstructure": "", "applyincalc": "true", "loopcardinality": "", "outmessagename": "", "inmessagename": "", "bgcolor": "#ffffcc", "bordercolor": "#000000", "time": "", "loopdataoutput": "", "testbefore": "false", "callacitivity": "false", "outmsgiscollection": "false", "monitoring": "", "operationname": "", "dataoutputset": "", "completionquantity": "1", "properties": "", "script": "", "assignments": "", "nonebehavioreventref": "signal", "scriptformat": "", "datainputset": "", "processid": "", "startquantity": "1", "tasktype": "None", "looptype": "None", "instantiate": "false", "behavior": "all", "inmsgimport": "", "costs": "", "inputdataitem": "", "loopdatainput": "", "name": "B", "outmsgitemkind": "Information", "costcenter": "", "completioncondition": "", "isforcompensation": "false", "inmsgiscollection": "false", "inmsgitemkind": "Information", "inmsgstructure": "", "outputdataitem": "", "messageref": "", "loopcondition": "", "onebehavioreventref:": "signal", "implementation": "webService", "operationref": "", "outmsgimport": "", "documentation": "", "categories": "", "auditing": "", "complexbehaviordefinition": ""}, "stencil": {"id": "Task"}, "outgoing": [{"resourceId": "sid-CB9F42EA-D6C4-4FDD-B045-B8B173620F33"}], "glossaryLinks": {}, "formats": {}}, {"dockers": [], "bounds": {"lowerRight": {"y": 123.6928290772250989, "x": 1539.5499969817101373}, "upperLeft": {"y": 43.692829077224814682, "x": 1460.5499969817101373}}, "resourceId": "sid-1FA855FC-F368-4B46-A594-F20A44F12AD3", "layers": [], "labels": [], "childShapes": [], "properties": {"resources": "", "outmsgstructure": "", "applyincalc": "true", "loopcardinality": "", "outmessagename": "", "inmessagename": "", "bgcolor": "#ffffcc", "bordercolor": "#000000", "time": "", "loopdataoutput": "", "testbefore": "false", "callacitivity": "false", "outmsgiscollection": "false", "monitoring": "", "operationname": "", "dataoutputset": "", "completionquantity": "1", "properties": "", "script": "", "assignments": "", "nonebehavioreventref": "signal", "scriptformat": "", "datainputset": "", "processid": "", "startquantity": "1", "tasktype": "None", "looptype": "None", "instantiate": "false", "behavior": "all", "inmsgimport": "", "costs": "", "inputdataitem": "", "loopdatainput": "", "name": "C", "outmsgitemkind": "Information", "costcenter": "", "completioncondition": "", "isforcompensation": "false", "inmsgiscollection": "false", "inmsgitemkind": "Information", "inmsgstructure": "", "outputdataitem": "", "messageref": "", "loopcondition": "", "onebehavioreventref:": "signal", "implementation": "webService", "operationref": "", "outmsgimport": "", "documentation": "", "categories": "", "auditing": "", "complexbehaviordefinition": ""}, "stencil": {"id": "Task"}, "outgoing": [{"resourceId": "sid-990947BF-DCA8-475C-8889-05E978550779"}], "glossaryLinks": {}, "formats": {}}, {"dockers": [], "bounds": {"lowerRight": {"y": 205.99999639391955952, "x": 937.50000000000011369}, "upperLeft": {"y": 125.99999639391921846, "x": 858.5}}, "resourceId": "sid-0CA61B42-DB9F-45DD-9186-7C77606420A6", "layers": [], "labels": [], "childShapes": [], "properties": {"resources": "", "outmsgstructure": "", "applyincalc": "true", "loopcardinality": "", "outmessagename": "", "inmessagename": "", "bgcolor": "#ffffcc", "bordercolor": "#000000", "time": "", "loopdataoutput": "", "testbefore": "false", "callacitivity": "false", "outmsgiscollection": "false", "monitoring": "", "operationname": "", "dataoutputset": "", "completionquantity": "1", "properties": "", "script": "", "assignments": "", "nonebehavioreventref": "signal", "scriptformat": "", "datainputset": "", "processid": "", "startquantity": "1", "tasktype": "None", "looptype": "None", "instantiate": "false", "behavior": "all", "inmsgimport": "", "costs": "", "inputdataitem": "", "loopdatainput": "", "name": "D", "outmsgitemkind": "Information", "costcenter": "", "completioncondition": "", "isforcompensation": "false", "inmsgiscollection": "false", "inmsgitemkind": "Information", "inmsgstructure": "", "outputdataitem": "", "messageref": "", "loopcondition": "", "onebehavioreventref:": "signal", "implementation": "webService", "operationref": "", "outmsgimport": "", "documentation": "", "categories": "", "auditing": "", "complexbehaviordefinition": ""}, "stencil": {"id": "Task"}, "outgoing": [{"resourceId": "sid-61ED9DE6-707A-491D-ABA9-25B5E65058EB"}], "glossaryLinks": {}, "formats": {}}, {"dockers": [], "bounds": {"lowerRight": {"y": 133.307170922775299, "x": 217.53199659268614141}, "upperLeft": {"y": 34.692829077224700995, "x": 138.5319965926859993}}, "resourceId": "sid-5711D4B1-2B4E-4F6E-8CC1-4A421E6AA55F", "layers": [], "labels": [], "childShapes": [], "properties": {"resources": "", "outmsgstructure": "", "applyincalc": "true", "loopcardinality": "", "outmessagename": "", "inmessagename": "", "bgcolor": "#ffffcc", "bordercolor": "#000000", "time": "", "loopdataoutput": "", "testbefore": "false", "callacitivity": "false", "outmsgiscollection": "false", "monitoring": "", "operationname": "", "dataoutputset": "", "completionquantity": "1", "properties": "", "script": "", "assignments": "", "nonebehavioreventref": "signal", "scriptformat": "", "datainputset": "", "processid": "", "startquantity": "1", "tasktype": "None", "looptype": "None", "instantiate": "false", "behavior": "all", "inmsgimport": "", "costs": "", "inputdataitem": "", "loopdatainput": "", "name": "E", "outmsgitemkind": "Information", "costcenter": "", "completioncondition": "", "isforcompensation": "false", "inmsgiscollection": "false", "inmsgitemkind": "Information", "inmsgstructure": "", "outputdataitem": "", "messageref": "", "loopcondition": "", "onebehavioreventref:": "signal", "implementation": "webService", "operationref": "", "outmsgimport": "", "documentation": "", "categories": "", "auditing": "", "complexbehaviordefinition": ""}, "stencil": {"id": "Task"}, "outgoing": [{"resourceId": "sid-0251FEA0-F6AD-4EAA-852B-4440E57071CB"}], "glossaryLinks": {}, "formats": {}}, {"dockers": [], "bounds": {"lowerRight": {"y": 205.99999639391933215, "x": 588.54997927913120748}, "upperLeft": {"y": 125.99999639391921846, "x": 509.54997927913120748}}, "resourceId": "sid-0A7EFD09-95DB-4F58-8226-2F755385BCCD", "layers": [], "labels": [], "childShapes": [], "properties": {"resources": "", "outmsgstructure": "", "applyincalc": "true", "loopcardinality": "", "outmessagename": "", "inmessagename": "", "bgcolor": "#ffffcc", "bordercolor": "#000000", "time": "", "loopdataoutput": "", "testbefore": "false", "callacitivity": "false", "outmsgiscollection": "false", "monitoring": "", "operationname": "", "dataoutputset": "", "completionquantity": "1", "properties": "", "script": "", "assignments": "", "nonebehavioreventref": "signal", "scriptformat": "", "datainputset": "", "processid": "", "startquantity": "1", "tasktype": "None", "looptype": "None", "instantiate": "false", "behavior": "all", "inmsgimport": "", "costs": "", "inputdataitem": "", "loopdatainput": "", "name": "F", "outmsgitemkind": "Information", "costcenter": "", "completioncondition": "", "isforcompensation": "false", "inmsgiscollection": "false", "inmsgitemkind": "Information", "inmsgstructure": "", "outputdataitem": "", "messageref": "", "loopcondition": "", "onebehavioreventref:": "signal", "implementation": "webService", "operationref": "", "outmsgimport": "", "documentation": "", "categories": "", "auditing": "", "complexbehaviordefinition": ""}, "stencil": {"id": "Task"}, "outgoing": [{"resourceId": "sid-CCCC81D7-2AD1-40F0-BA93-2699457B0DAB"}], "glossaryLinks": {}, "formats": {}}, {"dockers": [], "bounds": {"lowerRight": {"y": 223.72229766649388694, "x": 1365.54999698170991}, "upperLeft": {"y": 143.72229766649388694, "x": 1265.54999698170991}}, "resourceId": "sid-971C94BA-5DDD-466A-9847-E16DBCA9924E", "layers": [], "labels": [], "childShapes": [], "properties": {"resources": "", "outmsgstructure": "", "applyincalc": "true", "loopcardinality": "", "outmessagename": "", "inmessagename": "", "bgcolor": "#ffffcc", "bordercolor": "#000000", "time": "", "loopdataoutput": "", "testbefore": "false", "callacitivity": "false", "outmsgiscollection": "false", "monitoring": "", "operationname": "", "dataoutputset": "", "completionquantity": "1", "properties": "", "script": "", "assignments": "", "nonebehavioreventref": "signal", "scriptformat": "", "datainputset": "", "processid": "", "startquantity": "1", "tasktype": "None", "looptype": "None", "instantiate": "false", "behavior": "all", "inmsgimport": "", "costs": "", "inputdataitem": "", "loopdatainput": "", "name": "G", "outmsgitemkind": "Information", "costcenter": "", "completioncondition": "", "isforcompensation": "false", "inmsgiscollection": "false", "inmsgitemkind": "Information", "inmsgstructure": "", "outputdataitem": "", "messageref": "", "loopcondition": "", "onebehavioreventref:": "signal", "implementation": "webService", "operationref": "", "outmsgimport": "", "documentation": "", "categories": "", "auditing": "", "complexbehaviordefinition": ""}, "stencil": {"id": "Task"}, "outgoing": [{"resourceId": "sid-07C0BCC3-708C-441E-9990-65C8709E29CE"}], "glossaryLinks": {}, "formats": {}}, {"dockers": [], "bounds": {"lowerRight": {"y": 203.72229766649388694, "x": 1440.5499969817101373}, "upperLeft": {"y": 163.72229766649388694, "x": 1400.5499969817101373}}, "resourceId": "sid-5A580852-262B-4E94-B5F0-B8B097AFC7FF", "layers": [], "labels": [], "childShapes": [], "properties": {"monitoring": "", "gatewaytype": "AND", "gates": "", "assignments": "", "bgcolor": "#ffffff", "bordercolor": "#000000", "pool": "", "name": "", "gates_assignments": "", "documentation": "", "categories": "", "auditing": "", "lanes": "", "gates_outgoingsequenceflow": "", "processid": ""}, "stencil": {"id": "ParallelGateway"}, "outgoing": [{"resourceId": "sid-CAF8A08D-A745-45CA-ACA8-82206A959574"}, {"resourceId": "sid-79CE29BA-B06F-421A-BE34-6B4E0785D601"}], "glossaryLinks": {}, "formats": {}}, {"dockers": [], "bounds": {"lowerRight": {"y": 133.307170922775299, "x": 312.54999698171002365}, "upperLeft": {"y": 34.692829077224700995, "x": 245.54999698171002365}}, "resourceId": "sid-EE1EABB4-AA3D-4535-B36B-FBC96630CBDD", "layers": [], "labels": [], "childShapes": [], "properties": {"resources": "", "outmsgstructure": "", "applyincalc": "true", "loopcardinality": "", "outmessagename": "", "inmessagename": "", "bgcolor": "#ffffcc", "bordercolor": "#000000", "time": "", "loopdataoutput": "", "testbefore": "false", "callacitivity": "false", "outmsgiscollection": "false", "monitoring": "", "operationname": "", "dataoutputset": "", "completionquantity": "1", "properties": "", "script": "", "assignments": "", "nonebehavioreventref": "signal", "scriptformat": "", "datainputset": "", "processid": "", "startquantity": "1", "tasktype": "None", "looptype": "None", "instantiate": "false", "behavior": "all", "inmsgimport": "", "costs": "", "inputdataitem": "", "loopdatainput": "", "name": "H", "outmsgitemkind": "Information", "costcenter": "", "completioncondition": "", "isforcompensation": "false", "inmsgiscollection": "false", "inmsgitemkind": "Information", "inmsgstructure": "", "outputdataitem": "", "messageref": "", "loopcondition": "", "onebehavioreventref:": "signal", "implementation": "webService", "operationref": "", "outmsgimport": "", "documentation": "", "categories": "", "auditing": "", "complexbehaviordefinition": ""}, "stencil": {"id": "Task"}, "outgoing": [{"resourceId": "sid-2800FA41-F2C2-4691-86DF-970D13F3E92F"}], "glossaryLinks": {}, "formats": {}}, {"dockers": [], "bounds": {"lowerRight": {"y": 123.692829077224701, "x": 1155.54999698170991}, "upperLeft": {"y": 43.692829077224700995, "x": 1055.5499969817101373}}, "resourceId": "sid-0CBAF244-A61B-4786-9066-61C8E97B0D3F", "layers": [], "labels": [], "childShapes": [], "properties": {"resources": "", "outmsgstructure": "", "applyincalc": "true", "loopcardinality": "", "outmessagename": "", "inmessagename": "", "bgcolor": "#ffffcc", "bordercolor": "#000000", "time": "", "loopdataoutput": "", "testbefore": "false", "callacitivity": "false", "outmsgiscollection": "false", "monitoring": "", "operationname": "", "dataoutputset": "", "completionquantity": "1", "properties": "", "script": "", "assignments": "", "nonebehavioreventref": "signal", "scriptformat": "", "datainputset": "", "processid": "", "startquantity": "1", "tasktype": "None", "looptype": "None", "instantiate": "false", "behavior": "all", "inmsgimport": "", "costs": "", "inputdataitem": "", "loopdatainput": "", "name": "I", "outmsgitemkind": "Information", "costcenter": "", "completioncondition": "", "isforcompensation": "false", "inmsgiscollection": "false", "inmsgitemkind": "Information", "inmsgstructure": "", "outputdataitem": "", "messageref": "", "loopcondition": "", "onebehavioreventref:": "signal", "implementation": "webService", "operationref": "", "outmsgimport": "", "documentation": "", "categories": "", "auditing": "", "complexbehaviordefinition": ""}, "stencil": {"id": "Task"}, "outgoing": [{"resourceId": "sid-4665EE61-6936-439E-B829-E841EA81492C"}, {"resourceId": "sid-D6BD2247-FE15-4CD9-B833-3EFC75026469"}], "glossaryLinks": {}, "formats": {}}, {"dockers": [], "bounds": {"lowerRight": {"y": 203.72229766649388694, "x": 1222.8249453152579918}, "upperLeft": {"y": 163.72229766649388694, "x": 1182.8249453152579918}}, "resourceId": "sid-A3395380-7547-4989-BEC3-203EEC2C7432", "layers": [], "labels": [], "childShapes": [], "properties": {"monitoring": "", "gatewaytype": "AND", "gates": "", "assignments": "", "bgcolor": "#ffffff", "bordercolor": "#000000", "pool": "", "name": "", "gates_assignments": "", "documentation": "", "categories": "", "auditing": "", "lanes": "", "gates_outgoingsequenceflow": "", "processid": ""}, "stencil": {"id": "ParallelGateway"}, "outgoing": [{"resourceId": "sid-249B26ED-BC31-4A41-8918-85E0FAC8B2D0"}], "glossaryLinks": {}, "formats": {}}], "properties": {"showcaption": "true", "bordercolor": "#000000", "monitoring": "", "parentlane": "", "name": "X", "documentation": "", "auditing": "", "bgcolor": "", "parentpool": ""}, "stencil": {"id": "Lane"}, "outgoing": [], "glossaryLinks": {}, "formats": {}}, {"dockers": [], "bounds": {"lowerRight": {"y": 528.29389343463378736, "x": 2270.9699737923815519}, "upperLeft": {"y": 249.14694671731680842, "x": 30}}, "resourceId": "sid-7910F61E-CA7A-4F5A-8FD1-A8FA0BF15647", "layers": [], "labels": [], "childShapes": [{"dockers": [], "bounds": {"lowerRight": {"y": 162.31340632673953905, "x": 645.25003521338294377}, "upperLeft": {"y": 122.31340632673953905, "x": 605.25003521338294377}}, "resourceId": "sid-12B77162-4AE5-45FE-A25B-2C7F45A02AC3", "layers": [], "labels": [], "childShapes": [], "properties": {"xortype": "Data", "monitoring": "", "defaultgate": "", "gatewaytype": "XOR", "gates": "", "assignments": "", "bgcolor": "#ffffff", "bordercolor": "#000000", "pool": "", "gate_assignments": "", "markervisible": "true", "name": "", "documentation": "", "gates_assignments": "", "categories": "", "auditing": "", "gate_outgoingsequenceflow": "", "lanes": "", "gates_outgoingsequenceflow": "", "processid": ""}, "stencil": {"id": "Exclusive_Databased_Gateway"}, "outgoing": [{"resourceId": "sid-82F11A12-82CB-4239-AF5A-5F3EC6E4DC96"}], "glossaryLinks": {}, "formats": {}}, {"dockers": [], "bounds": {"lowerRight": {"y": 99.075369143494356194, "x": 937.00000000000011369}, "upperLeft": {"y": 19.075369143494242508, "x": 858.00000000000011369}}, "resourceId": "sid-8554D1D8-D634-4C0A-A6CB-B69017360046", "layers": [], "labels": [], "childShapes": [], "properties": {"resources": "", "outmsgstructure": "", "applyincalc": "true", "loopcardinality": "", "outmessagename": "", "inmessagename": "", "bgcolor": "#ffffcc", "bordercolor": "#000000", "time": "", "loopdataoutput": "", "testbefore": "false", "callacitivity": "false", "outmsgiscollection": "false", "monitoring": "", "operationname": "", "dataoutputset": "", "completionquantity": "1", "properties": "", "script": "", "assignments": "", "nonebehavioreventref": "signal", "scriptformat": "", "datainputset": "", "processid": "", "startquantity": "1", "tasktype": "None", "looptype": "None", "instantiate": "false", "behavior": "all", "inmsgimport": "", "costs": "", "inputdataitem": "", "loopdatainput": "", "name": "R", "outmsgitemkind": "Information", "costcenter": "", "completioncondition": "", "isforcompensation": "false", "inmsgiscollection": "false", "inmsgitemkind": "Information", "inmsgstructure": "", "outputdataitem": "", "messageref": "", "loopcondition": "", "onebehavioreventref:": "signal", "implementation": "webService", "operationref": "", "outmsgimport": "", "documentation": "", "categories": "", "auditing": "", "complexbehaviordefinition": ""}, "stencil": {"id": "Task"}, "outgoing": [{"resourceId": "sid-06C140D7-F524-40FF-9E53-0F39E588CCC3"}], "glossaryLinks": {}, "formats": {}}, {"dockers": [], "bounds": {"lowerRight": {"y": 265.59341759502257219, "x": 937}, "upperLeft": {"y": 185.5934175950224585, "x": 858}}, "resourceId": "sid-D135659C-7547-4599-B3F5-B3EF9E99696B", "layers": [], "labels": [], "childShapes": [], "properties": {"resources": "", "outmsgstructure": "", "applyincalc": "true", "loopcardinality": "", "outmessagename": "", "inmessagename": "", "bgcolor": "#ffffcc", "bordercolor": "#000000", "time": "", "loopdataoutput": "", "testbefore": "false", "callacitivity": "false", "outmsgiscollection": "false", "monitoring": "", "operationname": "", "dataoutputset": "", "completionquantity": "1", "properties": "", "script": "", "assignments": "", "nonebehavioreventref": "signal", "scriptformat": "", "datainputset": "", "processid": "", "startquantity": "1", "tasktype": "None", "looptype": "None", "instantiate": "false", "behavior": "all", "inmsgimport": "", "costs": "", "inputdataitem": "", "loopdatainput": "", "name": "S", "outmsgitemkind": "Information", "costcenter": "", "completioncondition": "", "isforcompensation": "false", "inmsgiscollection": "false", "inmsgitemkind": "Information", "inmsgstructure": "", "outputdataitem": "", "messageref": "", "loopcondition": "", "onebehavioreventref:": "signal", "implementation": "webService", "operationref": "", "outmsgimport": "", "documentation": "", "categories": "", "auditing": "", "complexbehaviordefinition": ""}, "stencil": {"id": "Task"}, "outgoing": [{"resourceId": "sid-3A587EE6-3F2A-4F05-8893-486AC9930B58"}], "glossaryLinks": {}, "formats": {}}, {"dockers": [], "bounds": {"lowerRight": {"y": 245.84850624496954197, "x": 1022}, "upperLeft": {"y": 205.84850624496954197, "x": 982}}, "resourceId": "sid-D33A93C0-85A9-4BB2-80C8-214756D2D162", "layers": [], "labels": [], "childShapes": [], "properties": {"monitoring": "", "gatewaytype": "AND", "gates": "", "assignments": "", "bgcolor": "#ffffff", "bordercolor": "#000000", "pool": "", "name": "", "gates_assignments": "", "documentation": "", "categories": "", "auditing": "", "lanes": "", "gates_outgoingsequenceflow": "", "processid": ""}, "stencil": {"id": "ParallelGateway"}, "outgoing": [{"resourceId": "sid-3DD44F51-B2EA-4B86-9882-EBCDACA46E3A"}, {"resourceId": "sid-7FBCDD41-87C1-452A-BC82-FB1568EF5364"}], "glossaryLinks": {}, "formats": {}}, {"dockers": [], "bounds": {"lowerRight": {"y": 265.59341759502240166, "x": 1155.54999698170991}, "upperLeft": {"y": 185.59341759502240166, "x": 1055.5499969817101373}}, "resourceId": "sid-B9685A0D-1052-4450-AC2D-F555DFE5AB3C", "layers": [], "labels": [], "childShapes": [], "properties": {"resources": "", "outmsgstructure": "", "applyincalc": "true", "loopcardinality": "", "outmessagename": "", "inmessagename": "", "bgcolor": "#ffffcc", "bordercolor": "#000000", "time": "", "loopdataoutput": "", "testbefore": "false", "callacitivity": "false", "outmsgiscollection": "false", "monitoring": "", "operationname": "", "dataoutputset": "", "completionquantity": "1", "properties": "", "script": "", "assignments": "", "nonebehavioreventref": "signal", "scriptformat": "", "datainputset": "", "processid": "", "startquantity": "1", "tasktype": "None", "looptype": "None", "instantiate": "false", "behavior": "all", "inmsgimport": "", "costs": "", "inputdataitem": "", "loopdatainput": "", "name": "T", "outmsgitemkind": "Information", "costcenter": "", "completioncondition": "", "isforcompensation": "false", "inmsgiscollection": "false", "inmsgitemkind": "Information", "inmsgstructure": "", "outputdataitem": "", "messageref": "", "loopcondition": "", "onebehavioreventref:": "signal", "implementation": "webService", "operationref": "", "outmsgimport": "", "documentation": "", "categories": "", "auditing": "", "complexbehaviordefinition": ""}, "stencil": {"id": "Task"}, "outgoing": [{"resourceId": "sid-190552A6-7C8B-46D2-9DD0-BB2FD0E27F66"}], "glossaryLinks": {}, "formats": {}}, {"dockers": [], "bounds": {"lowerRight": {"y": 230.23016603161124749, "x": 1962.5499969817101373}, "upperLeft": {"y": 150.23016603161136118, "x": 1895.5499969817101373}}, "resourceId": "sid-3FF60EB8-FAB1-42F7-8611-07C15E27C553", "layers": [], "labels": [], "childShapes": [], "properties": {"resources": "", "outmsgstructure": "", "applyincalc": "true", "loopcardinality": "", "outmessagename": "", "inmessagename": "", "bgcolor": "#ffffcc", "bordercolor": "#000000", "time": "", "loopdataoutput": "", "testbefore": "false", "callacitivity": "false", "outmsgiscollection": "false", "monitoring": "", "operationname": "", "dataoutputset": "", "completionquantity": "1", "properties": "", "script": "", "assignments": "", "nonebehavioreventref": "signal", "scriptformat": "", "datainputset": "", "processid": "", "startquantity": "1", "tasktype": "None", "looptype": "None", "instantiate": "false", "behavior": "all", "inmsgimport": "", "costs": "", "inputdataitem": "", "loopdatainput": "", "name": "U", "outmsgitemkind": "Information", "costcenter": "", "completioncondition": "", "isforcompensation": "false", "inmsgiscollection": "false", "inmsgitemkind": "Information", "inmsgstructure": "", "outputdataitem": "", "messageref": "", "loopcondition": "", "onebehavioreventref:": "signal", "implementation": "webService", "operationref": "", "outmsgimport": "", "documentation": "", "categories": "", "auditing": "", "complexbehaviordefinition": ""}, "stencil": {"id": "Task"}, "outgoing": [{"resourceId": "sid-75163C90-EB2B-4AE4-AFDD-F7AFF0E97843"}], "glossaryLinks": {}, "formats": {}}, {"dockers": [], "bounds": {"lowerRight": {"y": 210.23016603161136118, "x": 1860.5499969817101373}, "upperLeft": {"y": 170.23016603161136118, "x": 1820.5499969817101373}}, "resourceId": "sid-5DA779EE-6C6F-401F-8D17-6D40B6E1B6EF", "layers": [], "labels": [], "childShapes": [], "properties": {"monitoring": "", "gatewaytype": "AND", "gates": "", "assignments": "", "bgcolor": "#ffffff", "bordercolor": "#000000", "pool": "", "name": "", "gates_assignments": "", "documentation": "", "categories": "", "auditing": "", "lanes": "", "gates_outgoingsequenceflow": "", "processid": ""}, "stencil": {"id": "ParallelGateway"}, "outgoing": [{"resourceId": "sid-58E4DE5F-9ED4-4E7F-A923-AC1002D97CF0"}], "glossaryLinks": {}, "formats": {}}, {"dockers": [], "bounds": {"lowerRight": {"y": 182.31340632673965274, "x": 756.8500392377695789}, "upperLeft": {"y": 102.31340632673953905, "x": 677.8500392377695789}}, "resourceId": "sid-508A41CE-DB26-48EE-B859-06117B56939F", "layers": [], "labels": [], "childShapes": [], "properties": {"resources": "", "outmsgstructure": "", "applyincalc": "true", "loopcardinality": "", "outmessagename": "", "inmessagename": "", "bgcolor": "#ffffcc", "bordercolor": "#000000", "time": "", "loopdataoutput": "", "testbefore": "false", "callacitivity": "false", "outmsgiscollection": "false", "monitoring": "", "operationname": "", "dataoutputset": "", "completionquantity": "1", "properties": "", "script": "", "assignments": "", "nonebehavioreventref": "signal", "scriptformat": "", "datainputset": "", "processid": "", "startquantity": "1", "tasktype": "None", "looptype": "None", "instantiate": "false", "behavior": "all", "inmsgimport": "", "costs": "", "inputdataitem": "", "loopdatainput": "", "name": "V", "outmsgitemkind": "Information", "costcenter": "", "completioncondition": "", "isforcompensation": "false", "inmsgiscollection": "false", "inmsgitemkind": "Information", "inmsgstructure": "", "outputdataitem": "", "messageref": "", "loopcondition": "", "onebehavioreventref:": "signal", "implementation": "webService", "operationref": "", "outmsgimport": "", "documentation": "", "categories": "", "auditing": "", "complexbehaviordefinition": ""}, "stencil": {"id": "Task"}, "outgoing": [{"resourceId": "sid-A484A47B-7306-4B0B-89E6-5BCA22E7F976"}, {"resourceId": "sid-A97AE646-5513-4F1D-8AAC-6E7701F00FE4"}], "glossaryLinks": {}, "formats": {}}, {"dockers": [{"y": 78.455435061463049351, "x": 72.600028973934627174}], "bounds": {"lowerRight": {"y": 197.31340632673965274, "x": 766.77953293199630025}, "upperLeft": {"y": 167.31340632673965274, "x": 736.77953293199630025}}, "resourceId": "sid-A484A47B-7306-4B0B-89E6-5BCA22E7F976", "layers": [], "labels": [], "childShapes": [], "properties": {"trigger": "Timer", "bordercolor": "#000000", "timeduration": "", "monitoring": "", "timedate": "", "name": "W", "documentation": "", "timecycle": "", "auditing": "", "boundarycancelactivity2": "true", "bgcolor": "#ffffff"}, "stencil": {"id": "IntermediateTimerEvent"}, "outgoing": [], "glossaryLinks": {}, "formats": {}}], "properties": {"showcaption": "true", "bordercolor": "#000000", "monitoring": "", "parentlane": "", "name": "Y", "documentation": "", "auditing": "", "bgcolor": "", "parentpool": ""}, "stencil": {"id": "Lane"}, "outgoing": [], "glossaryLinks": {}, "formats": {}}, {"dockers": [], "bounds": {"lowerRight": {"y": 667.98050808872778816, "x": 2270.9699737923815519}, "upperLeft": {"y": 528.29389343463378736, "x": 30}}, "resourceId": "sid-C2827B15-624E-47EC-B100-F26A6387F1B9", "layers": [], "labels": [], "childShapes": [{"dockers": [], "bounds": {"lowerRight": {"y": 113.92842242617734883, "x": 1629.5499969817101373}, "upperLeft": {"y": 33.928422426177348825, "x": 1550.5499969817101373}}, "resourceId": "sid-3EBDBBAE-8320-4062-BCC2-08A42F57392F", "layers": [], "labels": [], "childShapes": [], "properties": {"resources": "", "outmsgstructure": "", "applyincalc": "true", "loopcardinality": "", "outmessagename": "", "inmessagename": "", "bgcolor": "#ffffcc", "bordercolor": "#000000", "time": "", "loopdataoutput": "", "testbefore": "false", "callacitivity": "false", "outmsgiscollection": "false", "monitoring": "", "operationname": "", "dataoutputset": "", "completionquantity": "1", "properties": "", "script": "", "assignments": "", "nonebehavioreventref": "signal", "scriptformat": "", "datainputset": "", "processid": "", "startquantity": "1", "tasktype": "None", "looptype": "None", "instantiate": "false", "behavior": "all", "inmsgimport": "", "costs": "", "inputdataitem": "", "loopdatainput": "", "name": "K", "outmsgitemkind": "Information", "costcenter": "", "completioncondition": "", "isforcompensation": "false", "inmsgiscollection": "false", "inmsgitemkind": "Information", "inmsgstructure": "", "outputdataitem": "", "messageref": "", "loopcondition": "", "onebehavioreventref:": "signal", "implementation": "webService", "operationref": "", "outmsgimport": "", "documentation": "", "categories": "", "auditing": "", "complexbehaviordefinition": ""}, "stencil": {"id": "Task"}, "outgoing": [{"resourceId": "sid-ACB05FF7-9161-48BB-A8BE-39E688D6B4A3"}], "glossaryLinks": {}, "formats": {}}, {"dockers": [], "bounds": {"lowerRight": {"y": 113.92842242617734883, "x": 1764.5499969817101373}, "upperLeft": {"y": 33.928422426177348825, "x": 1685.5499969817101373}}, "resourceId": "sid-4597913F-5B8E-4CE8-A226-2588FC8676F2", "layers": [], "labels": [], "childShapes": [], "properties": {"resources": "", "outmsgstructure": "", "applyincalc": "true", "loopcardinality": "", "outmessagename": "", "inmessagename": "", "bgcolor": "#ffffcc", "bordercolor": "#000000", "time": "", "loopdataoutput": "", "testbefore": "false", "callacitivity": "false", "outmsgiscollection": "false", "monitoring": "", "operationname": "", "dataoutputset": "", "completionquantity": "1", "properties": "", "script": "", "assignments": "", "nonebehavioreventref": "signal", "scriptformat": "", "datainputset": "", "processid": "", "startquantity": "1", "tasktype": "None", "looptype": "None", "instantiate": "false", "behavior": "all", "inmsgimport": "", "costs": "", "inputdataitem": "", "loopdatainput": "", "name": "L", "outmsgitemkind": "Information", "costcenter": "", "completioncondition": "", "isforcompensation": "false", "inmsgiscollection": "false", "inmsgitemkind": "Information", "inmsgstructure": "", "outputdataitem": "", "messageref": "", "loopcondition": "", "onebehavioreventref:": "signal", "implementation": "webService", "operationref": "", "outmsgimport": "", "documentation": "", "categories": "", "auditing": "", "complexbehaviordefinition": ""}, "stencil": {"id": "Task"}, "outgoing": [{"resourceId": "sid-F93665CA-1ED6-4917-B59F-D2220D9436EE"}], "glossaryLinks": {}, "formats": {}}, {"dockers": [], "bounds": {"lowerRight": {"y": 113.9284224261775762, "x": 2124.5499969817101373}, "upperLeft": {"y": 33.928422426177121451, "x": 2045.5499969817101373}}, "resourceId": "sid-903CC613-0E93-401A-9CEC-3ADF43CDEEDA", "layers": [], "labels": [], "childShapes": [], "properties": {"resources": "", "outmsgstructure": "", "applyincalc": "true", "loopcardinality": "", "outmessagename": "", "inmessagename": "", "bgcolor": "#ffffcc", "bordercolor": "#000000", "time": "", "loopdataoutput": "", "testbefore": "false", "callacitivity": "false", "outmsgiscollection": "false", "monitoring": "", "operationname": "", "dataoutputset": "", "completionquantity": "1", "properties": "", "script": "", "assignments": "", "nonebehavioreventref": "signal", "scriptformat": "", "datainputset": "", "processid": "", "startquantity": "1", "tasktype": "None", "looptype": "None", "instantiate": "false", "behavior": "all", "inmsgimport": "", "costs": "", "inputdataitem": "", "loopdatainput": "", "name": "M", "outmsgitemkind": "Information", "costcenter": "", "completioncondition": "", "isforcompensation": "false", "inmsgiscollection": "false", "inmsgitemkind": "Information", "inmsgstructure": "", "outputdataitem": "", "messageref": "", "loopcondition": "", "onebehavioreventref:": "signal", "implementation": "webService", "operationref": "", "outmsgimport": "", "documentation": "", "categories": "", "auditing": "", "complexbehaviordefinition": ""}, "stencil": {"id": "Task"}, "outgoing": [{"resourceId": "sid-6EF24938-42F7-457C-BAF2-8A005E76D039"}, {"resourceId": "sid-ACE2850D-E046-4A88-8455-340AF37814F9"}], "glossaryLinks": {}, "formats": {}}, {"dockers": [], "bounds": {"lowerRight": {"y": 87.928422426177348825, "x": 2193.5499969817101373}, "upperLeft": {"y": 59.928422426177348825, "x": 2165.5499969817101373}}, "resourceId": "sid-4F783517-FC92-4436-88C9-87A6514856E2", "layers": [], "labels": [], "childShapes": [], "properties": {"inputset": "", "trigger": "None", "bordercolor": "#000000", "monitoring": "", "datainputassociations": "", "name": "", "documentation": "", "auditing": "", "datainput": "", "bgcolor": "#ffffff"}, "stencil": {"id": "EndNoneEvent"}, "outgoing": [], "glossaryLinks": {}, "formats": {}}], "properties": {"showcaption": "true", "bordercolor": "#000000", "monitoring": "", "parentlane": "", "name": "Z", "documentation": "", "auditing": "", "bgcolor": "", "parentpool": ""}, "stencil": {"id": "Lane"}, "outgoing": [], "glossaryLinks": {}, "formats": {}}, {"dockers": [], "bounds": {"lowerRight": {"y": 883.66712274282156159, "x": 2270.9699737923815519}, "upperLeft": {"y": 667.98050808872778816, "x": 30}}, "resourceId": "sid-9B1ED6ED-59BA-48F0-AFB1-D5E5599D2FD0", "layers": [], "labels": [], "childShapes": [{"dockers": [], "bounds": {"lowerRight": {"y": 108.24180777208346171, "x": 414.8500191158365169}, "upperLeft": {"y": 28.241807772083575401, "x": 314.8500191158365169}}, "resourceId": "sid-90740792-1788-4B00-99B7-0B26ACA424FD", "layers": [], "labels": [], "childShapes": [], "properties": {"resources": "", "outmsgstructure": "", "applyincalc": "true", "loopcardinality": "", "outmessagename": "", "inmessagename": "", "bgcolor": "#ffffcc", "bordercolor": "#000000", "time": "", "loopdataoutput": "", "testbefore": "false", "callacitivity": "false", "outmsgiscollection": "false", "monitoring": "", "operationname": "", "dataoutputset": "", "completionquantity": "1", "properties": "", "script": "", "assignments": "", "nonebehavioreventref": "signal", "scriptformat": "", "datainputset": "", "processid": "", "startquantity": "1", "tasktype": "None", "looptype": "None", "instantiate": "false", "behavior": "all", "inmsgimport": "", "costs": "", "inputdataitem": "", "loopdatainput": "", "name": "J", "outmsgitemkind": "Information", "costcenter": "", "completioncondition": "", "isforcompensation": "false", "inmsgiscollection": "false", "inmsgitemkind": "Information", "inmsgstructure": "", "outputdataitem": "", "messageref": "", "loopcondition": "", "onebehavioreventref:": "signal", "implementation": "webService", "operationref": "", "outmsgimport": "", "documentation": "", "categories": "", "auditing": "", "complexbehaviordefinition": ""}, "stencil": {"id": "Task"}, "outgoing": [{"resourceId": "sid-B8E7B8CC-9954-4857-9B7D-23B26BCFCC23"}], "glossaryLinks": {}, "formats": {}}, {"dockers": [], "bounds": {"lowerRight": {"y": 88.241807772083802774, "x": 500.04998075434593829}, "upperLeft": {"y": 48.241807772083802774, "x": 460.04998075434593829}}, "resourceId": "sid-87BC9F39-5273-4EF0-A128-09747C97024F", "layers": [], "labels": [], "childShapes": [], "properties": {"xortype": "Data", "monitoring": "", "defaultgate": "", "gatewaytype": "XOR", "gates": "", "assignments": "", "bgcolor": "#ffffff", "bordercolor": "#000000", "pool": "", "gate_assignments": "", "markervisible": "true", "name": "", "documentation": "", "gates_assignments": "", "categories": "", "auditing": "", "gate_outgoingsequenceflow": "", "lanes": "", "gates_outgoingsequenceflow": "", "processid": ""}, "stencil": {"id": "Exclusive_Databased_Gateway"}, "outgoing": [{"resourceId": "sid-67FC5E89-0162-4CD2-BB54-AE76B55CB3E4"}, {"resourceId": "sid-61CE2CAC-30F9-48F8-ACAE-FB7384573B9B"}], "glossaryLinks": {}, "formats": {}}, {"dockers": [], "bounds": {"lowerRight": {"y": 186.4003516455998124, "x": 494.04998075434593829}, "upperLeft": {"y": 158.4003516455998124, "x": 466.04998075434593829}}, "resourceId": "sid-031A812E-E9B9-4013-A51A-3B02AC70B870", "layers": [], "labels": [], "childShapes": [], "properties": {"inputset": "", "trigger": "None", "bordercolor": "#000000", "monitoring": "", "datainputassociations": "", "name": "", "documentation": "", "auditing": "", "datainput": "", "bgcolor": "#ffffff"}, "stencil": {"id": "EndNoneEvent"}, "outgoing": [], "glossaryLinks": {}, "formats": {}}], "properties": {"showcaption": "true", "bordercolor": "#000000", "monitoring": "", "parentlane": "", "name": "AA", "documentation": "", "auditing": "", "bgcolor": "", "parentpool": ""}, "stencil": {"id": "Lane"}, "outgoing": [], "glossaryLinks": {}, "formats": {}}], "properties": {"isclosed": "false", "enableinstancecompensation": "false", "boundaryvisible": "true", "monitoring": "", "processcategories": "", "minimum": "2", "status": "None", "isexecutable": "false", "processdocumentation": "", "processtype": "None", "bordercolor": "#000000", "processname": "", "multiinstance": "false", "maximum": "2", "name": "O", "documentation": "", "suppressjoinfailure": "false", "adhoccompletioncondition": "", "auditing": "", "adhocordering": "Parallel", "adhoc": "false", "processid": ""}, "stencil": {"id": "Pool"}, "outgoing": [], "glossaryLinks": {}, "formats": {}}, {"dockers": [{"y": 15, "x": 15}, {"y": 49.307170922775299005, "x": 39.500000000000071054}], "bounds": {"lowerRight": {"y": 355.68168348176692461, "x": 222.63983075739682249}, "upperLeft": {"y": 355.50891932581515675, "x": 150.93929392652123056}}, "resourceId": "sid-1863CFD4-236A-4569-9277-0952E168F4AF", "layers": [], "labels": [], "target": {"resourceId": "sid-5711D4B1-2B4E-4F6E-8CC1-4A421E6AA55F"}, "childShapes": [], "properties": {"ConditionType": "None", "showdiamondmarker": "false", "bordercolor": "#000000", "monitoring": "", "name": "", "documentation": "", "probability": "", "conditionexpression": "", "isimmediate": "false", "auditing": ""}, "stencil": {"id": "SequenceFlow"}, "outgoing": [{"resourceId": "sid-5711D4B1-2B4E-4F6E-8CC1-4A421E6AA55F"}], "glossaryLinks": {}, "formats": {}}, {"dockers": [{"y": 81.278312640412394785, "x": 208.03199659268608457}, {"y": 0.99999999999988631316, "x": 39.500000000000071054}], "bounds": {"lowerRight": {"y": 306.47051321641345112, "x": 262.48199961097606092}, "upperLeft": {"y": 176, "x": 262.48199961097606092}}, "resourceId": "sid-8AD288A0-4342-481F-9200-D07D8175B15A", "layers": [], "labels": [], "target": {"resourceId": "sid-5711D4B1-2B4E-4F6E-8CC1-4A421E6AA55F"}, "childShapes": [], "properties": {"bordercolor": "#000000", "monitoring": "", "name": "", "documentation": "", "auditing": ""}, "stencil": {"id": "MessageFlow"}, "outgoing": [{"resourceId": "sid-5711D4B1-2B4E-4F6E-8CC1-4A421E6AA55F"}], "glossaryLinks": {}, "formats": {}}, {"dockers": [{"y": 40, "x": 98.999999999999957367}, {"y": 19.99999999999982947, "x": 2.1999706774944343124}], "bounds": {"lowerRight": {"y": 1008.0000000000002274, "x": 544.18745656525516097}, "upperLeft": {"y": 1008.0000000000002274, "x": 499.30002213412649326}}, "resourceId": "sid-B8E7B8CC-9954-4857-9B7D-23B26BCFCC23", "layers": [], "labels": [], "target": {"resourceId": "sid-87BC9F39-5273-4EF0-A128-09747C97024F"}, "childShapes": [], "properties": {"ConditionType": "None", "showdiamondmarker": "false", "bordercolor": "#000000", "monitoring": "", "name": "", "documentation": "", "probability": "", "conditionexpression": "", "isimmediate": "false", "auditing": ""}, "stencil": {"id": "SequenceFlow"}, "outgoing": [{"resourceId": "sid-87BC9F39-5273-4EF0-A128-09747C97024F"}], "glossaryLinks": {}, "formats": {}}, {"dockers": [{"y": 49.307170922775299005, "x": 78.362687368676404276}, {"y": 49.307170922775270583, "x": 0.66999999999999992895}], "bounds": {"lowerRight": {"y": 355.77768413918886381, "x": 329.67000000000001592}, "upperLeft": {"y": 355.77768413918886381, "x": 301.98199961097611776}}, "resourceId": "sid-0251FEA0-F6AD-4EAA-852B-4440E57071CB", "layers": [], "labels": [], "target": {"resourceId": "sid-EE1EABB4-AA3D-4535-B36B-FBC96630CBDD"}, "childShapes": [], "properties": {"ConditionType": "None", "showdiamondmarker": "false", "bordercolor": "#000000", "monitoring": "", "name": "", "documentation": "", "probability": "", "conditionexpression": "", "isimmediate": "false", "auditing": ""}, "stencil": {"id": "SequenceFlow"}, "outgoing": [{"resourceId": "sid-EE1EABB4-AA3D-4535-B36B-FBC96630CBDD"}], "glossaryLinks": {}, "formats": {}}, {"dockers": [{"y": 20.500000000000060396, "x": 20.5}, {"y": 437.77768053310808227, "x": 564.99998377263591465}, {"y": 40.000000000000056843, "x": 39.5}], "bounds": {"lowerRight": {"y": 987.43554345624261259, "x": 593.96873312722937044}, "upperLeft": {"y": 437.77768053310808227, "x": 564.99998377263591465}}, "resourceId": "sid-67FC5E89-0162-4CD2-BB54-AE76B55CB3E4", "layers": [], "labels": [], "target": {"resourceId": "sid-0A7EFD09-95DB-4F58-8226-2F755385BCCD"}, "childShapes": [], "properties": {"ConditionType": "None", "showdiamondmarker": "false", "bordercolor": "#000000", "monitoring": "", "name": "P", "documentation": "", "probability": "", "conditionexpression": "", "isimmediate": "false", "auditing": ""}, "stencil": {"id": "SequenceFlow"}, "outgoing": [{"resourceId": "sid-0A7EFD09-95DB-4F58-8226-2F755385BCCD"}], "glossaryLinks": {}, "formats": {}}, {"dockers": [{"y": 40.00000000000017053, "x": 39.500000000000056843}, {"y": 437.77768053310819596, "x": 801.80004225605955526}, {"y": 1, "x": 39.5}], "bounds": {"lowerRight": {"y": 623.23803718324529655, "x": 942.6384880107796107}, "upperLeft": {"y": 437.77768053310819596, "x": 801.80004225605955526}}, "resourceId": "sid-61ED9DE6-707A-491D-ABA9-25B5E65058EB", "layers": [], "labels": [], "target": {"resourceId": "sid-508A41CE-DB26-48EE-B859-06117B56939F"}, "childShapes": [], "properties": {"ConditionType": "None", "showdiamondmarker": "false", "bordercolor": "#000000", "monitoring": "", "name": "", "documentation": "", "probability": "", "conditionexpression": "", "isimmediate": "false", "auditing": ""}, "stencil": {"id": "SequenceFlow"}, "outgoing": [{"resourceId": "sid-508A41CE-DB26-48EE-B859-06117B56939F"}], "glossaryLinks": {}, "formats": {}}, {"dockers": [{"y": 40.000000000000056843, "x": 39.500000000000042633}, {"y": 40.00000000000017053, "x": 39.500000000000056843}], "bounds": {"lowerRight": {"y": 539.55553476509794564, "x": 982.30937811444255203}, "upperLeft": {"y": 477.77768053310842333, "x": 982.09219049416060443}}, "resourceId": "sid-06C140D7-F524-40FF-9E53-0F39E588CCC3", "layers": [], "labels": [], "target": {"resourceId": "sid-0CA61B42-DB9F-45DD-9186-7C77606420A6"}, "childShapes": [], "properties": {"ConditionType": "None", "showdiamondmarker": "false", "bordercolor": "#000000", "monitoring": "", "name": "", "documentation": "", "probability": "", "conditionexpression": "", "isimmediate": "false", "auditing": ""}, "stencil": {"id": "SequenceFlow"}, "outgoing": [{"resourceId": "sid-0CA61B42-DB9F-45DD-9186-7C77606420A6"}], "glossaryLinks": {}, "formats": {}}, {"dockers": [{"y": 40.000000000000056843, "x": 39.500000000000042633}, {"y": 20.764843798546607445, "x": 20.5}], "bounds": {"lowerRight": {"y": 747.33703038179487521, "x": 1066.2625501923755564}, "upperLeft": {"y": 746.90173732500909409, "x": 1021.4500030182899764}}, "resourceId": "sid-3A587EE6-3F2A-4F05-8893-486AC9930B58", "layers": [], "labels": [], "target": {"resourceId": "sid-D33A93C0-85A9-4BB2-80C8-214756D2D162"}, "childShapes": [], "properties": {"ConditionType": "None", "showdiamondmarker": "false", "bordercolor": "#000000", "monitoring": "", "name": "", "documentation": "", "probability": "", "conditionexpression": "", "isimmediate": "false", "auditing": ""}, "stencil": {"id": "SequenceFlow"}, "outgoing": [{"resourceId": "sid-D33A93C0-85A9-4BB2-80C8-214756D2D162"}], "glossaryLinks": {}, "formats": {}}, {"dockers": [{"y": 20.5, "x": 20.5}, {"y": 355.47051321641356481, "x": 1086.9500030182898627}, {"y": 40, "x": 49.999999999999886313}], "bounds": {"lowerRight": {"y": 726.37691010731191454, "x": 1139.0851577119842659}, "upperLeft": {"y": 355.47051321641356481, "x": 1086.9500030182898627}}, "resourceId": "sid-3DD44F51-B2EA-4B86-9882-EBCDACA46E3A", "layers": [], "labels": [], "target": {"resourceId": "sid-0CBAF244-A61B-4786-9066-61C8E97B0D3F"}, "childShapes": [], "properties": {"ConditionType": "None", "showdiamondmarker": "false", "bordercolor": "#000000", "monitoring": "", "name": "", "documentation": "", "probability": "", "conditionexpression": "", "isimmediate": "false", "auditing": ""}, "stencil": {"id": "SequenceFlow"}, "outgoing": [{"resourceId": "sid-0CBAF244-A61B-4786-9066-61C8E97B0D3F"}], "glossaryLinks": {}, "formats": {}}, {"dockers": [{"y": 20.5, "x": 20.5}, {"y": 40, "x": 49.999999999999886313}], "bounds": {"lowerRight": {"y": 747.1242307753187788, "x": 1139.085184556305876}, "upperLeft": {"y": 746.89112172063755679, "x": 1107.2718506080389034}}, "resourceId": "sid-7FBCDD41-87C1-452A-BC82-FB1568EF5364", "layers": [], "labels": [], "target": {"resourceId": "sid-B9685A0D-1052-4450-AC2D-F555DFE5AB3C"}, "childShapes": [], "properties": {"ConditionType": "None", "showdiamondmarker": "false", "bordercolor": "#000000", "monitoring": "", "name": "", "documentation": "", "probability": "", "conditionexpression": "", "isimmediate": "false", "auditing": ""}, "stencil": {"id": "SequenceFlow"}, "outgoing": [{"resourceId": "sid-B9685A0D-1052-4450-AC2D-F555DFE5AB3C"}], "glossaryLinks": {}, "formats": {}}, {"dockers": [{"y": 40, "x": 49.999999999999886313}, {"y": 61.27471550805469036, "x": 1135.54999698170991}], "bounds": {"lowerRight": {"y": 315.13293782008759081, "x": 1190}, "upperLeft": {"y": 176, "x": 1190}}, "resourceId": "sid-4665EE61-6936-439E-B829-E841EA81492C", "layers": [], "labels": [], "target": {"resourceId": "sid-68215B37-C64A-4840-A5BE-934916B69C5F"}, "childShapes": [], "properties": {"bordercolor": "#000000", "monitoring": "", "name": "", "documentation": "", "auditing": ""}, "stencil": {"id": "MessageFlow"}, "outgoing": [{"resourceId": "sid-68215B37-C64A-4840-A5BE-934916B69C5F"}], "glossaryLinks": {}, "formats": {}}, {"dockers": [{"y": 40, "x": 49.999999999999886313}, {"y": 355.47051321641356481, "x": 1288.0607339412315469}, {"y": 20.876985460336381806, "x": 20.785785607683592957}], "bounds": {"lowerRight": {"y": 434.8803437871930555, "x": 1288.0607339412315469}, "upperLeft": {"y": 355.47051321641356481, "x": 1239.9999999999997726}}, "resourceId": "sid-D6BD2247-FE15-4CD9-B833-3EFC75026469", "layers": [], "labels": [], "target": {"resourceId": "sid-A3395380-7547-4989-BEC3-203EEC2C7432"}, "childShapes": [], "properties": {"ConditionType": "None", "showdiamondmarker": "false", "bordercolor": "#000000", "monitoring": "", "name": "", "documentation": "", "probability": "", "conditionexpression": "", "isimmediate": "false", "auditing": ""}, "stencil": {"id": "SequenceFlow"}, "outgoing": [{"resourceId": "sid-A3395380-7547-4989-BEC3-203EEC2C7432"}], "glossaryLinks": {}, "formats": {}}, {"dockers": [{"y": 40, "x": 49.999999999999886313}, {"y": 746.51804845152810231, "x": 1287.7749483335478544}, {"y": 20.5, "x": 20.5}], "bounds": {"lowerRight": {"y": 746.51804845152810231, "x": 1287.7749483335478544}, "upperLeft": {"y": 475.49998180568275075, "x": 1239.9999999999997726}}, "resourceId": "sid-190552A6-7C8B-46D2-9DD0-BB2FD0E27F66", "layers": [], "labels": [], "target": {"resourceId": "sid-A3395380-7547-4989-BEC3-203EEC2C7432"}, "childShapes": [], "properties": {"ConditionType": "None", "showdiamondmarker": "false", "bordercolor": "#000000", "monitoring": "", "name": "", "documentation": "", "probability": "", "conditionexpression": "", "isimmediate": "false", "auditing": ""}, "stencil": {"id": "SequenceFlow"}, "outgoing": [{"resourceId": "sid-A3395380-7547-4989-BEC3-203EEC2C7432"}], "glossaryLinks": {}, "formats": {}}, {"dockers": [{"y": 20.5, "x": 20.5}, {"y": 40, "x": 50}], "bounds": {"lowerRight": {"y": 455.90958901668841463, "x": 1349.9015498207766086}, "upperLeft": {"y": 455.72318709467708686, "x": 1308.0636191638700438}}, "resourceId": "sid-249B26ED-BC31-4A41-8918-85E0FAC8B2D0", "layers": [], "labels": [], "target": {"resourceId": "sid-971C94BA-5DDD-466A-9847-E16DBCA9924E"}, "childShapes": [], "properties": {"ConditionType": "None", "showdiamondmarker": "false", "bordercolor": "#000000", "monitoring": "", "name": "", "documentation": "", "probability": "", "conditionexpression": "", "isimmediate": "false", "auditing": ""}, "stencil": {"id": "SequenceFlow"}, "outgoing": [{"resourceId": "sid-971C94BA-5DDD-466A-9847-E16DBCA9924E"}], "glossaryLinks": {}, "formats": {}}, {"dockers": [{"y": 55.96716723209360822, "x": 1345.54999698170991}, {"y": 1.0000000000001136868, "x": 50}], "bounds": {"lowerRight": {"y": 414.91300365221883339, "x": 1400}, "upperLeft": {"y": 176, "x": 1400}}, "resourceId": "sid-C4470843-AEDF-41A4-B50A-DFA66899AAC1", "layers": [], "labels": [], "target": {"resourceId": "sid-971C94BA-5DDD-466A-9847-E16DBCA9924E"}, "childShapes": [], "properties": {"bordercolor": "#000000", "monitoring": "", "name": "", "documentation": "", "auditing": ""}, "stencil": {"id": "MessageFlow"}, "outgoing": [{"resourceId": "sid-971C94BA-5DDD-466A-9847-E16DBCA9924E"}], "glossaryLinks": {}, "formats": {}}, {"dockers": [{"y": 40.000000000000227374, "x": 39.5}, {"y": 14, "x": 14}], "bounds": {"lowerRight": {"y": 874, "x": 2249.7109375}, "upperLeft": {"y": 874, "x": 2209}}, "resourceId": "sid-6EF24938-42F7-457C-BAF2-8A005E76D039", "layers": [], "labels": [], "target": {"resourceId": "sid-4F783517-FC92-4436-88C9-87A6514856E2"}, "childShapes": [], "properties": {"ConditionType": "None", "showdiamondmarker": "false", "bordercolor": "#000000", "monitoring": "", "name": "", "documentation": "", "probability": "", "conditionexpression": "", "isimmediate": "false", "auditing": ""}, "stencil": {"id": "SequenceFlow"}, "outgoing": [{"resourceId": "sid-4F783517-FC92-4436-88C9-87A6514856E2"}], "glossaryLinks": {}, "formats": {}}, {"dockers": [{"y": 20.5, "x": 20.5}, {"y": 355.47051321641379218, "x": 1505.5}, {"y": 40.000000000000142109, "x": 39.5}], "bounds": {"lowerRight": {"y": 434.57993349848749176, "x": 1544.6171875}, "upperLeft": {"y": 355.47051321641379218, "x": 1505.5}}, "resourceId": "sid-CAF8A08D-A745-45CA-ACA8-82206A959574", "layers": [], "labels": [], "target": {"resourceId": "sid-1FA855FC-F368-4B46-A594-F20A44F12AD3"}, "childShapes": [], "properties": {"ConditionType": "None", "showdiamondmarker": "false", "bordercolor": "#000000", "monitoring": "", "name": "", "documentation": "", "probability": "", "conditionexpression": "", "isimmediate": "false", "auditing": ""}, "stencil": {"id": "SequenceFlow"}, "outgoing": [{"resourceId": "sid-1FA855FC-F368-4B46-A594-F20A44F12AD3"}], "glossaryLinks": {}, "formats": {}}, {"dockers": [{"y": 20.5, "x": 20.5}, {"y": 874, "x": 1505.5}, {"y": 40, "x": 39.5}], "bounds": {"lowerRight": {"y": 874, "x": 1634.55078125}, "upperLeft": {"y": 475.49998180568275075, "x": 1505.5}}, "resourceId": "sid-79CE29BA-B06F-421A-BE34-6B4E0785D601", "layers": [], "labels": [], "target": {"resourceId": "sid-3EBDBBAE-8320-4062-BCC2-08A42F57392F"}, "childShapes": [], "properties": {"ConditionType": "None", "showdiamondmarker": "false", "bordercolor": "#000000", "monitoring": "", "name": "", "documentation": "", "probability": "", "conditionexpression": "", "isimmediate": "false", "auditing": ""}, "stencil": {"id": "SequenceFlow"}, "outgoing": [{"resourceId": "sid-3EBDBBAE-8320-4062-BCC2-08A42F57392F"}], "glossaryLinks": {}, "formats": {}}, {"dockers": [{"y": 75.037735849056602433, "x": 1530.04999698170991}, {"y": 1.0000000000000035527, "x": 39.5}], "bounds": {"lowerRight": {"y": 315.47051321641367849, "x": 1584.5}, "upperLeft": {"y": 176, "x": 1584.5}}, "resourceId": "sid-51E8C8D0-BF06-498E-ADFA-629C7F428DDA", "layers": [], "labels": [], "target": {"resourceId": "sid-1FA855FC-F368-4B46-A594-F20A44F12AD3"}, "childShapes": [], "properties": {"bordercolor": "#000000", "monitoring": "", "name": "", "documentation": "", "auditing": ""}, "stencil": {"id": "MessageFlow"}, "outgoing": [{"resourceId": "sid-1FA855FC-F368-4B46-A594-F20A44F12AD3"}], "glossaryLinks": {}, "formats": {}}, {"dockers": [{"y": 83.399995975613364863, "x": 1620.04999698170991}, {"y": 40, "x": 39.5}], "bounds": {"lowerRight": {"y": 833.04531227991628839, "x": 1674.5}, "upperLeft": {"y": 176, "x": 1674.5}}, "resourceId": "sid-3C4A7F5B-9649-4714-A182-6B25D728FD97", "layers": [], "labels": [], "target": {"resourceId": "sid-3EBDBBAE-8320-4062-BCC2-08A42F57392F"}, "childShapes": [], "properties": {"bordercolor": "#000000", "monitoring": "", "name": "", "documentation": "", "auditing": ""}, "stencil": {"id": "MessageFlow"}, "outgoing": [{"resourceId": "sid-3EBDBBAE-8320-4062-BCC2-08A42F57392F"}], "glossaryLinks": {}, "formats": {}}, {"dockers": [{"y": 40, "x": 39.5}, {"y": 40, "x": 39.5}], "bounds": {"lowerRight": {"y": 874, "x": 1769.4765625}, "upperLeft": {"y": 874, "x": 1714}}, "resourceId": "sid-ACB05FF7-9161-48BB-A8BE-39E688D6B4A3", "layers": [], "labels": [], "target": {"resourceId": "sid-4597913F-5B8E-4CE8-A226-2588FC8676F2"}, "childShapes": [], "properties": {"ConditionType": "None", "showdiamondmarker": "false", "bordercolor": "#000000", "monitoring": "", "name": "", "documentation": "", "probability": "", "conditionexpression": "", "isimmediate": "false", "auditing": ""}, "stencil": {"id": "SequenceFlow"}, "outgoing": [{"resourceId": "sid-4597913F-5B8E-4CE8-A226-2588FC8676F2"}], "glossaryLinks": {}, "formats": {}}, {"dockers": [{"y": 40.000000000000142109, "x": 39.5}, {"y": 40, "x": 39.5}], "bounds": {"lowerRight": {"y": 355.47051321641373534, "x": 1724.125}, "upperLeft": {"y": 355.47051321641356481, "x": 1624}}, "resourceId": "sid-990947BF-DCA8-475C-8889-05E978550779", "layers": [], "labels": [], "target": {"resourceId": "sid-7709C9E0-5811-4A91-A7AE-B9D3F0860E21"}, "childShapes": [], "properties": {"ConditionType": "None", "showdiamondmarker": "false", "bordercolor": "#000000", "monitoring": "", "name": "", "documentation": "", "probability": "", "conditionexpression": "", "isimmediate": "false", "auditing": ""}, "stencil": {"id": "SequenceFlow"}, "outgoing": [{"resourceId": "sid-7709C9E0-5811-4A91-A7AE-B9D3F0860E21"}], "glossaryLinks": {}, "formats": {}}, {"dockers": [{"y": 40, "x": 39.5}, {"y": 355.47051321641356481, "x": 1925.7857736894839036}, {"y": 20.816387896149578296, "x": 20.78577368948392845}], "bounds": {"lowerRight": {"y": 690.77876393374367581, "x": 1925.7857736894839036}, "upperLeft": {"y": 355.47051321641356481, "x": 1804}}, "resourceId": "sid-CB9F42EA-D6C4-4FDD-B045-B8B173620F33", "layers": [], "labels": [], "target": {"resourceId": "sid-5DA779EE-6C6F-401F-8D17-6D40B6E1B6EF"}, "childShapes": [], "properties": {"ConditionType": "None", "showdiamondmarker": "false", "bordercolor": "#000000", "monitoring": "", "name": "", "documentation": "", "probability": "", "conditionexpression": "", "isimmediate": "false", "auditing": ""}, "stencil": {"id": "SequenceFlow"}, "outgoing": [{"resourceId": "sid-5DA779EE-6C6F-401F-8D17-6D40B6E1B6EF"}], "glossaryLinks": {}, "formats": {}}, {"dockers": [{"y": 40, "x": 39.5}, {"y": 874.00000000000022737, "x": 1925.5}, {"y": 20.5, "x": 20.5}], "bounds": {"lowerRight": {"y": 874.00000000000022737, "x": 1925.5}, "upperLeft": {"y": 731.15479688811706183, "x": 1849}}, "resourceId": "sid-F93665CA-1ED6-4917-B59F-D2220D9436EE", "layers": [], "labels": [], "target": {"resourceId": "sid-5DA779EE-6C6F-401F-8D17-6D40B6E1B6EF"}, "childShapes": [], "properties": {"ConditionType": "None", "showdiamondmarker": "false", "bordercolor": "#000000", "monitoring": "", "name": "", "documentation": "", "probability": "", "conditionexpression": "", "isimmediate": "false", "auditing": ""}, "stencil": {"id": "SequenceFlow"}, "outgoing": [{"resourceId": "sid-5DA779EE-6C6F-401F-8D17-6D40B6E1B6EF"}], "glossaryLinks": {}, "formats": {}}, {"dockers": [{"y": 20.5, "x": 20.5}, {"y": 39.999999999999943157, "x": 33.5}], "bounds": {"lowerRight": {"y": 711.53974016164625027, "x": 1979.5000161411380759}, "upperLeft": {"y": 711.34797861458787338, "x": 1945.7499838588619241}}, "resourceId": "sid-58E4DE5F-9ED4-4E7F-A923-AC1002D97CF0", "layers": [], "labels": [], "target": {"resourceId": "sid-3FF60EB8-FAB1-42F7-8611-07C15E27C553"}, "childShapes": [], "properties": {"ConditionType": "None", "showdiamondmarker": "false", "bordercolor": "#000000", "monitoring": "", "name": "", "documentation": "", "probability": "", "conditionexpression": "", "isimmediate": "false", "auditing": ""}, "stencil": {"id": "SequenceFlow"}, "outgoing": [{"resourceId": "sid-3FF60EB8-FAB1-42F7-8611-07C15E27C553"}], "glossaryLinks": {}, "formats": {}}, {"dockers": [{"y": 97.381662572481204165, "x": 33.5}, {"y": 1008.0000000000002274, "x": 363.5}, {"y": 40, "x": 1.000000000000000222}], "bounds": {"lowerRight": {"y": 1008.0000000000002274, "x": 399.30002213412649326}, "upperLeft": {"y": 405.08485506196416281, "x": 363.5}}, "resourceId": "sid-2800FA41-F2C2-4691-86DF-970D13F3E92F", "layers": [], "labels": [], "target": {"resourceId": "sid-90740792-1788-4B00-99B7-0B26ACA424FD"}, "childShapes": [], "properties": {"ConditionType": "None", "showdiamondmarker": "false", "bordercolor": "#000000", "monitoring": "", "name": "", "documentation": "", "probability": "", "conditionexpression": "", "isimmediate": "false", "auditing": ""}, "stencil": {"id": "SequenceFlow"}, "outgoing": [{"resourceId": "sid-90740792-1788-4B00-99B7-0B26ACA424FD"}], "glossaryLinks": {}, "formats": {}}, {"dockers": [{"y": 20, "x": 19.999999999999996447}, {"y": 14, "x": 14}], "bounds": {"lowerRight": {"y": 1098.1387258893269063, "x": 564.49998377263591465}, "upperLeft": {"y": 1027.7159883522731434, "x": 564.49998377263591465}}, "resourceId": "sid-61CE2CAC-30F9-48F8-ACAE-FB7384573B9B", "layers": [], "labels": [{"to": 1, "orientation": "ul", "ref": "text_name", "distance": 8.5000162124633789062, "align": "left", "from": 0, "valign": "top", "y": 1059.2418077720838028, "x": 564.49998377263591465}], "target": {"resourceId": "sid-031A812E-E9B9-4013-A51A-3B02AC70B870"}, "childShapes": [], "properties": {"ConditionType": "None", "showdiamondmarker": "false", "bordercolor": "#000000", "monitoring": "", "name": "Q", "documentation": "", "probability": "", "conditionexpression": "", "isimmediate": "false", "auditing": ""}, "stencil": {"id": "SequenceFlow"}, "outgoing": [{"resourceId": "sid-031A812E-E9B9-4013-A51A-3B02AC70B870"}], "glossaryLinks": {}, "formats": {}}, {"dockers": [{"y": 40.000000000000227374, "x": 39.5}, {"y": 82, "x": 2115.0499969817101373}], "bounds": {"lowerRight": {"y": 833.68359375, "x": 2169.5}, "upperLeft": {"y": 176, "x": 2169.5}}, "resourceId": "sid-ACE2850D-E046-4A88-8455-340AF37814F9", "layers": [], "labels": [], "target": {"resourceId": "sid-68215B37-C64A-4840-A5BE-934916B69C5F"}, "childShapes": [], "properties": {"bordercolor": "#000000", "monitoring": "", "name": "", "documentation": "", "auditing": ""}, "stencil": {"id": "MessageFlow"}, "outgoing": [{"resourceId": "sid-68215B37-C64A-4840-A5BE-934916B69C5F"}], "glossaryLinks": {}, "formats": {}}, {"dockers": [{"y": 40.000000000000113687, "x": 78}, {"y": 437.77768053310819596, "x": 710.20003823167292012}, {"y": 20.5, "x": 20.5}], "bounds": {"lowerRight": {"y": 642.43691139045949967, "x": 710.20003823167292012}, "upperLeft": {"y": 437.77768053310819596, "x": 672.99998229742118383}}, "resourceId": "sid-CCCC81D7-2AD1-40F0-BA93-2699457B0DAB", "layers": [], "labels": [], "target": {"resourceId": "sid-12B77162-4AE5-45FE-A25B-2C7F45A02AC3"}, "childShapes": [], "properties": {"ConditionType": "None", "showdiamondmarker": "false", "bordercolor": "#000000", "monitoring": "", "name": "", "documentation": "", "probability": "", "conditionexpression": "", "isimmediate": "false", "auditing": ""}, "stencil": {"id": "SequenceFlow"}, "outgoing": [{"resourceId": "sid-12B77162-4AE5-45FE-A25B-2C7F45A02AC3"}], "glossaryLinks": {}, "formats": {}}, {"dockers": [{"y": 20.5, "x": 20.5}, {"y": 40.000000000000056843, "x": 39.5}], "bounds": {"lowerRight": {"y": 663.63101624951877966, "x": 762.15630545563169562}, "upperLeft": {"y": 663.45443311697181343, "x": 729.80627415176616068}}, "resourceId": "sid-82F11A12-82CB-4239-AF5A-5F3EC6E4DC96", "layers": [], "labels": [], "target": {"resourceId": "sid-508A41CE-DB26-48EE-B859-06117B56939F"}, "childShapes": [], "properties": {"ConditionType": "None", "showdiamondmarker": "false", "bordercolor": "#000000", "monitoring": "", "name": "", "documentation": "", "probability": "", "conditionexpression": "", "isimmediate": "false", "auditing": ""}, "stencil": {"id": "SequenceFlow"}, "outgoing": [{"resourceId": "sid-508A41CE-DB26-48EE-B859-06117B56939F"}], "glossaryLinks": {}, "formats": {}}, {"dockers": [{"y": 40.000000000000056843, "x": 39.5}, {"y": 663.23803718324529655, "x": 981.95000301829009004}, {"y": 40.000000000000056843, "x": 39.5}], "bounds": {"lowerRight": {"y": 663.23803718324529655, "x": 981.95000301829009004}, "upperLeft": {"y": 620.00000000000011369, "x": 841.30004225605955526}}, "resourceId": "sid-A97AE646-5513-4F1D-8AAC-6E7701F00FE4", "layers": [], "labels": [], "target": {"resourceId": "sid-8554D1D8-D634-4C0A-A6CB-B69017360046"}, "childShapes": [], "properties": {"ConditionType": "None", "showdiamondmarker": "false", "bordercolor": "#000000", "monitoring": "", "name": "", "documentation": "", "probability": "", "conditionexpression": "", "isimmediate": "false", "auditing": ""}, "stencil": {"id": "SequenceFlow"}, "outgoing": [{"resourceId": "sid-8554D1D8-D634-4C0A-A6CB-B69017360046"}], "glossaryLinks": {}, "formats": {}}], "properties": {"orientation": "horizontal", "monitoring": "", "modificationdate": "", "creationdate": "", "namespaces": "", "version": "", "targetnamespace": "http://www.signavio.com/bpmn20", "author": "", "name": "", "documentation": "", "language": "English", "typelanguage": "http://www.w3.org/2001/XMLSchema", "expressionlanguage": "http://www.w3.org/1999/XPath", "auditing": ""}, "offset": {"y": 0, "x": -0.0000015593467423968832009}, "ssextensions": [], "stencilset": {"url": "/stencilsets/bpmn2.0/bpmn2.0.json?version=5.2.0", "namespace": "http://b3mn.org/stencilset/bpmn2.0#"}, "stencil": {"id": "BPMNDiagram"}, "formats": {}}