{"revision": {"creationDate": null, "isLastRevision": true, "revisionNumber": 4, "elementCounts": {"total": 104, "Lane": 5, "Pool": 5, "StartNoneEvent": 1, "MessageFlow": 12, "InclusiveGateway": 10, "StartMessageEvent": 3, "Association_Undirected": 1, "SequenceFlow": 43, "Task": 18, "EndNoneEvent": 2, "BPMNDiagram": 1, "ParallelGateway": 2, "DataStore": 1}, "connectedness": 87}, "model": {"modelId": "1037584453", "modelDate": "2012-08-30", "groupName": "BPMN2.0_Process", "naturalLanguage": "en", "modelName": "1037584453", "TimestampModelCollection": "2012-08-30 14:08:38", "modelingLanguage": "bpmn20", "directoryId": "1265442081", "numberOfRevisions": 4}}