{"revision": {"creationDate": null, "isLastRevision": true, "revisionNumber": 4, "elementCounts": {"total": 89, "EndMessageEvent": 2, "StartTimerEvent": 3, "IntermediateTimerEvent": 3, "Lane": 3, "IntermediateMessageEventCatching": 1, "Pool": 3, "Association_Unidirectional": 1, "MessageFlow": 5, "StartMessageEvent": 2, "Subprocess": 2, "Association_Undirected": 1, "ITSystem": 1, "DataObject": 1, "Task": 17, "SequenceFlow": 35, "EndNoneEvent": 2, "Exclusive_Databased_Gateway": 3, "BPMNDiagram": 1, "IntermediateMessageEventThrowing": 2, "IntermediateSignalEventCatching": 1}, "connectedness": 89}, "model": {"modelId": "1037263320", "modelDate": "2012-08-30", "groupName": "BPMN2.0_Process", "naturalLanguage": "en", "modelName": "1037263320", "TimestampModelCollection": "2012-08-30 14:08:38", "modelingLanguage": "bpmn20", "directoryId": "996310408", "numberOfRevisions": 4}}