{"bounds": {"lowerRight": {"y": 1182.5, "x": 1785}, "upperLeft": {"y": 0, "x": 0}}, "resourceId": "canvas", "childShapes": [{"dockers": [], "bounds": {"lowerRight": {"y": 530, "x": 135}, "upperLeft": {"y": 500, "x": 105}}, "resourceId": "sid-A4A73DE2-7DCB-4789-96BC-434C7D05418A", "layers": [], "labels": [], "childShapes": [], "properties": {"trigger": "None", "monitoring": "", "outputset": "", "applyincalc": "true", "frequency": "", "bgcolor": "#ffffff", "bordercolor": "#000000", "dataoutputassociations": "", "name": "", "documentation": "", "dataoutput": "", "auditing": "", "processid": ""}, "stencil": {"id": "StartNoneEvent"}, "outgoing": [{"resourceId": "sid-BED38544-7B4B-468F-8700-93E0D3F8DA16"}], "glossaryLinks": {}, "formats": {}}, {"dockers": [], "bounds": {"lowerRight": {"y": 555, "x": 280}, "upperLeft": {"y": 475, "x": 180}}, "resourceId": "sid-7A498A0B-789D-4AD3-947A-EC4485245B3B", "layers": [], "labels": [], "childShapes": [], "properties": {"resources": "", "outmsgstructure": "", "applyincalc": "true", "loopcardinality": "", "outmessagename": "", "inmessagename": "", "bgcolor": "#ffffcc", "bordercolor": "#000000", "time": "", "loopdataoutput": "", "testbefore": "false", "callacitivity": "false", "outmsgiscollection": "false", "monitoring": "", "operationname": "", "dataoutputset": "", "completionquantity": "1", "properties": "", "script": "", "assignments": "", "nonebehavioreventref": "signal", "scriptformat": "", "datainputset": "", "processid": "", "startquantity": "1", "tasktype": "None", "looptype": "None", "instantiate": "false", "behavior": "all", "inmsgimport": "", "costs": "", "inputdataitem": "", "loopdatainput": "", "name": "A", "outmsgitemkind": "Information", "costcenter": "", "completioncondition": "", "isforcompensation": "false", "inmsgiscollection": "false", "inmsgitemkind": "Information", "inmsgstructure": "", "outputdataitem": "", "messageref": "", "loopcondition": "", "onebehavioreventref:": "signal", "implementation": "webService", "operationref": "", "outmsgimport": "", "documentation": "", "categories": "", "auditing": "", "complexbehaviordefinition": ""}, "stencil": {"id": "Task"}, "outgoing": [{"resourceId": "sid-1B4F96E7-CA03-411C-B843-1609FB073E4D"}, {"resourceId": "sid-55EE29A2-FA3E-4162-B944-D72EB000D37E"}], "glossaryLinks": {}, "formats": {}}, {"dockers": [{"y": 15, "x": 15}, {"y": 40, "x": 50}], "bounds": {"lowerRight": {"y": 515, "x": 179.15625}, "upperLeft": {"y": 515, "x": 135.609375}}, "resourceId": "sid-BED38544-7B4B-468F-8700-93E0D3F8DA16", "layers": [], "labels": [], "target": {"resourceId": "sid-7A498A0B-789D-4AD3-947A-EC4485245B3B"}, "childShapes": [], "properties": {"ConditionType": "None", "showdiamondmarker": "false", "bordercolor": "#000000", "monitoring": "", "name": "", "documentation": "", "probability": "", "conditionexpression": "", "isimmediate": "false", "auditing": ""}, "stencil": {"id": "SequenceFlow"}, "outgoing": [{"resourceId": "sid-7A498A0B-789D-4AD3-947A-EC4485245B3B"}], "glossaryLinks": {}, "formats": {}}, {"dockers": [], "bounds": {"lowerRight": {"y": 535, "x": 365}, "upperLeft": {"y": 495, "x": 325}}, "resourceId": "sid-84A6A691-3BF8-4768-8C7C-B80679B64376", "layers": [], "labels": [], "childShapes": [], "properties": {"xortype": "Data", "monitoring": "", "defaultgate": "", "gatewaytype": "XOR", "gates": "", "assignments": "", "bgcolor": "#ffffff", "bordercolor": "#000000", "pool": "", "gate_assignments": "", "markervisible": "true", "name": "", "documentation": "", "gates_assignments": "", "categories": "", "auditing": "", "gate_outgoingsequenceflow": "", "lanes": "", "gates_outgoingsequenceflow": "", "processid": ""}, "stencil": {"id": "Exclusive_Databased_Gateway"}, "outgoing": [{"resourceId": "sid-C307E2C7-92D3-4C52-937B-8C094B623C8D"}, {"resourceId": "sid-667E4F4C-F5CF-422E-BE76-A9747B1E564B"}], "glossaryLinks": {}, "formats": {}}, {"dockers": [{"y": 40, "x": 50}, {"y": 20.5, "x": 20.5}], "bounds": {"lowerRight": {"y": 515.40973353623382991, "x": 324.64844687000754675}, "upperLeft": {"y": 515.21645021645019824, "x": 280}}, "resourceId": "sid-1B4F96E7-CA03-411C-B843-1609FB073E4D", "layers": [], "labels": [], "target": {"resourceId": "sid-84A6A691-3BF8-4768-8C7C-B80679B64376"}, "childShapes": [], "properties": {"ConditionType": "None", "showdiamondmarker": "false", "bordercolor": "#000000", "monitoring": "", "name": "", "documentation": "", "probability": "", "conditionexpression": "", "isimmediate": "false", "auditing": ""}, "stencil": {"id": "SequenceFlow"}, "outgoing": [{"resourceId": "sid-84A6A691-3BF8-4768-8C7C-B80679B64376"}], "glossaryLinks": {}, "formats": {}}, {"dockers": [], "bounds": {"lowerRight": {"y": 190, "x": 490}, "upperLeft": {"y": 110, "x": 390}}, "resourceId": "sid-30679252-A663-4CA2-8861-8AEA0090D725", "layers": [], "labels": [], "childShapes": [], "properties": {"resources": "", "outmsgstructure": "", "applyincalc": "true", "loopcardinality": "", "outmessagename": "", "inmessagename": "", "bgcolor": "#ffffcc", "bordercolor": "#000000", "time": "", "loopdataoutput": "", "testbefore": "false", "callacitivity": "false", "outmsgiscollection": "false", "monitoring": "", "operationname": "", "dataoutputset": "", "completionquantity": "1", "properties": "", "script": "", "assignments": "", "nonebehavioreventref": "signal", "scriptformat": "", "datainputset": "", "processid": "", "startquantity": "1", "tasktype": "None", "looptype": "None", "instantiate": "false", "behavior": "all", "inmsgimport": "", "costs": "", "inputdataitem": "", "loopdatainput": "", "name": "B", "outmsgitemkind": "Information", "costcenter": "", "completioncondition": "", "isforcompensation": "false", "inmsgiscollection": "false", "inmsgitemkind": "Information", "inmsgstructure": "", "outputdataitem": "", "messageref": "", "loopcondition": "", "onebehavioreventref:": "signal", "implementation": "webService", "operationref": "", "outmsgimport": "", "documentation": "", "categories": "", "auditing": "", "complexbehaviordefinition": ""}, "stencil": {"id": "Task"}, "outgoing": [{"resourceId": "sid-D7A467E7-29B6-47DF-A09B-7E22353EC5E5"}, {"resourceId": "sid-5B235C1C-9946-4917-A75B-D780D2B935F6"}], "glossaryLinks": {}, "formats": {}}, {"dockers": [{"y": 20.5, "x": 20.5}, {"y": 150, "x": 345.5}, {"y": 40, "x": 50}], "bounds": {"lowerRight": {"y": 494.51171875, "x": 389.53515625}, "upperLeft": {"y": 150, "x": 345.5}}, "resourceId": "sid-C307E2C7-92D3-4C52-937B-8C094B623C8D", "layers": [], "labels": [], "target": {"resourceId": "sid-30679252-A663-4CA2-8861-8AEA0090D725"}, "childShapes": [], "properties": {"ConditionType": "None", "showdiamondmarker": "false", "bordercolor": "#000000", "monitoring": "", "name": "", "documentation": "", "probability": "", "conditionexpression": "", "isimmediate": "false", "auditing": ""}, "stencil": {"id": "SequenceFlow"}, "outgoing": [{"resourceId": "sid-30679252-A663-4CA2-8861-8AEA0090D725"}], "glossaryLinks": {}, "formats": {}}, {"dockers": [], "bounds": {"lowerRight": {"y": 655, "x": 490}, "upperLeft": {"y": 575, "x": 390}}, "resourceId": "sid-ABB11F18-B521-420C-9CAE-F0798FD729E9", "layers": [], "labels": [], "childShapes": [], "properties": {"resources": "", "outmsgstructure": "", "applyincalc": "true", "loopcardinality": "", "outmessagename": "", "inmessagename": "", "bgcolor": "#ffffcc", "bordercolor": "#000000", "time": "", "loopdataoutput": "", "testbefore": "false", "callacitivity": "false", "outmsgiscollection": "false", "monitoring": "", "operationname": "", "dataoutputset": "", "completionquantity": "1", "properties": "", "script": "", "assignments": "", "nonebehavioreventref": "signal", "scriptformat": "", "datainputset": "", "processid": "", "startquantity": "1", "tasktype": "None", "looptype": "None", "instantiate": "false", "behavior": "all", "inmsgimport": "", "costs": "", "inputdataitem": "", "loopdatainput": "", "name": "C", "outmsgitemkind": "Information", "costcenter": "", "completioncondition": "", "isforcompensation": "false", "inmsgiscollection": "false", "inmsgitemkind": "Information", "inmsgstructure": "", "outputdataitem": "", "messageref": "", "loopcondition": "", "onebehavioreventref:": "signal", "implementation": "webService", "operationref": "", "outmsgimport": "", "documentation": "", "categories": "", "auditing": "", "complexbehaviordefinition": ""}, "stencil": {"id": "Task"}, "outgoing": [{"resourceId": "sid-E7E0B254-FBBB-4D14-A7B8-C9A70823DA57"}, {"resourceId": "sid-64C24B87-EB9C-4923-A7F2-AE12FF27C5F3"}, {"resourceId": "sid-ECC6DB96-39CD-464C-869D-A49ADEB5E4D7"}], "glossaryLinks": {}, "formats": {}}, {"dockers": [{"y": 20.5, "x": 20.5}, {"y": 615, "x": 345.5}, {"y": 40, "x": 50}], "bounds": {"lowerRight": {"y": 615, "x": 389.53515625}, "upperLeft": {"y": 535, "x": 345.5}}, "resourceId": "sid-667E4F4C-F5CF-422E-BE76-A9747B1E564B", "layers": [], "labels": [], "target": {"resourceId": "sid-ABB11F18-B521-420C-9CAE-F0798FD729E9"}, "childShapes": [], "properties": {"ConditionType": "None", "showdiamondmarker": "false", "bordercolor": "#000000", "monitoring": "", "name": "", "documentation": "", "probability": "", "conditionexpression": "", "isimmediate": "false", "auditing": ""}, "stencil": {"id": "SequenceFlow"}, "outgoing": [{"resourceId": "sid-ABB11F18-B521-420C-9CAE-F0798FD729E9"}], "glossaryLinks": {}, "formats": {}}, {"dockers": [], "bounds": {"lowerRight": {"y": 635, "x": 575}, "upperLeft": {"y": 595, "x": 535}}, "resourceId": "sid-7582E3B8-DABA-4977-8F3B-720F27F2168B", "layers": [], "labels": [], "childShapes": [], "properties": {"xortype": "Data", "monitoring": "", "defaultgate": "", "gatewaytype": "XOR", "gates": "", "assignments": "", "bgcolor": "#ffffff", "bordercolor": "#000000", "pool": "", "gate_assignments": "", "markervisible": "true", "name": "", "documentation": "", "gates_assignments": "", "categories": "", "auditing": "", "gate_outgoingsequenceflow": "", "lanes": "", "gates_outgoingsequenceflow": "", "processid": ""}, "stencil": {"id": "Exclusive_Databased_Gateway"}, "outgoing": [{"resourceId": "sid-A7640E99-A106-40CA-B43E-F90655207866"}, {"resourceId": "sid-EDF39CA5-C46B-498C-8830-1BC657AB8CE5"}], "glossaryLinks": {}, "formats": {}}, {"dockers": [{"y": 40, "x": 50}, {"y": 20.5, "x": 20.5}], "bounds": {"lowerRight": {"y": 615.40973353623382991, "x": 534.64844687000754675}, "upperLeft": {"y": 615.21645021645019824, "x": 490}}, "resourceId": "sid-E7E0B254-FBBB-4D14-A7B8-C9A70823DA57", "layers": [], "labels": [], "target": {"resourceId": "sid-7582E3B8-DABA-4977-8F3B-720F27F2168B"}, "childShapes": [], "properties": {"ConditionType": "None", "showdiamondmarker": "false", "bordercolor": "#000000", "monitoring": "", "name": "", "documentation": "", "probability": "", "conditionexpression": "", "isimmediate": "false", "auditing": ""}, "stencil": {"id": "SequenceFlow"}, "outgoing": [{"resourceId": "sid-7582E3B8-DABA-4977-8F3B-720F27F2168B"}], "glossaryLinks": {}, "formats": {}}, {"dockers": [], "bounds": {"lowerRight": {"y": 655, "x": 720}, "upperLeft": {"y": 575, "x": 620}}, "resourceId": "sid-0FCD8B35-7DC8-445A-962A-83C52E41DEE5", "layers": [], "labels": [], "childShapes": [], "properties": {"resources": "", "outmsgstructure": "", "applyincalc": "true", "loopcardinality": "", "outmessagename": "", "inmessagename": "", "bgcolor": "#ffffcc", "bordercolor": "#000000", "time": "", "loopdataoutput": "", "testbefore": "false", "callacitivity": "false", "outmsgiscollection": "false", "monitoring": "", "operationname": "", "dataoutputset": "", "completionquantity": "1", "properties": "", "script": "", "assignments": "", "nonebehavioreventref": "signal", "scriptformat": "", "datainputset": "", "processid": "", "startquantity": "1", "tasktype": "None", "looptype": "None", "instantiate": "false", "behavior": "all", "inmsgimport": "", "costs": "", "inputdataitem": "", "loopdatainput": "", "name": "D", "outmsgitemkind": "Information", "costcenter": "", "completioncondition": "", "isforcompensation": "false", "inmsgiscollection": "false", "inmsgitemkind": "Information", "inmsgstructure": "", "outputdataitem": "", "messageref": "", "loopcondition": "", "onebehavioreventref:": "signal", "implementation": "webService", "operationref": "", "outmsgimport": "", "documentation": "", "categories": "", "auditing": "", "complexbehaviordefinition": ""}, "stencil": {"id": "Task"}, "outgoing": [{"resourceId": "sid-CC196784-2242-4A79-8521-7847407A620E"}, {"resourceId": "sid-66E3D163-179B-4473-B15C-4A41631E5F32"}], "glossaryLinks": {}, "formats": {}}, {"dockers": [{"y": 20.5, "x": 20.5}, {"y": 40, "x": 50}], "bounds": {"lowerRight": {"y": 615.41360197940775834, "x": 619.80079078438814122}, "upperLeft": {"y": 615.21921052059224166, "x": 575.28514671561185878}}, "resourceId": "sid-A7640E99-A106-40CA-B43E-F90655207866", "layers": [], "labels": [], "target": {"resourceId": "sid-0FCD8B35-7DC8-445A-962A-83C52E41DEE5"}, "childShapes": [], "properties": {"ConditionType": "None", "showdiamondmarker": "false", "bordercolor": "#000000", "monitoring": "", "name": "", "documentation": "", "probability": "", "conditionexpression": "", "isimmediate": "false", "auditing": ""}, "stencil": {"id": "SequenceFlow"}, "outgoing": [{"resourceId": "sid-0FCD8B35-7DC8-445A-962A-83C52E41DEE5"}], "glossaryLinks": {}, "formats": {}}, {"dockers": [], "bounds": {"lowerRight": {"y": 985, "x": 720}, "upperLeft": {"y": 905, "x": 620}}, "resourceId": "sid-22E8BFCA-DB41-4415-AA8D-DAE45271F17E", "layers": [], "labels": [], "childShapes": [], "properties": {"resources": "", "outmsgstructure": "", "applyincalc": "true", "loopcardinality": "", "outmessagename": "", "inmessagename": "", "bgcolor": "#ffffcc", "bordercolor": "#000000", "time": "", "loopdataoutput": "", "testbefore": "false", "callacitivity": "false", "outmsgiscollection": "false", "monitoring": "", "operationname": "", "dataoutputset": "", "completionquantity": "1", "properties": "", "script": "", "assignments": "", "nonebehavioreventref": "signal", "scriptformat": "", "datainputset": "", "processid": "", "startquantity": "1", "tasktype": "None", "looptype": "None", "instantiate": "false", "behavior": "all", "inmsgimport": "", "costs": "", "inputdataitem": "", "loopdatainput": "", "name": "E", "outmsgitemkind": "Information", "costcenter": "", "completioncondition": "", "isforcompensation": "false", "inmsgiscollection": "false", "inmsgitemkind": "Information", "inmsgstructure": "", "outputdataitem": "", "messageref": "", "loopcondition": "", "onebehavioreventref:": "signal", "implementation": "webService", "operationref": "", "outmsgimport": "", "documentation": "", "categories": "", "auditing": "", "complexbehaviordefinition": ""}, "stencil": {"id": "Task"}, "outgoing": [{"resourceId": "sid-F1DF7B1E-4857-46D8-AF4F-AEA8E06F4493"}, {"resourceId": "sid-31C13922-3523-4C17-99D4-B0EE180D42B5"}], "glossaryLinks": {}, "formats": {}}, {"dockers": [{"y": 20.5, "x": 20.5}, {"y": 945, "x": 555.5}, {"y": 40, "x": 50}], "bounds": {"lowerRight": {"y": 945, "x": 619.80078125}, "upperLeft": {"y": 635, "x": 555.5}}, "resourceId": "sid-EDF39CA5-C46B-498C-8830-1BC657AB8CE5", "layers": [], "labels": [], "target": {"resourceId": "sid-22E8BFCA-DB41-4415-AA8D-DAE45271F17E"}, "childShapes": [], "properties": {"ConditionType": "None", "showdiamondmarker": "false", "bordercolor": "#000000", "monitoring": "", "name": "", "documentation": "", "probability": "", "conditionexpression": "", "isimmediate": "false", "auditing": ""}, "stencil": {"id": "SequenceFlow"}, "outgoing": [{"resourceId": "sid-22E8BFCA-DB41-4415-AA8D-DAE45271F17E"}], "glossaryLinks": {}, "formats": {}}, {"dockers": [], "bounds": {"lowerRight": {"y": 635, "x": 805}, "upperLeft": {"y": 595, "x": 765}}, "resourceId": "sid-99E0227F-4E2B-4FCF-96FA-74B89C9F9E6C", "layers": [], "labels": [], "childShapes": [], "properties": {"xortype": "Data", "monitoring": "", "defaultgate": "", "gatewaytype": "XOR", "gates": "", "assignments": "", "bgcolor": "#ffffff", "bordercolor": "#000000", "pool": "", "gate_assignments": "", "markervisible": "true", "name": "", "documentation": "", "gates_assignments": "", "categories": "", "auditing": "", "gate_outgoingsequenceflow": "", "lanes": "", "gates_outgoingsequenceflow": "", "processid": ""}, "stencil": {"id": "Exclusive_Databased_Gateway"}, "outgoing": [{"resourceId": "sid-27466D18-02DE-4F0E-AD93-74CF15108B78"}, {"resourceId": "sid-0C2AA461-17AE-4DCA-BB4A-AA297C938B04"}, {"resourceId": "sid-75DAAE81-CF5A-4711-8EA9-0249A8A4E8D3"}], "glossaryLinks": {}, "formats": {}}, {"dockers": [{"y": 40, "x": 50}, {"y": 20.5, "x": 20.5}], "bounds": {"lowerRight": {"y": 615.40973353623382991, "x": 764.64844687000754675}, "upperLeft": {"y": 615.21645021645019824, "x": 720}}, "resourceId": "sid-CC196784-2242-4A79-8521-7847407A620E", "layers": [], "labels": [], "target": {"resourceId": "sid-99E0227F-4E2B-4FCF-96FA-74B89C9F9E6C"}, "childShapes": [], "properties": {"ConditionType": "None", "showdiamondmarker": "false", "bordercolor": "#000000", "monitoring": "", "name": "", "documentation": "", "probability": "", "conditionexpression": "", "isimmediate": "false", "auditing": ""}, "stencil": {"id": "SequenceFlow"}, "outgoing": [{"resourceId": "sid-99E0227F-4E2B-4FCF-96FA-74B89C9F9E6C"}], "glossaryLinks": {}, "formats": {}}, {"dockers": [], "bounds": {"lowerRight": {"y": 655, "x": 1030}, "upperLeft": {"y": 575, "x": 930}}, "resourceId": "sid-DE805495-BDCA-4F90-A845-D5408B01CD4E", "layers": [], "labels": [], "childShapes": [], "properties": {"resources": "", "outmsgstructure": "", "applyincalc": "true", "loopcardinality": "", "outmessagename": "", "inmessagename": "", "bgcolor": "#ffffcc", "bordercolor": "#000000", "time": "", "loopdataoutput": "", "testbefore": "false", "callacitivity": "false", "outmsgiscollection": "false", "monitoring": "", "operationname": "", "dataoutputset": "", "completionquantity": "1", "properties": "", "script": "", "assignments": "", "nonebehavioreventref": "signal", "scriptformat": "", "datainputset": "", "processid": "", "startquantity": "1", "tasktype": "None", "looptype": "None", "instantiate": "false", "behavior": "all", "inmsgimport": "", "costs": "", "inputdataitem": "", "loopdatainput": "", "name": "F", "outmsgitemkind": "Information", "costcenter": "", "completioncondition": "", "isforcompensation": "false", "inmsgiscollection": "false", "inmsgitemkind": "Information", "inmsgstructure": "", "outputdataitem": "", "messageref": "", "loopcondition": "", "onebehavioreventref:": "signal", "implementation": "webService", "operationref": "", "outmsgimport": "", "documentation": "", "categories": "", "auditing": "", "complexbehaviordefinition": ""}, "stencil": {"id": "Task"}, "outgoing": [{"resourceId": "sid-641EF409-73CA-48FE-9AD3-85BA449E647B"}, {"resourceId": "sid-C6DEE4F6-E83E-44C7-BB4B-2D735F63DA39"}], "glossaryLinks": {}, "formats": {}}, {"dockers": [], "bounds": {"lowerRight": {"y": 445, "x": 1030}, "upperLeft": {"y": 365, "x": 930}}, "resourceId": "sid-33D0FD32-F672-45B1-9F09-2969E03E161E", "layers": [], "labels": [], "childShapes": [], "properties": {"resources": "", "outmsgstructure": "", "applyincalc": "true", "loopcardinality": "", "outmessagename": "", "inmessagename": "", "bgcolor": "#ffffcc", "bordercolor": "#000000", "time": "", "loopdataoutput": "", "testbefore": "false", "callacitivity": "false", "outmsgiscollection": "false", "monitoring": "", "operationname": "", "dataoutputset": "", "completionquantity": "1", "properties": "", "script": "", "assignments": "", "nonebehavioreventref": "signal", "scriptformat": "", "datainputset": "", "processid": "", "startquantity": "1", "tasktype": "None", "looptype": "None", "instantiate": "false", "behavior": "all", "inmsgimport": "", "costs": "", "inputdataitem": "", "loopdatainput": "", "name": "G", "outmsgitemkind": "Information", "costcenter": "", "completioncondition": "", "isforcompensation": "false", "inmsgiscollection": "false", "inmsgitemkind": "Information", "inmsgstructure": "", "outputdataitem": "", "messageref": "", "loopcondition": "", "onebehavioreventref:": "signal", "implementation": "webService", "operationref": "", "outmsgimport": "", "documentation": "", "categories": "", "auditing": "", "complexbehaviordefinition": ""}, "stencil": {"id": "Task"}, "outgoing": [{"resourceId": "sid-FE428E61-4A74-4F64-9EAE-EDBE6DD741A4"}, {"resourceId": "sid-83F849DA-E017-4D06-BBAC-56E26362306B"}, {"resourceId": "sid-7A92DA9F-62C9-424F-AE1A-C2D46A186C3E"}], "glossaryLinks": {}, "formats": {}}, {"dockers": [{"y": 20.5, "x": 20.5}, {"y": 405, "x": 785.5}, {"y": 20, "x": 20}], "bounds": {"lowerRight": {"y": 594.765625, "x": 845.75}, "upperLeft": {"y": 405, "x": 785.5}}, "resourceId": "sid-0C2AA461-17AE-4DCA-BB4A-AA297C938B04", "layers": [], "labels": [], "target": {"resourceId": "sid-B0117D17-802E-4EF1-972C-4BC7F8229F18"}, "childShapes": [], "properties": {"ConditionType": "None", "showdiamondmarker": "false", "bordercolor": "#000000", "monitoring": "", "name": "", "documentation": "", "probability": "", "conditionexpression": "", "isimmediate": "false", "auditing": ""}, "stencil": {"id": "SequenceFlow"}, "outgoing": [{"resourceId": "sid-B0117D17-802E-4EF1-972C-4BC7F8229F18"}], "glossaryLinks": {}, "formats": {}}, {"dockers": [], "bounds": {"lowerRight": {"y": 865, "x": 1030}, "upperLeft": {"y": 785, "x": 930}}, "resourceId": "sid-1F5B0110-F5A9-4228-B358-62DD3CD13145", "layers": [], "labels": [], "childShapes": [], "properties": {"resources": "", "outmsgstructure": "", "applyincalc": "true", "loopcardinality": "", "outmessagename": "", "inmessagename": "", "bgcolor": "#ffffcc", "bordercolor": "#000000", "time": "", "loopdataoutput": "", "testbefore": "false", "callacitivity": "false", "outmsgiscollection": "false", "monitoring": "", "operationname": "", "dataoutputset": "", "completionquantity": "1", "properties": "", "script": "", "assignments": "", "nonebehavioreventref": "signal", "scriptformat": "", "datainputset": "", "processid": "", "startquantity": "1", "tasktype": "None", "looptype": "None", "instantiate": "false", "behavior": "all", "inmsgimport": "", "costs": "", "inputdataitem": "", "loopdatainput": "", "name": "H", "outmsgitemkind": "Information", "costcenter": "", "completioncondition": "", "isforcompensation": "false", "inmsgiscollection": "false", "inmsgitemkind": "Information", "inmsgstructure": "", "outputdataitem": "", "messageref": "", "loopcondition": "", "onebehavioreventref:": "signal", "implementation": "webService", "operationref": "", "outmsgimport": "", "documentation": "", "categories": "", "auditing": "", "complexbehaviordefinition": ""}, "stencil": {"id": "Task"}, "outgoing": [{"resourceId": "sid-B577BFE4-7F9A-4AAF-AD10-DE9BEAB2465A"}, {"resourceId": "sid-411967AE-D682-4F56-8A01-E3A2211C18F9"}], "glossaryLinks": {}, "formats": {}}, {"dockers": [{"y": 20.5, "x": 20.5}, {"y": 825, "x": 785.5}, {"y": 20, "x": 20}], "bounds": {"lowerRight": {"y": 825, "x": 845.75}, "upperLeft": {"y": 635, "x": 785.5}}, "resourceId": "sid-75DAAE81-CF5A-4711-8EA9-0249A8A4E8D3", "layers": [], "labels": [], "target": {"resourceId": "sid-5684A9EF-87B5-4165-AFF4-9B3653D87F2D"}, "childShapes": [], "properties": {"ConditionType": "None", "showdiamondmarker": "false", "bordercolor": "#000000", "monitoring": "", "name": "", "documentation": "", "probability": "", "conditionexpression": "", "isimmediate": "false", "auditing": ""}, "stencil": {"id": "SequenceFlow"}, "outgoing": [{"resourceId": "sid-5684A9EF-87B5-4165-AFF4-9B3653D87F2D"}], "glossaryLinks": {}, "formats": {}}, {"dockers": [], "bounds": {"lowerRight": {"y": 747, "x": 306}, "upperLeft": {"y": 680, "x": 225}}, "resourceId": "sid-36D3C272-5B25-43EC-9298-C87C53F995C8", "layers": [], "labels": [], "childShapes": [], "properties": {"bordercolor": "#000000", "iscollection": "false", "monitoring": "", "input_output": "None", "name": "I", "state": "", "documentation": "", "categories": "", "properties": "", "auditing": "", "bgcolor": "#ffffff"}, "stencil": {"id": "DataObject"}, "outgoing": [{"resourceId": "sid-6E3D2993-F89A-438A-8846-98E709E3ADA7"}], "glossaryLinks": {}, "formats": {}}, {"dockers": [{"y": 40, "x": 50}, {"y": 33.5, "x": 40.5}], "bounds": {"lowerRight": {"y": 679.9492121825188633, "x": 259.49973316110538235}, "upperLeft": {"y": 555, "x": 237.15365239294709454}}, "resourceId": "sid-55EE29A2-FA3E-4162-B944-D72EB000D37E", "layers": [], "labels": [], "target": {"resourceId": "sid-36D3C272-5B25-43EC-9298-C87C53F995C8"}, "childShapes": [], "properties": {"bordercolor": "#000000", "text": "", "assignments": "", "transformation": ""}, "stencil": {"id": "Association_Unidirectional"}, "outgoing": [{"resourceId": "sid-36D3C272-5B25-43EC-9298-C87C53F995C8"}], "glossaryLinks": {}, "formats": {}}, {"dockers": [{"y": 33.5, "x": 40.5}, {"y": 40, "x": 50}], "bounds": {"lowerRight": {"y": 690.63896848137540019, "x": 389.36939283746266938}, "upperLeft": {"y": 643.57945447283623253, "x": 306}}, "resourceId": "sid-6E3D2993-F89A-438A-8846-98E709E3ADA7", "layers": [], "labels": [], "target": {"resourceId": "sid-ABB11F18-B521-420C-9CAE-F0798FD729E9"}, "childShapes": [], "properties": {"bordercolor": "#000000", "text": "", "assignments": "", "transformation": ""}, "stencil": {"id": "Association_Unidirectional"}, "outgoing": [{"resourceId": "sid-ABB11F18-B521-420C-9CAE-F0798FD729E9"}], "glossaryLinks": {}, "formats": {}}, {"dockers": [], "bounds": {"lowerRight": {"y": 77, "x": 385.5}, "upperLeft": {"y": 10, "x": 304.5}}, "resourceId": "sid-B4D35335-C731-4B6D-B35E-35B14667565E", "layers": [], "labels": [], "childShapes": [], "properties": {"bordercolor": "#000000", "iscollection": "false", "monitoring": "", "input_output": "None", "name": "J", "state": "", "documentation": "", "categories": "", "properties": "", "auditing": "", "bgcolor": "#ffffff"}, "stencil": {"id": "DataObject"}, "outgoing": [{"resourceId": "sid-4953B732-3BC8-4FA4-B0D1-5724CF8B12A0"}], "glossaryLinks": {}, "formats": {}}, {"dockers": [{"y": 33.5, "x": 40.5}, {"y": 40, "x": 50}], "bounds": {"lowerRight": {"y": 109.31625160398914431, "x": 403.70933241670394409}, "upperLeft": {"y": 77, "x": 374.8826291079811881}}, "resourceId": "sid-4953B732-3BC8-4FA4-B0D1-5724CF8B12A0", "layers": [], "labels": [], "target": {"resourceId": "sid-30679252-A663-4CA2-8861-8AEA0090D725"}, "childShapes": [], "properties": {"bordercolor": "#000000", "text": "", "assignments": "", "transformation": ""}, "stencil": {"id": "Association_Unidirectional"}, "outgoing": [{"resourceId": "sid-30679252-A663-4CA2-8861-8AEA0090D725"}], "glossaryLinks": {}, "formats": {}}, {"dockers": [], "bounds": {"lowerRight": {"y": 77.5, "x": 595.5}, "upperLeft": {"y": 10.5, "x": 514.5}}, "resourceId": "sid-CDE242F0-27D9-475D-A322-8208E03F4841", "layers": [], "labels": [], "childShapes": [], "properties": {"bordercolor": "#000000", "iscollection": "false", "monitoring": "", "input_output": "None", "name": "K", "state": "", "documentation": "", "categories": "", "properties": "", "auditing": "", "bgcolor": "#ffffff"}, "stencil": {"id": "DataObject"}, "outgoing": [], "glossaryLinks": {}, "formats": {}}, {"dockers": [{"y": 40, "x": 50}, {"y": 33.5, "x": 40.5}], "bounds": {"lowerRight": {"y": 109.57225119353330456, "x": 518.65566037735845839}, "upperLeft": {"y": 77.5, "x": 483.8602935164497012}}, "resourceId": "sid-D7A467E7-29B6-47DF-A09B-7E22353EC5E5", "layers": [], "labels": [], "target": {"resourceId": "sid-CDE242F0-27D9-475D-A322-8208E03F4841"}, "childShapes": [], "properties": {"bordercolor": "#000000", "text": "", "assignments": "", "transformation": ""}, "stencil": {"id": "Association_Unidirectional"}, "outgoing": [{"resourceId": "sid-CDE242F0-27D9-475D-A322-8208E03F4841"}], "glossaryLinks": {}, "formats": {}}, {"dockers": [], "bounds": {"lowerRight": {"y": 512, "x": 501}, "upperLeft": {"y": 445, "x": 420}}, "resourceId": "sid-11E3A123-AB91-4143-8D65-B081BFDD4A20", "layers": [], "labels": [], "childShapes": [], "properties": {"bordercolor": "#000000", "iscollection": "false", "monitoring": "", "input_output": "None", "name": "L", "state": "", "documentation": "", "categories": "", "properties": "", "auditing": "", "bgcolor": "#ffffff"}, "stencil": {"id": "DataObject"}, "outgoing": [], "glossaryLinks": {}, "formats": {}}, {"dockers": [{"y": 40, "x": 50}, {"y": 33.5, "x": 40.5}], "bounds": {"lowerRight": {"y": 574.55405898302058176, "x": 455.4688644688644672}, "upperLeft": {"y": 512, "x": 446.07429883405188775}}, "resourceId": "sid-64C24B87-EB9C-4923-A7F2-AE12FF27C5F3", "layers": [], "labels": [], "target": {"resourceId": "sid-11E3A123-AB91-4143-8D65-B081BFDD4A20"}, "childShapes": [], "properties": {"bordercolor": "#000000", "text": "", "assignments": "", "transformation": ""}, "stencil": {"id": "Association_Unidirectional"}, "outgoing": [{"resourceId": "sid-11E3A123-AB91-4143-8D65-B081BFDD4A20"}], "glossaryLinks": {}, "formats": {}}, {"dockers": [], "bounds": {"lowerRight": {"y": 512.5, "x": 596}, "upperLeft": {"y": 445.5, "x": 515}}, "resourceId": "sid-848F6E28-288C-4FCD-BB4E-A07231ABD888", "layers": [], "labels": [], "childShapes": [], "properties": {"bordercolor": "#000000", "iscollection": "false", "monitoring": "", "input_output": "None", "name": "M", "state": "", "documentation": "", "categories": "", "properties": "", "auditing": "", "bgcolor": "#ffffff"}, "stencil": {"id": "DataObject"}, "outgoing": [{"resourceId": "sid-88956C39-D145-4DF8-B4C8-4D19BF2B1E09"}], "glossaryLinks": {}, "formats": {}}, {"dockers": [{"y": 40, "x": 50}, {"y": 33.5, "x": 40.5}], "bounds": {"lowerRight": {"y": 574.92528418574215721, "x": 527.0496323529412166}, "upperLeft": {"y": 512.5, "x": 474.03404173931460264}}, "resourceId": "sid-ECC6DB96-39CD-464C-869D-A49ADEB5E4D7", "layers": [], "labels": [], "target": {"resourceId": "sid-848F6E28-288C-4FCD-BB4E-A07231ABD888"}, "childShapes": [], "properties": {"bordercolor": "#000000", "text": "", "assignments": "", "transformation": ""}, "stencil": {"id": "Association_Unidirectional"}, "outgoing": [{"resourceId": "sid-848F6E28-288C-4FCD-BB4E-A07231ABD888"}], "glossaryLinks": {}, "formats": {}}, {"dockers": [{"y": 33.5, "x": 40.5}, {"y": 40, "x": 50}], "bounds": {"lowerRight": {"y": 574.92251587475004726, "x": 636.25829461513876595}, "upperLeft": {"y": 512.5, "x": 583.7040441176470722}}, "resourceId": "sid-88956C39-D145-4DF8-B4C8-4D19BF2B1E09", "layers": [], "labels": [], "target": {"resourceId": "sid-0FCD8B35-7DC8-445A-962A-83C52E41DEE5"}, "childShapes": [], "properties": {"bordercolor": "#000000", "text": "", "assignments": "", "transformation": ""}, "stencil": {"id": "Association_Unidirectional"}, "outgoing": [{"resourceId": "sid-0FCD8B35-7DC8-445A-962A-83C52E41DEE5"}], "glossaryLinks": {}, "formats": {}}, {"dockers": [], "bounds": {"lowerRight": {"y": 1082, "x": 636}, "upperLeft": {"y": 1015, "x": 555}}, "resourceId": "sid-479B8D88-F778-48CB-8E69-8910F5EF51C7", "layers": [], "labels": [], "childShapes": [], "properties": {"bordercolor": "#000000", "iscollection": "false", "monitoring": "", "input_output": "None", "name": "N", "state": "", "documentation": "", "categories": "", "properties": "", "auditing": "", "bgcolor": "#ffffff"}, "stencil": {"id": "DataObject"}, "outgoing": [{"resourceId": "sid-4B0372ED-3DF1-4F86-9AD6-503CCE704792"}], "glossaryLinks": {}, "formats": {}}, {"dockers": [{"y": 33.5, "x": 40.5}, {"y": 40, "x": 50}], "bounds": {"lowerRight": {"y": 1014.5360475477139062, "x": 641.20772946859904096}, "upperLeft": {"y": 985, "x": 619.94748268304647354}}, "resourceId": "sid-4B0372ED-3DF1-4F86-9AD6-503CCE704792", "layers": [], "labels": [], "target": {"resourceId": "sid-22E8BFCA-DB41-4415-AA8D-DAE45271F17E"}, "childShapes": [], "properties": {"bordercolor": "#000000", "text": "", "assignments": "", "transformation": ""}, "stencil": {"id": "Association_Unidirectional"}, "outgoing": [{"resourceId": "sid-22E8BFCA-DB41-4415-AA8D-DAE45271F17E"}], "glossaryLinks": {}, "formats": {}}, {"dockers": [], "bounds": {"lowerRight": {"y": 1082.5, "x": 801}, "upperLeft": {"y": 1015.5, "x": 720}}, "resourceId": "sid-6D0D97CB-0752-401D-8358-8499AC049735", "layers": [], "labels": [], "childShapes": [], "properties": {"bordercolor": "#000000", "iscollection": "false", "monitoring": "", "input_output": "None", "name": "O", "state": "", "documentation": "", "categories": "", "properties": "", "auditing": "", "bgcolor": "#ffffff"}, "stencil": {"id": "DataObject"}, "outgoing": [], "glossaryLinks": {}, "formats": {}}, {"dockers": [{"y": 40, "x": 50}, {"y": 33.5, "x": 40.5}], "bounds": {"lowerRight": {"y": 1014.9331287639002994, "x": 730.85527070320165421}, "upperLeft": {"y": 985, "x": 704.80769230769226397}}, "resourceId": "sid-F1DF7B1E-4857-46D8-AF4F-AEA8E06F4493", "layers": [], "labels": [], "target": {"resourceId": "sid-6D0D97CB-0752-401D-8358-8499AC049735"}, "childShapes": [], "properties": {"bordercolor": "#000000", "text": "", "assignments": "", "transformation": ""}, "stencil": {"id": "Association_Unidirectional"}, "outgoing": [{"resourceId": "sid-6D0D97CB-0752-401D-8358-8499AC049735"}], "glossaryLinks": {}, "formats": {}}, {"dockers": [], "bounds": {"lowerRight": {"y": 513, "x": 741}, "upperLeft": {"y": 446, "x": 660}}, "resourceId": "sid-8D0CE4A6-7649-43DE-8F0A-4AEB7C8DEEEE", "layers": [], "labels": [], "childShapes": [], "properties": {"bordercolor": "#000000", "iscollection": "false", "monitoring": "", "input_output": "None", "name": "P", "state": "", "documentation": "", "categories": "", "properties": "", "auditing": "", "bgcolor": "#ffffff"}, "stencil": {"id": "DataObject"}, "outgoing": [], "glossaryLinks": {}, "formats": {}}, {"dockers": [{"y": 40, "x": 50}, {"y": 33.5, "x": 40.5}], "bounds": {"lowerRight": {"y": 574.85644077171662047, "x": 692.95940959409597326}, "upperLeft": {"y": 513, "x": 679.03600410673539045}}, "resourceId": "sid-66E3D163-179B-4473-B15C-4A41631E5F32", "layers": [], "labels": [], "target": {"resourceId": "sid-8D0CE4A6-7649-43DE-8F0A-4AEB7C8DEEEE"}, "childShapes": [], "properties": {"bordercolor": "#000000", "text": "", "assignments": "", "transformation": ""}, "stencil": {"id": "Association_Unidirectional"}, "outgoing": [{"resourceId": "sid-8D0CE4A6-7649-43DE-8F0A-4AEB7C8DEEEE"}], "glossaryLinks": {}, "formats": {}}, {"dockers": [], "bounds": {"lowerRight": {"y": 357, "x": 905.5}, "upperLeft": {"y": 290, "x": 824.5}}, "resourceId": "sid-AD6E0B04-3812-41A8-9929-DC649EB02CE7", "layers": [], "labels": [], "childShapes": [], "properties": {"bordercolor": "#000000", "iscollection": "false", "monitoring": "", "input_output": "None", "name": "Q", "state": "", "documentation": "", "categories": "", "properties": "", "auditing": "", "bgcolor": "#ffffff"}, "stencil": {"id": "DataObject"}, "outgoing": [{"resourceId": "sid-DA961199-FFB3-4989-9FAA-62996223FDB1"}], "glossaryLinks": {}, "formats": {}}, {"dockers": [{"y": 33.5, "x": 40.5}, {"y": 40, "x": 50}], "bounds": {"lowerRight": {"y": 369.40225458019034477, "x": 929.77005247511522157}, "upperLeft": {"y": 352.2021739130435094, "x": 905.5}}, "resourceId": "sid-DA961199-FFB3-4989-9FAA-62996223FDB1", "layers": [], "labels": [], "target": {"resourceId": "sid-33D0FD32-F672-45B1-9F09-2969E03E161E"}, "childShapes": [], "properties": {"bordercolor": "#000000", "text": "", "assignments": "", "transformation": ""}, "stencil": {"id": "Association_Unidirectional"}, "outgoing": [{"resourceId": "sid-33D0FD32-F672-45B1-9F09-2969E03E161E"}], "glossaryLinks": {}, "formats": {}}, {"dockers": [], "bounds": {"lowerRight": {"y": 267, "x": 956}, "upperLeft": {"y": 200, "x": 875}}, "resourceId": "sid-20CA3635-3C5A-4E8B-9B7A-8944D7833458", "layers": [], "labels": [], "childShapes": [], "properties": {"bordercolor": "#000000", "iscollection": "false", "monitoring": "", "input_output": "None", "name": "R", "state": "", "documentation": "", "categories": "", "properties": "", "auditing": "", "bgcolor": "#ffffff"}, "stencil": {"id": "DataObject"}, "outgoing": [{"resourceId": "sid-AFCDE05C-4394-4DB6-9603-EE8238B67BB6"}], "glossaryLinks": {}, "formats": {}}, {"dockers": [{"y": 33.5, "x": 40.5}, {"y": 40, "x": 50}], "bounds": {"lowerRight": {"y": 364.53861705963805662, "x": 964.78274519152569155}, "upperLeft": {"y": 267, "x": 928.09912536443152931}}, "resourceId": "sid-AFCDE05C-4394-4DB6-9603-EE8238B67BB6", "layers": [], "labels": [], "target": {"resourceId": "sid-33D0FD32-F672-45B1-9F09-2969E03E161E"}, "childShapes": [], "properties": {"bordercolor": "#000000", "text": "", "assignments": "", "transformation": ""}, "stencil": {"id": "Association_Unidirectional"}, "outgoing": [{"resourceId": "sid-33D0FD32-F672-45B1-9F09-2969E03E161E"}], "glossaryLinks": {}, "formats": {}}, {"dockers": [], "bounds": {"lowerRight": {"y": 267.5, "x": 1061}, "upperLeft": {"y": 200.5, "x": 980}}, "resourceId": "sid-34B64B1F-0D67-4086-AD08-60C8C521A06C", "layers": [], "labels": [], "childShapes": [], "properties": {"bordercolor": "#000000", "iscollection": "false", "monitoring": "", "input_output": "None", "name": "S", "state": "", "documentation": "", "categories": "", "properties": "", "auditing": "", "bgcolor": "#ffffff"}, "stencil": {"id": "DataObject"}, "outgoing": [{"resourceId": "sid-D4D8EEFC-E08F-4216-9057-21E4607D1076"}], "glossaryLinks": {}, "formats": {}}, {"dockers": [{"y": 33.5, "x": 40.5}, {"y": 40, "x": 50}], "bounds": {"lowerRight": {"y": 364.61676346250999359, "x": 1012.5657894736841627}, "upperLeft": {"y": 267.5, "x": 989.56445075887916119}}, "resourceId": "sid-D4D8EEFC-E08F-4216-9057-21E4607D1076", "layers": [], "labels": [], "target": {"resourceId": "sid-33D0FD32-F672-45B1-9F09-2969E03E161E"}, "childShapes": [], "properties": {"bordercolor": "#000000", "text": "", "assignments": "", "transformation": ""}, "stencil": {"id": "Association_Unidirectional"}, "outgoing": [{"resourceId": "sid-33D0FD32-F672-45B1-9F09-2969E03E161E"}], "glossaryLinks": {}, "formats": {}}, {"dockers": [], "bounds": {"lowerRight": {"y": 268, "x": 1166}, "upperLeft": {"y": 201, "x": 1085}}, "resourceId": "sid-491C6720-BFE8-4FA5-9E05-45FE3B5FA8FF", "layers": [], "labels": [], "childShapes": [], "properties": {"bordercolor": "#000000", "iscollection": "false", "monitoring": "", "input_output": "None", "name": "T", "state": "", "documentation": "", "categories": "", "properties": "", "auditing": "", "bgcolor": "#ffffff"}, "stencil": {"id": "DataObject"}, "outgoing": [], "glossaryLinks": {}, "formats": {}}, {"dockers": [], "bounds": {"lowerRight": {"y": 357.5, "x": 1196}, "upperLeft": {"y": 290.5, "x": 1115}}, "resourceId": "sid-8257BECA-0DA4-4818-B81D-01F4782AC75F", "layers": [], "labels": [], "childShapes": [], "properties": {"bordercolor": "#000000", "iscollection": "false", "monitoring": "", "input_output": "None", "name": "U", "state": "", "documentation": "", "categories": "", "properties": "", "auditing": "", "bgcolor": "#ffffff"}, "stencil": {"id": "DataObject"}, "outgoing": [], "glossaryLinks": {}, "formats": {}}, {"dockers": [{"y": 40, "x": 50}, {"y": 33.5, "x": 40.5}], "bounds": {"lowerRight": {"y": 381.92307692307696243, "x": 1114.8303218654996272}, "upperLeft": {"y": 342.77062067746174989, "x": 1030}}, "resourceId": "sid-FE428E61-4A74-4F64-9EAE-EDBE6DD741A4", "layers": [], "labels": [], "target": {"resourceId": "sid-8257BECA-0DA4-4818-B81D-01F4782AC75F"}, "childShapes": [], "properties": {"bordercolor": "#000000", "text": "", "assignments": "", "transformation": ""}, "stencil": {"id": "Association_Unidirectional"}, "outgoing": [{"resourceId": "sid-8257BECA-0DA4-4818-B81D-01F4782AC75F"}], "glossaryLinks": {}, "formats": {}}, {"dockers": [{"y": 40, "x": 50}, {"y": 33.5, "x": 40.5}], "bounds": {"lowerRight": {"y": 364.27839054113564998, "x": 1096.9120234604106372}, "upperLeft": {"y": 268, "x": 1014.7506989810250388}}, "resourceId": "sid-83F849DA-E017-4D06-BBAC-56E26362306B", "layers": [], "labels": [], "target": {"resourceId": "sid-491C6720-BFE8-4FA5-9E05-45FE3B5FA8FF"}, "childShapes": [], "properties": {"bordercolor": "#000000", "text": "", "assignments": "", "transformation": ""}, "stencil": {"id": "Association_Unidirectional"}, "outgoing": [{"resourceId": "sid-491C6720-BFE8-4FA5-9E05-45FE3B5FA8FF"}], "glossaryLinks": {}, "formats": {}}, {"dockers": [], "bounds": {"lowerRight": {"y": 528.5, "x": 1076}, "upperLeft": {"y": 461.5, "x": 995}}, "resourceId": "sid-7116DD56-085C-4E95-A511-8B5C763B6103", "layers": [], "labels": [], "childShapes": [], "properties": {"bordercolor": "#000000", "iscollection": "false", "monitoring": "", "input_output": "None", "name": "V", "state": "", "documentation": "", "categories": "", "properties": "", "auditing": "", "bgcolor": "#ffffff"}, "stencil": {"id": "DataObject"}, "outgoing": [{"resourceId": "sid-9C44080F-3E34-4DEA-9CF4-E18B5A1AADAB"}], "glossaryLinks": {}, "formats": {}}, {"dockers": [], "bounds": {"lowerRight": {"y": 528, "x": 971}, "upperLeft": {"y": 461, "x": 890}}, "resourceId": "sid-29AFFF35-ECBB-46D1-AB6B-744F4D54BD05", "layers": [], "labels": [], "childShapes": [], "properties": {"bordercolor": "#000000", "iscollection": "false", "monitoring": "", "input_output": "None", "name": "W", "state": "", "documentation": "", "categories": "", "properties": "", "auditing": "", "bgcolor": "#ffffff"}, "stencil": {"id": "DataObject"}, "outgoing": [{"resourceId": "sid-274379DF-E12D-409A-9C6E-F2B7FAE08BBA"}], "glossaryLinks": {}, "formats": {}}, {"dockers": [{"y": 33.5, "x": 40.5}, {"y": 40, "x": 50}], "bounds": {"lowerRight": {"y": 574.53594177013837907, "x": 963.37783500101124901}, "upperLeft": {"y": 528, "x": 944.2614107883817951}}, "resourceId": "sid-274379DF-E12D-409A-9C6E-F2B7FAE08BBA", "layers": [], "labels": [], "target": {"resourceId": "sid-DE805495-BDCA-4F90-A845-D5408B01CD4E"}, "childShapes": [], "properties": {"bordercolor": "#000000", "text": "", "assignments": "", "transformation": ""}, "stencil": {"id": "Association_Unidirectional"}, "outgoing": [{"resourceId": "sid-DE805495-BDCA-4F90-A845-D5408B01CD4E"}], "glossaryLinks": {}, "formats": {}}, {"dockers": [{"y": 33.5, "x": 40.5}, {"y": 40, "x": 50}], "bounds": {"lowerRight": {"y": 574.71737295922071098, "x": 1020.0062500000000227}, "upperLeft": {"y": 528.5, "x": 998.63071500636044675}}, "resourceId": "sid-9C44080F-3E34-4DEA-9CF4-E18B5A1AADAB", "layers": [], "labels": [], "target": {"resourceId": "sid-DE805495-BDCA-4F90-A845-D5408B01CD4E"}, "childShapes": [], "properties": {"bordercolor": "#000000", "text": "", "assignments": "", "transformation": ""}, "stencil": {"id": "Association_Unidirectional"}, "outgoing": [{"resourceId": "sid-DE805495-BDCA-4F90-A845-D5408B01CD4E"}], "glossaryLinks": {}, "formats": {}}, {"dockers": [], "bounds": {"lowerRight": {"y": 529, "x": 1186.5}, "upperLeft": {"y": 462, "x": 1105.5}}, "resourceId": "sid-556FBE57-7B23-40FC-84F6-9D090D57F410", "layers": [], "labels": [], "childShapes": [], "properties": {"bordercolor": "#000000", "iscollection": "false", "monitoring": "", "input_output": "None", "name": "X", "state": "", "documentation": "", "categories": "", "properties": "", "auditing": "", "bgcolor": "#ffffff"}, "stencil": {"id": "DataObject"}, "outgoing": [], "glossaryLinks": {}, "formats": {}}, {"dockers": [{"y": 40, "x": 50}, {"y": 33.5, "x": 40.5}], "bounds": {"lowerRight": {"y": 579.00602409638554491, "x": 1104.9852942950724355}, "upperLeft": {"y": 525.02564657673997317, "x": 1030}}, "resourceId": "sid-641EF409-73CA-48FE-9AD3-85BA449E647B", "layers": [], "labels": [], "target": {"resourceId": "sid-556FBE57-7B23-40FC-84F6-9D090D57F410"}, "childShapes": [], "properties": {"bordercolor": "#000000", "text": "", "assignments": "", "transformation": ""}, "stencil": {"id": "Association_Unidirectional"}, "outgoing": [{"resourceId": "sid-556FBE57-7B23-40FC-84F6-9D090D57F410"}], "glossaryLinks": {}, "formats": {}}, {"dockers": [], "bounds": {"lowerRight": {"y": 752.5, "x": 1076.5}, "upperLeft": {"y": 685.5, "x": 995.5}}, "resourceId": "sid-BCBCFFCC-6B54-4EEC-8939-6F5E8DFFA0B6", "layers": [], "labels": [], "childShapes": [], "properties": {"bordercolor": "#000000", "iscollection": "false", "monitoring": "", "input_output": "None", "name": "Y", "state": "", "documentation": "", "categories": "", "properties": "", "auditing": "", "bgcolor": "#ffffff"}, "stencil": {"id": "DataObject"}, "outgoing": [{"resourceId": "sid-B68D1839-04A7-4A47-A5E5-249D72AAAE61"}], "glossaryLinks": {}, "formats": {}}, {"dockers": [], "bounds": {"lowerRight": {"y": 752, "x": 971.5}, "upperLeft": {"y": 685, "x": 890.5}}, "resourceId": "sid-49778C88-C976-4C23-850E-B71BC535227A", "layers": [], "labels": [], "childShapes": [], "properties": {"bordercolor": "#000000", "iscollection": "false", "monitoring": "", "input_output": "None", "name": "Z", "state": "", "documentation": "", "categories": "", "properties": "", "auditing": "", "bgcolor": "#ffffff"}, "stencil": {"id": "DataObject"}, "outgoing": [{"resourceId": "sid-65FE6714-9558-436D-A194-4BCECC527263"}], "glossaryLinks": {}, "formats": {}}, {"dockers": [], "bounds": {"lowerRight": {"y": 753, "x": 1187}, "upperLeft": {"y": 686, "x": 1106}}, "resourceId": "sid-4B867DE2-A777-4D7B-B75D-3884805730F6", "layers": [], "labels": [], "childShapes": [], "properties": {"bordercolor": "#000000", "iscollection": "false", "monitoring": "", "input_output": "None", "name": "AA", "state": "", "documentation": "", "categories": "", "properties": "", "auditing": "", "bgcolor": "#ffffff"}, "stencil": {"id": "DataObject"}, "outgoing": [], "glossaryLinks": {}, "formats": {}}, {"dockers": [{"y": 33.5, "x": 40.5}, {"y": 40, "x": 50}], "bounds": {"lowerRight": {"y": 784.15404193579081493, "x": 961.20702398923708643}, "upperLeft": {"y": 752, "x": 946.41314553990605418}}, "resourceId": "sid-65FE6714-9558-436D-A194-4BCECC527263", "layers": [], "labels": [], "target": {"resourceId": "sid-1F5B0110-F5A9-4228-B358-62DD3CD13145"}, "childShapes": [], "properties": {"bordercolor": "#000000", "text": "", "assignments": "", "transformation": ""}, "stencil": {"id": "Association_Unidirectional"}, "outgoing": [{"resourceId": "sid-1F5B0110-F5A9-4228-B358-62DD3CD13145"}], "glossaryLinks": {}, "formats": {}}, {"dockers": [{"y": 33.5, "x": 40.5}, {"y": 40, "x": 50}], "bounds": {"lowerRight": {"y": 784.36580661592631714, "x": 1018.3018867924528195}, "upperLeft": {"y": 752.5, "x": 1001.4671210330955091}}, "resourceId": "sid-B68D1839-04A7-4A47-A5E5-249D72AAAE61", "layers": [], "labels": [], "target": {"resourceId": "sid-1F5B0110-F5A9-4228-B358-62DD3CD13145"}, "childShapes": [], "properties": {"bordercolor": "#000000", "text": "", "assignments": "", "transformation": ""}, "stencil": {"id": "Association_Unidirectional"}, "outgoing": [{"resourceId": "sid-1F5B0110-F5A9-4228-B358-62DD3CD13145"}], "glossaryLinks": {}, "formats": {}}, {"dockers": [{"y": 40, "x": 50}, {"y": 33.5, "x": 40.5}], "bounds": {"lowerRight": {"y": 793.31831831831834734, "x": 1105.3310768560497763}, "upperLeft": {"y": 745.58601436448498134, "x": 1030}}, "resourceId": "sid-B577BFE4-7F9A-4AAF-AD10-DE9BEAB2465A", "layers": [], "labels": [], "target": {"resourceId": "sid-4B867DE2-A777-4D7B-B75D-3884805730F6"}, "childShapes": [], "properties": {"bordercolor": "#000000", "text": "", "assignments": "", "transformation": ""}, "stencil": {"id": "Association_Unidirectional"}, "outgoing": [{"resourceId": "sid-4B867DE2-A777-4D7B-B75D-3884805730F6"}], "glossaryLinks": {}, "formats": {}}, {"dockers": [], "bounds": {"lowerRight": {"y": 425, "x": 885.5}, "upperLeft": {"y": 385, "x": 845.5}}, "resourceId": "sid-B0117D17-802E-4EF1-972C-4BC7F8229F18", "layers": [], "labels": [], "childShapes": [], "properties": {"xortype": "Data", "monitoring": "", "defaultgate": "", "gatewaytype": "XOR", "gates": "", "assignments": "", "bgcolor": "#ffffff", "bordercolor": "#000000", "pool": "", "gate_assignments": "", "markervisible": "true", "name": "", "documentation": "", "gates_assignments": "", "categories": "", "auditing": "", "gate_outgoingsequenceflow": "", "lanes": "", "gates_outgoingsequenceflow": "", "processid": ""}, "stencil": {"id": "Exclusive_Databased_Gateway"}, "outgoing": [{"resourceId": "sid-BB1112D6-A6AF-49FF-825E-CE2397010FDC"}], "glossaryLinks": {}, "formats": {}}, {"dockers": [{"y": 20, "x": 20}, {"y": 40, "x": 50}], "bounds": {"lowerRight": {"y": 405, "x": 929.80078125}, "upperLeft": {"y": 405, "x": 885.28515625}}, "resourceId": "sid-BB1112D6-A6AF-49FF-825E-CE2397010FDC", "layers": [], "labels": [], "target": {"resourceId": "sid-33D0FD32-F672-45B1-9F09-2969E03E161E"}, "childShapes": [], "properties": {"ConditionType": "None", "showdiamondmarker": "false", "bordercolor": "#000000", "monitoring": "", "name": "", "documentation": "", "probability": "", "conditionexpression": "", "isimmediate": "false", "auditing": ""}, "stencil": {"id": "SequenceFlow"}, "outgoing": [{"resourceId": "sid-33D0FD32-F672-45B1-9F09-2969E03E161E"}], "glossaryLinks": {}, "formats": {}}, {"dockers": [], "bounds": {"lowerRight": {"y": 845, "x": 885.5}, "upperLeft": {"y": 805, "x": 845.5}}, "resourceId": "sid-5684A9EF-87B5-4165-AFF4-9B3653D87F2D", "layers": [], "labels": [], "childShapes": [], "properties": {"xortype": "Data", "monitoring": "", "defaultgate": "", "gatewaytype": "XOR", "gates": "", "assignments": "", "bgcolor": "#ffffff", "bordercolor": "#000000", "pool": "", "gate_assignments": "", "markervisible": "true", "name": "", "documentation": "", "gates_assignments": "", "categories": "", "auditing": "", "gate_outgoingsequenceflow": "", "lanes": "", "gates_outgoingsequenceflow": "", "processid": ""}, "stencil": {"id": "Exclusive_Databased_Gateway"}, "outgoing": [{"resourceId": "sid-B2C0BC5E-0F03-48D1-AB8A-865EDF1FE834"}], "glossaryLinks": {}, "formats": {}}, {"dockers": [{"y": 20, "x": 20}, {"y": 40, "x": 50}], "bounds": {"lowerRight": {"y": 825, "x": 929.80078125}, "upperLeft": {"y": 825, "x": 885.28515625}}, "resourceId": "sid-B2C0BC5E-0F03-48D1-AB8A-865EDF1FE834", "layers": [], "labels": [], "target": {"resourceId": "sid-1F5B0110-F5A9-4228-B358-62DD3CD13145"}, "childShapes": [], "properties": {"ConditionType": "None", "showdiamondmarker": "false", "bordercolor": "#000000", "monitoring": "", "name": "", "documentation": "", "probability": "", "conditionexpression": "", "isimmediate": "false", "auditing": ""}, "stencil": {"id": "SequenceFlow"}, "outgoing": [{"resourceId": "sid-1F5B0110-F5A9-4228-B358-62DD3CD13145"}], "glossaryLinks": {}, "formats": {}}, {"dockers": [], "bounds": {"lowerRight": {"y": 635, "x": 885.5}, "upperLeft": {"y": 595, "x": 845.5}}, "resourceId": "sid-53ACC773-8BBD-46D0-89C2-39B2E23BEF84", "layers": [], "labels": [], "childShapes": [], "properties": {"xortype": "Data", "monitoring": "", "defaultgate": "", "gatewaytype": "XOR", "gates": "", "assignments": "", "bgcolor": "#ffffff", "bordercolor": "#000000", "pool": "", "gate_assignments": "", "markervisible": "true", "name": "", "documentation": "", "gates_assignments": "", "categories": "", "auditing": "", "gate_outgoingsequenceflow": "", "lanes": "", "gates_outgoingsequenceflow": "", "processid": ""}, "stencil": {"id": "Exclusive_Databased_Gateway"}, "outgoing": [{"resourceId": "sid-B32EB88F-1270-4DCE-90C5-849A781C2E47"}], "glossaryLinks": {}, "formats": {}}, {"dockers": [{"y": 20.5, "x": 20.5}, {"y": 20.5, "x": 20.5}], "bounds": {"lowerRight": {"y": 615.5, "x": 844.875}, "upperLeft": {"y": 615.5, "x": 805}}, "resourceId": "sid-27466D18-02DE-4F0E-AD93-74CF15108B78", "layers": [], "labels": [], "target": {"resourceId": "sid-53ACC773-8BBD-46D0-89C2-39B2E23BEF84"}, "childShapes": [], "properties": {"ConditionType": "None", "showdiamondmarker": "false", "bordercolor": "#000000", "monitoring": "", "name": "", "documentation": "", "probability": "", "conditionexpression": "", "isimmediate": "false", "auditing": ""}, "stencil": {"id": "SequenceFlow"}, "outgoing": [{"resourceId": "sid-53ACC773-8BBD-46D0-89C2-39B2E23BEF84"}], "glossaryLinks": {}, "formats": {}}, {"dockers": [{"y": 20.5, "x": 20.5}, {"y": 40, "x": 50}], "bounds": {"lowerRight": {"y": 615.41358282727287587, "x": 929.12500961820535395}, "upperLeft": {"y": 615.22313592272712413, "x": 885.70311538179464605}}, "resourceId": "sid-B32EB88F-1270-4DCE-90C5-849A781C2E47", "layers": [], "labels": [], "target": {"resourceId": "sid-DE805495-BDCA-4F90-A845-D5408B01CD4E"}, "childShapes": [], "properties": {"ConditionType": "None", "showdiamondmarker": "false", "bordercolor": "#000000", "monitoring": "", "name": "", "documentation": "", "probability": "", "conditionexpression": "", "isimmediate": "false", "auditing": ""}, "stencil": {"id": "SequenceFlow"}, "outgoing": [{"resourceId": "sid-DE805495-BDCA-4F90-A845-D5408B01CD4E"}], "glossaryLinks": {}, "formats": {}}, {"dockers": [], "bounds": {"lowerRight": {"y": 635, "x": 1215}, "upperLeft": {"y": 595, "x": 1175}}, "resourceId": "sid-11F8F2F0-2074-4A28-B111-99C71DA71C82", "layers": [], "labels": [], "childShapes": [], "properties": {"xortype": "Data", "monitoring": "", "defaultgate": "", "gatewaytype": "XOR", "gates": "", "assignments": "", "bgcolor": "#ffffff", "bordercolor": "#000000", "pool": "", "gate_assignments": "", "markervisible": "true", "name": "", "documentation": "", "gates_assignments": "", "categories": "", "auditing": "", "gate_outgoingsequenceflow": "", "lanes": "", "gates_outgoingsequenceflow": "", "processid": ""}, "stencil": {"id": "Exclusive_Databased_Gateway"}, "outgoing": [{"resourceId": "sid-18351AD6-E0A6-4B0A-9341-54C02341E9EF"}, {"resourceId": "sid-C3DB6768-B8EE-4E53-BCE3-65A1C080F994"}, {"resourceId": "sid-73586428-24D4-4BBC-8E94-44EC9A933779"}], "glossaryLinks": {}, "formats": {}}, {"dockers": [{"y": 40, "x": 50}, {"y": 20.5, "x": 20.5}], "bounds": {"lowerRight": {"y": 615.45080482063019645, "x": 1174.2968776916197839}, "upperLeft": {"y": 615.11600928074244621, "x": 1030}}, "resourceId": "sid-C6DEE4F6-E83E-44C7-BB4B-2D735F63DA39", "layers": [], "labels": [], "target": {"resourceId": "sid-11F8F2F0-2074-4A28-B111-99C71DA71C82"}, "childShapes": [], "properties": {"ConditionType": "None", "showdiamondmarker": "false", "bordercolor": "#000000", "monitoring": "", "name": "", "documentation": "", "probability": "", "conditionexpression": "", "isimmediate": "false", "auditing": ""}, "stencil": {"id": "SequenceFlow"}, "outgoing": [{"resourceId": "sid-11F8F2F0-2074-4A28-B111-99C71DA71C82"}], "glossaryLinks": {}, "formats": {}}, {"dockers": [{"y": 20.5, "x": 20.5}, {"y": 666, "x": 1195.5}, {"y": 666, "x": 866}, {"y": 20.5, "x": 20.5}], "bounds": {"lowerRight": {"y": 804.5625, "x": 1195.5}, "upperLeft": {"y": 635, "x": 866}}, "resourceId": "sid-18351AD6-E0A6-4B0A-9341-54C02341E9EF", "layers": [], "labels": [], "target": {"resourceId": "sid-5684A9EF-87B5-4165-AFF4-9B3653D87F2D"}, "childShapes": [], "properties": {"ConditionType": "None", "showdiamondmarker": "false", "bordercolor": "#000000", "monitoring": "", "name": "", "documentation": "", "probability": "", "conditionexpression": "", "isimmediate": "false", "auditing": ""}, "stencil": {"id": "SequenceFlow"}, "outgoing": [{"resourceId": "sid-5684A9EF-87B5-4165-AFF4-9B3653D87F2D"}], "glossaryLinks": {}, "formats": {}}, {"dockers": [{"y": 20.5, "x": 20.5}, {"y": 452, "x": 1195.5}, {"y": 452, "x": 866}, {"y": 20.5, "x": 20.5}], "bounds": {"lowerRight": {"y": 594.0625, "x": 1195.5}, "upperLeft": {"y": 425, "x": 866}}, "resourceId": "sid-C3DB6768-B8EE-4E53-BCE3-65A1C080F994", "layers": [], "labels": [], "target": {"resourceId": "sid-B0117D17-802E-4EF1-972C-4BC7F8229F18"}, "childShapes": [], "properties": {"ConditionType": "None", "showdiamondmarker": "false", "bordercolor": "#000000", "monitoring": "", "name": "", "documentation": "", "probability": "", "conditionexpression": "", "isimmediate": "false", "auditing": ""}, "stencil": {"id": "SequenceFlow"}, "outgoing": [{"resourceId": "sid-B0117D17-802E-4EF1-972C-4BC7F8229F18"}], "glossaryLinks": {}, "formats": {}}, {"dockers": [{"y": 20.5, "x": 20.5}, {"y": 666, "x": 1195.5}, {"y": 666, "x": 866}, {"y": 20.5, "x": 20.5}], "bounds": {"lowerRight": {"y": 666, "x": 1195.5}, "upperLeft": {"y": 635, "x": 866}}, "resourceId": "sid-73586428-24D4-4BBC-8E94-44EC9A933779", "layers": [], "labels": [], "target": {"resourceId": "sid-53ACC773-8BBD-46D0-89C2-39B2E23BEF84"}, "childShapes": [], "properties": {"ConditionType": "None", "showdiamondmarker": "false", "bordercolor": "#000000", "monitoring": "", "name": "", "documentation": "", "probability": "", "conditionexpression": "", "isimmediate": "false", "auditing": ""}, "stencil": {"id": "SequenceFlow"}, "outgoing": [{"resourceId": "sid-53ACC773-8BBD-46D0-89C2-39B2E23BEF84"}], "glossaryLinks": {}, "formats": {}}, {"dockers": [], "bounds": {"lowerRight": {"y": 635, "x": 1455}, "upperLeft": {"y": 595, "x": 1415}}, "resourceId": "sid-5896175D-CE11-4467-B3B0-481B446DD760", "layers": [], "labels": [], "childShapes": [], "properties": {"xortype": "Data", "monitoring": "", "defaultgate": "", "gatewaytype": "XOR", "gates": "", "assignments": "", "bgcolor": "#ffffff", "bordercolor": "#000000", "pool": "", "gate_assignments": "", "markervisible": "true", "name": "", "documentation": "", "gates_assignments": "", "categories": "", "auditing": "", "gate_outgoingsequenceflow": "", "lanes": "", "gates_outgoingsequenceflow": "", "processid": ""}, "stencil": {"id": "Exclusive_Databased_Gateway"}, "outgoing": [{"resourceId": "sid-8C593A00-34BC-4C28-B96B-C299557CFFE3"}], "glossaryLinks": {}, "formats": {}}, {"dockers": [{"y": 40, "x": 50}, {"y": 825, "x": 1435.5}, {"y": 20.5, "x": 20.5}], "bounds": {"lowerRight": {"y": 825, "x": 1435.5}, "upperLeft": {"y": 635, "x": 1030}}, "resourceId": "sid-411967AE-D682-4F56-8A01-E3A2211C18F9", "layers": [], "labels": [], "target": {"resourceId": "sid-5896175D-CE11-4467-B3B0-481B446DD760"}, "childShapes": [], "properties": {"ConditionType": "None", "showdiamondmarker": "false", "bordercolor": "#000000", "monitoring": "", "name": "", "documentation": "", "probability": "", "conditionexpression": "", "isimmediate": "false", "auditing": ""}, "stencil": {"id": "SequenceFlow"}, "outgoing": [{"resourceId": "sid-5896175D-CE11-4467-B3B0-481B446DD760"}], "glossaryLinks": {}, "formats": {}}, {"dockers": [], "bounds": {"lowerRight": {"y": 170, "x": 1240}, "upperLeft": {"y": 130, "x": 1200}}, "resourceId": "sid-A7CBFB95-F4D0-405E-AFF3-7F39501AB413", "layers": [], "labels": [], "childShapes": [], "properties": {"xortype": "Data", "monitoring": "", "defaultgate": "", "gatewaytype": "XOR", "gates": "", "assignments": "", "bgcolor": "#ffffff", "bordercolor": "#000000", "pool": "", "gate_assignments": "", "markervisible": "true", "name": "", "documentation": "", "gates_assignments": "", "categories": "", "auditing": "", "gate_outgoingsequenceflow": "", "lanes": "", "gates_outgoingsequenceflow": "", "processid": ""}, "stencil": {"id": "Exclusive_Databased_Gateway"}, "outgoing": [{"resourceId": "sid-72019270-B06E-4709-A521-0E05731F0441"}], "glossaryLinks": {}, "formats": {}}, {"dockers": [{"y": 40, "x": 50}, {"y": 20.5, "x": 20.5}], "bounds": {"lowerRight": {"y": 150.48666407264104805, "x": 1199.6826173926938282}, "upperLeft": {"y": 150.03203074951954932, "x": 490}}, "resourceId": "sid-5B235C1C-9946-4917-A75B-D780D2B935F6", "layers": [], "labels": [], "target": {"resourceId": "sid-A7CBFB95-F4D0-405E-AFF3-7F39501AB413"}, "childShapes": [], "properties": {"ConditionType": "None", "showdiamondmarker": "false", "bordercolor": "#000000", "monitoring": "", "name": "", "documentation": "", "probability": "", "conditionexpression": "", "isimmediate": "false", "auditing": ""}, "stencil": {"id": "SequenceFlow"}, "outgoing": [{"resourceId": "sid-A7CBFB95-F4D0-405E-AFF3-7F39501AB413"}], "glossaryLinks": {}, "formats": {}}, {"dockers": [], "bounds": {"lowerRight": {"y": 190, "x": 1385}, "upperLeft": {"y": 110, "x": 1285}}, "resourceId": "sid-2A187D02-FC21-463D-A3EC-4F4D5AC1E072", "layers": [], "labels": [], "childShapes": [], "properties": {"resources": "", "outmsgstructure": "", "applyincalc": "true", "loopcardinality": "", "outmessagename": "", "inmessagename": "", "bgcolor": "#ffffcc", "bordercolor": "#000000", "time": "", "loopdataoutput": "", "testbefore": "false", "callacitivity": "false", "outmsgiscollection": "false", "monitoring": "", "operationname": "", "dataoutputset": "", "completionquantity": "1", "properties": "", "script": "", "assignments": "", "nonebehavioreventref": "signal", "scriptformat": "", "datainputset": "", "processid": "", "startquantity": "1", "tasktype": "None", "looptype": "None", "instantiate": "false", "behavior": "all", "inmsgimport": "", "costs": "", "inputdataitem": "", "loopdatainput": "", "name": "AB", "outmsgitemkind": "Information", "costcenter": "", "completioncondition": "", "isforcompensation": "false", "inmsgiscollection": "false", "inmsgitemkind": "Information", "inmsgstructure": "", "outputdataitem": "", "messageref": "", "loopcondition": "", "onebehavioreventref:": "signal", "implementation": "webService", "operationref": "", "outmsgimport": "", "documentation": "", "categories": "", "auditing": "", "complexbehaviordefinition": ""}, "stencil": {"id": "Task"}, "outgoing": [{"resourceId": "sid-0E385FD5-BD5A-4B6D-9FD7-8D9CDB30D9F9"}, {"resourceId": "sid-48C53B93-6D0C-4120-A912-5C79A98626EE"}], "glossaryLinks": {}, "formats": {}}, {"dockers": [{"y": 20.5, "x": 20.5}, {"y": 40, "x": 50}], "bounds": {"lowerRight": {"y": 150.41360197940781518, "x": 1284.8007907843882549}, "upperLeft": {"y": 150.21921052059218482, "x": 1240.2851467156117451}}, "resourceId": "sid-72019270-B06E-4709-A521-0E05731F0441", "layers": [], "labels": [], "target": {"resourceId": "sid-2A187D02-FC21-463D-A3EC-4F4D5AC1E072"}, "childShapes": [], "properties": {"ConditionType": "None", "showdiamondmarker": "false", "bordercolor": "#000000", "monitoring": "", "name": "", "documentation": "", "probability": "", "conditionexpression": "", "isimmediate": "false", "auditing": ""}, "stencil": {"id": "SequenceFlow"}, "outgoing": [{"resourceId": "sid-2A187D02-FC21-463D-A3EC-4F4D5AC1E072"}], "glossaryLinks": {}, "formats": {}}, {"dockers": [{"y": 40, "x": 50}, {"y": 150, "x": 1435.5}, {"y": 20.5, "x": 20.5}], "bounds": {"lowerRight": {"y": 594.498046875, "x": 1435.5}, "upperLeft": {"y": 150, "x": 1385}}, "resourceId": "sid-0E385FD5-BD5A-4B6D-9FD7-8D9CDB30D9F9", "layers": [], "labels": [], "target": {"resourceId": "sid-5896175D-CE11-4467-B3B0-481B446DD760"}, "childShapes": [], "properties": {"ConditionType": "None", "showdiamondmarker": "false", "bordercolor": "#000000", "monitoring": "", "name": "", "documentation": "", "probability": "", "conditionexpression": "", "isimmediate": "false", "auditing": ""}, "stencil": {"id": "SequenceFlow"}, "outgoing": [{"resourceId": "sid-5896175D-CE11-4467-B3B0-481B446DD760"}], "glossaryLinks": {}, "formats": {}}, {"dockers": [], "bounds": {"lowerRight": {"y": 629, "x": 1528}, "upperLeft": {"y": 601, "x": 1500}}, "resourceId": "sid-96FFD4D0-2384-47F9-815E-52F97D4E28BF", "layers": [], "labels": [], "childShapes": [], "properties": {"inputset": "", "trigger": "None", "bordercolor": "#000000", "monitoring": "", "datainputassociations": "", "name": "", "documentation": "", "auditing": "", "datainput": "", "bgcolor": "#ffffff"}, "stencil": {"id": "EndNoneEvent"}, "outgoing": [], "glossaryLinks": {}, "formats": {}}, {"dockers": [{"y": 20.5, "x": 20.5}, {"y": 14, "x": 14}], "bounds": {"lowerRight": {"y": 615.37644320244703522, "x": 1499.5078327841813461}, "upperLeft": {"y": 615.09230679755296478, "x": 1454.8984172158186539}}, "resourceId": "sid-8C593A00-34BC-4C28-B96B-C299557CFFE3", "layers": [], "labels": [], "target": {"resourceId": "sid-96FFD4D0-2384-47F9-815E-52F97D4E28BF"}, "childShapes": [], "properties": {"ConditionType": "None", "showdiamondmarker": "false", "bordercolor": "#000000", "monitoring": "", "name": "", "documentation": "", "probability": "", "conditionexpression": "", "isimmediate": "false", "auditing": ""}, "stencil": {"id": "SequenceFlow"}, "outgoing": [{"resourceId": "sid-96FFD4D0-2384-47F9-815E-52F97D4E28BF"}], "glossaryLinks": {}, "formats": {}}, {"dockers": [{"y": 40, "x": 50}, {"y": 945, "x": 1435.5}, {"y": 20.5, "x": 20.5}], "bounds": {"lowerRight": {"y": 945, "x": 1435.5}, "upperLeft": {"y": 635, "x": 720}}, "resourceId": "sid-31C13922-3523-4C17-99D4-B0EE180D42B5", "layers": [], "labels": [], "target": {"resourceId": "sid-5896175D-CE11-4467-B3B0-481B446DD760"}, "childShapes": [], "properties": {"ConditionType": "None", "showdiamondmarker": "false", "bordercolor": "#000000", "monitoring": "", "name": "", "documentation": "", "probability": "", "conditionexpression": "", "isimmediate": "false", "auditing": ""}, "stencil": {"id": "SequenceFlow"}, "outgoing": [{"resourceId": "sid-5896175D-CE11-4467-B3B0-481B446DD760"}], "glossaryLinks": {}, "formats": {}}, {"dockers": [], "bounds": {"lowerRight": {"y": 77.5, "x": 1361}, "upperLeft": {"y": 10.5, "x": 1280}}, "resourceId": "sid-3BA0ECCA-DAD9-4612-9A28-5D8A22F9C732", "layers": [], "labels": [], "childShapes": [], "properties": {"bordercolor": "#000000", "iscollection": "false", "monitoring": "", "input_output": "None", "name": "AC", "state": "", "documentation": "", "categories": "", "properties": "", "auditing": "", "bgcolor": "#ffffff"}, "stencil": {"id": "DataObject"}, "outgoing": [{"resourceId": "sid-F48A940E-1C7F-4C54-9D50-E38D70E373E0"}], "glossaryLinks": {}, "formats": {}}, {"dockers": [{"y": 40, "x": 50}, {"y": 405, "x": 1220.5}, {"y": 20.5, "x": 20.5}], "bounds": {"lowerRight": {"y": 405, "x": 1220.5}, "upperLeft": {"y": 170, "x": 1030}}, "resourceId": "sid-7A92DA9F-62C9-424F-AE1A-C2D46A186C3E", "layers": [], "labels": [], "target": {"resourceId": "sid-A7CBFB95-F4D0-405E-AFF3-7F39501AB413"}, "childShapes": [], "properties": {"ConditionType": "None", "showdiamondmarker": "false", "bordercolor": "#000000", "monitoring": "", "name": "", "documentation": "", "probability": "", "conditionexpression": "", "isimmediate": "false", "auditing": ""}, "stencil": {"id": "SequenceFlow"}, "outgoing": [{"resourceId": "sid-A7CBFB95-F4D0-405E-AFF3-7F39501AB413"}], "glossaryLinks": {}, "formats": {}}, {"dockers": [], "bounds": {"lowerRight": {"y": 77.5, "x": 1255.5}, "upperLeft": {"y": 10.5, "x": 1174.5}}, "resourceId": "sid-3033640B-6A59-44F6-999B-56079523C28A", "layers": [], "labels": [], "childShapes": [], "properties": {"bordercolor": "#000000", "iscollection": "false", "monitoring": "", "input_output": "None", "name": "AD", "state": "", "documentation": "", "categories": "", "properties": "", "auditing": "", "bgcolor": "#ffffff"}, "stencil": {"id": "DataObject"}, "outgoing": [{"resourceId": "sid-B918F19E-8DEA-408A-8880-09C38D006833"}], "glossaryLinks": {}, "formats": {}}, {"dockers": [{"y": 33.5, "x": 40.5}, {"y": 40, "x": 50}], "bounds": {"lowerRight": {"y": 109.58796532959266301, "x": 1289.250526788218167}, "upperLeft": {"y": 77.5, "x": 1252.9245283018867667}}, "resourceId": "sid-B918F19E-8DEA-408A-8880-09C38D006833", "layers": [], "labels": [], "target": {"resourceId": "sid-2A187D02-FC21-463D-A3EC-4F4D5AC1E072"}, "childShapes": [], "properties": {"bordercolor": "#000000", "text": "", "assignments": "", "transformation": ""}, "stencil": {"id": "Association_Unidirectional"}, "outgoing": [{"resourceId": "sid-2A187D02-FC21-463D-A3EC-4F4D5AC1E072"}], "glossaryLinks": {}, "formats": {}}, {"dockers": [{"y": 33.5, "x": 40.5}, {"y": 40, "x": 50}], "bounds": {"lowerRight": {"y": 109.25922679753963962, "x": 1329.4269697034369528}, "upperLeft": {"y": 77.5, "x": 1325.0825471698112779}}, "resourceId": "sid-F48A940E-1C7F-4C54-9D50-E38D70E373E0", "layers": [], "labels": [], "target": {"resourceId": "sid-2A187D02-FC21-463D-A3EC-4F4D5AC1E072"}, "childShapes": [], "properties": {"bordercolor": "#000000", "text": "", "assignments": "", "transformation": ""}, "stencil": {"id": "Association_Unidirectional"}, "outgoing": [{"resourceId": "sid-2A187D02-FC21-463D-A3EC-4F4D5AC1E072"}], "glossaryLinks": {}, "formats": {}}, {"dockers": [], "bounds": {"lowerRight": {"y": 78, "x": 1486}, "upperLeft": {"y": 11, "x": 1405}}, "resourceId": "sid-CF7FB374-424A-4F50-9B8F-CFBE81F453CE", "layers": [], "labels": [], "childShapes": [], "properties": {"bordercolor": "#000000", "iscollection": "false", "monitoring": "", "input_output": "None", "name": "AE", "state": "", "documentation": "", "categories": "", "properties": "", "auditing": "", "bgcolor": "#ffffff"}, "stencil": {"id": "DataObject"}, "outgoing": [], "glossaryLinks": {}, "formats": {}}, {"dockers": [{"y": 40, "x": 50}, {"y": 33.5, "x": 40.5}], "bounds": {"lowerRight": {"y": 109.74694641856126509, "x": 1410.4123222748814896}, "upperLeft": {"y": 78, "x": 1377.1607812393267523}}, "resourceId": "sid-48C53B93-6D0C-4120-A912-5C79A98626EE", "layers": [], "labels": [], "target": {"resourceId": "sid-CF7FB374-424A-4F50-9B8F-CFBE81F453CE"}, "childShapes": [], "properties": {"bordercolor": "#000000", "text": "", "assignments": "", "transformation": ""}, "stencil": {"id": "Association_Unidirectional"}, "outgoing": [{"resourceId": "sid-CF7FB374-424A-4F50-9B8F-CFBE81F453CE"}], "glossaryLinks": {}, "formats": {}}], "properties": {"orientation": "horizontal", "monitoring": "", "modificationdate": "", "creationdate": "", "namespaces": "", "version": "", "targetnamespace": "http://www.signavio.com/bpmn20", "author": "", "name": "", "documentation": "", "language": "English", "typelanguage": "http://www.w3.org/2001/XMLSchema", "expressionlanguage": "http://www.w3.org/1999/XPath", "auditing": ""}, "ssextensions": ["http://oryx-editor.org/stencilsets/extensions/bpmn2.0basicsubset#"], "stencilset": {"url": "/stencilsets/bpmn2.0/bpmn2.0.json?version=4.7.0", "namespace": "http://b3mn.org/stencilset/bpmn2.0#"}, "stencil": {"id": "BPMNDiagram"}, "formats": {}}