{"revision": {"creationDate": null, "isLastRevision": true, "revisionNumber": 1, "elementCounts": {"total": 121, "Lane": 3, "IntermediateTimerEvent": 8, "IntermediateMessageEventCatching": 7, "Message": 2, "Pool": 2, "StartNoneEvent": 1, "MessageFlow": 12, "StartMessageEvent": 2, "SequenceFlow": 52, "Task": 20, "EndNoneEvent": 5, "BPMNDiagram": 1, "Exclusive_Databased_Gateway": 2, "ParallelGateway": 4}, "connectedness": 95}, "model": {"modelId": "103911185", "modelDate": "2012-08-30", "groupName": "BPMN2.0_Process", "naturalLanguage": "en", "modelName": "103911185", "TimestampModelCollection": "2012-08-30 14:08:38", "modelingLanguage": "bpmn20", "directoryId": "1282671997", "numberOfRevisions": 1}}