{"revision": {"creationDate": null, "isLastRevision": true, "revisionNumber": 1, "elementCounts": {"total": 26, "Lane": 1, "StartNoneEvent": 1, "Task": 6, "SequenceFlow": 7, "Pool": 1, "EndNoneEvent": 1, "CollapsedPool": 1, "BPMNDiagram": 1, "MessageFlow": 7}, "connectedness": 100}, "model": {"modelId": "1039850241", "modelDate": "2012-08-30", "groupName": "BPMN2.0_Process", "naturalLanguage": "en", "modelName": "1039850241", "TimestampModelCollection": "2012-08-30 14:08:38", "modelingLanguage": "bpmn20", "directoryId": "1089092625", "numberOfRevisions": 1}}