{"revision": {"creationDate": null, "isLastRevision": true, "revisionNumber": 2, "elementCounts": {"total": 231, "EndMessageEvent": 1, "Lane": 2, "IntermediateTimerEvent": 5, "IntermediateMessageEventCatching": 1, "Pool": 2, "MessageFlow": 1, "StartMessageEvent": 1, "CollapsedSubprocess": 1, "TextAnnotation": 19, "Association_Undirected": 19, "SequenceFlow": 106, "Task": 29, "EndNoneEvent": 3, "BPMNDiagram": 1, "Exclusive_Databased_Gateway": 36, "ParallelGateway": 4}, "connectedness": 99}, "model": {"modelId": "1040516350", "modelDate": "2012-04-11", "groupName": "BPMN2.0_Process", "naturalLanguage": "en", "modelName": "Due items procedure v1.4", "TimestampModelCollection": "2012-08-30 14:08:38", "modelingLanguage": "bpmn20", "directoryId": "673096659", "numberOfRevisions": 2}}