{"bounds": {"lowerRight": {"y": 1050, "x": 1485}, "upperLeft": {"y": 0, "x": 0}}, "resourceId": "canvas", "childShapes": [{"dockers": [], "bounds": {"lowerRight": {"y": 140, "x": 210}, "upperLeft": {"y": 60, "x": 110}}, "resourceId": "sid-A09D3AD7-6539-4568-9F73-6E81E81FF034", "layers": [], "labels": [], "childShapes": [], "properties": {"resources": "", "outmsgstructure": "", "applyincalc": "true", "loopcardinality": "", "outmessagename": "", "inmessagename": "", "bgcolor": "#ffffcc", "bordercolor": "#000000", "time": "", "loopdataoutput": "", "testbefore": "false", "callacitivity": "false", "outmsgiscollection": "false", "monitoring": "", "operationname": "", "dataoutputset": "", "completionquantity": "1", "properties": "", "script": "", "assignments": "", "nonebehavioreventref": "signal", "scriptformat": "", "datainputset": "", "processid": "", "startquantity": "1", "tasktype": "None", "looptype": "None", "instantiate": "false", "behavior": "all", "inmsgimport": "", "costs": "", "inputdataitem": "", "loopdatainput": "", "name": "A", "outmsgitemkind": "Information", "costcenter": "", "completioncondition": "", "isforcompensation": "false", "inmsgiscollection": "false", "inmsgitemkind": "Information", "inmsgstructure": "", "outputdataitem": "", "messageref": "", "loopcondition": "", "onebehavioreventref:": "signal", "implementation": "webService", "operationref": "", "outmsgimport": "", "documentation": "", "categories": "", "auditing": "", "complexbehaviordefinition": ""}, "stencil": {"id": "Task"}, "outgoing": [{"resourceId": "sid-99E78615-F947-4F01-95F2-066D954B199E"}], "glossaryLinks": {}, "formats": {}}, {"dockers": [], "bounds": {"lowerRight": {"y": 140, "x": 335}, "upperLeft": {"y": 60, "x": 235}}, "resourceId": "sid-0CD571A1-0360-410C-A1B3-DB0FA2F1E0B0", "layers": [], "labels": [], "childShapes": [], "properties": {"resources": "", "outmsgstructure": "", "applyincalc": "true", "loopcardinality": "", "outmessagename": "", "inmessagename": "", "bgcolor": "#ffffcc", "bordercolor": "#000000", "time": "", "loopdataoutput": "", "testbefore": "false", "callacitivity": "false", "outmsgiscollection": "false", "monitoring": "", "operationname": "", "dataoutputset": "", "completionquantity": "1", "properties": "", "script": "", "assignments": "", "nonebehavioreventref": "signal", "scriptformat": "", "datainputset": "", "processid": "", "startquantity": "1", "tasktype": "None", "looptype": "None", "instantiate": "false", "behavior": "all", "inmsgimport": "", "costs": "", "inputdataitem": "", "loopdatainput": "", "name": "B", "outmsgitemkind": "Information", "costcenter": "", "completioncondition": "", "isforcompensation": "false", "inmsgiscollection": "false", "inmsgitemkind": "Information", "inmsgstructure": "", "outputdataitem": "", "messageref": "", "loopcondition": "", "onebehavioreventref:": "signal", "implementation": "webService", "operationref": "", "outmsgimport": "", "documentation": "", "categories": "", "auditing": "", "complexbehaviordefinition": ""}, "stencil": {"id": "Task"}, "outgoing": [{"resourceId": "sid-EEF90460-C4B5-43C8-A0AB-39DBA74B9E6B"}], "glossaryLinks": {}, "formats": {}}, {"dockers": [{"y": 40, "x": 50}, {"y": 40, "x": 50}], "bounds": {"lowerRight": {"y": 100, "x": 234.1953125}, "upperLeft": {"y": 100, "x": 210}}, "resourceId": "sid-99E78615-F947-4F01-95F2-066D954B199E", "layers": [], "labels": [], "target": {"resourceId": "sid-0CD571A1-0360-410C-A1B3-DB0FA2F1E0B0"}, "childShapes": [], "properties": {"ConditionType": "None", "showdiamondmarker": "false", "bordercolor": "#000000", "monitoring": "", "name": "", "documentation": "", "probability": "", "conditionexpression": "", "isimmediate": "false", "auditing": ""}, "stencil": {"id": "SequenceFlow"}, "outgoing": [{"resourceId": "sid-0CD571A1-0360-410C-A1B3-DB0FA2F1E0B0"}], "glossaryLinks": {}, "formats": {}}, {"dockers": [], "bounds": {"lowerRight": {"y": 140, "x": 520}, "upperLeft": {"y": 60, "x": 420}}, "resourceId": "sid-06F05F6B-68A3-457E-A63C-EAD757F9D6D9", "layers": [], "labels": [], "childShapes": [], "properties": {"resources": "", "outmsgstructure": "", "applyincalc": "true", "loopcardinality": "", "outmessagename": "", "inmessagename": "", "bgcolor": "#ffffcc", "bordercolor": "#000000", "time": "", "loopdataoutput": "", "testbefore": "false", "callacitivity": "false", "outmsgiscollection": "false", "monitoring": "", "operationname": "", "dataoutputset": "", "completionquantity": "1", "properties": "", "script": "", "assignments": "", "nonebehavioreventref": "signal", "scriptformat": "", "datainputset": "", "processid": "", "startquantity": "1", "tasktype": "None", "looptype": "None", "instantiate": "false", "behavior": "all", "inmsgimport": "", "costs": "", "inputdataitem": "", "loopdatainput": "", "name": "C", "outmsgitemkind": "Information", "costcenter": "", "completioncondition": "", "isforcompensation": "false", "inmsgiscollection": "false", "inmsgitemkind": "Information", "inmsgstructure": "", "outputdataitem": "", "messageref": "", "loopcondition": "", "onebehavioreventref:": "signal", "implementation": "webService", "operationref": "", "outmsgimport": "", "documentation": "", "categories": "", "auditing": "", "complexbehaviordefinition": ""}, "stencil": {"id": "Task"}, "outgoing": [{"resourceId": "sid-CB11A595-2766-4C55-A1AD-867734FAF7C7"}], "glossaryLinks": {}, "formats": {}}, {"dockers": [{"y": 40, "x": 50}, {"y": 20.5, "x": 20.5}], "bounds": {"lowerRight": {"y": 100.39736868719253948, "x": 364.87110612570154444}, "upperLeft": {"y": 100.24875621890546995, "x": 335}}, "resourceId": "sid-EEF90460-C4B5-43C8-A0AB-39DBA74B9E6B", "layers": [], "labels": [], "target": {"resourceId": "sid-15ACCDEB-8FF5-47CB-9D6D-F3A69899CB0C"}, "childShapes": [], "properties": {"ConditionType": "None", "showdiamondmarker": "false", "bordercolor": "#000000", "monitoring": "", "name": "", "documentation": "", "probability": "", "conditionexpression": "", "isimmediate": "false", "auditing": ""}, "stencil": {"id": "SequenceFlow"}, "outgoing": [{"resourceId": "sid-15ACCDEB-8FF5-47CB-9D6D-F3A69899CB0C"}], "glossaryLinks": {}, "formats": {}}, {"dockers": [], "bounds": {"lowerRight": {"y": 140, "x": 645}, "upperLeft": {"y": 60, "x": 545}}, "resourceId": "sid-7530067A-EEA1-43B0-B9E8-4E65B06F2F61", "layers": [], "labels": [], "childShapes": [], "properties": {"resources": "", "outmsgstructure": "", "applyincalc": "true", "loopcardinality": "", "outmessagename": "", "inmessagename": "", "bgcolor": "#ffffcc", "bordercolor": "#000000", "time": "", "loopdataoutput": "", "testbefore": "false", "callacitivity": "false", "outmsgiscollection": "false", "monitoring": "", "operationname": "", "dataoutputset": "", "completionquantity": "1", "properties": "", "script": "", "assignments": "", "nonebehavioreventref": "signal", "scriptformat": "", "datainputset": "", "processid": "", "startquantity": "1", "tasktype": "None", "looptype": "None", "instantiate": "false", "behavior": "all", "inmsgimport": "", "costs": "", "inputdataitem": "", "loopdatainput": "", "name": "D", "outmsgitemkind": "Information", "costcenter": "", "completioncondition": "", "isforcompensation": "false", "inmsgiscollection": "false", "inmsgitemkind": "Information", "inmsgstructure": "", "outputdataitem": "", "messageref": "", "loopcondition": "", "onebehavioreventref:": "signal", "implementation": "webService", "operationref": "", "outmsgimport": "", "documentation": "", "categories": "", "auditing": "", "complexbehaviordefinition": ""}, "stencil": {"id": "Task"}, "outgoing": [{"resourceId": "sid-CD8BB767-E484-4B15-9738-4BC64F8F33CD"}], "glossaryLinks": {}, "formats": {}}, {"dockers": [{"y": 40, "x": 50}, {"y": 40, "x": 50}], "bounds": {"lowerRight": {"y": 100, "x": 544.1953125}, "upperLeft": {"y": 100, "x": 520}}, "resourceId": "sid-CB11A595-2766-4C55-A1AD-867734FAF7C7", "layers": [], "labels": [], "target": {"resourceId": "sid-7530067A-EEA1-43B0-B9E8-4E65B06F2F61"}, "childShapes": [], "properties": {"ConditionType": "None", "showdiamondmarker": "false", "bordercolor": "#000000", "monitoring": "", "name": "", "documentation": "", "probability": "", "conditionexpression": "", "isimmediate": "false", "auditing": ""}, "stencil": {"id": "SequenceFlow"}, "outgoing": [{"resourceId": "sid-7530067A-EEA1-43B0-B9E8-4E65B06F2F61"}], "glossaryLinks": {}, "formats": {}}, {"dockers": [], "bounds": {"lowerRight": {"y": 140, "x": 770}, "upperLeft": {"y": 60, "x": 670}}, "resourceId": "sid-99CE114D-603C-4D18-A888-5C81E8538AFB", "layers": [], "labels": [], "childShapes": [], "properties": {"resources": "", "outmsgstructure": "", "applyincalc": "true", "loopcardinality": "", "outmessagename": "", "inmessagename": "", "bgcolor": "#ffffcc", "bordercolor": "#000000", "time": "", "loopdataoutput": "", "testbefore": "false", "callacitivity": "false", "outmsgiscollection": "false", "monitoring": "", "operationname": "", "dataoutputset": "", "completionquantity": "1", "properties": "", "script": "", "assignments": "", "nonebehavioreventref": "signal", "scriptformat": "", "datainputset": "", "processid": "", "startquantity": "1", "tasktype": "None", "looptype": "None", "instantiate": "false", "behavior": "all", "inmsgimport": "", "costs": "", "inputdataitem": "", "loopdatainput": "", "name": "E", "outmsgitemkind": "Information", "costcenter": "", "completioncondition": "", "isforcompensation": "false", "inmsgiscollection": "false", "inmsgitemkind": "Information", "inmsgstructure": "", "outputdataitem": "", "messageref": "", "loopcondition": "", "onebehavioreventref:": "signal", "implementation": "webService", "operationref": "", "outmsgimport": "", "documentation": "", "categories": "", "auditing": "", "complexbehaviordefinition": ""}, "stencil": {"id": "Task"}, "outgoing": [{"resourceId": "sid-50B97325-0E28-4F63-990B-C37BC22D3665"}], "glossaryLinks": {}, "formats": {}}, {"dockers": [{"y": 40, "x": 50}, {"y": 40, "x": 50}], "bounds": {"lowerRight": {"y": 100, "x": 669.1953125}, "upperLeft": {"y": 100, "x": 645}}, "resourceId": "sid-CD8BB767-E484-4B15-9738-4BC64F8F33CD", "layers": [], "labels": [], "target": {"resourceId": "sid-99CE114D-603C-4D18-A888-5C81E8538AFB"}, "childShapes": [], "properties": {"ConditionType": "None", "showdiamondmarker": "false", "bordercolor": "#000000", "monitoring": "", "name": "", "documentation": "", "probability": "", "conditionexpression": "", "isimmediate": "false", "auditing": ""}, "stencil": {"id": "SequenceFlow"}, "outgoing": [{"resourceId": "sid-99CE114D-603C-4D18-A888-5C81E8538AFB"}], "glossaryLinks": {}, "formats": {}}, {"dockers": [], "bounds": {"lowerRight": {"y": 140, "x": 975}, "upperLeft": {"y": 60, "x": 875}}, "resourceId": "sid-FE486054-5EAC-402C-BAFC-5C0A60F0BE4B", "layers": [], "labels": [], "childShapes": [], "properties": {"resources": "", "outmsgstructure": "", "applyincalc": "true", "loopcardinality": "", "outmessagename": "", "inmessagename": "", "bgcolor": "#ffffcc", "bordercolor": "#000000", "time": "", "loopdataoutput": "", "testbefore": "false", "callacitivity": "false", "outmsgiscollection": "false", "monitoring": "", "operationname": "", "dataoutputset": "", "completionquantity": "1", "properties": "", "script": "", "assignments": "", "nonebehavioreventref": "signal", "scriptformat": "", "datainputset": "", "processid": "", "startquantity": "1", "tasktype": "None", "looptype": "None", "instantiate": "false", "behavior": "all", "inmsgimport": "", "costs": "", "inputdataitem": "", "loopdatainput": "", "name": "F", "outmsgitemkind": "Information", "costcenter": "", "completioncondition": "", "isforcompensation": "false", "inmsgiscollection": "false", "inmsgitemkind": "Information", "inmsgstructure": "", "outputdataitem": "", "messageref": "", "loopcondition": "", "onebehavioreventref:": "signal", "implementation": "webService", "operationref": "", "outmsgimport": "", "documentation": "", "categories": "", "auditing": "", "complexbehaviordefinition": ""}, "stencil": {"id": "Task"}, "outgoing": [{"resourceId": "sid-5DD8B7E1-F330-4250-89A7-4F62F8F7E403"}], "glossaryLinks": {}, "formats": {}}, {"dockers": [{"y": 40, "x": 50}, {"y": 20.5, "x": 20.5}], "bounds": {"lowerRight": {"y": 100.39736868719253948, "x": 799.87110612570154444}, "upperLeft": {"y": 100.24875621890546995, "x": 770}}, "resourceId": "sid-50B97325-0E28-4F63-990B-C37BC22D3665", "layers": [], "labels": [], "target": {"resourceId": "sid-467D102C-F8A7-47AA-BEC7-D65F388A6CD8"}, "childShapes": [], "properties": {"ConditionType": "None", "showdiamondmarker": "false", "bordercolor": "#000000", "monitoring": "", "name": "", "documentation": "", "probability": "", "conditionexpression": "", "isimmediate": "false", "auditing": ""}, "stencil": {"id": "SequenceFlow"}, "outgoing": [{"resourceId": "sid-467D102C-F8A7-47AA-BEC7-D65F388A6CD8"}], "glossaryLinks": {}, "formats": {}}, {"dockers": [], "bounds": {"lowerRight": {"y": 140, "x": 1100}, "upperLeft": {"y": 60, "x": 1000}}, "resourceId": "sid-38DFA501-4608-450A-8376-1FE6E95D61E8", "layers": [], "labels": [], "childShapes": [], "properties": {"resources": "", "outmsgstructure": "", "applyincalc": "true", "loopcardinality": "", "outmessagename": "", "inmessagename": "", "bgcolor": "#ffffcc", "bordercolor": "#000000", "time": "", "loopdataoutput": "", "testbefore": "false", "callacitivity": "false", "outmsgiscollection": "false", "monitoring": "", "operationname": "", "dataoutputset": "", "completionquantity": "1", "properties": "", "script": "", "assignments": "", "nonebehavioreventref": "signal", "scriptformat": "", "datainputset": "", "processid": "", "startquantity": "1", "tasktype": "None", "looptype": "None", "instantiate": "false", "behavior": "all", "inmsgimport": "", "costs": "", "inputdataitem": "", "loopdatainput": "", "name": "G", "outmsgitemkind": "Information", "costcenter": "", "completioncondition": "", "isforcompensation": "false", "inmsgiscollection": "false", "inmsgitemkind": "Information", "inmsgstructure": "", "outputdataitem": "", "messageref": "", "loopcondition": "", "onebehavioreventref:": "signal", "implementation": "webService", "operationref": "", "outmsgimport": "", "documentation": "", "categories": "", "auditing": "", "complexbehaviordefinition": ""}, "stencil": {"id": "Task"}, "outgoing": [{"resourceId": "sid-E36E34DB-D38B-4509-BE5E-9F689A4402B0"}], "glossaryLinks": {}, "formats": {}}, {"dockers": [{"y": 40, "x": 50}, {"y": 40, "x": 50}], "bounds": {"lowerRight": {"y": 100, "x": 999.1953125}, "upperLeft": {"y": 100, "x": 975}}, "resourceId": "sid-5DD8B7E1-F330-4250-89A7-4F62F8F7E403", "layers": [], "labels": [], "target": {"resourceId": "sid-38DFA501-4608-450A-8376-1FE6E95D61E8"}, "childShapes": [], "properties": {"ConditionType": "None", "showdiamondmarker": "false", "bordercolor": "#000000", "monitoring": "", "name": "", "documentation": "", "probability": "", "conditionexpression": "", "isimmediate": "false", "auditing": ""}, "stencil": {"id": "SequenceFlow"}, "outgoing": [{"resourceId": "sid-38DFA501-4608-450A-8376-1FE6E95D61E8"}], "glossaryLinks": {}, "formats": {}}, {"dockers": [], "bounds": {"lowerRight": {"y": 187.94599999999999795, "x": 191.9375}, "upperLeft": {"y": 130, "x": 128.0625}}, "resourceId": "sid-444D5A73-6F91-481D-AD0E-66FCC9619ABE", "layers": [], "labels": [], "childShapes": [], "properties": {"bordercolor": "#000000", "monitoring": "", "name": "H", "documentation": "", "categories": "", "auditing": "", "bgcolor": "#e1e1e1"}, "stencil": {"id": "ITSystem"}, "outgoing": [], "glossaryLinks": {}, "formats": {}}, {"dockers": [], "bounds": {"lowerRight": {"y": 188.47299999999998477, "x": 317.4375}, "upperLeft": {"y": 130.52699999999998681, "x": 253.5625}}, "resourceId": "sid-A82D309B-CEA9-45BE-B18E-535833B30A86", "layers": [], "labels": [], "childShapes": [], "properties": {"bordercolor": "#000000", "monitoring": "", "name": "I", "documentation": "", "categories": "", "auditing": "", "bgcolor": "#e1e1e1"}, "stencil": {"id": "ITSystem"}, "outgoing": [], "glossaryLinks": {}, "formats": {}}, {"dockers": [], "bounds": {"lowerRight": {"y": 188.99999999999997158, "x": 502.4375}, "upperLeft": {"y": 131.05399999999997362, "x": 438.5625}}, "resourceId": "sid-B8EF2A3D-FDDE-453F-8092-36EED1018A75", "layers": [], "labels": [], "childShapes": [], "properties": {"bordercolor": "#000000", "monitoring": "", "name": "J", "documentation": "", "categories": "", "auditing": "", "bgcolor": "#e1e1e1"}, "stencil": {"id": "ITSystem"}, "outgoing": [], "glossaryLinks": {}, "formats": {}}, {"dockers": [], "bounds": {"lowerRight": {"y": 188.47299999999998477, "x": 627.4375}, "upperLeft": {"y": 130.52699999999998681, "x": 563.5625}}, "resourceId": "sid-D5F229A4-C047-40AF-A1AE-F557AD4AA797", "layers": [], "labels": [], "childShapes": [], "properties": {"bordercolor": "#000000", "monitoring": "", "name": "K", "documentation": "", "categories": "", "auditing": "", "bgcolor": "#e1e1e1"}, "stencil": {"id": "ITSystem"}, "outgoing": [], "glossaryLinks": {}, "formats": {}}, {"dockers": [], "bounds": {"lowerRight": {"y": 188.47299999999998477, "x": 752.4375}, "upperLeft": {"y": 130.52699999999998681, "x": 688.5625}}, "resourceId": "sid-E9FAB732-D8A1-4B63-B4E3-465885BB515A", "layers": [], "labels": [], "childShapes": [], "properties": {"bordercolor": "#000000", "monitoring": "", "name": "L", "documentation": "", "categories": "", "auditing": "", "bgcolor": "#e1e1e1"}, "stencil": {"id": "ITSystem"}, "outgoing": [], "glossaryLinks": {}, "formats": {}}, {"dockers": [], "bounds": {"lowerRight": {"y": 188.47299999999998477, "x": 957.4375}, "upperLeft": {"y": 130.52699999999998681, "x": 893.5625}}, "resourceId": "sid-C965AD53-2BA1-4F6B-B4E3-5A616BC9BA27", "layers": [], "labels": [], "childShapes": [], "properties": {"bordercolor": "#000000", "monitoring": "", "name": "M", "documentation": "", "categories": "", "auditing": "", "bgcolor": "#e1e1e1"}, "stencil": {"id": "ITSystem"}, "outgoing": [], "glossaryLinks": {}, "formats": {}}, {"dockers": [], "bounds": {"lowerRight": {"y": 188.47299999999998477, "x": 1082.4375}, "upperLeft": {"y": 130.52699999999998681, "x": 1018.5625}}, "resourceId": "sid-F65D7D0A-E4BB-4E5B-BAE5-873E1E0FB0E6", "layers": [], "labels": [], "childShapes": [], "properties": {"bordercolor": "#000000", "monitoring": "", "name": "N", "documentation": "", "categories": "", "auditing": "", "bgcolor": "#e1e1e1"}, "stencil": {"id": "ITSystem"}, "outgoing": [], "glossaryLinks": {}, "formats": {}}, {"dockers": [], "bounds": {"lowerRight": {"y": 320, "x": 210}, "upperLeft": {"y": 240, "x": 110}}, "resourceId": "sid-D753B2D5-7AF0-4290-A067-75D81783A3BD", "layers": [], "labels": [], "childShapes": [], "properties": {"resources": "", "outmsgstructure": "", "applyincalc": "true", "loopcardinality": "", "outmessagename": "", "inmessagename": "", "bgcolor": "#ffffcc", "bordercolor": "#000000", "time": "", "loopdataoutput": "", "testbefore": "false", "callacitivity": "false", "outmsgiscollection": "false", "monitoring": "", "operationname": "", "dataoutputset": "", "completionquantity": "1", "properties": "", "script": "", "assignments": "", "nonebehavioreventref": "signal", "scriptformat": "", "datainputset": "", "processid": "", "startquantity": "1", "tasktype": "None", "looptype": "None", "instantiate": "false", "behavior": "all", "inmsgimport": "", "costs": "", "inputdataitem": "", "loopdatainput": "", "name": "O", "outmsgitemkind": "Information", "costcenter": "", "completioncondition": "", "isforcompensation": "false", "inmsgiscollection": "false", "inmsgitemkind": "Information", "inmsgstructure": "", "outputdataitem": "", "messageref": "", "loopcondition": "", "onebehavioreventref:": "signal", "implementation": "webService", "operationref": "", "outmsgimport": "", "documentation": "", "categories": "", "auditing": "", "complexbehaviordefinition": ""}, "stencil": {"id": "Task"}, "outgoing": [{"resourceId": "sid-919D02AC-E2BA-463A-B828-1CDA59A52125"}], "glossaryLinks": {}, "formats": {}}, {"dockers": [], "bounds": {"lowerRight": {"y": 367.94600000000002638, "x": 192.4375}, "upperLeft": {"y": 310, "x": 128.5625}}, "resourceId": "sid-7E0A1713-5790-437B-AB26-22EA8B9895FE", "layers": [], "labels": [], "childShapes": [], "properties": {"bordercolor": "#000000", "monitoring": "", "name": "P", "documentation": "", "categories": "", "auditing": "", "bgcolor": "#e1e1e1"}, "stencil": {"id": "ITSystem"}, "outgoing": [], "glossaryLinks": {}, "formats": {}}, {"dockers": [], "bounds": {"lowerRight": {"y": 515, "x": 210}, "upperLeft": {"y": 435, "x": 110}}, "resourceId": "sid-14CE3015-7955-46C4-8799-61F958CE3046", "layers": [], "labels": [], "childShapes": [], "properties": {"resources": "", "outmsgstructure": "", "applyincalc": "true", "loopcardinality": "", "outmessagename": "", "inmessagename": "", "bgcolor": "#ffffcc", "bordercolor": "#000000", "time": "", "loopdataoutput": "", "testbefore": "false", "callacitivity": "false", "outmsgiscollection": "false", "monitoring": "", "operationname": "", "dataoutputset": "", "completionquantity": "1", "properties": "", "script": "", "assignments": "", "nonebehavioreventref": "signal", "scriptformat": "", "datainputset": "", "processid": "", "startquantity": "1", "tasktype": "None", "looptype": "None", "instantiate": "false", "behavior": "all", "inmsgimport": "", "costs": "", "inputdataitem": "", "loopdatainput": "", "name": "Q", "outmsgitemkind": "Information", "costcenter": "", "completioncondition": "", "isforcompensation": "false", "inmsgiscollection": "false", "inmsgitemkind": "Information", "inmsgstructure": "", "outputdataitem": "", "messageref": "", "loopcondition": "", "onebehavioreventref:": "signal", "implementation": "webService", "operationref": "", "outmsgimport": "", "documentation": "", "categories": "", "auditing": "", "complexbehaviordefinition": ""}, "stencil": {"id": "Task"}, "outgoing": [{"resourceId": "sid-9B57E42E-F49A-44A2-A250-8AA90616A8DC"}], "glossaryLinks": {}, "formats": {}}, {"dockers": [], "bounds": {"lowerRight": {"y": 562.94600000000002638, "x": 193}, "upperLeft": {"y": 505, "x": 129.125}}, "resourceId": "sid-E592DC41-7A10-4930-AB62-86561D28FEFD", "layers": [], "labels": [], "childShapes": [], "properties": {"bordercolor": "#000000", "monitoring": "", "name": "R", "documentation": "", "categories": "", "auditing": "", "bgcolor": "#e1e1e1"}, "stencil": {"id": "ITSystem"}, "outgoing": [], "glossaryLinks": {}, "formats": {}}, {"dockers": [], "bounds": {"lowerRight": {"y": 320, "x": 500}, "upperLeft": {"y": 240, "x": 400}}, "resourceId": "sid-221D410C-79E2-4256-A4E9-ECB8BA877089", "layers": [], "labels": [], "childShapes": [], "properties": {"resources": "", "outmsgstructure": "", "applyincalc": "true", "loopcardinality": "", "outmessagename": "", "inmessagename": "", "bgcolor": "#ffffcc", "bordercolor": "#000000", "time": "", "loopdataoutput": "", "testbefore": "false", "callacitivity": "false", "outmsgiscollection": "false", "monitoring": "", "operationname": "", "dataoutputset": "", "completionquantity": "1", "properties": "", "script": "", "assignments": "", "nonebehavioreventref": "signal", "scriptformat": "", "datainputset": "", "processid": "", "startquantity": "1", "tasktype": "None", "looptype": "None", "instantiate": "false", "behavior": "all", "inmsgimport": "", "costs": "", "inputdataitem": "", "loopdatainput": "", "name": "S", "outmsgitemkind": "Information", "costcenter": "", "completioncondition": "", "isforcompensation": "false", "inmsgiscollection": "false", "inmsgitemkind": "Information", "inmsgstructure": "", "outputdataitem": "", "messageref": "", "loopcondition": "", "onebehavioreventref:": "signal", "implementation": "webService", "operationref": "", "outmsgimport": "", "documentation": "", "categories": "", "auditing": "", "complexbehaviordefinition": ""}, "stencil": {"id": "Task"}, "outgoing": [{"resourceId": "sid-DE8D7B03-AF42-4D90-8971-6C59C63925CB"}], "glossaryLinks": {}, "formats": {}}, {"dockers": [], "bounds": {"lowerRight": {"y": 368.47299999999995634, "x": 482.4375}, "upperLeft": {"y": 310.52699999999998681, "x": 418.5625}}, "resourceId": "sid-29665E65-414F-499A-A2EE-392549219403", "layers": [], "labels": [], "childShapes": [], "properties": {"bordercolor": "#000000", "monitoring": "", "name": "T", "documentation": "", "categories": "", "auditing": "", "bgcolor": "#e1e1e1"}, "stencil": {"id": "ITSystem"}, "outgoing": [], "glossaryLinks": {}, "formats": {}}, {"dockers": [], "bounds": {"lowerRight": {"y": 320, "x": 645.5625}, "upperLeft": {"y": 240, "x": 545.5625}}, "resourceId": "sid-A1196403-5426-49E8-A1C3-06CDB9F5DC47", "layers": [], "labels": [], "childShapes": [], "properties": {"resources": "", "outmsgstructure": "", "applyincalc": "true", "loopcardinality": "", "outmessagename": "", "inmessagename": "", "bgcolor": "#ffffcc", "bordercolor": "#000000", "time": "", "loopdataoutput": "", "testbefore": "false", "callacitivity": "false", "outmsgiscollection": "false", "monitoring": "", "operationname": "", "dataoutputset": "", "completionquantity": "1", "properties": "", "script": "", "assignments": "", "nonebehavioreventref": "signal", "scriptformat": "", "datainputset": "", "processid": "", "startquantity": "1", "tasktype": "None", "looptype": "None", "instantiate": "false", "behavior": "all", "inmsgimport": "", "costs": "", "inputdataitem": "", "loopdatainput": "", "name": "U", "outmsgitemkind": "Information", "costcenter": "", "completioncondition": "", "isforcompensation": "false", "inmsgiscollection": "false", "inmsgitemkind": "Information", "inmsgstructure": "", "outputdataitem": "", "messageref": "", "loopcondition": "", "onebehavioreventref:": "signal", "implementation": "webService", "operationref": "", "outmsgimport": "", "documentation": "", "categories": "", "auditing": "", "complexbehaviordefinition": ""}, "stencil": {"id": "Task"}, "outgoing": [{"resourceId": "sid-83871FFD-9741-4FEA-9F87-B43AD37A40A2"}], "glossaryLinks": {}, "formats": {}}, {"dockers": [], "bounds": {"lowerRight": {"y": 368.47299999999995634, "x": 627.4375}, "upperLeft": {"y": 310.52699999999998681, "x": 563.5625}}, "resourceId": "sid-613E1293-A17B-42B8-BA98-40BD399BA3C6", "layers": [], "labels": [], "childShapes": [], "properties": {"bordercolor": "#000000", "monitoring": "", "name": "V", "documentation": "", "categories": "", "auditing": "", "bgcolor": "#e1e1e1"}, "stencil": {"id": "ITSystem"}, "outgoing": [], "glossaryLinks": {}, "formats": {}}, {"dockers": [], "bounds": {"lowerRight": {"y": 320, "x": 790}, "upperLeft": {"y": 240, "x": 690}}, "resourceId": "sid-3710C6E1-6F7E-4400-B857-0B7A92C5E6F4", "layers": [], "labels": [], "childShapes": [], "properties": {"resources": "", "outmsgstructure": "", "applyincalc": "true", "loopcardinality": "", "outmessagename": "", "inmessagename": "", "bgcolor": "#ffffcc", "bordercolor": "#000000", "time": "", "loopdataoutput": "", "testbefore": "false", "callacitivity": "false", "outmsgiscollection": "false", "monitoring": "", "operationname": "", "dataoutputset": "", "completionquantity": "1", "properties": "", "script": "", "assignments": "", "nonebehavioreventref": "signal", "scriptformat": "", "datainputset": "", "processid": "", "startquantity": "1", "tasktype": "None", "looptype": "None", "instantiate": "false", "behavior": "all", "inmsgimport": "", "costs": "", "inputdataitem": "", "loopdatainput": "", "name": "W", "outmsgitemkind": "Information", "costcenter": "", "completioncondition": "", "isforcompensation": "false", "inmsgiscollection": "false", "inmsgitemkind": "Information", "inmsgstructure": "", "outputdataitem": "", "messageref": "", "loopcondition": "", "onebehavioreventref:": "signal", "implementation": "webService", "operationref": "", "outmsgimport": "", "documentation": "", "categories": "", "auditing": "", "complexbehaviordefinition": ""}, "stencil": {"id": "Task"}, "outgoing": [{"resourceId": "sid-EE5F1353-EAA8-4739-BFE8-07B0246BD24F"}], "glossaryLinks": {}, "formats": {}}, {"dockers": [], "bounds": {"lowerRight": {"y": 515, "x": 500.5625}, "upperLeft": {"y": 435, "x": 400.5625}}, "resourceId": "sid-29E45658-D45D-4CC2-B29B-A7440229D21E", "layers": [], "labels": [], "childShapes": [], "properties": {"resources": "", "outmsgstructure": "", "applyincalc": "true", "loopcardinality": "", "outmessagename": "", "inmessagename": "", "bgcolor": "#ffffcc", "bordercolor": "#000000", "time": "", "loopdataoutput": "", "testbefore": "false", "callacitivity": "false", "outmsgiscollection": "false", "monitoring": "", "operationname": "", "dataoutputset": "", "completionquantity": "1", "properties": "", "script": "", "assignments": "", "nonebehavioreventref": "signal", "scriptformat": "", "datainputset": "", "processid": "", "startquantity": "1", "tasktype": "None", "looptype": "None", "instantiate": "false", "behavior": "all", "inmsgimport": "", "costs": "", "inputdataitem": "", "loopdatainput": "", "name": "X", "outmsgitemkind": "Information", "costcenter": "", "completioncondition": "", "isforcompensation": "false", "inmsgiscollection": "false", "inmsgitemkind": "Information", "inmsgstructure": "", "outputdataitem": "", "messageref": "", "loopcondition": "", "onebehavioreventref:": "signal", "implementation": "webService", "operationref": "", "outmsgimport": "", "documentation": "", "categories": "", "auditing": "", "complexbehaviordefinition": ""}, "stencil": {"id": "Task"}, "outgoing": [{"resourceId": "sid-9D59AE60-A306-4D1B-889A-23F598D48DB3"}], "glossaryLinks": {}, "formats": {}}, {"dockers": [], "bounds": {"lowerRight": {"y": 583.47300000000007003, "x": 482.4375}, "upperLeft": {"y": 525.52700000000004366, "x": 418.5625}}, "resourceId": "sid-23A00505-593F-4414-8E72-7B1333271A64", "layers": [], "labels": [], "childShapes": [], "properties": {"bordercolor": "#000000", "monitoring": "", "name": "Y", "documentation": "", "categories": "", "auditing": "", "bgcolor": "#e1e1e1"}, "stencil": {"id": "ITSystem"}, "outgoing": [], "glossaryLinks": {}, "formats": {}}, {"dockers": [], "bounds": {"lowerRight": {"y": 710, "x": 500}, "upperLeft": {"y": 630, "x": 400}}, "resourceId": "sid-44040D08-CBA1-441C-A660-E6823D2C6448", "layers": [], "labels": [], "childShapes": [], "properties": {"resources": "", "outmsgstructure": "", "applyincalc": "true", "loopcardinality": "", "outmessagename": "", "inmessagename": "", "bgcolor": "#ffffcc", "bordercolor": "#000000", "time": "", "loopdataoutput": "", "testbefore": "false", "callacitivity": "false", "outmsgiscollection": "false", "monitoring": "", "operationname": "", "dataoutputset": "", "completionquantity": "1", "properties": "", "script": "", "assignments": "", "nonebehavioreventref": "signal", "scriptformat": "", "datainputset": "", "processid": "", "startquantity": "1", "tasktype": "None", "looptype": "None", "instantiate": "false", "behavior": "all", "inmsgimport": "", "costs": "", "inputdataitem": "", "loopdatainput": "", "name": "Z", "outmsgitemkind": "Information", "costcenter": "", "completioncondition": "", "isforcompensation": "false", "inmsgiscollection": "false", "inmsgitemkind": "Information", "inmsgstructure": "", "outputdataitem": "", "messageref": "", "loopcondition": "", "onebehavioreventref:": "signal", "implementation": "webService", "operationref": "", "outmsgimport": "", "documentation": "", "categories": "", "auditing": "", "complexbehaviordefinition": ""}, "stencil": {"id": "Task"}, "outgoing": [{"resourceId": "sid-EE94D70A-36DD-491D-9EDC-8F3EE94364A5"}], "glossaryLinks": {}, "formats": {}}, {"dockers": [], "bounds": {"lowerRight": {"y": 115, "x": 50}, "upperLeft": {"y": 85, "x": 20}}, "resourceId": "sid-EA0471EC-A026-4177-A22C-C56DDED3688A", "layers": [], "labels": [], "childShapes": [], "properties": {"trigger": "None", "monitoring": "", "outputset": "", "applyincalc": "true", "frequency": "", "bgcolor": "#ffffff", "bordercolor": "#000000", "dataoutputassociations": "", "name": "", "dataoutput": "", "documentation": "", "auditing": "", "processid": ""}, "stencil": {"id": "StartNoneEvent"}, "outgoing": [{"resourceId": "sid-34D6EF89-C819-4B5D-83CF-730F51851F0D"}], "glossaryLinks": {}, "formats": {}}, {"dockers": [], "bounds": {"lowerRight": {"y": 120, "x": 105}, "upperLeft": {"y": 80, "x": 65}}, "resourceId": "sid-4086D0A0-1B3D-4DEE-A94A-311A681410E0", "layers": [], "labels": [], "childShapes": [], "properties": {"monitoring": "", "gatewaytype": "AND", "gates": "", "assignments": "", "bgcolor": "#ffffff", "bordercolor": "#000000", "pool": "", "name": "", "gates_assignments": "", "documentation": "", "categories": "", "auditing": "", "gates_outgoingsequenceflow": "", "lanes": "", "processid": ""}, "stencil": {"id": "ParallelGateway"}, "outgoing": [{"resourceId": "sid-1A1F6340-819B-4F7D-8C00-D83930E5757B"}, {"resourceId": "sid-94018436-C474-46B6-A6E2-32B8177AF75F"}, {"resourceId": "sid-1BCFB53D-2F91-4286-A514-4FD86262D88C"}], "glossaryLinks": {}, "formats": {}}, {"dockers": [{"y": 15, "x": 15}, {"y": 20.5, "x": 20.5}], "bounds": {"lowerRight": {"y": 100.29478699516039342, "x": 64.773486511199081406}, "upperLeft": {"y": 100.15052550483960658, "x": 50.203075988800911489}}, "resourceId": "sid-34D6EF89-C819-4B5D-83CF-730F51851F0D", "layers": [], "labels": [], "target": {"resourceId": "sid-4086D0A0-1B3D-4DEE-A94A-311A681410E0"}, "childShapes": [], "properties": {"ConditionType": "None", "showdiamondmarker": "false", "bordercolor": "#000000", "monitoring": "", "name": "", "documentation": "", "probability": "", "conditionexpression": "", "isimmediate": "false", "auditing": ""}, "stencil": {"id": "SequenceFlow"}, "outgoing": [{"resourceId": "sid-4086D0A0-1B3D-4DEE-A94A-311A681410E0"}], "glossaryLinks": {}, "formats": {}}, {"dockers": [{"y": 20.5, "x": 20.5}, {"y": 40, "x": 50}], "bounds": {"lowerRight": {"y": 100.3682887417499785, "x": 109.52736627074723685}, "upperLeft": {"y": 100.3387425082500215, "x": 105.12497747925276315}}, "resourceId": "sid-1A1F6340-819B-4F7D-8C00-D83930E5757B", "layers": [], "labels": [], "target": {"resourceId": "sid-A09D3AD7-6539-4568-9F73-6E81E81FF034"}, "childShapes": [], "properties": {"ConditionType": "None", "showdiamondmarker": "false", "bordercolor": "#000000", "monitoring": "", "name": "", "documentation": "", "probability": "", "conditionexpression": "", "isimmediate": "false", "auditing": ""}, "stencil": {"id": "SequenceFlow"}, "outgoing": [{"resourceId": "sid-A09D3AD7-6539-4568-9F73-6E81E81FF034"}], "glossaryLinks": {}, "formats": {}}, {"dockers": [{"y": 20.5, "x": 20.5}, {"y": 280, "x": 85.5}, {"y": 40, "x": 50}], "bounds": {"lowerRight": {"y": 280, "x": 109.52734375}, "upperLeft": {"y": 120, "x": 85.5}}, "resourceId": "sid-94018436-C474-46B6-A6E2-32B8177AF75F", "layers": [], "labels": [], "target": {"resourceId": "sid-D753B2D5-7AF0-4290-A067-75D81783A3BD"}, "childShapes": [], "properties": {"ConditionType": "None", "showdiamondmarker": "false", "bordercolor": "#000000", "monitoring": "", "name": "", "documentation": "", "probability": "", "conditionexpression": "", "isimmediate": "false", "auditing": ""}, "stencil": {"id": "SequenceFlow"}, "outgoing": [{"resourceId": "sid-D753B2D5-7AF0-4290-A067-75D81783A3BD"}], "glossaryLinks": {}, "formats": {}}, {"dockers": [{"y": 20.5, "x": 20.5}, {"y": 475, "x": 85.5}, {"y": 40, "x": 50}], "bounds": {"lowerRight": {"y": 475, "x": 109.52734375}, "upperLeft": {"y": 120, "x": 85.5}}, "resourceId": "sid-1BCFB53D-2F91-4286-A514-4FD86262D88C", "layers": [], "labels": [], "target": {"resourceId": "sid-14CE3015-7955-46C4-8799-61F958CE3046"}, "childShapes": [], "properties": {"ConditionType": "None", "showdiamondmarker": "false", "bordercolor": "#000000", "monitoring": "", "name": "", "documentation": "", "probability": "", "conditionexpression": "", "isimmediate": "false", "auditing": ""}, "stencil": {"id": "SequenceFlow"}, "outgoing": [{"resourceId": "sid-14CE3015-7955-46C4-8799-61F958CE3046"}], "glossaryLinks": {}, "formats": {}}, {"dockers": [], "bounds": {"lowerRight": {"y": 120, "x": 405}, "upperLeft": {"y": 80, "x": 365}}, "resourceId": "sid-15ACCDEB-8FF5-47CB-9D6D-F3A69899CB0C", "layers": [], "labels": [], "childShapes": [], "properties": {"monitoring": "", "gatewaytype": "AND", "gates": "", "assignments": "", "bgcolor": "#ffffff", "bordercolor": "#000000", "pool": "", "name": "", "gates_assignments": "", "documentation": "", "categories": "", "auditing": "", "gates_outgoingsequenceflow": "", "lanes": "", "processid": ""}, "stencil": {"id": "ParallelGateway"}, "outgoing": [{"resourceId": "sid-132BDB1D-E543-4C0F-97C7-8362C5D12409"}, {"resourceId": "sid-9C4C7A3F-50C5-4067-B6F8-376CFFB71EB1"}, {"resourceId": "sid-225C987A-27E6-4FB1-A20B-F618865D1829"}, {"resourceId": "sid-FD45A4D7-3CCB-49FC-A3DD-3DDA3947C35E"}], "glossaryLinks": {}, "formats": {}}, {"dockers": [{"y": 20.5, "x": 20.5}, {"y": 40, "x": 50}], "bounds": {"lowerRight": {"y": 100.38470794382207885, "x": 419.48829875593014549}, "upperLeft": {"y": 100.29888580617792115, "x": 404.98435749406985451}}, "resourceId": "sid-132BDB1D-E543-4C0F-97C7-8362C5D12409", "layers": [], "labels": [], "target": {"resourceId": "sid-06F05F6B-68A3-457E-A63C-EAD757F9D6D9"}, "childShapes": [], "properties": {"ConditionType": "None", "showdiamondmarker": "false", "bordercolor": "#000000", "monitoring": "", "name": "", "documentation": "", "probability": "", "conditionexpression": "", "isimmediate": "false", "auditing": ""}, "stencil": {"id": "SequenceFlow"}, "outgoing": [{"resourceId": "sid-06F05F6B-68A3-457E-A63C-EAD757F9D6D9"}], "glossaryLinks": {}, "formats": {}}, {"dockers": [{"y": 20.5, "x": 20.5}, {"y": 280, "x": 385.5}, {"y": 40, "x": 50}], "bounds": {"lowerRight": {"y": 280, "x": 399.6171875}, "upperLeft": {"y": 120, "x": 385.5}}, "resourceId": "sid-9C4C7A3F-50C5-4067-B6F8-376CFFB71EB1", "layers": [], "labels": [], "target": {"resourceId": "sid-221D410C-79E2-4256-A4E9-ECB8BA877089"}, "childShapes": [], "properties": {"ConditionType": "None", "showdiamondmarker": "false", "bordercolor": "#000000", "monitoring": "", "name": "", "documentation": "", "probability": "", "conditionexpression": "", "isimmediate": "false", "auditing": ""}, "stencil": {"id": "SequenceFlow"}, "outgoing": [{"resourceId": "sid-221D410C-79E2-4256-A4E9-ECB8BA877089"}], "glossaryLinks": {}, "formats": {}}, {"dockers": [{"y": 20.5, "x": 20.5}, {"y": 475, "x": 385.5}, {"y": 40, "x": 50}], "bounds": {"lowerRight": {"y": 475, "x": 399.7490234375}, "upperLeft": {"y": 120, "x": 385.5}}, "resourceId": "sid-225C987A-27E6-4FB1-A20B-F618865D1829", "layers": [], "labels": [], "target": {"resourceId": "sid-29E45658-D45D-4CC2-B29B-A7440229D21E"}, "childShapes": [], "properties": {"ConditionType": "None", "showdiamondmarker": "false", "bordercolor": "#000000", "monitoring": "", "name": "", "documentation": "", "probability": "", "conditionexpression": "", "isimmediate": "false", "auditing": ""}, "stencil": {"id": "SequenceFlow"}, "outgoing": [{"resourceId": "sid-29E45658-D45D-4CC2-B29B-A7440229D21E"}], "glossaryLinks": {}, "formats": {}}, {"dockers": [{"y": 20.5, "x": 20.5}, {"y": 670, "x": 385.5}, {"y": 40, "x": 50}], "bounds": {"lowerRight": {"y": 670, "x": 399.6171875}, "upperLeft": {"y": 120, "x": 385.5}}, "resourceId": "sid-FD45A4D7-3CCB-49FC-A3DD-3DDA3947C35E", "layers": [], "labels": [], "target": {"resourceId": "sid-44040D08-CBA1-441C-A660-E6823D2C6448"}, "childShapes": [], "properties": {"ConditionType": "None", "showdiamondmarker": "false", "bordercolor": "#000000", "monitoring": "", "name": "", "documentation": "", "probability": "", "conditionexpression": "", "isimmediate": "false", "auditing": ""}, "stencil": {"id": "SequenceFlow"}, "outgoing": [{"resourceId": "sid-44040D08-CBA1-441C-A660-E6823D2C6448"}], "glossaryLinks": {}, "formats": {}}, {"dockers": [{"y": 40, "x": 50}, {"y": 40, "x": 50}], "bounds": {"lowerRight": {"y": 280, "x": 545.093994140625}, "upperLeft": {"y": 280, "x": 500}}, "resourceId": "sid-DE8D7B03-AF42-4D90-8971-6C59C63925CB", "layers": [], "labels": [], "target": {"resourceId": "sid-A1196403-5426-49E8-A1C3-06CDB9F5DC47"}, "childShapes": [], "properties": {"ConditionType": "None", "showdiamondmarker": "false", "bordercolor": "#000000", "monitoring": "", "name": "", "documentation": "", "probability": "", "conditionexpression": "", "isimmediate": "false", "auditing": ""}, "stencil": {"id": "SequenceFlow"}, "outgoing": [{"resourceId": "sid-A1196403-5426-49E8-A1C3-06CDB9F5DC47"}], "glossaryLinks": {}, "formats": {}}, {"dockers": [{"y": 40, "x": 50}, {"y": 40, "x": 50}], "bounds": {"lowerRight": {"y": 280, "x": 689.349609375}, "upperLeft": {"y": 280, "x": 645.5625}}, "resourceId": "sid-83871FFD-9741-4FEA-9F87-B43AD37A40A2", "layers": [], "labels": [], "target": {"resourceId": "sid-3710C6E1-6F7E-4400-B857-0B7A92C5E6F4"}, "childShapes": [], "properties": {"ConditionType": "None", "showdiamondmarker": "false", "bordercolor": "#000000", "monitoring": "", "name": "", "documentation": "", "probability": "", "conditionexpression": "", "isimmediate": "false", "auditing": ""}, "stencil": {"id": "SequenceFlow"}, "outgoing": [{"resourceId": "sid-3710C6E1-6F7E-4400-B857-0B7A92C5E6F4"}], "glossaryLinks": {}, "formats": {}}, {"dockers": [], "bounds": {"lowerRight": {"y": 120, "x": 840}, "upperLeft": {"y": 80, "x": 800}}, "resourceId": "sid-467D102C-F8A7-47AA-BEC7-D65F388A6CD8", "layers": [], "labels": [], "childShapes": [], "properties": {"monitoring": "", "gatewaytype": "AND", "gates": "", "assignments": "", "bgcolor": "#ffffff", "bordercolor": "#000000", "pool": "", "name": "", "gates_assignments": "", "documentation": "", "categories": "", "auditing": "", "gates_outgoingsequenceflow": "", "lanes": "", "processid": ""}, "stencil": {"id": "ParallelGateway"}, "outgoing": [{"resourceId": "sid-EF1F1DB0-CAE2-467F-8BEA-65641A7DD84A"}], "glossaryLinks": {}, "formats": {}}, {"dockers": [{"y": 20.5, "x": 20.5}, {"y": 40, "x": 50}], "bounds": {"lowerRight": {"y": 100.40537161577238123, "x": 874.19923019642783402}, "upperLeft": {"y": 100.24306588422761877, "x": 840.27733230357216598}}, "resourceId": "sid-EF1F1DB0-CAE2-467F-8BEA-65641A7DD84A", "layers": [], "labels": [], "target": {"resourceId": "sid-FE486054-5EAC-402C-BAFC-5C0A60F0BE4B"}, "childShapes": [], "properties": {"ConditionType": "None", "showdiamondmarker": "false", "bordercolor": "#000000", "monitoring": "", "name": "", "documentation": "", "probability": "", "conditionexpression": "", "isimmediate": "false", "auditing": ""}, "stencil": {"id": "SequenceFlow"}, "outgoing": [{"resourceId": "sid-FE486054-5EAC-402C-BAFC-5C0A60F0BE4B"}], "glossaryLinks": {}, "formats": {}}, {"dockers": [{"y": 40, "x": 50}, {"y": 280, "x": 820.5}, {"y": 20.5, "x": 20.5}], "bounds": {"lowerRight": {"y": 280, "x": 820.5}, "upperLeft": {"y": 120, "x": 790}}, "resourceId": "sid-EE5F1353-EAA8-4739-BFE8-07B0246BD24F", "layers": [], "labels": [], "target": {"resourceId": "sid-467D102C-F8A7-47AA-BEC7-D65F388A6CD8"}, "childShapes": [], "properties": {"ConditionType": "None", "showdiamondmarker": "false", "bordercolor": "#000000", "monitoring": "", "name": "", "documentation": "", "probability": "", "conditionexpression": "", "isimmediate": "false", "auditing": ""}, "stencil": {"id": "SequenceFlow"}, "outgoing": [{"resourceId": "sid-467D102C-F8A7-47AA-BEC7-D65F388A6CD8"}], "glossaryLinks": {}, "formats": {}}, {"dockers": [{"y": 40, "x": 50}, {"y": 475, "x": 820.5}, {"y": 20.5, "x": 20.5}], "bounds": {"lowerRight": {"y": 475, "x": 820.5}, "upperLeft": {"y": 120, "x": 500.5625}}, "resourceId": "sid-9D59AE60-A306-4D1B-889A-23F598D48DB3", "layers": [], "labels": [], "target": {"resourceId": "sid-467D102C-F8A7-47AA-BEC7-D65F388A6CD8"}, "childShapes": [], "properties": {"ConditionType": "None", "showdiamondmarker": "false", "bordercolor": "#000000", "monitoring": "", "name": "", "documentation": "", "probability": "", "conditionexpression": "", "isimmediate": "false", "auditing": ""}, "stencil": {"id": "SequenceFlow"}, "outgoing": [{"resourceId": "sid-467D102C-F8A7-47AA-BEC7-D65F388A6CD8"}], "glossaryLinks": {}, "formats": {}}, {"dockers": [{"y": 40, "x": 50}, {"y": 670, "x": 820.5}, {"y": 20.5, "x": 20.5}], "bounds": {"lowerRight": {"y": 670, "x": 820.5}, "upperLeft": {"y": 120, "x": 500}}, "resourceId": "sid-EE94D70A-36DD-491D-9EDC-8F3EE94364A5", "layers": [], "labels": [], "target": {"resourceId": "sid-467D102C-F8A7-47AA-BEC7-D65F388A6CD8"}, "childShapes": [], "properties": {"ConditionType": "None", "showdiamondmarker": "false", "bordercolor": "#000000", "monitoring": "", "name": "", "documentation": "", "probability": "", "conditionexpression": "", "isimmediate": "false", "auditing": ""}, "stencil": {"id": "SequenceFlow"}, "outgoing": [{"resourceId": "sid-467D102C-F8A7-47AA-BEC7-D65F388A6CD8"}], "glossaryLinks": {}, "formats": {}}, {"dockers": [{"y": 77.999999880790710449, "x": 97.000002801418474974}, {"y": 736, "x": 207.00000280141847497}, {"y": 736, "x": 820.5}, {"y": 20.5, "x": 20.5}], "bounds": {"lowerRight": {"y": 736, "x": 820.5}, "upperLeft": {"y": 120, "x": 207.00000280141847497}}, "resourceId": "sid-9B57E42E-F49A-44A2-A250-8AA90616A8DC", "layers": [], "labels": [], "target": {"resourceId": "sid-467D102C-F8A7-47AA-BEC7-D65F388A6CD8"}, "childShapes": [], "properties": {"ConditionType": "None", "showdiamondmarker": "false", "bordercolor": "#000000", "monitoring": "", "name": "", "documentation": "", "probability": "", "conditionexpression": "", "isimmediate": "false", "auditing": ""}, "stencil": {"id": "SequenceFlow"}, "outgoing": [{"resourceId": "sid-467D102C-F8A7-47AA-BEC7-D65F388A6CD8"}], "glossaryLinks": {}, "formats": {}}, {"dockers": [], "bounds": {"lowerRight": {"y": 114, "x": 1153}, "upperLeft": {"y": 86, "x": 1125}}, "resourceId": "sid-47A3DD86-F860-42C7-AF02-BB9A9570CA12", "layers": [], "labels": [], "childShapes": [], "properties": {"inputset": "", "trigger": "None", "bordercolor": "#000000", "monitoring": "", "datainputassociations": "", "name": "", "documentation": "", "auditing": "", "datainput": "", "bgcolor": "#ffffff"}, "stencil": {"id": "EndNoneEvent"}, "outgoing": [], "glossaryLinks": {}, "formats": {}}, {"dockers": [{"y": 40, "x": 50}, {"y": 14, "x": 14}], "bounds": {"lowerRight": {"y": 100, "x": 1124.09375}, "upperLeft": {"y": 100, "x": 1100}}, "resourceId": "sid-E36E34DB-D38B-4509-BE5E-9F689A4402B0", "layers": [], "labels": [], "target": {"resourceId": "sid-47A3DD86-F860-42C7-AF02-BB9A9570CA12"}, "childShapes": [], "properties": {"ConditionType": "None", "showdiamondmarker": "false", "bordercolor": "#000000", "monitoring": "", "name": "", "documentation": "", "probability": "", "conditionexpression": "", "isimmediate": "false", "auditing": ""}, "stencil": {"id": "SequenceFlow"}, "outgoing": [{"resourceId": "sid-47A3DD86-F860-42C7-AF02-BB9A9570CA12"}], "glossaryLinks": {}, "formats": {}}, {"dockers": [{"y": 40, "x": 99}, {"y": 735, "x": 234.99998402595514335}, {"y": 735, "x": 820.5}, {"y": 20.5, "x": 20.5}], "bounds": {"lowerRight": {"y": 735, "x": 820.5}, "upperLeft": {"y": 120, "x": 210}}, "resourceId": "sid-919D02AC-E2BA-463A-B828-1CDA59A52125", "layers": [], "labels": [], "target": {"resourceId": "sid-467D102C-F8A7-47AA-BEC7-D65F388A6CD8"}, "childShapes": [], "properties": {"ConditionType": "None", "showdiamondmarker": "false", "bordercolor": "#000000", "monitoring": "", "name": "", "documentation": "", "probability": "", "conditionexpression": "", "isimmediate": "false", "auditing": ""}, "stencil": {"id": "SequenceFlow"}, "outgoing": [{"resourceId": "sid-467D102C-F8A7-47AA-BEC7-D65F388A6CD8"}], "glossaryLinks": {}, "formats": {}}], "properties": {"orientation": "horizontal", "monitoring": "", "modificationdate": "", "creationdate": "", "namespaces": "", "version": "", "targetnamespace": "http://www.signavio.com/bpmn20", "author": "", "name": "", "documentation": "", "language": "English", "typelanguage": "http://www.w3.org/2001/XMLSchema", "expressionlanguage": "http://www.w3.org/1999/XPath", "auditing": ""}, "ssextensions": ["http://oryx-editor.org/stencilsets/extensions/bpmn2.0basicsubset#"], "stencilset": {"url": "/stencilsets/bpmn2.0/bpmn2.0.json?version=5.2.1", "namespace": "http://b3mn.org/stencilset/bpmn2.0#"}, "stencil": {"id": "BPMNDiagram"}, "formats": {}}