{"revision": {"creationDate": null, "isLastRevision": true, "revisionNumber": 5, "elementCounts": {"total": 55, "ITSystem": 12, "StartNoneEvent": 1, "SequenceFlow": 23, "Task": 14, "EndNoneEvent": 1, "BPMNDiagram": 1, "ParallelGateway": 3}, "connectedness": 61}, "model": {"modelId": "1041215828", "modelDate": "2012-08-30", "groupName": "BPMN2.0_Process", "naturalLanguage": "en", "modelName": "1041215828", "TimestampModelCollection": "2012-08-30 14:08:38", "modelingLanguage": "bpmn20", "directoryId": "2136905067", "numberOfRevisions": 5}}