{"revision": {"creationDate": null, "isLastRevision": true, "revisionNumber": 3, "elementCounts": {"total": 10, "Lane": 1, "StartNoneEvent": 1, "Pool": 1, "SequenceFlow": 3, "Task": 2, "EndNoneEvent": 1, "BPMNDiagram": 1}, "connectedness": 100}, "model": {"modelId": "1042061421", "modelDate": "2012-08-30", "groupName": "BPMN2.0_Process", "naturalLanguage": "en", "modelName": "1042061421", "TimestampModelCollection": "2012-08-30 14:08:38", "modelingLanguage": "bpmn20", "directoryId": "250788490", "numberOfRevisions": 3}}