{"revision": {"creationDate": null, "isLastRevision": true, "revisionNumber": 9, "elementCounts": {"total": 91, "ITSystem": 10, "StartNoneEvent": 1, "SequenceFlow": 45, "Task": 21, "EndNoneEvent": 1, "BPMNDiagram": 1, "ParallelGateway": 12}, "connectedness": 71}, "model": {"modelId": "1042317506", "modelDate": "2012-08-30", "groupName": "BPMN2.0_Process", "naturalLanguage": "en", "modelName": "1042317506", "TimestampModelCollection": "2012-08-30 14:08:38", "modelingLanguage": "bpmn20", "directoryId": "2136905067", "numberOfRevisions": 9}}