{"resourceId": "canvas", "properties": {"name": "", "documentation": "", "auditing": "", "monitoring": "", "version": "", "author": "", "language": "English", "namespaces": "", "targetnamespace": "http://www.signavio.com/bpmn20", "expressionlanguage": "http://www.w3.org/1999/XPath", "typelanguage": "http://www.w3.org/2001/XMLSchema", "creationdate": "", "modificationdate": "", "orientation": "horizontal"}, "stencil": {"id": "BPMNDiagram"}, "childShapes": [{"resourceId": "sid-4CDA2CB0-AD39-4E22-AB1F-CD47BC9EFDCD", "properties": {"name": "AUHQ", "documentation": "", "auditing": "", "monitoring": "", "boundaryvisible": true, "processname": "", "status": "None", "adhoc": "", "adhocordering": "Parallel", "adhoccompletioncondition": "", "suppressjoinfailure": "", "enableinstancecompensation": "", "processcategories": "", "processdocumentation": "", "multiinstance": "", "minimum": 2, "maximum": 2, "processtype": "None", "isclosed": "", "isexecutable": "", "processid": "", "bgcolor": "#ffffff", "bordercolor": "#000000"}, "stencil": {"id": "CollapsedPool"}, "childShapes": [], "outgoing": [{"resourceId": "sid-F702AA8C-47B5-469C-8208-4E2FD744B0DA"}], "bounds": {"lowerRight": {"x": 449, "y": 135}, "upperLeft": {"x": 30, "y": 75}}, "dockers": []}, {"resourceId": "sid-DC920D66-59E3-4170-BB27-11BA4F6B422E", "properties": {"name": "Planning department", "documentation": "", "auditing": "", "monitoring": "", "boundaryvisible": true, "processname": "", "status": "None", "adhoc": "", "adhocordering": "Parallel", "adhoccompletioncondition": "", "suppressjoinfailure": "", "enableinstancecompensation": "", "processcategories": "", "processdocumentation": "", "multiinstance": "", "minimum": 2, "maximum": 2, "processtype": "None", "isclosed": "", "isexecutable": "", "bgcolor": "#ffffff", "processid": "sid-79160759-E783-4F7B-BDB1-199F7040DEE9", "bordercolor": "#000000"}, "stencil": {"id": "Pool"}, "childShapes": [{"resourceId": "sid-1A967D26-063B-44C8-82BC-23571C82CEFB", "properties": {"name": "", "documentation": "", "auditing": "", "monitoring": "", "parentpool": "", "parentlane": "", "showcaption": false, "bgcolor": "", "bordercolor": "#000000"}, "stencil": {"id": "Lane"}, "childShapes": [{"resourceId": "sid-D756E1DD-E234-4837-841D-BD3274BEECBF", "properties": {"processid": "", "name": "Master Production Shedule", "documentation": "", "auditing": "", "monitoring": "", "categories": "", "startquantity": 1, "completionquantity": 1, "isforcompensation": "", "assignments": "", "callacitivity": "", "tasktype": "None", "implementation": "webService", "resources": "", "messageref": "", "operationref": "", "instantiate": "", "script": "", "scriptformat": "", "bgcolor": "#ffffcc", "looptype": "None", "testbefore": "", "loopcondition": "", "loopmaximum": "", "loopcardinality": "", "loopdatainput": "", "loopdataoutput": "", "inputdataitem": "", "outputdataitem": "", "behavior": "all", "complexbehaviordefinition": "", "completioncondition": "", "onebehavioreventref:": "signal", "nonebehavioreventref": "signal", "properties": "", "datainputset": "", "dataoutputset": "", "operationname": "", "inmessagename": "", "inmsgitemkind": "Information", "inmsgstructure": "", "inmsgimport": "", "inmsgiscollection": "", "outmessagename": "", "outmsgitemkind": "Information", "outmsgstructure": "", "outmsgimport": "", "outmsgiscollection": "", "bordercolor": "#000000", "time": "", "costs": "", "costcenter": "", "applyincalc": true, "externaldocuments": [], "risklevel": ""}, "stencil": {"id": "Task"}, "childShapes": [], "outgoing": [{"resourceId": "sid-FD566EA6-0CFD-4D18-B29B-1BA884B6D7D6"}], "bounds": {"lowerRight": {"x": 475, "y": 215}, "upperLeft": {"x": 375, "y": 135}}, "dockers": []}, {"resourceId": "sid-DB6CFF01-E0AD-43C8-81C5-9E5E8D9159D1", "properties": {"name": "Production plan", "documentation": "", "auditing": "", "monitoring": "", "dataoutputassociations": "", "dataoutput": "", "outputset": "", "isinterrupting": true, "messagename": "", "operationname": "", "bgcolor": "#ffffff", "processid": "", "trigger": "Message", "bordercolor": "#000000", "frequency": "", "applyincalc": true, "viaitsystem": ""}, "stencil": {"id": "StartMessageEvent"}, "childShapes": [], "outgoing": [{"resourceId": "sid-96F320C1-AF49-41FD-BE65-8DE052FAD941"}], "bounds": {"lowerRight": {"x": 75, "y": 60}, "upperLeft": {"x": 45, "y": 30}}, "dockers": [], "labels": [{"x": 36, "y": 15, "right": true, "valign": "middle", "align": "left", "ref": "text_name"}]}, {"resourceId": "sid-B35BAD4A-5733-45F2-A3E1-B8EC5B48F4FA", "properties": {"processid": "", "name": "Rough-cut capacity planning", "documentation": "", "auditing": "", "monitoring": "", "categories": "", "startquantity": 1, "completionquantity": 1, "isforcompensation": "", "assignments": "", "callacitivity": "", "tasktype": "None", "implementation": "webService", "resources": "", "messageref": "", "operationref": "", "instantiate": "", "script": "", "scriptformat": "", "bgcolor": "#ffffcc", "looptype": "None", "testbefore": "", "loopcondition": "", "loopmaximum": "", "loopcardinality": "", "loopdatainput": "", "loopdataoutput": "", "inputdataitem": "", "outputdataitem": "", "behavior": "all", "complexbehaviordefinition": "", "completioncondition": "", "onebehavioreventref:": "signal", "nonebehavioreventref": "signal", "properties": "", "datainputset": "", "dataoutputset": "", "operationname": "", "inmessagename": "", "inmsgitemkind": "Information", "inmsgstructure": "", "inmsgimport": "", "inmsgiscollection": "", "outmessagename": "", "outmsgitemkind": "Information", "outmsgstructure": "", "outmsgimport": "", "outmsgiscollection": "", "bordercolor": "#000000", "time": "", "costs": "", "costcenter": "", "applyincalc": true, "externaldocuments": [], "risklevel": ""}, "stencil": {"id": "Task"}, "childShapes": [], "outgoing": [{"resourceId": "sid-2371CFC7-B824-4101-85D7-44F5CAE30FBB"}], "bounds": {"lowerRight": {"x": 115, "y": 215}, "upperLeft": {"x": 15, "y": 135}}, "dockers": []}, {"resourceId": "sid-19D6FA94-BB3B-46D3-8A7B-66FD41B984CB", "properties": {"processid": "", "name": "Capacity Requirement Planning", "documentation": "", "auditing": "", "monitoring": "", "categories": "", "startquantity": 1, "completionquantity": 1, "isforcompensation": "", "assignments": "", "callacitivity": "", "tasktype": "None", "implementation": "webService", "resources": "", "messageref": "", "operationref": "", "instantiate": "", "script": "", "scriptformat": "", "bgcolor": "#ffffcc", "looptype": "None", "testbefore": "", "loopcondition": "", "loopmaximum": "", "loopcardinality": "", "loopdatainput": "", "loopdataoutput": "", "inputdataitem": "", "outputdataitem": "", "behavior": "all", "complexbehaviordefinition": "", "completioncondition": "", "onebehavioreventref:": "signal", "nonebehavioreventref": "signal", "properties": "", "datainputset": "", "dataoutputset": "", "operationname": "", "inmessagename": "", "inmsgitemkind": "Information", "inmsgstructure": "", "inmsgimport": "", "inmsgiscollection": "", "outmessagename": "", "outmsgitemkind": "Information", "outmsgstructure": "", "outmsgimport": "", "outmsgiscollection": "", "bordercolor": "#000000", "time": "", "costs": "", "costcenter": "", "applyincalc": true, "externaldocuments": [], "risklevel": ""}, "stencil": {"id": "Task"}, "childShapes": [], "outgoing": [{"resourceId": "sid-D04AC6D8-5C69-42A0-82D1-BF066C3F8D54"}], "bounds": {"lowerRight": {"x": 940, "y": 110}, "upperLeft": {"x": 840, "y": 30}}, "dockers": []}, {"resourceId": "sid-BF97FD84-440C-4B14-B7F7-DE03B2A34736", "properties": {"name": "", "documentation": "", "auditing": "", "monitoring": "", "categories": "", "assignments": "", "pool": "", "lanes": "", "gates": "", "gates_outgoingsequenceflow": "", "gates_assignments": "", "bgcolor": "#ffffff", "processid": "", "gatewaytype": "XOR", "xortype": "Data", "markervisible": "true", "defaultgate": "", "gate_outgoingsequenceflow": "", "gate_assignments": "", "bordercolor": "#000000"}, "stencil": {"id": "Exclusive_Databased_Gateway"}, "childShapes": [], "outgoing": [{"resourceId": "sid-EE8299ED-3F60-477C-86FF-4E15E5181C12"}, {"resourceId": "sid-0795091C-451A-4FCF-A5AA-C44D88499B4D"}], "bounds": {"lowerRight": {"x": 610, "y": 195}, "upperLeft": {"x": 570, "y": 155}}, "dockers": []}, {"resourceId": "sid-300B5E90-E76B-42DF-946C-5A0E239FA3F2", "properties": {"name": "Is capacity available?", "documentation": "", "auditing": "", "monitoring": "", "categories": "", "assignments": "", "pool": "", "lanes": "", "gates": "", "gates_outgoingsequenceflow": "", "gates_assignments": "", "bgcolor": "#ffffff", "processid": "", "gatewaytype": "XOR", "xortype": "Data", "markervisible": "true", "defaultgate": "", "gate_outgoingsequenceflow": "", "gate_assignments": "", "bordercolor": "#000000"}, "stencil": {"id": "Exclusive_Databased_Gateway"}, "childShapes": [], "outgoing": [{"resourceId": "sid-C5B41BB5-0EA9-47E6-9505-243CF4D08498"}, {"resourceId": "sid-2BE544F9-90C2-4D51-9D78-588CDDF7C2CC"}], "bounds": {"lowerRight": {"x": 610, "y": 315}, "upperLeft": {"x": 570, "y": 275}}, "dockers": [], "labels": [{"x": -5, "y": 20, "left": true, "valign": "middle", "align": "right", "ref": "text_name"}]}, {"resourceId": "sid-EFD2FA43-9BEE-45D9-9BBE-BCD508700BB2", "properties": {"processid": "", "name": "work order", "documentation": "", "auditing": "", "monitoring": "", "categories": "", "startquantity": 1, "completionquantity": 1, "isforcompensation": "", "assignments": "", "callacitivity": "", "tasktype": "None", "implementation": "webService", "resources": "", "messageref": "", "operationref": "", "instantiate": "", "script": "", "scriptformat": "", "bgcolor": "#ffffcc", "looptype": "None", "testbefore": "", "loopcondition": "", "loopmaximum": "", "loopcardinality": "", "loopdatainput": "", "loopdataoutput": "", "inputdataitem": "", "outputdataitem": "", "behavior": "all", "complexbehaviordefinition": "", "completioncondition": "", "onebehavioreventref:": "signal", "nonebehavioreventref": "signal", "properties": "", "datainputset": "", "dataoutputset": "", "operationname": "", "inmessagename": "", "inmsgitemkind": "Information", "inmsgstructure": "", "inmsgimport": "", "inmsgiscollection": "", "outmessagename": "", "outmsgitemkind": "Information", "outmsgstructure": "", "outmsgimport": "", "outmsgiscollection": "", "bordercolor": "#000000", "time": "", "costs": "", "costcenter": "", "applyincalc": true, "externaldocuments": [], "risklevel": ""}, "stencil": {"id": "Task"}, "childShapes": [], "outgoing": [{"resourceId": "sid-3D5533CF-F40D-4984-B1CA-10A765767DB8"}, {"resourceId": "sid-75DF4FD9-1E69-426E-B3CA-1DBDC34052D8"}], "bounds": {"lowerRight": {"x": 640, "y": 450}, "upperLeft": {"x": 540, "y": 370}}, "dockers": []}, {"resourceId": "sid-6034173C-81CA-4232-94CC-34FB8D571C82", "properties": {"processid": "", "name": "Purchase orders", "documentation": "", "auditing": "", "monitoring": "", "categories": "", "startquantity": 1, "completionquantity": 1, "isforcompensation": "", "assignments": "", "callacitivity": "", "tasktype": "None", "implementation": "webService", "resources": "", "messageref": "", "operationref": "", "instantiate": "", "script": "", "scriptformat": "", "bgcolor": "#ffffcc", "looptype": "None", "testbefore": "", "loopcondition": "", "loopmaximum": "", "loopcardinality": "", "loopdatainput": "", "loopdataoutput": "", "inputdataitem": "", "outputdataitem": "", "behavior": "all", "complexbehaviordefinition": "", "completioncondition": "", "onebehavioreventref:": "signal", "nonebehavioreventref": "signal", "properties": "", "datainputset": "", "dataoutputset": "", "operationname": "", "inmessagename": "", "inmsgitemkind": "Information", "inmsgstructure": "", "inmsgimport": "", "inmsgiscollection": "", "outmessagename": "", "outmsgitemkind": "Information", "outmsgstructure": "", "outmsgimport": "", "outmsgiscollection": "", "bordercolor": "#000000", "time": "", "costs": "", "costcenter": "", "applyincalc": true, "externaldocuments": [], "risklevel": ""}, "stencil": {"id": "Task"}, "childShapes": [], "outgoing": [{"resourceId": "sid-BA611C8A-DC77-4AC3-8B34-AD4E175480E4"}, {"resourceId": "sid-82BABD28-13EA-4ECE-9A41-0A521E130757"}], "bounds": {"lowerRight": {"x": 865, "y": 335}, "upperLeft": {"x": 765, "y": 255}}, "dockers": []}, {"resourceId": "sid-A0FC0D85-0488-4ACA-9820-9020101C3958", "properties": {"name": "realistic?", "documentation": "", "auditing": "", "monitoring": "", "categories": "", "assignments": "", "pool": "", "lanes": "", "gates": "", "gates_outgoingsequenceflow": "", "gates_assignments": "", "bgcolor": "#ffffff", "processid": "", "gatewaytype": "XOR", "xortype": "Data", "markervisible": "true", "defaultgate": "", "gate_outgoingsequenceflow": "", "gate_assignments": "", "bordercolor": "#000000"}, "stencil": {"id": "Exclusive_Databased_Gateway"}, "childShapes": [], "outgoing": [{"resourceId": "sid-EB4E13F8-4847-4983-AE72-665B3ABF1165"}, {"resourceId": "sid-411ECB27-8439-4542-A6A0-BD73FD1566B8"}], "bounds": {"lowerRight": {"x": 250, "y": 195}, "upperLeft": {"x": 210, "y": 155}}, "dockers": [], "labels": [{"x": 32, "y": 8, "right": true, "top": true, "valign": "bottom", "ref": "text_name"}]}, {"resourceId": "sid-21513F6C-1B8A-4666-B8E3-EAFBD4EE0F10", "properties": {"processid": "", "name": "Change production plan request", "documentation": "", "auditing": "", "monitoring": "", "categories": "", "startquantity": 1, "completionquantity": 1, "isforcompensation": "", "assignments": "", "callacitivity": "", "tasktype": "None", "implementation": "webService", "resources": "", "messageref": "", "operationref": "", "instantiate": "", "script": "", "scriptformat": "", "bgcolor": "#ffffcc", "looptype": "None", "testbefore": "", "loopcondition": "", "loopmaximum": "", "loopcardinality": "", "loopdatainput": "", "loopdataoutput": "", "inputdataitem": "", "outputdataitem": "", "behavior": "all", "complexbehaviordefinition": "", "completioncondition": "", "onebehavioreventref:": "signal", "nonebehavioreventref": "signal", "properties": "", "datainputset": "", "dataoutputset": "", "operationname": "", "inmessagename": "", "inmsgitemkind": "Information", "inmsgstructure": "", "inmsgimport": "", "inmsgiscollection": "", "outmessagename": "", "outmsgitemkind": "Information", "outmsgstructure": "", "outmsgimport": "", "outmsgiscollection": "", "bordercolor": "#000000", "time": "", "costs": "", "costcenter": "", "applyincalc": true, "externaldocuments": [], "risklevel": ""}, "stencil": {"id": "Task"}, "childShapes": [], "outgoing": [{"resourceId": "sid-43DEBE79-AC00-4E41-B56B-D113B16C91C2"}], "bounds": {"lowerRight": {"x": 280, "y": 110}, "upperLeft": {"x": 180, "y": 30}}, "dockers": []}, {"resourceId": "sid-72DBD2DA-AC8C-4512-BFFD-AAF9CA6005F1", "properties": {"name": "", "documentation": "", "auditing": "", "monitoring": "", "categories": "", "assignments": "", "pool": "", "lanes": "", "gates": "", "gates_outgoingsequenceflow": "", "gates_assignments": "", "bgcolor": "#ffffff", "processid": "", "gatewaytype": "XOR", "xortype": "Data", "markervisible": "true", "defaultgate": "", "gate_outgoingsequenceflow": "", "gate_assignments": "", "bordercolor": "#000000"}, "stencil": {"id": "Exclusive_Databased_Gateway"}, "childShapes": [], "outgoing": [{"resourceId": "sid-4F1C3BD3-6BB6-4B0D-8B29-12C889776F35"}, {"resourceId": "sid-A7DC21C0-FBE4-458E-92ED-E41143AF100A"}], "bounds": {"lowerRight": {"x": 835, "y": 430}, "upperLeft": {"x": 795, "y": 390}}, "dockers": []}, {"resourceId": "sid-F723E210-C7E2-4FE8-8E68-F2A1169558EE", "properties": {"name": "", "documentation": "", "auditing": "", "monitoring": "", "datainputassociations": "", "datainput": "", "inputset": "", "bgcolor": "#ffffff", "bordercolor": "#000000", "trigger": "None"}, "stencil": {"id": "EndNoneEvent"}, "childShapes": [], "outgoing": [], "bounds": {"lowerRight": {"x": 829, "y": 501}, "upperLeft": {"x": 801, "y": 473}}, "dockers": []}, {"resourceId": "sid-F6C00663-40F4-4C7B-8255-9E4BD3E266C1", "properties": {"name": "", "documentation": "", "auditing": "", "monitoring": "", "dataoutputassociations": "", "dataoutput": "", "outputset": "", "isinterrupting": true, "timedate": "", "timecycle": "", "timeduration": "", "bgcolor": "#ffffff", "processid": "", "trigger": "Timer", "bordercolor": "#000000", "frequency": "", "applyincalc": true}, "stencil": {"id": "StartTimerEvent"}, "childShapes": [], "outgoing": [{"resourceId": "sid-8783165B-96B4-42AE-81EB-865A44139066"}], "bounds": {"lowerRight": {"x": 80, "y": 425}, "upperLeft": {"x": 50, "y": 395}}, "dockers": []}, {"resourceId": "sid-08812801-571A-49A7-AB1B-E95D3F60E13C", "properties": {"processid": "", "name": "Control manufacturing inputs and outputs", "documentation": "", "auditing": "", "monitoring": "", "categories": "", "startquantity": 1, "completionquantity": 1, "isforcompensation": "", "assignments": "", "callacitivity": "", "tasktype": "None", "implementation": "webService", "resources": "", "messageref": "", "operationref": "", "instantiate": "", "script": "", "scriptformat": "", "bgcolor": "#ffffcc", "looptype": "None", "testbefore": "", "loopcondition": "", "loopmaximum": "", "loopcardinality": "", "loopdatainput": "", "loopdataoutput": "", "inputdataitem": "", "outputdataitem": "", "behavior": "all", "complexbehaviordefinition": "", "completioncondition": "", "onebehavioreventref:": "signal", "nonebehavioreventref": "signal", "properties": "", "datainputset": "", "dataoutputset": "", "operationname": "", "inmessagename": "", "inmsgitemkind": "Information", "inmsgstructure": "", "inmsgimport": "", "inmsgiscollection": "", "outmessagename": "", "outmsgitemkind": "Information", "outmsgstructure": "", "outmsgimport": "", "outmsgiscollection": "", "bordercolor": "#000000", "time": "", "costs": "", "costcenter": "", "applyincalc": true, "externaldocuments": [], "risklevel": ""}, "stencil": {"id": "Task"}, "childShapes": [], "outgoing": [{"resourceId": "sid-C908B57F-9AD8-4BD6-9566-EFC25A98BA02"}, {"resourceId": "sid-68255B21-3DEB-41C2-8151-887E7DE80A54"}], "bounds": {"lowerRight": {"x": 310, "y": 450}, "upperLeft": {"x": 210, "y": 370}}, "dockers": []}, {"resourceId": "sid-4DE25065-25D3-4C50-B8F9-DB3793E8FFE6", "properties": {"resources": "", "outmsgstructure": "", "type": "http://b3mn.org/stencilset/bpmn2.0#Task", "outmessagename": "", "inmessagename": "", "outmsgiscollection": "", "operationname": "", "script": "", "scriptformat": "", "tasktype": "None", "instantiate": "", "inmsgimport": "", "outmsgitemkind": "Information", "inmsgiscollection": "", "risklevel": "", "inmsgitemkind": "Information", "inmsgstructure": "", "messageref": "", "operationref": "", "implementation": "webService", "outmsgimport": "", "name": "Material Requirement Planing", "documentation": "", "auditing": "", "monitoring": "", "categories": "", "startquantity": 1, "completionquantity": 1, "isforcompensation": "", "assignments": "", "callacitivity": "", "subprocesstype": "Embedded", "isatransaction": "", "transaction": "", "transactionmethod": "compensate", "isadhoc": "", "adhocordering": "Sequential", "adhoccompletioncondition": "", "adhoccancelremaininginstances": true, "entry": "/model/0af6527c417d44ea9cbbad90bd025f9c", "diagramref": "", "processref": "", "inputmaps": "", "outputmaps": "", "looptype": "None", "testbefore": "", "loopcondition": "", "loopmaximum": "", "loopcardinality": "", "loopdatainput": "", "loopdataoutput": "", "inputdataitem": "", "outputdataitem": "", "behavior": "all", "complexbehaviordefinition": "", "completioncondition": "", "onebehavioreventref:": "signal", "nonebehavioreventref": "signal", "properties": "", "datainputset": "", "dataoutputset": "", "processid": "", "activitytype": "Sub-Process", "bgcolor": "#ffffcc", "bordercolor": "#000000", "time": "", "costs": "", "costcenter": "", "applyincalc": true, "externaldocuments": []}, "stencil": {"id": "CollapsedSubprocess"}, "childShapes": [], "outgoing": [{"resourceId": "sid-1B2EE207-628E-4697-8DFE-2473B5C668BE"}, {"resourceId": "sid-C98C70A9-741F-46C1-84A4-01DCBCF22B50"}], "bounds": {"lowerRight": {"x": 790, "y": 215}, "upperLeft": {"x": 690, "y": 135}}, "dockers": []}, {"resourceId": "sid-69FE685B-639E-4885-8274-301BD4D1FE05", "properties": {"name": "", "documentation": "", "auditing": "", "monitoring": "", "datainputassociations": "", "datainput": "", "inputset": "", "bgcolor": "#ffffff", "bordercolor": "#000000", "trigger": "None"}, "stencil": {"id": "EndNoneEvent"}, "childShapes": [], "outgoing": [], "bounds": {"lowerRight": {"x": 439, "y": 424}, "upperLeft": {"x": 411, "y": 396}}, "dockers": []}, {"resourceId": "sid-BC53279B-E08D-4F6F-9F0A-EC3BC790D3AB", "properties": {"type": "http://b3mn.org/stencilset/bpmn2.0#EndNoneEvent", "datainputassociations": "", "datainput": "", "inputset": "", "name": "", "documentation": "", "auditing": "", "monitoring": "", "messagename": "", "operationname": "", "bgcolor": "#ffffff", "trigger": "Message", "bordercolor": "#000000"}, "stencil": {"id": "EndMessageEvent"}, "childShapes": [], "outgoing": [{"resourceId": "sid-240927D9-AB05-4D07-BC1E-494E241F4376"}], "bounds": {"lowerRight": {"x": 373, "y": 84}, "upperLeft": {"x": 345, "y": 56}}, "dockers": []}], "outgoing": [], "bounds": {"lowerRight": {"x": 1025, "y": 545}, "upperLeft": {"x": 30, "y": 0}}, "dockers": []}], "outgoing": [], "bounds": {"lowerRight": {"x": 1055, "y": 725}, "upperLeft": {"x": 30, "y": 180}}, "dockers": []}, {"resourceId": "sid-F702AA8C-47B5-469C-8208-4E2FD744B0DA", "properties": {"name": "", "documentation": "", "auditing": "", "monitoring": "", "bordercolor": "#000000"}, "stencil": {"id": "MessageFlow"}, "childShapes": [], "outgoing": [], "bounds": {"lowerRight": {"x": 115.67215969865674197, "y": 210}, "upperLeft": {"x": 115.67215969865674197, "y": 135}}, "dockers": [{"x": 85.672159698656741966, "y": 57}, {"x": 115.67215969865674197, "y": 210}]}, {"resourceId": "sid-3437C146-1C9A-4B6C-A9E9-2764D829E04F", "properties": {"name": "Manufacturing department", "documentation": "", "auditing": "", "monitoring": "", "boundaryvisible": true, "processname": "", "status": "None", "adhoc": "", "adhocordering": "Parallel", "adhoccompletioncondition": "", "suppressjoinfailure": "", "enableinstancecompensation": "", "processcategories": "", "processdocumentation": "", "multiinstance": "", "minimum": 2, "maximum": 2, "processtype": "None", "isclosed": "", "isexecutable": "", "processid": "", "bgcolor": "#ffffff", "bordercolor": "#000000"}, "stencil": {"id": "CollapsedPool"}, "childShapes": [], "outgoing": [{"resourceId": "sid-4C6E1980-8893-4837-8300-7CFC1491AF97"}, {"resourceId": "sid-41504C08-256F-4423-A6DF-E6632F20B43B"}], "bounds": {"lowerRight": {"x": 1045, "y": 792}, "upperLeft": {"x": 72, "y": 750}}, "dockers": []}, {"resourceId": "sid-FD566EA6-0CFD-4D18-B29B-1BA884B6D7D6", "properties": {"name": "", "documentation": "", "auditing": "", "monitoring": "", "conditiontype": "None", "conditionexpression": "", "isimmediate": "", "showdiamondmarker": "", "bordercolor": "#000000", "probability": ""}, "stencil": {"id": "SequenceFlow"}, "childShapes": [], "outgoing": [{"resourceId": "sid-BF97FD84-440C-4B14-B7F7-DE03B2A34736"}], "bounds": {"lowerRight": {"x": 629.45898893863648027, "y": 355.4364319907511458}, "upperLeft": {"x": 535, "y": 355.15105740181269312}}, "dockers": [{"x": 50, "y": 40}, {"x": 20.5, "y": 20.5}], "target": {"resourceId": "sid-BF97FD84-440C-4B14-B7F7-DE03B2A34736"}}, {"resourceId": "sid-F12B09D4-C418-4B24-97CF-FD4E7DC98453", "properties": {"name_glossary_dirty": false, "name": "glossary://ceb82588102546df8e82966f61ff5dab/Purchasing department;;", "documentation": "", "auditing": "", "monitoring": "", "boundaryvisible": true, "processname": "", "status": "None", "adhoc": "", "adhocordering": "Parallel", "adhoccompletioncondition": "", "suppressjoinfailure": "", "enableinstancecompensation": "", "processcategories": "", "processdocumentation": "", "multiinstance": "", "minimum": 2, "maximum": 2, "processtype": "None", "isclosed": "", "isexecutable": "", "processid": "", "bgcolor": "#ffffff", "bordercolor": "#000000"}, "stencil": {"id": "CollapsedPool"}, "childShapes": [], "outgoing": [], "bounds": {"lowerRight": {"x": 1045, "y": 132}, "upperLeft": {"x": 667, "y": 75}}, "dockers": []}, {"resourceId": "sid-96F320C1-AF49-41FD-BE65-8DE052FAD941", "properties": {"name": "", "documentation": "", "auditing": "", "monitoring": "", "conditiontype": "None", "conditionexpression": "", "isimmediate": "", "showdiamondmarker": false, "bordercolor": "#000000", "probability": ""}, "stencil": {"id": "SequenceFlow"}, "childShapes": [], "outgoing": [{"resourceId": "sid-B35BAD4A-5733-45F2-A3E1-B8EC5B48F4FA"}], "bounds": {"lowerRight": {"x": 120, "y": 314.234375}, "upperLeft": {"x": 120, "y": 240.609375}}, "dockers": [{"x": 15, "y": 15}, {"x": 45, "y": 20}], "target": {"resourceId": "sid-B35BAD4A-5733-45F2-A3E1-B8EC5B48F4FA"}}, {"resourceId": "sid-43DEBE79-AC00-4E41-B56B-D113B16C91C2", "properties": {"name": "", "documentation": "", "auditing": "", "monitoring": "", "conditiontype": "None", "conditionexpression": "", "isimmediate": "", "showdiamondmarker": "", "bordercolor": "#000000", "probability": ""}, "stencil": {"id": "SequenceFlow"}, "childShapes": [], "outgoing": [{"resourceId": "sid-BC53279B-E08D-4F6F-9F0A-EC3BC790D3AB"}], "bounds": {"lowerRight": {"x": 404.8984375, "y": 250}, "upperLeft": {"x": 340, "y": 250}}, "dockers": [{"x": 50, "y": 40}, {"x": 14, "y": 14}], "target": {"resourceId": "sid-BC53279B-E08D-4F6F-9F0A-EC3BC790D3AB"}}, {"resourceId": "sid-2371CFC7-B824-4101-85D7-44F5CAE30FBB", "properties": {"name": "", "documentation": "", "auditing": "", "monitoring": "", "conditiontype": "None", "conditionexpression": "", "isimmediate": "", "showdiamondmarker": "", "bordercolor": "#000000", "probability": ""}, "stencil": {"id": "SequenceFlow"}, "childShapes": [], "outgoing": [{"resourceId": "sid-A0FC0D85-0488-4ACA-9820-9020101C3958"}], "bounds": {"lowerRight": {"x": 269.458984375, "y": 355.5}, "upperLeft": {"x": 175, "y": 355.5}}, "dockers": [{"x": 50, "y": 40.5}, {"x": 20.5, "y": 20.5}], "target": {"resourceId": "sid-A0FC0D85-0488-4ACA-9820-9020101C3958"}}, {"resourceId": "sid-EB4E13F8-4847-4983-AE72-665B3ABF1165", "properties": {"name": "yes", "documentation": "", "auditing": "", "monitoring": "", "conditiontype": "None", "conditionexpression": "", "isimmediate": "", "showdiamondmarker": "", "bordercolor": "#000000", "probability": ""}, "stencil": {"id": "SequenceFlow"}, "childShapes": [], "outgoing": [{"resourceId": "sid-D756E1DD-E234-4837-841D-BD3274BEECBF"}], "bounds": {"lowerRight": {"x": 434.61523767921767103, "y": 355.44860118940670191}, "upperLeft": {"x": 310.49413732078232897, "y": 355.12952381059329809}}, "dockers": [{"x": 20.5, "y": 20.5}, {"x": 50, "y": 40}], "labels": [{"distance": 8.2236283121946112118, "x": 398.79082656752530056, "y": 355.22161741242280186, "from": 0, "to": 1, "orientation": "lr", "valign": "bottom", "align": "right", "ref": "text_name"}], "target": {"resourceId": "sid-D756E1DD-E234-4837-841D-BD3274BEECBF"}}, {"resourceId": "sid-411ECB27-8439-4542-A6A0-BD73FD1566B8", "properties": {"name": "no", "documentation": "", "auditing": "", "monitoring": "", "conditiontype": "None", "conditionexpression": "", "isimmediate": "", "showdiamondmarker": false, "bordercolor": "#000000", "probability": ""}, "stencil": {"id": "SequenceFlow"}, "childShapes": [], "outgoing": [{"resourceId": "sid-21513F6C-1B8A-4666-B8E3-EAFBD4EE0F10"}], "bounds": {"lowerRight": {"x": 289.80062686303409691, "y": 335.56049901183837392}, "upperLeft": {"x": 289.57353837279100617, "y": 290}}, "dockers": [{"x": 19.554636496805017032, "y": 4.3527603512824839527}, {"x": 50, "y": 40}], "target": {"resourceId": "sid-21513F6C-1B8A-4666-B8E3-EAFBD4EE0F10"}}, {"resourceId": "sid-D04AC6D8-5C69-42A0-82D1-BF066C3F8D54", "properties": {"name": "", "documentation": "", "auditing": "", "monitoring": "", "conditiontype": "None", "conditionexpression": "", "isimmediate": "", "showdiamondmarker": "", "bordercolor": "#000000", "probability": ""}, "stencil": {"id": "SequenceFlow"}, "childShapes": [], "outgoing": [{"resourceId": "sid-D756E1DD-E234-4837-841D-BD3274BEECBF"}], "bounds": {"lowerRight": {"x": 899.6796875, "y": 314.625}, "upperLeft": {"x": 522, "y": 250}}, "dockers": [{"x": 50, "y": 40}, {"x": 522, "y": 250}, {"x": 87, "y": 40}], "target": {"resourceId": "sid-D756E1DD-E234-4837-841D-BD3274BEECBF"}}, {"resourceId": "sid-C5B41BB5-0EA9-47E6-9505-243CF4D08498", "properties": {"name": "yes", "documentation": "", "auditing": "", "monitoring": "", "conditiontype": "None", "conditionexpression": "", "isimmediate": "", "showdiamondmarker": "", "bordercolor": "#000000", "probability": ""}, "stencil": {"id": "SequenceFlow"}, "childShapes": [], "outgoing": [{"resourceId": "sid-EFD2FA43-9BEE-45D9-9BBE-BCD508700BB2"}], "bounds": {"lowerRight": {"x": 650.41360197940775834, "y": 549.64063453438814122}, "upperLeft": {"x": 650.17624177059224166, "y": 495.28514671561185878}}, "dockers": [{"x": 20.5, "y": 20.5}, {"x": 50, "y": 40}], "target": {"resourceId": "sid-EFD2FA43-9BEE-45D9-9BBE-BCD508700BB2"}}, {"resourceId": "sid-BA611C8A-DC77-4AC3-8B34-AD4E175480E4", "properties": {"name": "", "documentation": "", "auditing": "", "monitoring": "", "conditiontype": "None", "conditionexpression": "", "isimmediate": "", "showdiamondmarker": "", "bordercolor": "#000000", "probability": ""}, "stencil": {"id": "SequenceFlow"}, "childShapes": [], "outgoing": [{"resourceId": "sid-72DBD2DA-AC8C-4512-BFFD-AAF9CA6005F1"}], "bounds": {"lowerRight": {"x": 875.40973353623382991, "y": 569.64844687000754675}, "upperLeft": {"x": 875.1731601731602268, "y": 515}}, "dockers": [{"x": 50, "y": 40}, {"x": 20.5, "y": 20.5}], "target": {"resourceId": "sid-72DBD2DA-AC8C-4512-BFFD-AAF9CA6005F1"}}, {"resourceId": "sid-0795091C-451A-4FCF-A5AA-C44D88499B4D", "properties": {"name": "Execution", "documentation": "", "auditing": "", "monitoring": "", "conditiontype": "None", "conditionexpression": "", "isimmediate": "", "showdiamondmarker": "", "bordercolor": "#000000", "probability": ""}, "stencil": {"id": "SequenceFlow"}, "childShapes": [], "outgoing": [{"resourceId": "sid-300B5E90-E76B-42DF-946C-5A0E239FA3F2"}], "bounds": {"lowerRight": {"x": 650.41380211950183821, "y": 455.25000868044253366}, "upperLeft": {"x": 650.08229163049816179, "y": 375.68749131955746634}}, "dockers": [{"x": 20.5, "y": 20}, {"x": 20, "y": 20}], "labels": [{"edge": "startbottom", "ref": "text_name"}], "target": {"resourceId": "sid-300B5E90-E76B-42DF-946C-5A0E239FA3F2"}}, {"resourceId": "sid-EE8299ED-3F60-477C-86FF-4E15E5181C12", "properties": {"name": "Planning", "documentation": "", "auditing": "", "monitoring": "", "conditiontype": "None", "conditionexpression": "", "isimmediate": "", "showdiamondmarker": "", "bordercolor": "#000000", "probability": ""}, "stencil": {"id": "SequenceFlow"}, "childShapes": [], "outgoing": [{"resourceId": "sid-4DE25065-25D3-4C50-B8F9-DB3793E8FFE6"}], "bounds": {"lowerRight": {"x": 749.10938055550923309, "y": 355.43416668518500501}, "upperLeft": {"x": 670.24999444449076691, "y": 355.17130206481499499}}, "dockers": [{"x": 20.5, "y": 20.5}, {"x": 50.5, "y": 40}], "target": {"resourceId": "sid-4DE25065-25D3-4C50-B8F9-DB3793E8FFE6"}}, {"resourceId": "sid-2BE544F9-90C2-4D51-9D78-588CDDF7C2CC", "properties": {"name": "no", "documentation": "", "auditing": "", "monitoring": "", "conditiontype": "None", "conditionexpression": "", "isimmediate": "", "showdiamondmarker": "", "bordercolor": "#000000", "probability": ""}, "stencil": {"id": "SequenceFlow"}, "childShapes": [], "outgoing": [{"resourceId": "sid-6034173C-81CA-4232-94CC-34FB8D571C82"}], "bounds": {"lowerRight": {"x": 824.89062748013725468, "y": 475.45480408403147976}, "upperLeft": {"x": 670.79296626986274532, "y": 475.11160216596852024}}, "dockers": [{"x": 20.5, "y": 20.5}, {"x": 50, "y": 40}], "target": {"resourceId": "sid-6034173C-81CA-4232-94CC-34FB8D571C82"}}, {"resourceId": "sid-C98C70A9-741F-46C1-84A4-01DCBCF22B50", "properties": {"name": "", "documentation": "", "auditing": "", "monitoring": "", "conditiontype": "None", "conditionexpression": "", "isimmediate": "", "showdiamondmarker": false, "bordercolor": "#000000", "probability": ""}, "stencil": {"id": "SequenceFlow"}, "childShapes": [], "outgoing": [], "bounds": {"lowerRight": {"x": 933, "y": 359}, "upperLeft": {"x": 850, "y": 290}}, "dockers": [{"x": 99, "y": 44}, {"x": 933, "y": 359}, {"x": 933, "y": 290}]}, {"resourceId": "sid-8783165B-96B4-42AE-81EB-865A44139066", "properties": {"name": "", "documentation": "", "auditing": "", "monitoring": "", "conditiontype": "None", "conditionexpression": "", "isimmediate": "", "showdiamondmarker": "", "bordercolor": "#000000", "probability": ""}, "stencil": {"id": "SequenceFlow"}, "childShapes": [], "outgoing": [{"resourceId": "sid-08812801-571A-49A7-AB1B-E95D3F60E13C"}], "bounds": {"lowerRight": {"x": 269.48828125, "y": 590}, "upperLeft": {"x": 140.47265625, "y": 590}}, "dockers": [{"x": 15, "y": 15}, {"x": 50, "y": 40}], "target": {"resourceId": "sid-08812801-571A-49A7-AB1B-E95D3F60E13C"}}, {"resourceId": "sid-82BABD28-13EA-4ECE-9A41-0A521E130757", "properties": {"name": "", "documentation": "", "auditing": "", "monitoring": "", "bordercolor": "#000000"}, "stencil": {"id": "MessageFlow"}, "childShapes": [], "outgoing": [{"resourceId": "sid-F12B09D4-C418-4B24-97CF-FD4E7DC98453"}], "bounds": {"lowerRight": {"x": 875, "y": 434.078125}, "upperLeft": {"x": 875, "y": 132}}, "dockers": [{"x": 50, "y": 40}, {"x": 208, "y": 35}], "target": {"resourceId": "sid-F12B09D4-C418-4B24-97CF-FD4E7DC98453"}}, {"resourceId": "sid-4F1C3BD3-6BB6-4B0D-8B29-12C889776F35", "properties": {"name": "materials", "documentation": "", "auditing": "", "monitoring": "", "conditiontype": "None", "conditionexpression": "", "isimmediate": "", "showdiamondmarker": "", "bordercolor": "#000000", "probability": ""}, "stencil": {"id": "SequenceFlow"}, "childShapes": [], "outgoing": [{"resourceId": "sid-EFD2FA43-9BEE-45D9-9BBE-BCD508700BB2"}], "bounds": {"lowerRight": {"x": 854.24023683318932854, "y": 590.45286083555026835}, "upperLeft": {"x": 700, "y": 590.11086474501109933}}, "dockers": [{"x": 20.5, "y": 20.5}, {"x": 50, "y": 40}], "labels": [{"distance": -7.1463527222002420913, "x": 715.99715495578652735, "y": 590.14633515511263795, "from": 0, "to": 1, "orientation": "ll", "valign": "bottom", "align": "left", "ref": "text_name"}], "target": {"resourceId": "sid-EFD2FA43-9BEE-45D9-9BBE-BCD508700BB2"}}, {"resourceId": "sid-C908B57F-9AD8-4BD6-9566-EFC25A98BA02", "properties": {"name": "", "documentation": "", "auditing": "", "monitoring": "", "conditiontype": "None", "conditionexpression": "", "isimmediate": "", "showdiamondmarker": "", "bordercolor": "#000000", "probability": ""}, "stencil": {"id": "SequenceFlow"}, "childShapes": [], "outgoing": [{"resourceId": "sid-69FE685B-639E-4885-8274-301BD4D1FE05"}], "bounds": {"lowerRight": {"x": 470.46484375, "y": 590}, "upperLeft": {"x": 370, "y": 590}}, "dockers": [{"x": 50, "y": 40}, {"x": 14, "y": 14}], "target": {"resourceId": "sid-69FE685B-639E-4885-8274-301BD4D1FE05"}}, {"resourceId": "sid-68255B21-3DEB-41C2-8151-887E7DE80A54", "properties": {"name": "", "documentation": "", "auditing": "", "monitoring": "", "bordercolor": "#000000"}, "stencil": {"id": "MessageFlow"}, "childShapes": [], "outgoing": [{"resourceId": "sid-3437C146-1C9A-4B6C-A9E9-2764D829E04F"}], "bounds": {"lowerRight": {"x": 303.33333333333331439, "y": 749.623046875}, "upperLeft": {"x": 303.33333333333331439, "y": 630}}, "dockers": [{"x": 33.333333333333314386, "y": 40}, {"x": 231.33333333333331439, "y": 13.5}], "target": {"resourceId": "sid-3437C146-1C9A-4B6C-A9E9-2764D829E04F"}}, {"resourceId": "sid-4C6E1980-8893-4837-8300-7CFC1491AF97", "properties": {"name": "", "documentation": "", "auditing": "", "monitoring": "", "bordercolor": "#000000"}, "stencil": {"id": "MessageFlow"}, "childShapes": [], "outgoing": [{"resourceId": "sid-08812801-571A-49A7-AB1B-E95D3F60E13C"}], "bounds": {"lowerRight": {"x": 336.66666666666662877, "y": 749.1796875}, "upperLeft": {"x": 336.66666666666662877, "y": 630}}, "dockers": [{"x": 264.66666666666662877, "y": 13.5}, {"x": 66.666666666666628771, "y": 43}], "target": {"resourceId": "sid-08812801-571A-49A7-AB1B-E95D3F60E13C"}}, {"resourceId": "sid-A7DC21C0-FBE4-458E-92ED-E41143AF100A", "properties": {"name": "finished products", "documentation": "", "auditing": "", "monitoring": "", "conditiontype": "None", "conditionexpression": "", "isimmediate": "", "showdiamondmarker": "", "bordercolor": "#000000", "probability": ""}, "stencil": {"id": "SequenceFlow"}, "childShapes": [], "outgoing": [{"resourceId": "sid-F723E210-C7E2-4FE8-8E68-F2A1169558EE"}], "bounds": {"lowerRight": {"x": 875.36846419188645996, "y": 652.85158385862189334}, "upperLeft": {"x": 875.09247330811354004, "y": 610.62497864137810666}}, "dockers": [{"x": 20.5, "y": 20.5}, {"x": 14, "y": 14}], "labels": [{"distance": -18.287191101802580562, "x": 875.28680051260141681, "y": 623.11952157197777069, "from": 0, "to": 1, "valign": "middle", "align": "center", "ref": "text_name"}], "target": {"resourceId": "sid-F723E210-C7E2-4FE8-8E68-F2A1169558EE"}}, {"resourceId": "sid-75DF4FD9-1E69-426E-B3CA-1DBDC34052D8", "properties": {"name": "work order", "documentation": "", "auditing": "", "monitoring": "", "bordercolor": "#000000"}, "stencil": {"id": "MessageFlow"}, "childShapes": [], "outgoing": [{"resourceId": "sid-3437C146-1C9A-4B6C-A9E9-2764D829E04F"}], "bounds": {"lowerRight": {"x": 626, "y": 749.234375}, "upperLeft": {"x": 626, "y": 630}}, "dockers": [{"x": 26, "y": 80}, {"x": 554, "y": 42}], "labels": [{"distance": -35, "x": 626, "y": 678.6502840998849706, "from": 0, "to": 1, "valign": "middle", "align": "center", "ref": "text_name"}], "target": {"resourceId": "sid-3437C146-1C9A-4B6C-A9E9-2764D829E04F"}}, {"resourceId": "sid-3D5533CF-F40D-4984-B1CA-10A765767DB8", "properties": {"name": "", "documentation": "", "auditing": "", "monitoring": "", "conditiontype": "None", "conditionexpression": "", "isimmediate": "", "showdiamondmarker": false, "bordercolor": "#000000", "probability": ""}, "stencil": {"id": "SequenceFlow"}, "childShapes": [], "outgoing": [{"resourceId": "sid-F723E210-C7E2-4FE8-8E68-F2A1169558EE"}], "bounds": {"lowerRight": {"x": 860.60807291666674246, "y": 667}, "upperLeft": {"x": 673.33333333333337123, "y": 630}}, "dockers": [{"x": 73.333333333333371229, "y": 62}, {"x": 673.33333333333337123, "y": 667}, {"x": 14, "y": 14}], "target": {"resourceId": "sid-F723E210-C7E2-4FE8-8E68-F2A1169558EE"}}, {"resourceId": "sid-1B2EE207-628E-4697-8DFE-2473B5C668BE", "properties": {"name": "Inventory status records", "documentation": "", "auditing": "", "monitoring": "", "bordercolor": "#000000"}, "stencil": {"id": "MessageFlow"}, "childShapes": [], "outgoing": [{"resourceId": "sid-3437C146-1C9A-4B6C-A9E9-2764D829E04F"}], "bounds": {"lowerRight": {"x": 800, "y": 749.005218505859375}, "upperLeft": {"x": 800, "y": 395}}, "dockers": [{"x": 50, "y": 79}, {"x": 728, "y": 17.513671875}], "labels": [{"distance": -77, "x": 800, "y": 688.6472424427322494, "from": 0, "to": 1, "valign": "middle", "align": "center", "ref": "text_name"}], "target": {"resourceId": "sid-3437C146-1C9A-4B6C-A9E9-2764D829E04F"}}, {"resourceId": "sid-41504C08-256F-4423-A6DF-E6632F20B43B", "properties": {"name": "Routing data", "documentation": "", "auditing": "", "monitoring": "", "bordercolor": "#000000"}, "stencil": {"id": "MessageFlow"}, "childShapes": [], "outgoing": [{"resourceId": "sid-19D6FA94-BB3B-46D3-8A7B-66FD41B984CB"}], "bounds": {"lowerRight": {"x": 960, "y": 749.25325955321363836}, "upperLeft": {"x": 960, "y": 290}}, "dockers": [{"x": 888, "y": 21.734559859970204343}, {"x": 60, "y": 38}], "labels": [{"distance": 1, "x": 960, "y": 678.00636743290829145, "from": 0, "to": 1, "orientation": "ur", "valign": "top", "align": "right", "ref": "text_name"}], "target": {"resourceId": "sid-19D6FA94-BB3B-46D3-8A7B-66FD41B984CB"}}, {"resourceId": "sid-240927D9-AB05-4D07-BC1E-494E241F4376", "properties": {"name": "", "documentation": "", "auditing": "", "monitoring": "", "bordercolor": "#000000"}, "stencil": {"id": "MessageFlow"}, "childShapes": [], "outgoing": [{"resourceId": "sid-4CDA2CB0-AD39-4E22-AB1F-CD47BC9EFDCD"}], "bounds": {"lowerRight": {"x": 419, "y": 235.796875}, "upperLeft": {"x": 419, "y": 135}}, "dockers": [{"x": 14, "y": 14}, {"x": 389, "y": 45}], "target": {"resourceId": "sid-4CDA2CB0-AD39-4E22-AB1F-CD47BC9EFDCD"}}], "bounds": {"lowerRight": {"x": 1485, "y": 1050}, "upperLeft": {"x": 0, "y": 0}}, "stencilset": {"url": "/stencilsets/bpmn2.0/bpmn2.0.json?version=6.0.0", "namespace": "http://b3mn.org/stencilset/bpmn2.0#"}, "ssextensions": []}