{"revision": {"creationDate": null, "isLastRevision": true, "revisionNumber": 3, "elementCounts": {"total": 56, "EndMessageEvent": 2, "processparticipant": 1, "Lane": 2, "IntermediateMessageEventCatching": 5, "Pool": 2, "StartNoneEvent": 1, "MessageFlow": 6, "StartMessageEvent": 1, "IntermediateMultipleEventCatching": 1, "SequenceFlow": 22, "Task": 4, "EndNoneEvent": 1, "Exclusive_Databased_Gateway": 3, "BPMNDiagram": 1, "IntermediateMessageEventThrowing": 4}, "connectedness": 96}, "model": {"modelId": "1043256737", "modelDate": "2012-03-20", "groupName": "BPMN2.0_Process", "naturalLanguage": "en", "modelName": "Procurement process from Niu", "TimestampModelCollection": "2012-08-30 14:08:38", "modelingLanguage": "bpmn20", "directoryId": "1751803183", "numberOfRevisions": 3}}