{"resourceId": "canvas", "properties": {"name": "", "documentation": "", "auditing": "", "monitoring": "", "version": "", "author": "", "language": "English", "namespaces": "", "targetnamespace": "http://www.signavio.com/bpmn20", "expressionlanguage": "http://www.w3.org/1999/XPath", "typelanguage": "http://www.w3.org/2001/XMLSchema", "creationdate": "", "modificationdate": "", "orientation": "horizontal"}, "stencil": {"id": "BPMNDiagram"}, "childShapes": [{"resourceId": "sid-24B9F698-CC60-4FBC-898D-A3DD37933CEF", "properties": {"name": "", "documentation": "", "auditing": "", "monitoring": "", "conditiontype": "None", "conditionexpression": "", "isimmediate": "", "showdiamondmarker": "", "bordercolor": "#000000", "probability": ""}, "stencil": {"id": "SequenceFlow"}, "childShapes": [], "outgoing": [{"resourceId": "sid-C0BD065B-80B9-47BC-B277-D1DCE5B10C2E"}], "bounds": {"lowerRight": {"x": 884.9453125, "y": 257.458984375}, "upperLeft": {"x": 785.5, "y": 113}}, "dockers": [{"x": 20.5, "y": 20.5}, {"x": 785.5, "y": 113}, {"x": 50, "y": 40}], "target": {"resourceId": "sid-C0BD065B-80B9-47BC-B277-D1DCE5B10C2E"}}, {"resourceId": "sid-71441EAF-BFEA-4F35-B95F-622A5FDE9710", "properties": {"name": "", "documentation": "", "auditing": "", "monitoring": "", "conditiontype": "None", "conditionexpression": "", "isimmediate": "", "showdiamondmarker": "", "bordercolor": "#000000", "probability": ""}, "stencil": {"id": "SequenceFlow"}, "childShapes": [], "outgoing": [{"resourceId": "sid-454E34AC-A83C-414D-B148-AD87DBB87649"}], "bounds": {"lowerRight": {"x": 884.9453125, "y": 328}, "upperLeft": {"x": 785.5, "y": 298}}, "dockers": [{"x": 20.5, "y": 20.5}, {"x": 785.5, "y": 328}, {"x": 50, "y": 40}], "target": {"resourceId": "sid-454E34AC-A83C-414D-B148-AD87DBB87649"}}, {"resourceId": "sid-F8EC74CF-0962-457E-90F0-E531EB637942", "properties": {"name": "", "documentation": "", "auditing": "", "monitoring": "", "conditiontype": "None", "conditionexpression": "", "isimmediate": "", "showdiamondmarker": "", "bordercolor": "#000000", "probability": ""}, "stencil": {"id": "SequenceFlow"}, "childShapes": [], "outgoing": [{"resourceId": "sid-9840312F-997C-4EEF-B8E1-8BC97CE586A3"}], "bounds": {"lowerRight": {"x": 209.15625, "y": 278}, "upperLeft": {"x": 165.609375, "y": 278}}, "dockers": [{"x": 15, "y": 15}, {"x": 50, "y": 40}], "target": {"resourceId": "sid-9840312F-997C-4EEF-B8E1-8BC97CE586A3"}}, {"resourceId": "sid-8C4F95FC-EDC7-4BF8-AC55-F3B0873B9040", "properties": {"name": "", "documentation": "", "auditing": "", "monitoring": "", "conditiontype": "None", "conditionexpression": "", "isimmediate": "", "showdiamondmarker": "", "bordercolor": "#000000", "probability": ""}, "stencil": {"id": "SequenceFlow"}, "childShapes": [], "outgoing": [{"resourceId": "sid-4F578DC0-5055-4334-BD58-3BC5D0EFA486"}], "bounds": {"lowerRight": {"x": 354.15625, "y": 278}, "upperLeft": {"x": 310, "y": 278}}, "dockers": [{"x": 50, "y": 40}, {"x": 50, "y": 40}], "target": {"resourceId": "sid-4F578DC0-5055-4334-BD58-3BC5D0EFA486"}}, {"resourceId": "sid-62EEC6DF-9E03-4A4B-A12F-67364C7A19B3", "properties": {"name": "", "documentation": "", "auditing": "", "monitoring": "", "conditiontype": "None", "conditionexpression": "", "isimmediate": "", "showdiamondmarker": "", "bordercolor": "#000000", "probability": ""}, "stencil": {"id": "SequenceFlow"}, "childShapes": [], "outgoing": [{"resourceId": "sid-BB9EA5DC-D1C9-49C7-80C5-3639C21764DC"}], "bounds": {"lowerRight": {"x": 499.15625, "y": 278}, "upperLeft": {"x": 455, "y": 278}}, "dockers": [{"x": 50, "y": 40}, {"x": 50, "y": 40}], "target": {"resourceId": "sid-BB9EA5DC-D1C9-49C7-80C5-3639C21764DC"}}, {"resourceId": "sid-722A60A5-AAFC-45F1-8351-DB5A8565D598", "properties": {"name": "", "documentation": "", "auditing": "", "monitoring": "", "conditiontype": "None", "conditionexpression": "", "isimmediate": "", "showdiamondmarker": "", "bordercolor": "#000000", "probability": ""}, "stencil": {"id": "SequenceFlow"}, "childShapes": [], "outgoing": [{"resourceId": "sid-E3BAE947-B76B-4EC4-ACD0-1D5E2880C597"}], "bounds": {"lowerRight": {"x": 764.71876123046604334, "y": 278.40151071673204797}, "upperLeft": {"x": 730, "y": 278.23696682464452579}}, "dockers": [{"x": 50, "y": 40}, {"x": 20.5, "y": 20.5}], "target": {"resourceId": "sid-E3BAE947-B76B-4EC4-ACD0-1D5E2880C597"}}, {"resourceId": "sid-B7F7F788-E93F-4AF1-86EE-B320ABF716C1", "properties": {"name": "", "documentation": "", "auditing": "", "monitoring": "", "conditiontype": "None", "conditionexpression": "", "isimmediate": "", "showdiamondmarker": "", "bordercolor": "#000000", "probability": ""}, "stencil": {"id": "SequenceFlow"}, "childShapes": [], "outgoing": [{"resourceId": "sid-03A93A7D-AB24-48FD-A162-947C65E1E4B6"}], "bounds": {"lowerRight": {"x": 884.9453125, "y": 257.5546875}, "upperLeft": {"x": 785.5, "y": 223}}, "dockers": [{"x": 20.5, "y": 20.5}, {"x": 785.5, "y": 223}, {"x": 50, "y": 40}], "target": {"resourceId": "sid-03A93A7D-AB24-48FD-A162-947C65E1E4B6"}}, {"resourceId": "sid-D370DCD0-9D63-4D76-A6CB-B8884BE8C1B6", "properties": {"name": "", "documentation": "", "auditing": "", "monitoring": "", "conditiontype": "None", "conditionexpression": "", "isimmediate": "", "showdiamondmarker": "", "bordercolor": "#000000", "probability": ""}, "stencil": {"id": "SequenceFlow"}, "childShapes": [], "outgoing": [{"resourceId": "sid-9CD0F73D-6E13-4786-B054-84064897CBCC"}], "bounds": {"lowerRight": {"x": 884.9453125, "y": 433}, "upperLeft": {"x": 785.5, "y": 298}}, "dockers": [{"x": 20.5, "y": 20.5}, {"x": 785.5, "y": 433}, {"x": 50, "y": 40}], "target": {"resourceId": "sid-9CD0F73D-6E13-4786-B054-84064897CBCC"}}, {"resourceId": "sid-934B1A38-4EFB-455F-9C98-CDC5DE6BD8E2", "properties": {"name": "", "documentation": "", "auditing": "", "monitoring": "", "conditiontype": "None", "conditionexpression": "", "isimmediate": "", "showdiamondmarker": "", "bordercolor": "#000000", "probability": ""}, "stencil": {"id": "SequenceFlow"}, "childShapes": [], "outgoing": [{"resourceId": "sid-A0C75A46-461C-4331-9A78-E6C573DD1D61"}], "bounds": {"lowerRight": {"x": 1085.5, "y": 257.458984375}, "upperLeft": {"x": 985, "y": 113}}, "dockers": [{"x": 50, "y": 40}, {"x": 1085.5, "y": 113}, {"x": 20.5, "y": 20.5}], "target": {"resourceId": "sid-A0C75A46-461C-4331-9A78-E6C573DD1D61"}}, {"resourceId": "sid-57E01E0D-9F68-4050-AA89-842018D82561", "properties": {"name": "", "documentation": "", "auditing": "", "monitoring": "", "conditiontype": "None", "conditionexpression": "", "isimmediate": "", "showdiamondmarker": "", "bordercolor": "#000000", "probability": ""}, "stencil": {"id": "SequenceFlow"}, "childShapes": [], "outgoing": [{"resourceId": "sid-A0C75A46-461C-4331-9A78-E6C573DD1D61"}], "bounds": {"lowerRight": {"x": 1085.5, "y": 328}, "upperLeft": {"x": 985, "y": 298}}, "dockers": [{"x": 50, "y": 40}, {"x": 1085.5, "y": 328}, {"x": 20.5, "y": 20.5}], "target": {"resourceId": "sid-A0C75A46-461C-4331-9A78-E6C573DD1D61"}}, {"resourceId": "sid-F97A485E-9C26-444B-92EC-5E646B432699", "properties": {"name": "", "documentation": "", "auditing": "", "monitoring": "", "conditiontype": "None", "conditionexpression": "", "isimmediate": "", "showdiamondmarker": "", "bordercolor": "#000000", "probability": ""}, "stencil": {"id": "SequenceFlow"}, "childShapes": [], "outgoing": [{"resourceId": "sid-A0C75A46-461C-4331-9A78-E6C573DD1D61"}], "bounds": {"lowerRight": {"x": 1085.5, "y": 433}, "upperLeft": {"x": 985, "y": 298}}, "dockers": [{"x": 50, "y": 40}, {"x": 1085.5, "y": 433}, {"x": 20.5, "y": 20.5}], "target": {"resourceId": "sid-A0C75A46-461C-4331-9A78-E6C573DD1D61"}}, {"resourceId": "sid-6E011FBB-8B20-4924-91AA-604B56AA3FA8", "properties": {"name": "", "documentation": "", "auditing": "", "monitoring": "", "conditiontype": "None", "conditionexpression": "", "isimmediate": "", "showdiamondmarker": "", "bordercolor": "#000000", "probability": ""}, "stencil": {"id": "SequenceFlow"}, "childShapes": [], "outgoing": [{"resourceId": "sid-A0C75A46-461C-4331-9A78-E6C573DD1D61"}], "bounds": {"lowerRight": {"x": 1085.5, "y": 257.4453125}, "upperLeft": {"x": 985, "y": 203}}, "dockers": [{"x": 50, "y": 20}, {"x": 1085.5, "y": 203}, {"x": 20.5, "y": 20.5}], "target": {"resourceId": "sid-A0C75A46-461C-4331-9A78-E6C573DD1D61"}}, {"resourceId": "sid-41BC3C9E-A87A-4E4E-AA5B-EEA788CD015C", "properties": {"name": "", "documentation": "", "auditing": "", "monitoring": "", "conditiontype": "None", "conditionexpression": "", "isimmediate": "", "showdiamondmarker": "", "bordercolor": "#000000", "probability": ""}, "stencil": {"id": "SequenceFlow"}, "childShapes": [], "outgoing": [{"resourceId": "sid-B65D0E09-5914-44E0-A7BD-6B339606A792"}], "bounds": {"lowerRight": {"x": 1149.8007907843882549, "y": 278.41360197940781518}, "upperLeft": {"x": 1105.2851467156117451, "y": 278.21921052059218482}}, "dockers": [{"x": 20.5, "y": 20.5}, {"x": 50, "y": 40}], "target": {"resourceId": "sid-B65D0E09-5914-44E0-A7BD-6B339606A792"}}, {"resourceId": "sid-F76ABA37-3FE8-404C-BABD-541D1FB6F5FF", "properties": {"name": "", "documentation": "", "auditing": "", "monitoring": "", "conditiontype": "None", "conditionexpression": "", "isimmediate": "", "showdiamondmarker": "", "bordercolor": "#000000", "probability": ""}, "stencil": {"id": "SequenceFlow"}, "childShapes": [], "outgoing": [{"resourceId": "sid-B35013A8-0CA5-468E-880A-FFD3A8D1B762"}], "bounds": {"lowerRight": {"x": 1294.375, "y": 278}, "upperLeft": {"x": 1250, "y": 278}}, "dockers": [{"x": 50, "y": 40}, {"x": 14, "y": 14}], "target": {"resourceId": "sid-B35013A8-0CA5-468E-880A-FFD3A8D1B762"}}, {"resourceId": "sid-28B92A83-CF32-4EA3-A1C8-55FB5351D172", "properties": {"assignments": "", "transformation": "", "bordercolor": "#000000", "type": "none"}, "stencil": {"id": "Association_Undirected"}, "childShapes": [], "outgoing": [{"resourceId": "sid-23043100-12AB-48F0-BE2F-59BFAE6F46FA"}], "bounds": {"lowerRight": {"x": 449.9807439967787559, "y": 237.12434507673259532}, "upperLeft": {"x": 417.8786310032212441, "y": 135.23502992326740468}}, "dockers": [{"x": 50, "y": 40}, {"x": 1, "y": 24}], "target": {"resourceId": "sid-23043100-12AB-48F0-BE2F-59BFAE6F46FA"}}, {"resourceId": "sid-061F4842-5F6D-44DF-9EC3-40D012366ABA", "properties": {"name": " Features of the founded Software", "documentation": "", "auditing": "", "monitoring": "", "boundaryvisible": true, "processname": "", "status": "None", "adhoc": "", "adhocordering": "Parallel", "adhoccompletioncondition": "", "suppressjoinfailure": "", "enableinstancecompensation": "", "processcategories": "", "processdocumentation": "", "multiinstance": "", "minimum": 2, "maximum": 2, "processtype": "None", "isclosed": "", "isexecutable": "", "bgcolor": "#ffffff", "processid": "sid-7B5877AD-3A89-4909-A693-D819B3CC820B", "bordercolor": "#000000"}, "stencil": {"id": "Pool"}, "childShapes": [{"resourceId": "sid-7A97748E-BE13-4416-979F-4A7A167F7CC0", "properties": {"name": "", "documentation": "", "auditing": "", "monitoring": "", "parentpool": "", "parentlane": "", "showcaption": false, "bgcolor": "", "bordercolor": "#000000"}, "stencil": {"id": "Lane"}, "childShapes": [{"resourceId": "sid-435B955C-C516-452A-92A3-153F8DAC6921", "properties": {"name": "", "documentation": "", "auditing": "", "monitoring": "", "dataoutputassociations": "", "dataoutput": "", "outputset": "", "bgcolor": "#ffffff", "bordercolor": "#000000", "processid": "", "trigger": "None", "frequency": "", "applyincalc": true}, "stencil": {"id": "StartNoneEvent"}, "childShapes": [], "outgoing": [{"resourceId": "sid-F8EC74CF-0962-457E-90F0-E531EB637942"}], "bounds": {"lowerRight": {"x": 61, "y": 233}, "upperLeft": {"x": 31, "y": 203}}, "dockers": []}, {"resourceId": "sid-9840312F-997C-4EEF-B8E1-8BC97CE586A3", "properties": {"processid": "", "name": "What Type of Services are Included", "documentation": "", "auditing": "", "monitoring": "", "categories": "", "startquantity": 1, "completionquantity": 1, "isforcompensation": "", "assignments": "", "callacitivity": "", "tasktype": "None", "implementation": "webService", "resources": "", "messageref": "", "operationref": "", "instantiate": "", "script": "", "scriptformat": "", "bgcolor": "#ffffcc", "looptype": "None", "testbefore": "", "loopcondition": "", "loopmaximum": "", "loopcardinality": "", "loopdatainput": "", "loopdataoutput": "", "inputdataitem": "", "outputdataitem": "", "behavior": "all", "complexbehaviordefinition": "", "completioncondition": "", "onebehavioreventref:": "signal", "nonebehavioreventref": "signal", "properties": "", "datainputset": "", "dataoutputset": "", "operationname": "", "inmessagename": "", "inmsgitemkind": "Information", "inmsgstructure": "", "inmsgimport": "", "inmsgiscollection": "", "outmessagename": "", "outmsgitemkind": "Information", "outmsgstructure": "", "outmsgimport": "", "outmsgiscollection": "", "bordercolor": "#000000", "time": "", "costs": "", "costcenter": "", "applyincalc": true, "externaldocuments": [], "risklevel": ""}, "stencil": {"id": "Task"}, "childShapes": [], "outgoing": [{"resourceId": "sid-8C4F95FC-EDC7-4BF8-AC55-F3B0873B9040"}], "bounds": {"lowerRight": {"x": 206, "y": 258}, "upperLeft": {"x": 106, "y": 178}}, "dockers": []}, {"resourceId": "sid-4F578DC0-5055-4334-BD58-3BC5D0EFA486", "properties": {"processid": "", "name": "What Determine the Price of the Software", "documentation": "", "auditing": "", "monitoring": "", "categories": "", "startquantity": 1, "completionquantity": 1, "isforcompensation": "", "assignments": "", "callacitivity": "", "tasktype": "None", "implementation": "webService", "resources": "", "messageref": "", "operationref": "", "instantiate": "", "script": "", "scriptformat": "", "bgcolor": "#ffffcc", "looptype": "None", "testbefore": "", "loopcondition": "", "loopmaximum": "", "loopcardinality": "", "loopdatainput": "", "loopdataoutput": "", "inputdataitem": "", "outputdataitem": "", "behavior": "all", "complexbehaviordefinition": "", "completioncondition": "", "onebehavioreventref:": "signal", "nonebehavioreventref": "signal", "properties": "", "datainputset": "", "dataoutputset": "", "operationname": "", "inmessagename": "", "inmsgitemkind": "Information", "inmsgstructure": "", "inmsgimport": "", "inmsgiscollection": "", "outmessagename": "", "outmsgitemkind": "Information", "outmsgstructure": "", "outmsgimport": "", "outmsgiscollection": "", "bordercolor": "#000000", "time": "", "costs": "", "costcenter": "", "applyincalc": true, "externaldocuments": [], "risklevel": ""}, "stencil": {"id": "Task"}, "childShapes": [], "outgoing": [{"resourceId": "sid-62EEC6DF-9E03-4A4B-A12F-67364C7A19B3"}, {"resourceId": "sid-28B92A83-CF32-4EA3-A1C8-55FB5351D172"}], "bounds": {"lowerRight": {"x": 351, "y": 258}, "upperLeft": {"x": 251, "y": 178}}, "dockers": []}, {"resourceId": "sid-BB9EA5DC-D1C9-49C7-80C5-3639C21764DC", "properties": {"processid": "", "name": "Check the Software Reviews", "documentation": "", "auditing": "", "monitoring": "", "categories": "", "startquantity": 1, "completionquantity": 1, "isforcompensation": "", "assignments": "", "callacitivity": "", "tasktype": "None", "implementation": "webService", "resources": "", "messageref": "", "operationref": "", "instantiate": "", "script": "", "scriptformat": "", "bgcolor": "#ffffcc", "looptype": "None", "testbefore": "", "loopcondition": "", "loopmaximum": "", "loopcardinality": "", "loopdatainput": "", "loopdataoutput": "", "inputdataitem": "", "outputdataitem": "", "behavior": "all", "complexbehaviordefinition": "", "completioncondition": "", "onebehavioreventref:": "signal", "nonebehavioreventref": "signal", "properties": "", "datainputset": "", "dataoutputset": "", "operationname": "", "inmessagename": "", "inmsgitemkind": "Information", "inmsgstructure": "", "inmsgimport": "", "inmsgiscollection": "", "outmessagename": "", "outmsgitemkind": "Information", "outmsgstructure": "", "outmsgimport": "", "outmsgiscollection": "", "bordercolor": "#000000", "time": "", "costs": "", "costcenter": "", "applyincalc": true, "externaldocuments": [], "risklevel": ""}, "stencil": {"id": "Task"}, "childShapes": [], "outgoing": [{"resourceId": "sid-D7BB6BDC-B6E8-4938-92CB-4D2783C0ACC6"}], "bounds": {"lowerRight": {"x": 496, "y": 258}, "upperLeft": {"x": 396, "y": 178}}, "dockers": []}, {"resourceId": "sid-23043100-12AB-48F0-BE2F-59BFAE6F46FA", "properties": {"name": "", "documentation": "", "auditing": "", "monitoring": "", "categories": "", "pool": "", "lanes": "", "text": "Is it per/user or the whole package\n", "textformat": "text/plain", "bordercolor": "#000000"}, "stencil": {"id": "TextAnnotation"}, "childShapes": [], "outgoing": [], "bounds": {"lowerRight": {"x": 446, "y": 98}, "upperLeft": {"x": 346, "y": 48}}, "dockers": []}, {"resourceId": "sid-E3BAE947-B76B-4EC4-ACD0-1D5E2880C597", "properties": {"name": "", "documentation": "", "auditing": "", "monitoring": "", "categories": "", "assignments": "", "pool": "", "lanes": "", "gates": "", "gates_outgoingsequenceflow": "", "gates_assignments": "", "bgcolor": "#ffffff", "processid": "", "gatewaytype": "OR", "defaultgate": "", "gate_outgoingsequenceflow": "", "gate_assignments": "", "bordercolor": "#000000"}, "stencil": {"id": "InclusiveGateway"}, "childShapes": [], "outgoing": [{"resourceId": "sid-24B9F698-CC60-4FBC-898D-A3DD37933CEF"}, {"resourceId": "sid-71441EAF-BFEA-4F35-B95F-622A5FDE9710"}, {"resourceId": "sid-B7F7F788-E93F-4AF1-86EE-B320ABF716C1"}, {"resourceId": "sid-D370DCD0-9D63-4D76-A6CB-B8884BE8C1B6"}], "bounds": {"lowerRight": {"x": 701, "y": 238}, "upperLeft": {"x": 661, "y": 198}}, "dockers": []}, {"resourceId": "sid-03A93A7D-AB24-48FD-A162-947C65E1E4B6", "properties": {"processid": "", "name": "Check if the Software is scalable in Design", "documentation": "", "auditing": "", "monitoring": "", "categories": "", "startquantity": 1, "completionquantity": 1, "isforcompensation": "", "assignments": "", "callacitivity": "", "tasktype": "None", "implementation": "webService", "resources": "", "messageref": "", "operationref": "", "instantiate": "", "script": "", "scriptformat": "", "bgcolor": "#ffffcc", "looptype": "None", "testbefore": "", "loopcondition": "", "loopmaximum": "", "loopcardinality": "", "loopdatainput": "", "loopdataoutput": "", "inputdataitem": "", "outputdataitem": "", "behavior": "all", "complexbehaviordefinition": "", "completioncondition": "", "onebehavioreventref:": "signal", "nonebehavioreventref": "signal", "properties": "", "datainputset": "", "dataoutputset": "", "operationname": "", "inmessagename": "", "inmsgitemkind": "Information", "inmsgstructure": "", "inmsgimport": "", "inmsgiscollection": "", "outmessagename": "", "outmsgitemkind": "Information", "outmsgstructure": "", "outmsgimport": "", "outmsgiscollection": "", "bordercolor": "#000000", "time": "", "costs": "", "costcenter": "", "applyincalc": true, "externaldocuments": [], "risklevel": ""}, "stencil": {"id": "Task"}, "childShapes": [], "outgoing": [{"resourceId": "sid-6E011FBB-8B20-4924-91AA-604B56AA3FA8"}], "bounds": {"lowerRight": {"x": 881, "y": 203}, "upperLeft": {"x": 781, "y": 123}}, "dockers": []}, {"resourceId": "sid-454E34AC-A83C-414D-B148-AD87DBB87649", "properties": {"processid": "", "name": "Check How often the Software Being Updated", "documentation": "", "auditing": "", "monitoring": "", "categories": "", "startquantity": 1, "completionquantity": 1, "isforcompensation": "", "assignments": "", "callacitivity": "", "tasktype": "None", "implementation": "webService", "resources": "", "messageref": "", "operationref": "", "instantiate": "", "script": "", "scriptformat": "", "bgcolor": "#ffffcc", "looptype": "None", "testbefore": "", "loopcondition": "", "loopmaximum": "", "loopcardinality": "", "loopdatainput": "", "loopdataoutput": "", "inputdataitem": "", "outputdataitem": "", "behavior": "all", "complexbehaviordefinition": "", "completioncondition": "", "onebehavioreventref:": "signal", "nonebehavioreventref": "signal", "properties": "", "datainputset": "", "dataoutputset": "", "operationname": "", "inmessagename": "", "inmsgitemkind": "Information", "inmsgstructure": "", "inmsgimport": "", "inmsgiscollection": "", "outmessagename": "", "outmsgitemkind": "Information", "outmsgstructure": "", "outmsgimport": "", "outmsgiscollection": "", "bordercolor": "#000000", "time": "", "costs": "", "costcenter": "", "applyincalc": true, "externaldocuments": [], "risklevel": ""}, "stencil": {"id": "Task"}, "childShapes": [], "outgoing": [{"resourceId": "sid-57E01E0D-9F68-4050-AA89-842018D82561"}], "bounds": {"lowerRight": {"x": 881, "y": 308}, "upperLeft": {"x": 781, "y": 228}}, "dockers": []}, {"resourceId": "sid-4F8506F0-0CA5-4367-87CB-56D8D16DDC60", "properties": {"processid": "", "name": "Check Software Requirement ", "documentation": "", "auditing": "", "monitoring": "", "categories": "", "startquantity": 1, "completionquantity": 1, "isforcompensation": "", "assignments": "", "callacitivity": "", "tasktype": "None", "implementation": "webService", "resources": "", "messageref": "", "operationref": "", "instantiate": "", "script": "", "scriptformat": "", "bgcolor": "#ffffcc", "looptype": "None", "testbefore": "", "loopcondition": "", "loopmaximum": "", "loopcardinality": "", "loopdatainput": "", "loopdataoutput": "", "inputdataitem": "", "outputdataitem": "", "behavior": "all", "complexbehaviordefinition": "", "completioncondition": "", "onebehavioreventref:": "signal", "nonebehavioreventref": "signal", "properties": "", "datainputset": "", "dataoutputset": "", "operationname": "", "inmessagename": "", "inmsgitemkind": "Information", "inmsgstructure": "", "inmsgimport": "", "inmsgiscollection": "", "outmessagename": "", "outmsgitemkind": "Information", "outmsgstructure": "", "outmsgimport": "", "outmsgiscollection": "", "bordercolor": "#000000", "time": "", "costs": "", "costcenter": "", "applyincalc": true, "externaldocuments": [], "risklevel": ""}, "stencil": {"id": "Task"}, "childShapes": [], "outgoing": [{"resourceId": "sid-722A60A5-AAFC-45F1-8351-DB5A8565D598"}], "bounds": {"lowerRight": {"x": 626, "y": 258}, "upperLeft": {"x": 526, "y": 178}}, "dockers": []}, {"resourceId": "sid-9CD0F73D-6E13-4786-B054-84064897CBCC", "properties": {"processid": "", "name": "Check Software Warranty, Support, and Update.", "documentation": "", "auditing": "", "monitoring": "", "categories": "", "startquantity": 1, "completionquantity": 1, "isforcompensation": "", "assignments": "", "callacitivity": "", "tasktype": "None", "implementation": "webService", "resources": "", "messageref": "", "operationref": "", "instantiate": "", "script": "", "scriptformat": "", "bgcolor": "#ffffcc", "looptype": "None", "testbefore": "", "loopcondition": "", "loopmaximum": "", "loopcardinality": "", "loopdatainput": "", "loopdataoutput": "", "inputdataitem": "", "outputdataitem": "", "behavior": "all", "complexbehaviordefinition": "", "completioncondition": "", "onebehavioreventref:": "signal", "nonebehavioreventref": "signal", "properties": "", "datainputset": "", "dataoutputset": "", "operationname": "", "inmessagename": "", "inmsgitemkind": "Information", "inmsgstructure": "", "inmsgimport": "", "inmsgiscollection": "", "outmessagename": "", "outmsgitemkind": "Information", "outmsgstructure": "", "outmsgimport": "", "outmsgiscollection": "", "bordercolor": "#000000", "time": "", "costs": "", "costcenter": "", "applyincalc": true, "externaldocuments": [], "risklevel": ""}, "stencil": {"id": "Task"}, "childShapes": [], "outgoing": [{"resourceId": "sid-F97A485E-9C26-444B-92EC-5E646B432699"}], "bounds": {"lowerRight": {"x": 881, "y": 413}, "upperLeft": {"x": 781, "y": 333}}, "dockers": []}, {"resourceId": "sid-A0C75A46-461C-4331-9A78-E6C573DD1D61", "properties": {"xortype": "Data", "type": "http://b3mn.org/stencilset/bpmn2.0#Exclusive_Databased_Gateway", "markervisible": "true", "xortype_eng": "Data", "name": "", "documentation": "", "auditing": "", "monitoring": "", "categories": "", "assignments": "", "pool": "", "lanes": "", "gates": "", "gates_outgoingsequenceflow": "", "gates_assignments": "", "bgcolor": "#ffffff", "processid": "", "gatewaytype": "OR", "defaultgate": "", "gate_outgoingsequenceflow": "", "gate_assignments": "", "bordercolor": "#000000"}, "stencil": {"id": "InclusiveGateway"}, "childShapes": [], "outgoing": [{"resourceId": "sid-41BC3C9E-A87A-4E4E-AA5B-EEA788CD015C"}], "bounds": {"lowerRight": {"x": 1001, "y": 238}, "upperLeft": {"x": 961, "y": 198}}, "dockers": []}, {"resourceId": "sid-C0BD065B-80B9-47BC-B277-D1DCE5B10C2E", "properties": {"processid": "", "name": "Check if the Software is User-Friendly", "documentation": "", "auditing": "", "monitoring": "", "categories": "", "startquantity": 1, "completionquantity": 1, "isforcompensation": "", "assignments": "", "callacitivity": "", "tasktype": "None", "implementation": "webService", "resources": "", "messageref": "", "operationref": "", "instantiate": "", "script": "", "scriptformat": "", "bgcolor": "#ffffcc", "looptype": "None", "testbefore": "", "loopcondition": "", "loopmaximum": "", "loopcardinality": "", "loopdatainput": "", "loopdataoutput": "", "inputdataitem": "", "outputdataitem": "", "behavior": "all", "complexbehaviordefinition": "", "completioncondition": "", "onebehavioreventref:": "signal", "nonebehavioreventref": "signal", "properties": "", "datainputset": "", "dataoutputset": "", "operationname": "", "inmessagename": "", "inmsgitemkind": "Information", "inmsgstructure": "", "inmsgimport": "", "inmsgiscollection": "", "outmessagename": "", "outmsgitemkind": "Information", "outmsgstructure": "", "outmsgimport": "", "outmsgiscollection": "", "bordercolor": "#000000", "time": "", "costs": "", "costcenter": "", "applyincalc": true, "externaldocuments": [], "risklevel": ""}, "stencil": {"id": "Task"}, "childShapes": [], "outgoing": [{"resourceId": "sid-934B1A38-4EFB-455F-9C98-CDC5DE6BD8E2"}], "bounds": {"lowerRight": {"x": 881, "y": 93}, "upperLeft": {"x": 781, "y": 13}}, "dockers": []}, {"resourceId": "sid-B65D0E09-5914-44E0-A7BD-6B339606A792", "properties": {"processid": "", "name": "Test the software", "documentation": "", "auditing": "", "monitoring": "", "categories": "", "startquantity": 1, "completionquantity": 1, "isforcompensation": "", "assignments": "", "callacitivity": "", "tasktype": "None", "implementation": "webService", "resources": "", "messageref": "", "operationref": "", "instantiate": "", "script": "", "scriptformat": "", "bgcolor": "#ffffcc", "looptype": "None", "testbefore": "", "loopcondition": "", "loopmaximum": "", "loopcardinality": "", "loopdatainput": "", "loopdataoutput": "", "inputdataitem": "", "outputdataitem": "", "behavior": "all", "complexbehaviordefinition": "", "completioncondition": "", "onebehavioreventref:": "signal", "nonebehavioreventref": "signal", "properties": "", "datainputset": "", "dataoutputset": "", "operationname": "", "inmessagename": "", "inmsgitemkind": "Information", "inmsgstructure": "", "inmsgimport": "", "inmsgiscollection": "", "outmessagename": "", "outmsgitemkind": "Information", "outmsgstructure": "", "outmsgimport": "", "outmsgiscollection": "", "bordercolor": "#000000", "time": "", "costs": "", "costcenter": "", "applyincalc": true, "externaldocuments": [], "risklevel": ""}, "stencil": {"id": "Task"}, "childShapes": [], "outgoing": [{"resourceId": "sid-F76ABA37-3FE8-404C-BABD-541D1FB6F5FF"}], "bounds": {"lowerRight": {"x": 1146, "y": 258}, "upperLeft": {"x": 1046, "y": 178}}, "dockers": []}, {"resourceId": "sid-B35013A8-0CA5-468E-880A-FFD3A8D1B762", "properties": {"name": "", "documentation": "", "auditing": "", "monitoring": "", "datainputassociations": "", "datainput": "", "inputset": "", "bgcolor": "#ffffff", "bordercolor": "#000000", "trigger": "None"}, "stencil": {"id": "EndNoneEvent"}, "childShapes": [], "outgoing": [], "bounds": {"lowerRight": {"x": 1219, "y": 232}, "upperLeft": {"x": 1191, "y": 204}}, "dockers": []}], "outgoing": [], "bounds": {"lowerRight": {"x": 1276, "y": 424}, "upperLeft": {"x": 30, "y": 0}}, "dockers": []}], "outgoing": [], "bounds": {"lowerRight": {"x": 1350, "y": 484}, "upperLeft": {"x": 74, "y": 60}}, "dockers": []}, {"resourceId": "sid-D7BB6BDC-B6E8-4938-92CB-4D2783C0ACC6", "properties": {"type": "http://b3mn.org/stencilset/bpmn2.0#SequenceFlow", "name": "", "documentation": "", "auditing": "", "monitoring": "", "conditiontype": "None", "conditionexpression": "", "isimmediate": "", "showdiamondmarker": "", "bordercolor": "#000000", "probability": ""}, "stencil": {"id": "SequenceFlow"}, "childShapes": [], "outgoing": [{"resourceId": "sid-4F8506F0-0CA5-4367-87CB-56D8D16DDC60"}], "bounds": {"lowerRight": {"x": 629.234375, "y": 278}, "upperLeft": {"x": 600, "y": 278}}, "dockers": [{"x": 50, "y": 40}, {"x": 50, "y": 40}], "target": {"resourceId": "sid-4F8506F0-0CA5-4367-87CB-56D8D16DDC60"}}], "bounds": {"lowerRight": {"x": 1485, "y": 1050}, "upperLeft": {"x": 0, "y": 0}}, "stencilset": {"url": "/stencilsets/bpmn2.0/bpmn2.0.json?version=5.3.1", "namespace": "http://b3mn.org/stencilset/bpmn2.0#"}, "ssextensions": ["http://oryx-editor.org/stencilsets/extensions/bpmn2.0basicsubset#"]}