{"bounds": {"lowerRight": {"y": 1078.5437788592043944, "x": 1785.399840392533406}, "upperLeft": {"y": 0, "x": 0}}, "resourceId": "canvas", "childShapes": [{"dockers": [], "bounds": {"lowerRight": {"y": 731.52398872695573573, "x": 1685.399840392533406}, "upperLeft": {"y": 545.95299003128263848, "x": 0}}, "resourceId": "sid-6D006874-82E0-4ADF-AE9D-36E4CBD2A1B7", "layers": [], "labels": [], "childShapes": [{"dockers": [], "bounds": {"lowerRight": {"y": 185.57099869567312567, "x": 1685.399840392533406}, "upperLeft": {"y": 0, "x": 30}}, "resourceId": "sid-0E75E384-0854-43B5-91E2-2D1DF7596C2E", "layers": [], "labels": [], "childShapes": [{"dockers": [], "bounds": {"lowerRight": {"y": 120.75, "x": 1095.9249785263291415}, "upperLeft": {"y": 40.75, "x": 995.92497852632914146}}, "resourceId": "sid-DD80DCDB-C9EB-4F3E-9204-459E8C24993C", "layers": [], "labels": [], "childShapes": [], "properties": {"resources": "", "outmsgstructure": "", "applyincalc": "true", "loopcardinality": "", "outmessagename": "", "inmessagename": "", "bgcolor": "#ffffcc", "bordercolor": "#000000", "time": "", "loopdataoutput": "", "testbefore": "false", "callacitivity": "false", "outmsgiscollection": "false", "monitoring": "", "operationname": "", "dataoutputset": "", "completionquantity": "1", "properties": "", "script": "", "assignments": "", "nonebehavioreventref": "signal", "scriptformat": "", "datainputset": "", "processid": "", "startquantity": "1", "tasktype": "None", "looptype": "None", "instantiate": "false", "behavior": "all", "inmsgimport": "", "costs": "", "inputdataitem": "", "loopdatainput": "", "name": "S", "outmsgitemkind": "Information", "costcenter": "", "completioncondition": "", "isforcompensation": "false", "inmsgiscollection": "false", "inmsgitemkind": "Information", "inmsgstructure": "", "outputdataitem": "", "messageref": "", "loopcondition": "", "onebehavioreventref:": "signal", "implementation": "webService", "operationref": "", "outmsgimport": "", "documentation": "", "categories": "", "auditing": "", "complexbehaviordefinition": ""}, "stencil": {"id": "Task"}, "outgoing": [{"resourceId": "sid-B6A27A76-BDA8-4566-8D56-684A4C000040"}], "glossaryLinks": {}, "formats": {}}, {"dockers": [], "bounds": {"lowerRight": {"y": 162.63099570526580351, "x": 615.71248329825584733}, "upperLeft": {"y": 104.68499570526580555, "x": 551.83748329825584733}}, "resourceId": "sid-CD325CB9-F6A0-4683-A745-B3A94EBE930F", "layers": [], "labels": [], "childShapes": [], "properties": {"bordercolor": "#000000", "monitoring": "", "name": "T", "documentation": "", "categories": "", "auditing": "", "bgcolor": "#e1e1e1"}, "stencil": {"id": "ITSystem"}, "outgoing": [{"resourceId": "sid-6C2E5DF4-9E94-4EA1-9515-972596AA32F4"}, {"resourceId": "sid-989735E3-9F46-4B00-9365-887FD9A1BCD4"}, {"resourceId": "sid-4DB358BD-CC59-40E8-A949-1727E0783B2B"}], "glossaryLinks": {}, "formats": {}}, {"dockers": [], "bounds": {"lowerRight": {"y": 97.63099570526583193, "x": 726.53298908819385815}, "upperLeft": {"y": 19.719996182458430667, "x": 613.22298940632231279}}, "resourceId": "sid-D0CF31AC-E488-42D4-BA72-83CEF456A977", "layers": [], "labels": [], "childShapes": [], "properties": {"bordercolor": "#000000", "text": "", "textformat": "text/plain", "monitoring": "", "pool": "", "name": "", "documentation": "", "categories": "", "auditing": "", "lanes": ""}, "stencil": {"id": "TextAnnotation"}, "outgoing": [], "glossaryLinks": {}, "formats": {}}, {"dockers": [], "bounds": {"lowerRight": {"y": 120.75000000000002842, "x": 968.35497757194366386}, "upperLeft": {"y": 40.749999999999971578, "x": 868.35497757194366386}}, "resourceId": "sid-D15A60EF-FF46-485C-B248-F652503B8E55", "layers": [], "labels": [], "childShapes": [], "properties": {"subprocesstype": "Embedded", "startquantity": "1", "looptype": "None", "processref": "", "transaction": "", "behavior": "all", "adhoccancelremaininginstances": "true", "applyincalc": "true", "loopcardinality": "", "costs": "", "bgcolor": "#ffffcc", "inputdataitem": "", "bordercolor": "#000000", "transactionmethod": "compensate", "loopdatainput": "", "time": "", "loopdataoutput": "", "isatransaction": "false", "testbefore": "false", "name": "U", "costcenter": "", "activitytype": "Sub-Process", "completioncondition": "", "adhoccompletioncondition": "", "isforcompensation": "false", "adhocordering": "Sequential", "callacitivity": "false", "outputmaps": "", "monitoring": "", "dataoutputset": "", "completionquantity": "1", "isadhoc": "false", "outputdataitem": "", "properties": "", "assignments": "", "nonebehavioreventref": "signal", "loopcondition": "", "onebehavioreventref:": "signal", "inputmaps": "", "entry": "", "documentation": "", "diagramref": "", "categories": "", "auditing": "", "complexbehaviordefinition": "", "datainputset": "", "processid": ""}, "stencil": {"id": "CollapsedSubprocess"}, "outgoing": [{"resourceId": "sid-6E5DF209-10FE-449E-A55D-0FB21FD4837A"}, {"resourceId": "sid-9A617DE3-2A43-4E4B-A06C-51B75422D4D6"}], "glossaryLinks": {}, "formats": {}}, {"dockers": [], "bounds": {"lowerRight": {"y": 120.75000000000002842, "x": 828.66998186667785831}, "upperLeft": {"y": 40.749999999999971578, "x": 728.66998186667785831}}, "resourceId": "sid-6C3EA9B1-E29E-4C64-803D-1E42E49AF1B3", "layers": [], "labels": [], "childShapes": [], "properties": {"subprocesstype": "Embedded", "startquantity": "1", "looptype": "None", "processref": "", "transaction": "", "behavior": "all", "adhoccancelremaininginstances": "true", "applyincalc": "true", "loopcardinality": "", "costs": "", "bgcolor": "#ffffcc", "inputdataitem": "", "bordercolor": "#000000", "transactionmethod": "compensate", "loopdatainput": "", "time": "", "loopdataoutput": "", "isatransaction": "false", "testbefore": "false", "name": "V", "costcenter": "", "activitytype": "Sub-Process", "completioncondition": "", "adhoccompletioncondition": "", "isforcompensation": "false", "adhocordering": "Sequential", "callacitivity": "false", "outputmaps": "", "monitoring": "", "dataoutputset": "", "completionquantity": "1", "isadhoc": "false", "outputdataitem": "", "properties": "", "assignments": "", "nonebehavioreventref": "signal", "loopcondition": "", "onebehavioreventref:": "signal", "inputmaps": "", "entry": "", "documentation": "", "diagramref": "", "categories": "", "auditing": "", "complexbehaviordefinition": "", "datainputset": "", "processid": ""}, "stencil": {"id": "CollapsedSubprocess"}, "outgoing": [{"resourceId": "sid-C00D88F0-5957-428B-8131-1555A1C22DC0"}], "glossaryLinks": {}, "formats": {}}], "properties": {"showcaption": "true", "bordercolor": "#000000", "monitoring": "", "parentlane": "", "name": "", "documentation": "", "auditing": "", "bgcolor": "", "parentpool": ""}, "stencil": {"id": "Lane"}, "outgoing": [], "glossaryLinks": {}, "formats": {}}], "properties": {"isclosed": "false", "enableinstancecompensation": "false", "boundaryvisible": "true", "monitoring": "", "processcategories": "", "minimum": "2", "status": "None", "isexecutable": "false", "processdocumentation": "", "processtype": "None", "bordercolor": "#000000", "processname": "", "multiinstance": "false", "maximum": "2", "name": "W", "documentation": "", "suppressjoinfailure": "false", "adhoccompletioncondition": "", "auditing": "", "adhocordering": "Parallel", "adhoc": "false", "processid": ""}, "stencil": {"id": "Pool"}, "outgoing": [], "glossaryLinks": {}, "formats": {}}, {"dockers": [], "bounds": {"lowerRight": {"y": 856.75198274614103866, "x": 1685.399840392533406}, "upperLeft": {"y": 740.3929823961996135, "x": 0}}, "resourceId": "sid-2308D321-F6A0-4853-B81C-8A01DC03896A", "layers": [], "labels": [], "childShapes": [{"dockers": [], "bounds": {"lowerRight": {"y": 116.35900034994142516, "x": 1685.399840392533406}, "upperLeft": {"y": 0, "x": 30}}, "resourceId": "sid-11B56ED3-D096-4566-BB9C-24BB16A8B7F9", "layers": [], "labels": [], "childShapes": [{"dockers": [], "bounds": {"lowerRight": {"y": 105.99999999999977263, "x": 968.35497757194366386}, "upperLeft": {"y": 25.999999999999772626, "x": 868.35497757194366386}}, "resourceId": "sid-0FECB8D2-6FC5-44E5-B70D-B174D4950106", "layers": [], "labels": [], "childShapes": [], "properties": {"resources": "", "outmsgstructure": "", "applyincalc": "true", "loopcardinality": "", "outmessagename": "", "inmessagename": "", "bgcolor": "#ffffcc", "bordercolor": "#000000", "time": "", "loopdataoutput": "", "testbefore": "false", "callacitivity": "false", "outmsgiscollection": "false", "monitoring": "", "operationname": "", "dataoutputset": "", "completionquantity": "1", "properties": "", "script": "", "assignments": "", "nonebehavioreventref": "signal", "scriptformat": "", "datainputset": "", "processid": "", "startquantity": "1", "tasktype": "None", "looptype": "None", "instantiate": "false", "behavior": "all", "inmsgimport": "", "costs": "", "inputdataitem": "", "loopdatainput": "", "name": "AE", "outmsgitemkind": "Information", "costcenter": "", "completioncondition": "", "isforcompensation": "false", "inmsgiscollection": "false", "inmsgitemkind": "Information", "inmsgstructure": "", "outputdataitem": "", "messageref": "", "loopcondition": "", "onebehavioreventref:": "signal", "implementation": "webService", "operationref": "", "outmsgimport": "", "documentation": "", "categories": "", "auditing": "", "complexbehaviordefinition": ""}, "stencil": {"id": "Task"}, "outgoing": [{"resourceId": "sid-391A3400-DB9F-40A2-B4D7-B4E38DA5959F"}], "glossaryLinks": {}, "formats": {}}], "properties": {"showcaption": "true", "bordercolor": "#000000", "monitoring": "", "parentlane": "", "name": "", "documentation": "", "auditing": "", "bgcolor": "", "parentpool": ""}, "stencil": {"id": "Lane"}, "outgoing": [], "glossaryLinks": {}, "formats": {}}], "properties": {"isclosed": "false", "enableinstancecompensation": "false", "boundaryvisible": "true", "monitoring": "", "processcategories": "", "minimum": "2", "status": "None", "isexecutable": "false", "processdocumentation": "", "processtype": "None", "bordercolor": "#000000", "processname": "", "multiinstance": "false", "maximum": "2", "name": "X", "documentation": "", "suppressjoinfailure": "false", "adhoccompletioncondition": "", "auditing": "", "adhocordering": "Parallel", "adhoc": "false", "processid": ""}, "stencil": {"id": "Pool"}, "outgoing": [], "glossaryLinks": {}, "formats": {}}, {"dockers": [], "bounds": {"lowerRight": {"y": 539.87869591074093023, "x": 1685.399840392533406}, "upperLeft": {"y": 136.3729957575948788, "x": 0}}, "resourceId": "sid-60D92B05-4081-4A7B-BF51-EB4141A6A09A", "layers": [], "labels": [], "childShapes": [{"dockers": [], "bounds": {"lowerRight": {"y": 403.50570015314605143, "x": 1685.399840392533406}, "upperLeft": {"y": 0, "x": 30}}, "resourceId": "sid-B4CF191F-5677-44D8-90C8-6B805F817004", "layers": [], "labels": [], "childShapes": [{"dockers": [], "bounds": {"lowerRight": {"y": 192.66199993637428634, "x": 529.41080593039737323}, "upperLeft": {"y": 112.66199993637428634, "x": 429.41080593039737323}}, "resourceId": "sid-DAF36F17-4FB0-41FE-BC99-2A580E02D161", "layers": [], "labels": [], "childShapes": [], "properties": {"subprocesstype": "Embedded", "startquantity": "1", "looptype": "None", "processref": "", "transaction": "", "adhoccancelremaininginstances": "true", "behavior": "all", "applyincalc": "true", "loopcardinality": "", "bgcolor": "#ffffcc", "costs": "", "inputdataitem": "", "bordercolor": "#000000", "loopdatainput": "", "time": "", "transactionmethod": "compensate", "loopdataoutput": "", "testbefore": "false", "isatransaction": "false", "name": "A", "costcenter": "", "activitytype": "Sub-Process", "completioncondition": "", "isforcompensation": "false", "adhoccompletioncondition": "", "adhocordering": "Sequential", "callacitivity": "false", "outputmaps": "", "monitoring": "", "dataoutputset": "", "completionquantity": "1", "isadhoc": "false", "outputdataitem": "", "properties": "", "assignments": "", "nonebehavioreventref": "signal", "loopcondition": "", "onebehavioreventref:": "signal", "inputmaps": "", "entry": "", "documentation": "", "diagramref": "", "categories": "", "auditing": "", "complexbehaviordefinition": "", "datainputset": "", "processid": ""}, "stencil": {"id": "CollapsedSubprocess"}, "outgoing": [{"resourceId": "sid-4E48A649-E5AA-4C10-A513-97517F763CC2"}, {"resourceId": "sid-73EB3EBF-280D-43B0-9998-AB3928B3F3D8"}, {"resourceId": "sid-5D2B0F24-D62B-4E6A-927F-6447BD9B6C1B"}], "glossaryLinks": {}, "formats": {}}, {"dockers": [], "bounds": {"lowerRight": {"y": 99.999999999999943157, "x": 1411.0769692369779023}, "upperLeft": {"y": 20, "x": 1281.7949699368605252}}, "resourceId": "sid-A3236A6E-6828-4E3F-B0CC-30F9285131F0", "layers": [], "labels": [], "childShapes": [], "properties": {"subprocesstype": "Embedded", "startquantity": "1", "looptype": "None", "processref": "", "transaction": "", "adhoccancelremaininginstances": "true", "behavior": "all", "applyincalc": "true", "loopcardinality": "", "bgcolor": "#ffffcc", "costs": "", "inputdataitem": "", "bordercolor": "#000000", "loopdatainput": "", "time": "", "transactionmethod": "compensate", "loopdataoutput": "", "testbefore": "false", "isatransaction": "false", "name": "B", "costcenter": "", "activitytype": "Sub-Process", "completioncondition": "", "isforcompensation": "false", "adhoccompletioncondition": "", "adhocordering": "Sequential", "callacitivity": "false", "outputmaps": "", "monitoring": "", "dataoutputset": "", "completionquantity": "1", "isadhoc": "false", "outputdataitem": "", "properties": "", "assignments": "", "nonebehavioreventref": "signal", "loopcondition": "", "onebehavioreventref:": "signal", "inputmaps": "", "entry": "", "documentation": "", "diagramref": "", "categories": "", "auditing": "", "complexbehaviordefinition": "", "datainputset": "", "processid": ""}, "stencil": {"id": "CollapsedSubprocess"}, "outgoing": [{"resourceId": "sid-D6AA2A34-B6A5-4025-8C26-236DD552EE4C"}, {"resourceId": "sid-CF39A7AB-6DB1-466C-9ABF-1546D8596B82"}, {"resourceId": "sid-DAB22FE7-A957-4393-B967-0136192F95E0"}], "glossaryLinks": {}, "formats": {}}, {"dockers": [], "bounds": {"lowerRight": {"y": 357.5, "x": 641.29880440338081371}, "upperLeft": {"y": 329.5, "x": 613.29880440338081371}}, "resourceId": "sid-E402C1B4-9F22-44EF-85D9-D22474E2E545", "layers": [], "labels": [], "childShapes": [], "properties": {"inputset": "", "trigger": "None", "bordercolor": "#000000", "monitoring": "", "datainputassociations": "", "name": "C", "documentation": "", "auditing": "", "datainput": "", "bgcolor": "#ffffff"}, "stencil": {"id": "EndNoneEvent"}, "outgoing": [], "glossaryLinks": {}, "formats": {}}, {"dockers": [], "bounds": {"lowerRight": {"y": 286.68499570526580555, "x": 658.28098565240634343}, "upperLeft": {"y": 189.68499570526580555, "x": 570.28098565240645712}}, "resourceId": "sid-1E3ADD00-FF46-4E06-99E1-60448C0727D0", "layers": [], "labels": [], "childShapes": [], "properties": {"bordercolor": "#000000", "iscollection": "false", "monitoring": "", "input_output": "None", "name": "D", "state": "", "documentation": "", "categories": "", "properties": "", "auditing": "", "bgcolor": "#ffffff"}, "stencil": {"id": "DataObject"}, "outgoing": [], "glossaryLinks": {}, "formats": {}}, {"dockers": [], "bounds": {"lowerRight": {"y": 80, "x": 688.77498329825584733}, "upperLeft": {"y": 40, "x": 648.77498329825584733}}, "resourceId": "sid-CB89116E-D17E-4CD9-99CB-D3266C9FE5C4", "layers": [], "labels": [], "childShapes": [], "properties": {"monitoring": "", "gatewaytype": "Complex", "activationcondition": "", "gates": "", "outgoingcondition": "", "assignments": "", "bgcolor": "#ffffff", "bordercolor": "#000000", "pool": "", "name": "", "gates_assignments": "", "documentation": "", "categories": "", "auditing": "", "incomingcondition": "", "lanes": "", "gates_outgoingsequenceflow": "", "processid": ""}, "stencil": {"id": "ComplexGateway"}, "outgoing": [{"resourceId": "sid-ABC412F7-845F-42C5-B4DC-40D21EF38C3C"}, {"resourceId": "sid-7AA53806-CE72-4F6C-8D17-0F1A6180B8C6"}], "glossaryLinks": {}, "formats": {}}, {"dockers": [], "bounds": {"lowerRight": {"y": 99.999999999999943157, "x": 1257.2869721001341077}, "upperLeft": {"y": 20, "x": 1128.0049728000167306}}, "resourceId": "sid-51FAA264-1154-40A8-9CF7-650BBD1B64D3", "layers": [], "labels": [], "childShapes": [], "properties": {"resources": "", "outmsgstructure": "", "applyincalc": "true", "loopcardinality": "", "outmessagename": "", "inmessagename": "", "bgcolor": "#ffffcc", "bordercolor": "#000000", "time": "", "loopdataoutput": "", "testbefore": "false", "callacitivity": "false", "outmsgiscollection": "false", "monitoring": "", "operationname": "", "dataoutputset": "", "completionquantity": "1", "properties": "", "script": "", "assignments": "", "nonebehavioreventref": "signal", "scriptformat": "", "datainputset": "", "processid": "", "startquantity": "1", "tasktype": "None", "looptype": "None", "instantiate": "false", "behavior": "all", "inmsgimport": "", "costs": "", "inputdataitem": "", "loopdatainput": "", "name": "E", "outmsgitemkind": "Information", "costcenter": "", "completioncondition": "", "isforcompensation": "false", "inmsgiscollection": "false", "inmsgitemkind": "Information", "inmsgstructure": "", "outputdataitem": "", "messageref": "", "loopcondition": "", "onebehavioreventref:": "signal", "implementation": "webService", "operationref": "", "outmsgimport": "", "documentation": "", "categories": "", "auditing": "", "complexbehaviordefinition": ""}, "stencil": {"id": "Task"}, "outgoing": [{"resourceId": "sid-8283DE90-4982-45DE-B563-10DE68D37BA7"}, {"resourceId": "sid-263C0517-3F99-40ED-B8D5-A6FA6FCC432C"}, {"resourceId": "sid-C2378F2F-2414-4BAD-92A9-61FF40637AA7"}], "glossaryLinks": {}, "formats": {}}, {"dockers": [], "bounds": {"lowerRight": {"y": 383.49999999999994316, "x": 828.66998186667785831}, "upperLeft": {"y": 303.49999999999994316, "x": 728.66998186667785831}}, "resourceId": "sid-930E0D97-0D08-4C83-B666-A986EC56549B", "layers": [], "labels": [], "childShapes": [], "properties": {"resources": "", "outmsgstructure": "", "applyincalc": "true", "loopcardinality": "", "outmessagename": "", "inmessagename": "", "bgcolor": "#ffffcc", "bordercolor": "#000000", "time": "", "loopdataoutput": "", "testbefore": "false", "callacitivity": "false", "outmsgiscollection": "false", "monitoring": "", "operationname": "", "dataoutputset": "", "completionquantity": "1", "properties": "", "script": "", "assignments": "", "nonebehavioreventref": "signal", "scriptformat": "", "datainputset": "", "processid": "", "startquantity": "1", "tasktype": "None", "looptype": "None", "instantiate": "false", "behavior": "all", "inmsgimport": "", "costs": "", "inputdataitem": "", "loopdatainput": "", "name": "F", "outmsgitemkind": "Information", "costcenter": "", "completioncondition": "", "isforcompensation": "false", "inmsgiscollection": "false", "inmsgitemkind": "Information", "inmsgstructure": "", "outputdataitem": "", "messageref": "", "loopcondition": "", "onebehavioreventref:": "signal", "implementation": "webService", "operationref": "", "outmsgimport": "", "documentation": "", "categories": "", "auditing": "", "complexbehaviordefinition": ""}, "stencil": {"id": "Task"}, "outgoing": [{"resourceId": "sid-2DF41874-0576-4DEC-9E61-2E94604F2A43"}], "glossaryLinks": {}, "formats": {}}, {"dockers": [], "bounds": {"lowerRight": {"y": 353.58649999999994407, "x": 1397.7954699368603997}, "upperLeft": {"y": 293.41349999999994225, "x": 1335.7944699368604233}}, "resourceId": "sid-DCB9D548-DC35-41E6-B228-3C6F550B84F7", "layers": [], "labels": [], "childShapes": [], "properties": {"bordercolor": "#000000", "monitoring": "", "isUnlimited": "false", "name": "G", "documentation": "", "categories": "", "auditing": "", "bgcolor": "#ffffff"}, "stencil": {"id": "DataStore"}, "outgoing": [{"resourceId": "sid-62675BDB-726D-40DC-A289-C936F81F1CDA"}], "glossaryLinks": {}, "formats": {}}, {"dockers": [], "bounds": {"lowerRight": {"y": 182.13499993637429952, "x": 1574.6374618245849888}, "upperLeft": {"y": 124.18899993637428736, "x": 1510.7624618245849888}}, "resourceId": "sid-BAB62522-146C-4593-BB5C-4D1906013E27", "layers": [], "labels": [], "childShapes": [], "properties": {"bordercolor": "#000000", "monitoring": "", "name": "H", "documentation": "", "categories": "", "auditing": "", "bgcolor": "#e1e1e1"}, "stencil": {"id": "ITSystem"}, "outgoing": [{"resourceId": "sid-4FEB0121-DE1E-4E5E-958A-BFEF6AB2A04D"}], "glossaryLinks": {}, "formats": {}}, {"dockers": [], "bounds": {"lowerRight": {"y": 181.6349999363742711, "x": 950.29247757194366386}, "upperLeft": {"y": 123.68899993637427315, "x": 886.41747757194366386}}, "resourceId": "sid-47E0467F-6FD8-49CE-BAB3-229871911EB5", "layers": [], "labels": [], "childShapes": [], "properties": {"bordercolor": "#000000", "monitoring": "", "name": "I", "documentation": "", "categories": "", "auditing": "", "bgcolor": "#e1e1e1"}, "stencil": {"id": "ITSystem"}, "outgoing": [{"resourceId": "sid-957B9ACE-D50C-4B2F-B2E0-4C244EEF6E13"}], "glossaryLinks": {}, "formats": {}}, {"dockers": [], "bounds": {"lowerRight": {"y": 192.66199993637428634, "x": 315}, "upperLeft": {"y": 112.66199993637431476, "x": 215}}, "resourceId": "sid-C135F05B-05A5-4731-9532-8CE282D320B7", "layers": [], "labels": [], "childShapes": [], "properties": {"resources": "", "outmsgstructure": "", "applyincalc": "true", "loopcardinality": "", "outmessagename": "", "inmessagename": "", "bgcolor": "#ffffcc", "bordercolor": "#000000", "time": "", "loopdataoutput": "", "testbefore": "false", "callacitivity": "false", "outmsgiscollection": "false", "monitoring": "", "operationname": "", "dataoutputset": "", "completionquantity": "1", "properties": "", "script": "", "assignments": "", "nonebehavioreventref": "signal", "scriptformat": "", "datainputset": "", "processid": "", "startquantity": "1", "tasktype": "None", "looptype": "None", "instantiate": "false", "behavior": "all", "inmsgimport": "", "costs": "", "inputdataitem": "", "loopdatainput": "", "name": "J", "outmsgitemkind": "Information", "costcenter": "", "completioncondition": "", "isforcompensation": "false", "inmsgiscollection": "false", "inmsgitemkind": "Information", "inmsgstructure": "", "outputdataitem": "", "messageref": "", "loopcondition": "", "onebehavioreventref:": "signal", "implementation": "webService", "operationref": "", "outmsgimport": "", "documentation": "", "categories": "", "auditing": "", "complexbehaviordefinition": ""}, "stencil": {"id": "Task"}, "outgoing": [{"resourceId": "sid-CD04F978-D258-4A0F-967C-871D70D5D334"}], "glossaryLinks": {}, "formats": {}}, {"dockers": [], "bounds": {"lowerRight": {"y": 172.66199993637431476, "x": 395}, "upperLeft": {"y": 132.66199993637431476, "x": 355}}, "resourceId": "sid-55358437-96A8-4411-BAA1-70A4C93DF004", "layers": [], "labels": [], "childShapes": [], "properties": {"xortype": "Data", "monitoring": "", "defaultgate": "", "gatewaytype": "XOR", "gates": "", "assignments": "", "bgcolor": "#ffffff", "bordercolor": "#000000", "pool": "", "gate_assignments": "", "markervisible": "true", "name": "", "documentation": "", "gates_assignments": "", "categories": "", "auditing": "", "gate_outgoingsequenceflow": "", "lanes": "", "gates_outgoingsequenceflow": "", "processid": ""}, "stencil": {"id": "Exclusive_Databased_Gateway"}, "outgoing": [{"resourceId": "sid-155B4BA4-7A29-4424-8EEB-3413C93470AA"}, {"resourceId": "sid-5B671EA7-2BFF-4F38-8961-4A2EA17AD5FD"}, {"resourceId": "sid-76AFDF76-C64B-4758-B95C-00C78F128140"}], "glossaryLinks": {}, "formats": {}}, {"dockers": [], "bounds": {"lowerRight": {"y": 100, "x": 1095.9249785263291415}, "upperLeft": {"y": 20, "x": 995.92497852632914146}}, "resourceId": "sid-1B11BB59-BF70-4D80-B582-AC3A9C05E48E", "layers": [], "labels": [], "childShapes": [], "properties": {"subprocesstype": "Embedded", "startquantity": "1", "looptype": "None", "processref": "", "transaction": "", "behavior": "all", "adhoccancelremaininginstances": "true", "applyincalc": "true", "loopcardinality": "", "costs": "", "bgcolor": "#ffffcc", "inputdataitem": "", "bordercolor": "#000000", "transactionmethod": "compensate", "loopdatainput": "", "time": "", "loopdataoutput": "", "isatransaction": "false", "testbefore": "false", "name": "K", "costcenter": "", "activitytype": "Sub-Process", "completioncondition": "", "adhoccompletioncondition": "", "isforcompensation": "false", "adhocordering": "Sequential", "callacitivity": "false", "outputmaps": "", "monitoring": "", "dataoutputset": "", "completionquantity": "1", "isadhoc": "false", "outputdataitem": "", "properties": "", "assignments": "", "nonebehavioreventref": "signal", "loopcondition": "", "onebehavioreventref:": "signal", "inputmaps": "", "entry": "", "documentation": "", "diagramref": "", "categories": "", "auditing": "", "complexbehaviordefinition": "", "datainputset": "", "processid": ""}, "stencil": {"id": "CollapsedSubprocess"}, "outgoing": [{"resourceId": "sid-E4107341-3E3B-4AE1-AC10-6E846DF10C37"}], "glossaryLinks": {}, "formats": {}}, {"dockers": [], "bounds": {"lowerRight": {"y": 383.49999999999994316, "x": 523.29880440338081371}, "upperLeft": {"y": 303.5, "x": 359.41080593039737323}}, "resourceId": "sid-68ABA06B-C9FE-4547-B775-3E2E6EC0A68C", "layers": [], "labels": [], "childShapes": [], "properties": {"resources": "", "outmsgstructure": "", "applyincalc": "true", "loopcardinality": "", "outmessagename": "", "inmessagename": "", "bgcolor": "#ffffcc", "bordercolor": "#000000", "time": "", "loopdataoutput": "", "testbefore": "false", "callacitivity": "false", "outmsgiscollection": "false", "monitoring": "", "operationname": "", "dataoutputset": "", "completionquantity": "1", "properties": "", "script": "", "assignments": "", "nonebehavioreventref": "signal", "scriptformat": "", "datainputset": "", "processid": "", "startquantity": "1", "tasktype": "None", "looptype": "None", "instantiate": "false", "behavior": "all", "inmsgimport": "", "costs": "", "inputdataitem": "", "loopdatainput": "", "name": "L", "outmsgitemkind": "Information", "costcenter": "", "completioncondition": "", "isforcompensation": "false", "inmsgiscollection": "false", "inmsgitemkind": "Information", "inmsgstructure": "", "outputdataitem": "", "messageref": "", "loopcondition": "", "onebehavioreventref:": "signal", "implementation": "webService", "operationref": "", "outmsgimport": "", "documentation": "", "categories": "", "auditing": "", "complexbehaviordefinition": ""}, "stencil": {"id": "Task"}, "outgoing": [{"resourceId": "sid-7DF5B8A5-45B0-4E72-A360-5EEC041F66AE"}, {"resourceId": "sid-E1ABBE1E-1CA3-4AED-86A8-7CD8D1AA2230"}], "glossaryLinks": {}, "formats": {}}, {"dockers": [{"y": 59.300001376867157887, "x": 165}], "bounds": {"lowerRight": {"y": 74.300001376867157887, "x": 180}, "upperLeft": {"y": 44.300001376867157887, "x": 150}}, "resourceId": "sid-A2E5C66E-B62D-4457-A6D1-FF4E40F81655", "layers": [], "labels": [], "childShapes": [], "properties": {"trigger": "Link", "monitoring": "", "outputset": "", "applyincalc": "true", "frequency": "", "bgcolor": "#ffffff", "bordercolor": "#000000", "dataoutputassociations": "", "name": "M", "entry": "", "dataoutput": "", "documentation": "", "auditing": ""}, "stencil": {"id": "IntermediateLinkEventCatching"}, "outgoing": [{"resourceId": "sid-37F83137-2089-4523-8C75-0D2BE1D4E0A6"}], "glossaryLinks": {}, "formats": {}}, {"dockers": [{"y": 238.68499570526580555, "x": 165}], "bounds": {"lowerRight": {"y": 253.68499570526580555, "x": 180}, "upperLeft": {"y": 223.68499570526580555, "x": 150}}, "resourceId": "sid-B6D245F0-A3B3-4175-B70D-78CE17580510", "layers": [], "labels": [], "childShapes": [], "properties": {"trigger": "Link", "monitoring": "", "outputset": "", "applyincalc": "true", "frequency": "", "bgcolor": "#ffffff", "bordercolor": "#000000", "dataoutputassociations": "", "name": "N", "entry": "", "dataoutput": "", "documentation": "", "auditing": ""}, "stencil": {"id": "IntermediateLinkEventCatching"}, "outgoing": [{"resourceId": "sid-34BD14EA-9F85-482B-99C8-D41E6C5541B2"}], "glossaryLinks": {}, "formats": {}}, {"dockers": [{"y": 343.5, "x": 165}], "bounds": {"lowerRight": {"y": 358.5, "x": 180}, "upperLeft": {"y": 328.5, "x": 150}}, "resourceId": "sid-649CFC3B-A353-406C-8B04-55DE049558A7", "layers": [], "labels": [], "childShapes": [], "properties": {"trigger": "Link", "monitoring": "", "outputset": "", "applyincalc": "true", "frequency": "", "bgcolor": "#ffffff", "bordercolor": "#000000", "dataoutputassociations": "", "name": "O", "entry": "", "dataoutput": "", "documentation": "", "auditing": ""}, "stencil": {"id": "IntermediateLinkEventCatching"}, "outgoing": [{"resourceId": "sid-8D927543-6C6C-4000-B38E-5A1050BA8A60"}], "glossaryLinks": {}, "formats": {}}, {"dockers": [{"y": 59.300001376867157887, "x": 1537.2999427368774832}], "bounds": {"lowerRight": {"y": 74.300001376867157887, "x": 1552.2999427368774832}, "upperLeft": {"y": 44.300001376867157887, "x": 1522.2999427368774832}}, "resourceId": "sid-87B6F08B-1067-4601-B8BA-AF88A26A31B9", "layers": [], "labels": [], "childShapes": [], "properties": {"inputset": "", "bordercolor": "#000000", "trigger": "Link", "monitoring": "", "datainputassociations": "", "entry": "", "name": "P", "documentation": "", "auditing": "", "datainput": "", "bgcolor": "#ffffff"}, "stencil": {"id": "IntermediateLinkEventThrowing"}, "outgoing": [], "glossaryLinks": {}, "formats": {}}, {"dockers": [], "bounds": {"lowerRight": {"y": 309.90977457866938494, "x": 1521.2815427255904979}, "upperLeft": {"y": 249.73677457866938312, "x": 1459.2805427255905215}}, "resourceId": "sid-E3287557-B329-4696-866D-1D61FDA33DE0", "layers": [], "labels": [], "childShapes": [], "properties": {"bordercolor": "#000000", "monitoring": "", "isUnlimited": "false", "name": "Q", "documentation": "", "categories": "", "auditing": "", "bgcolor": "#ffffff"}, "stencil": {"id": "DataStore"}, "outgoing": [{"resourceId": "sid-4A3399C3-4186-46BB-9818-FE104719030F"}], "glossaryLinks": {}, "formats": {}}], "properties": {"showcaption": "true", "bordercolor": "#000000", "monitoring": "", "parentlane": "", "name": "", "documentation": "", "auditing": "", "bgcolor": "", "parentpool": ""}, "stencil": {"id": "Lane"}, "outgoing": [], "glossaryLinks": {}, "formats": {}}], "properties": {"isclosed": "false", "enableinstancecompensation": "false", "boundaryvisible": "true", "monitoring": "", "processcategories": "", "minimum": "2", "status": "None", "isexecutable": "false", "processdocumentation": "", "processtype": "None", "bordercolor": "#000000", "processname": "", "multiinstance": "false", "maximum": "2", "name": "Y", "documentation": "", "suppressjoinfailure": "false", "adhoccompletioncondition": "", "auditing": "", "adhocordering": "Parallel", "adhoc": "false", "processid": ""}, "stencil": {"id": "Pool"}, "outgoing": [], "glossaryLinks": {}, "formats": {}}, {"dockers": [], "bounds": {"lowerRight": {"y": 978.54377885920450808, "x": 1685.399840392533406}, "upperLeft": {"y": 862.18477850926308292, "x": 0}}, "resourceId": "sid-FB6C6716-B7AA-4757-8B9F-CC3014449B4F", "layers": [], "labels": [], "childShapes": [{"dockers": [], "bounds": {"lowerRight": {"y": 116.35900034994142516, "x": 1685.399840392533406}, "upperLeft": {"y": 0, "x": 30}}, "resourceId": "sid-291743D4-F830-4697-987C-E66A1605BE2B", "layers": [], "labels": [], "childShapes": [{"dockers": [], "bounds": {"lowerRight": {"y": 104.9299990456145224, "x": 1228.0049728000167306}, "upperLeft": {"y": 24.929999045614522402, "x": 1128.0049728000167306}}, "resourceId": "sid-0C5A98BF-5FC7-47C9-B838-0AE1CEF716E7", "layers": [], "labels": [], "childShapes": [], "properties": {"resources": "", "outmsgstructure": "", "applyincalc": "true", "loopcardinality": "", "outmessagename": "", "inmessagename": "", "bgcolor": "#ffffcc", "bordercolor": "#000000", "time": "", "loopdataoutput": "", "testbefore": "false", "callacitivity": "false", "outmsgiscollection": "false", "monitoring": "", "operationname": "", "dataoutputset": "", "completionquantity": "1", "properties": "", "script": "", "assignments": "", "nonebehavioreventref": "signal", "scriptformat": "", "datainputset": "", "processid": "", "startquantity": "1", "tasktype": "None", "looptype": "None", "instantiate": "false", "behavior": "all", "inmsgimport": "", "costs": "", "inputdataitem": "", "loopdatainput": "", "name": "R", "outmsgitemkind": "Information", "costcenter": "", "completioncondition": "", "isforcompensation": "false", "inmsgiscollection": "false", "inmsgitemkind": "Information", "inmsgstructure": "", "outputdataitem": "", "messageref": "", "loopcondition": "", "onebehavioreventref:": "signal", "implementation": "webService", "operationref": "", "outmsgimport": "", "documentation": "", "categories": "", "auditing": "", "complexbehaviordefinition": ""}, "stencil": {"id": "Task"}, "outgoing": [{"resourceId": "sid-0CA32EC1-0CF0-4552-87C4-CB71BCD2E4B6"}], "glossaryLinks": {}, "formats": {}}], "properties": {"showcaption": "true", "bordercolor": "#000000", "monitoring": "", "parentlane": "", "name": "", "documentation": "", "auditing": "", "bgcolor": "", "parentpool": ""}, "stencil": {"id": "Lane"}, "outgoing": [], "glossaryLinks": {}, "formats": {}}], "properties": {"isclosed": "false", "enableinstancecompensation": "false", "boundaryvisible": "true", "monitoring": "", "processcategories": "", "minimum": "2", "status": "None", "isexecutable": "false", "processdocumentation": "", "processtype": "None", "bordercolor": "#000000", "processname": "", "multiinstance": "false", "maximum": "2", "name": "Z", "documentation": "", "suppressjoinfailure": "false", "adhoccompletioncondition": "", "auditing": "", "adhocordering": "Parallel", "adhoc": "false", "processid": ""}, "stencil": {"id": "Pool"}, "outgoing": [], "glossaryLinks": {}, "formats": {}}, {"dockers": [], "bounds": {"lowerRight": {"y": 130.99999999999977263, "x": 1685.399840392533406}, "upperLeft": {"y": 0, "x": 0}}, "resourceId": "sid-B7035C48-0AF7-413F-A4BA-3890363555C3", "layers": [], "labels": [], "childShapes": [{"dockers": [], "bounds": {"lowerRight": {"y": 130.99999999999977263, "x": 1685.399840392533406}, "upperLeft": {"y": 0, "x": 30}}, "resourceId": "sid-7B42FDFF-AB71-4424-9472-53CA787C35EB", "layers": [], "labels": [], "childShapes": [{"dockers": [], "bounds": {"lowerRight": {"y": 113.50000000000005684, "x": 1595.269962778970239}, "upperLeft": {"y": 16.5, "x": 1507.269962778970239}}, "resourceId": "sid-BC346DB7-B831-4B94-ABC8-E4AA05FC96EC", "layers": [], "labels": [], "childShapes": [], "properties": {"bordercolor": "#000000", "iscollection": "false", "monitoring": "", "input_output": "None", "name": "AF", "state": "", "documentation": "", "categories": "", "properties": "", "auditing": "", "bgcolor": "#ffffff"}, "stencil": {"id": "DataObject"}, "outgoing": [], "glossaryLinks": {}, "formats": {}}, {"dockers": [], "bounds": {"lowerRight": {"y": 101.00700009543852786, "x": 529.41080593039737323}, "upperLeft": {"y": 21.007000095438527865, "x": 429.41080593039737323}}, "resourceId": "sid-87119C3B-D8EE-49ED-8B4A-E4A4B77F2192", "layers": [], "labels": [], "childShapes": [], "properties": {"resources": "", "outmsgstructure": "", "applyincalc": "true", "loopcardinality": "", "outmessagename": "", "inmessagename": "", "bgcolor": "#ffffcc", "bordercolor": "#000000", "time": "", "loopdataoutput": "", "testbefore": "false", "callacitivity": "false", "outmsgiscollection": "false", "monitoring": "", "operationname": "", "dataoutputset": "", "completionquantity": "1", "properties": "", "script": "", "assignments": "", "nonebehavioreventref": "signal", "scriptformat": "", "datainputset": "", "processid": "", "startquantity": "1", "tasktype": "None", "looptype": "None", "instantiate": "false", "behavior": "all", "inmsgimport": "", "costs": "", "inputdataitem": "", "loopdatainput": "", "name": "AG", "outmsgitemkind": "Information", "costcenter": "", "completioncondition": "", "isforcompensation": "false", "inmsgiscollection": "false", "inmsgitemkind": "Information", "inmsgstructure": "", "outputdataitem": "", "messageref": "", "loopcondition": "", "onebehavioreventref:": "signal", "implementation": "webService", "operationref": "", "outmsgimport": "", "documentation": "", "categories": "", "auditing": "", "complexbehaviordefinition": ""}, "stencil": {"id": "Task"}, "outgoing": [{"resourceId": "sid-2AB1CCB8-DC6C-4D6F-983A-B962A735ABDD"}], "glossaryLinks": {}, "formats": {}}], "properties": {"showcaption": "true", "bordercolor": "#000000", "monitoring": "", "parentlane": "", "name": "", "documentation": "", "auditing": "", "bgcolor": "", "parentpool": ""}, "stencil": {"id": "Lane"}, "outgoing": [], "glossaryLinks": {}, "formats": {}}], "properties": {"isclosed": "false", "enableinstancecompensation": "false", "boundaryvisible": "true", "monitoring": "", "processcategories": "", "minimum": "2", "status": "None", "isexecutable": "false", "processdocumentation": "", "processtype": "None", "bordercolor": "#000000", "processname": "", "multiinstance": "false", "maximum": "2", "name": "AA", "documentation": "", "suppressjoinfailure": "false", "adhoccompletioncondition": "", "auditing": "", "adhocordering": "Parallel", "adhoc": "false", "processid": ""}, "stencil": {"id": "Pool"}, "outgoing": [], "glossaryLinks": {}, "formats": {}}, {"dockers": [{"y": 40, "x": 50}, {"y": 289.03499569396922197, "x": 699.27498329825584733}, {"y": 20.5, "x": 20.5}], "bounds": {"lowerRight": {"y": 289.03499569396922197, "x": 699.27498329825584733}, "upperLeft": {"y": 216.3729957575948788, "x": 559.41080593039737323}}, "resourceId": "sid-4E48A649-E5AA-4C10-A513-97517F763CC2", "layers": [], "labels": [], "target": {"resourceId": "sid-CB89116E-D17E-4CD9-99CB-D3266C9FE5C4"}, "childShapes": [], "properties": {"ConditionType": "None", "showdiamondmarker": "false", "bordercolor": "#000000", "monitoring": "", "name": "", "documentation": "", "probability": "", "conditionexpression": "", "isimmediate": "false", "auditing": ""}, "stencil": {"id": "SequenceFlow"}, "outgoing": [{"resourceId": "sid-CB89116E-D17E-4CD9-99CB-D3266C9FE5C4"}], "glossaryLinks": {}, "formats": {}}, {"dockers": [{"y": 40, "x": 81.943999236491720239}, {"y": 14, "x": 14}], "bounds": {"lowerRight": {"y": 479.8729957575948788, "x": 643.2246169570649954}, "upperLeft": {"y": 479.8729957575948788, "x": 553.29880440338081371}}, "resourceId": "sid-7DF5B8A5-45B0-4E72-A360-5EEC041F66AE", "layers": [], "labels": [], "target": {"resourceId": "sid-E402C1B4-9F22-44EF-85D9-D22474E2E545"}, "childShapes": [], "properties": {"ConditionType": "None", "showdiamondmarker": "false", "bordercolor": "#000000", "monitoring": "", "name": "", "documentation": "", "probability": "", "conditionexpression": "", "isimmediate": "false", "auditing": ""}, "stencil": {"id": "SequenceFlow"}, "outgoing": [{"resourceId": "sid-E402C1B4-9F22-44EF-85D9-D22474E2E545"}], "glossaryLinks": {}, "formats": {}}, {"dockers": [{"y": 78.999999999999985789, "x": 33.333333333333314386}, {"y": 1, "x": 33.333333333333328596}], "bounds": {"lowerRight": {"y": 249.03499569396916513, "x": 492.74413926373068762}, "upperLeft": {"y": 101.00700009543852786, "x": 492.74413926373068762}}, "resourceId": "sid-2AB1CCB8-DC6C-4D6F-983A-B962A735ABDD", "layers": [], "labels": [], "target": {"resourceId": "sid-DAF36F17-4FB0-41FE-BC99-2A580E02D161"}, "childShapes": [], "properties": {"bordercolor": "#000000", "monitoring": "", "name": "", "documentation": "", "auditing": ""}, "stencil": {"id": "MessageFlow"}, "outgoing": [{"resourceId": "sid-DAF36F17-4FB0-41FE-BC99-2A580E02D161"}], "glossaryLinks": {}, "formats": {}}, {"dockers": [{"y": 1, "x": 66.666666666666657193}, {"y": 78.999999999999985789, "x": 66.666666666666628771}], "bounds": {"lowerRight": {"y": 249.03499569396916513, "x": 526.077472597064002}, "upperLeft": {"y": 101.00700009543852786, "x": 526.077472597064002}}, "resourceId": "sid-73EB3EBF-280D-43B0-9998-AB3928B3F3D8", "layers": [], "labels": [], "target": {"resourceId": "sid-87119C3B-D8EE-49ED-8B4A-E4A4B77F2192"}, "childShapes": [], "properties": {"bordercolor": "#000000", "monitoring": "", "name": "", "documentation": "", "auditing": ""}, "stencil": {"id": "MessageFlow"}, "outgoing": [{"resourceId": "sid-87119C3B-D8EE-49ED-8B4A-E4A4B77F2192"}], "glossaryLinks": {}, "formats": {}}, {"dockers": [{"y": 40, "x": 50}, {"y": 48.5, "x": 44}], "bounds": {"lowerRight": {"y": 346.62838466263207238, "x": 600.23586007131621045}, "upperLeft": {"y": 320.74066849175488869, "x": 559.41080593039737323}}, "resourceId": "sid-5D2B0F24-D62B-4E6A-927F-6447BD9B6C1B", "layers": [], "labels": [], "target": {"resourceId": "sid-1E3ADD00-FF46-4E06-99E1-60448C0727D0"}, "childShapes": [], "properties": {"bordercolor": "#000000", "text": "", "assignments": "", "transformation": ""}, "stencil": {"id": "Association_Unidirectional"}, "outgoing": [{"resourceId": "sid-1E3ADD00-FF46-4E06-99E1-60448C0727D0"}], "glossaryLinks": {}, "formats": {}}, {"dockers": [{"y": 39.999999999999971578, "x": 127.98917930711618851}, {"y": 15.100671606076456754, "x": 15.100651796186266296}], "bounds": {"lowerRight": {"y": 196.36692426776264142, "x": 1551.4455533782531802}, "upperLeft": {"y": 195.84859863848902251, "x": 1441.0769692369779023}}, "resourceId": "sid-D6AA2A34-B6A5-4025-8C26-236DD552EE4C", "layers": [], "labels": [], "target": {"resourceId": "sid-87B6F08B-1067-4601-B8BA-AF88A26A31B9"}, "childShapes": [], "properties": {"ConditionType": "None", "showdiamondmarker": "false", "bordercolor": "#000000", "monitoring": "", "name": "", "documentation": "", "probability": "", "conditionexpression": "", "isimmediate": "false", "auditing": ""}, "stencil": {"id": "SequenceFlow"}, "outgoing": [{"resourceId": "sid-87B6F08B-1067-4601-B8BA-AF88A26A31B9"}], "glossaryLinks": {}, "formats": {}}, {"dockers": [{"y": 20.5, "x": 20.5}, {"y": 40, "x": 50}], "bounds": {"lowerRight": {"y": 196.84627764138082284, "x": 1025.6367964381472575}, "upperLeft": {"y": 196.43975293630893475, "x": 719.40173998731449956}}, "resourceId": "sid-ABC412F7-845F-42C5-B4DC-40D21EF38C3C", "layers": [], "labels": [], "target": {"resourceId": "sid-1B11BB59-BF70-4D80-B582-AC3A9C05E48E"}, "childShapes": [], "properties": {"ConditionType": "None", "showdiamondmarker": "false", "bordercolor": "#000000", "monitoring": "", "name": "", "documentation": "", "probability": "", "conditionexpression": "", "isimmediate": "false", "auditing": ""}, "stencil": {"id": "SequenceFlow"}, "outgoing": [{"resourceId": "sid-1B11BB59-BF70-4D80-B582-AC3A9C05E48E"}], "glossaryLinks": {}, "formats": {}}, {"dockers": [{"y": 79, "x": 33.333333333333371229}, {"y": 1, "x": 33.333333333333328596}], "bounds": {"lowerRight": {"y": 766.39298239619938613, "x": 931.68831090527703509}, "upperLeft": {"y": 667.49744309663356034, "x": 931.68831090527703509}}, "resourceId": "sid-6E5DF209-10FE-449E-A55D-0FB21FD4837A", "layers": [], "labels": [], "target": {"resourceId": "sid-0FECB8D2-6FC5-44E5-B70D-B174D4950106"}, "childShapes": [], "properties": {"bordercolor": "#000000", "monitoring": "", "name": "", "documentation": "", "auditing": ""}, "stencil": {"id": "MessageFlow"}, "outgoing": [{"resourceId": "sid-0FECB8D2-6FC5-44E5-B70D-B174D4950106"}], "glossaryLinks": {}, "formats": {}}, {"dockers": [{"y": 40, "x": 50}, {"y": 40.000000000000028422, "x": 50}], "bounds": {"lowerRight": {"y": 626.70299003128263848, "x": 898.24697126931096136}, "upperLeft": {"y": 626.70299003128263848, "x": 858.66998186667785831}}, "resourceId": "sid-C00D88F0-5957-428B-8131-1555A1C22DC0", "layers": [], "labels": [], "target": {"resourceId": "sid-D15A60EF-FF46-485C-B248-F652503B8E55"}, "childShapes": [], "properties": {"ConditionType": "None", "showdiamondmarker": "false", "bordercolor": "#000000", "monitoring": "", "name": "", "documentation": "", "probability": "", "conditionexpression": "", "isimmediate": "false", "auditing": ""}, "stencil": {"id": "SequenceFlow"}, "outgoing": [{"resourceId": "sid-D15A60EF-FF46-485C-B248-F652503B8E55"}], "glossaryLinks": {}, "formats": {}}, {"dockers": [{"y": 1, "x": 66.666666666666657193}, {"y": 79, "x": 66.666666666666628771}], "bounds": {"lowerRight": {"y": 766.39298239619938613, "x": 965.02164423861029263}, "upperLeft": {"y": 667.49744309663356034, "x": 965.02164423861029263}}, "resourceId": "sid-391A3400-DB9F-40A2-B4D7-B4E38DA5959F", "layers": [], "labels": [], "target": {"resourceId": "sid-D15A60EF-FF46-485C-B248-F652503B8E55"}, "childShapes": [], "properties": {"bordercolor": "#000000", "monitoring": "", "name": "", "documentation": "", "auditing": ""}, "stencil": {"id": "MessageFlow"}, "outgoing": [{"resourceId": "sid-D15A60EF-FF46-485C-B248-F652503B8E55"}], "glossaryLinks": {}, "formats": {}}, {"dockers": [{"y": 40, "x": 50}, {"y": 40, "x": 50}], "bounds": {"lowerRight": {"y": 626.70299003128263848, "x": 1025.092946903522261}, "upperLeft": {"y": 626.70299003128263848, "x": 998.35497757194366386}}, "resourceId": "sid-9A617DE3-2A43-4E4B-A06C-51B75422D4D6", "layers": [], "labels": [], "target": {"resourceId": "sid-DD80DCDB-C9EB-4F3E-9204-459E8C24993C"}, "childShapes": [], "properties": {"ConditionType": "None", "showdiamondmarker": "false", "bordercolor": "#000000", "monitoring": "", "name": "", "documentation": "", "probability": "", "conditionexpression": "", "isimmediate": "false", "auditing": ""}, "stencil": {"id": "SequenceFlow"}, "outgoing": [{"resourceId": "sid-DD80DCDB-C9EB-4F3E-9204-459E8C24993C"}], "glossaryLinks": {}, "formats": {}}, {"dockers": [{"y": 40, "x": 50}, {"y": 58.704000509005538788, "x": 50}], "bounds": {"lowerRight": {"y": 586.30909609677212302, "x": 1075.9249785263291415}, "upperLeft": {"y": 236.3729957575948788, "x": 1075.9249785263291415}}, "resourceId": "sid-B6A27A76-BDA8-4566-8D56-684A4C000040", "layers": [], "labels": [], "target": {"resourceId": "sid-1B11BB59-BF70-4D80-B582-AC3A9C05E48E"}, "childShapes": [], "properties": {"bordercolor": "#000000", "monitoring": "", "name": "", "documentation": "", "auditing": ""}, "stencil": {"id": "MessageFlow"}, "outgoing": [{"resourceId": "sid-1B11BB59-BF70-4D80-B582-AC3A9C05E48E"}], "glossaryLinks": {}, "formats": {}}, {"dockers": [{"y": 40, "x": 50}, {"y": 40, "x": 50}], "bounds": {"lowerRight": {"y": 586.70127280233418787, "x": 808.66998186667785831}, "upperLeft": {"y": 519.87299575759482195, "x": 808.66998186667785831}}, "resourceId": "sid-2DF41874-0576-4DEC-9E61-2E94604F2A43", "layers": [], "labels": [], "target": {"resourceId": "sid-6C3EA9B1-E29E-4C64-803D-1E42E49AF1B3"}, "childShapes": [], "properties": {"bordercolor": "#000000", "monitoring": "", "name": "", "documentation": "", "auditing": ""}, "stencil": {"id": "MessageFlow"}, "outgoing": [{"resourceId": "sid-6C3EA9B1-E29E-4C64-803D-1E42E49AF1B3"}], "glossaryLinks": {}, "formats": {}}, {"dockers": [{"y": 78.999999999999943157, "x": 33.333333333333328596}, {"y": 1, "x": 33.333333333333257542}], "bounds": {"lowerRight": {"y": 887.11477755487760533, "x": 1191.3383061333499882}, "upperLeft": {"y": 236.37299575759482195, "x": 1191.3383061333499882}}, "resourceId": "sid-8283DE90-4982-45DE-B563-10DE68D37BA7", "layers": [], "labels": [], "target": {"resourceId": "sid-0C5A98BF-5FC7-47C9-B838-0AE1CEF716E7"}, "childShapes": [], "properties": {"bordercolor": "#000000", "monitoring": "", "name": "", "documentation": "", "auditing": ""}, "stencil": {"id": "MessageFlow"}, "outgoing": [{"resourceId": "sid-0C5A98BF-5FC7-47C9-B838-0AE1CEF716E7"}], "glossaryLinks": {}, "formats": {}}, {"dockers": [{"y": 1, "x": 66.666666666666742458}, {"y": 76.007000095438513654, "x": 66.666666666666657193}], "bounds": {"lowerRight": {"y": 887.11477755487760533, "x": 1224.6716394666834731}, "upperLeft": {"y": 236.37299575759482195, "x": 1224.6716394666834731}}, "resourceId": "sid-0CA32EC1-0CF0-4552-87C4-CB71BCD2E4B6", "layers": [], "labels": [], "target": {"resourceId": "sid-51FAA264-1154-40A8-9CF7-650BBD1B64D3"}, "childShapes": [], "properties": {"bordercolor": "#000000", "monitoring": "", "name": "", "documentation": "", "auditing": ""}, "stencil": {"id": "MessageFlow"}, "outgoing": [{"resourceId": "sid-51FAA264-1154-40A8-9CF7-650BBD1B64D3"}], "glossaryLinks": {}, "formats": {}}, {"dockers": [{"y": 39.999999999999971578, "x": 64.64099965005868853}, {"y": 39.999999999999971578, "x": 64.64099965005868853}], "bounds": {"lowerRight": {"y": 196.37299575759485037, "x": 1311.7572988974447981}, "upperLeft": {"y": 196.37299575759485037, "x": 1287.2869721001341077}}, "resourceId": "sid-263C0517-3F99-40ED-B8D5-A6FA6FCC432C", "layers": [], "labels": [], "target": {"resourceId": "sid-A3236A6E-6828-4E3F-B0CC-30F9285131F0"}, "childShapes": [], "properties": {"ConditionType": "None", "showdiamondmarker": "false", "bordercolor": "#000000", "monitoring": "", "name": "", "documentation": "", "probability": "", "conditionexpression": "", "isimmediate": "false", "auditing": ""}, "stencil": {"id": "SequenceFlow"}, "outgoing": [{"resourceId": "sid-A3236A6E-6828-4E3F-B0CC-30F9285131F0"}], "glossaryLinks": {}, "formats": {}}, {"dockers": [{"y": 39.999999999999971578, "x": 64.64099965005868853}, {"y": 29.924500000000001876, "x": 30.575499999999983913}], "bounds": {"lowerRight": {"y": 432.64533753093297719, "x": 1378.5147635414796241}, "upperLeft": {"y": 236.37299575759482195, "x": 1249.0339601292992029}}, "resourceId": "sid-C2378F2F-2414-4BAD-92A9-61FF40637AA7", "layers": [], "labels": [], "target": {"resourceId": "sid-DCB9D548-DC35-41E6-B228-3C6F550B84F7"}, "childShapes": [], "properties": {"bordercolor": "#000000", "type": "none", "assignments": "", "transformation": ""}, "stencil": {"id": "Association_Undirected"}, "outgoing": [{"resourceId": "sid-DCB9D548-DC35-41E6-B228-3C6F550B84F7"}], "glossaryLinks": {}, "formats": {}}, {"dockers": [{"y": 27.058351149789189094, "x": 23.046085689411484054}, {"y": 39.999999999999971578, "x": 32.320499825029344265}], "bounds": {"lowerRight": {"y": 431.44003449757661883, "x": 1384.4783475359099612}, "upperLeft": {"y": 236.37299575759482195, "x": 1350.9837874963327522}}, "resourceId": "sid-62675BDB-726D-40DC-A289-C936F81F1CDA", "layers": [], "labels": [], "target": {"resourceId": "sid-A3236A6E-6828-4E3F-B0CC-30F9285131F0"}, "childShapes": [], "properties": {"bordercolor": "#000000", "type": "none", "assignments": "", "transformation": ""}, "stencil": {"id": "Association_Undirected"}, "outgoing": [{"resourceId": "sid-A3236A6E-6828-4E3F-B0CC-30F9285131F0"}], "glossaryLinks": {}, "formats": {}}, {"dockers": [{"y": 20.292064673275177711, "x": 75.846110415256589476}, {"y": 48.500000000000035527, "x": 44}], "bounds": {"lowerRight": {"y": 156.10066982937351554, "x": 1536.5346484973986207}, "upperLeft": {"y": 90.798690309193602843, "x": 1423.3000407699298648}}, "resourceId": "sid-CF39A7AB-6DB1-466C-9ABF-1546D8596B82", "layers": [], "labels": [], "target": {"resourceId": "sid-BC346DB7-B831-4B94-ABC8-E4AA05FC96EC"}, "childShapes": [], "properties": {"bordercolor": "#000000", "text": "", "assignments": "", "transformation": ""}, "stencil": {"id": "Association_Unidirectional"}, "outgoing": [{"resourceId": "sid-BC346DB7-B831-4B94-ABC8-E4AA05FC96EC"}], "glossaryLinks": {}, "formats": {}}, {"dockers": [{"y": 28.972999999999998977, "x": 31.9375}, {"y": 40, "x": 50}], "bounds": {"lowerRight": {"y": 672.32215537713466347, "x": 758.2198522827746956}, "upperLeft": {"y": 640.39864799563088127, "x": 640.62454664926417536}}, "resourceId": "sid-6C2E5DF4-9E94-4EA1-9515-972596AA32F4", "layers": [], "labels": [], "target": {"resourceId": "sid-6C3EA9B1-E29E-4C64-803D-1E42E49AF1B3"}, "childShapes": [], "properties": {"bordercolor": "#000000", "type": "none", "assignments": "", "transformation": ""}, "stencil": {"id": "Association_Undirected"}, "outgoing": [{"resourceId": "sid-6C3EA9B1-E29E-4C64-803D-1E42E49AF1B3"}], "glossaryLinks": {}, "formats": {}}, {"dockers": [{"y": 28.972999999999991871, "x": 31.9375}, {"y": 40.000000000000028422, "x": 50}], "bounds": {"lowerRight": {"y": 675.32135679889688618, "x": 897.70303292329674605}, "upperLeft": {"y": 634.71271241696081233, "x": 640.90177209953412785}}, "resourceId": "sid-989735E3-9F46-4B00-9365-887FD9A1BCD4", "layers": [], "labels": [], "target": {"resourceId": "sid-D15A60EF-FF46-485C-B248-F652503B8E55"}, "childShapes": [], "properties": {"bordercolor": "#000000", "type": "none", "assignments": "", "transformation": ""}, "stencil": {"id": "Association_Undirected"}, "outgoing": [{"resourceId": "sid-D15A60EF-FF46-485C-B248-F652503B8E55"}], "glossaryLinks": {}, "formats": {}}, {"dockers": [{"y": 28.972999999999991871, "x": 31.9375}, {"y": 37.397279770947555733, "x": 1.133099996818715427}], "bounds": {"lowerRight": {"y": 650.57756639842921231, "x": 643.02940715583076781}, "upperLeft": {"y": 606.39078728116726325, "x": 625.37500587767601701}}, "resourceId": "sid-4DB358BD-CC59-40E8-A949-1727E0783B2B", "layers": [], "labels": [], "target": {"resourceId": "sid-D0CF31AC-E488-42D4-BA72-83CEF456A977"}, "childShapes": [], "properties": {"bordercolor": "#000000", "type": "none", "assignments": "", "transformation": ""}, "stencil": {"id": "Association_Undirected"}, "outgoing": [{"resourceId": "sid-D0CF31AC-E488-42D4-BA72-83CEF456A977"}], "glossaryLinks": {}, "formats": {}}, {"dockers": [{"y": 28.973000000000013188, "x": 31.9375}, {"y": 39.999999999999971578, "x": 64.64099965005868853}], "bounds": {"lowerRight": {"y": 276.36918480582920665, "x": 1544.9636035699616059}, "upperLeft": {"y": 227.05659052516426755, "x": 1441.0769692369779023}}, "resourceId": "sid-4FEB0121-DE1E-4E5E-958A-BFEF6AB2A04D", "layers": [], "labels": [], "target": {"resourceId": "sid-A3236A6E-6828-4E3F-B0CC-30F9285131F0"}, "childShapes": [], "properties": {"bordercolor": "#000000", "type": "none", "assignments": "", "transformation": ""}, "stencil": {"id": "Association_Undirected"}, "outgoing": [{"resourceId": "sid-A3236A6E-6828-4E3F-B0CC-30F9285131F0"}], "glossaryLinks": {}, "formats": {}}, {"dockers": [{"y": 40, "x": 50}, {"y": 39.999999999999971578, "x": 64.64099965005868853}], "bounds": {"lowerRight": {"y": 196.3729957575948788, "x": 1157.4555376084365435}, "upperLeft": {"y": 196.3729957575948788, "x": 1125.9249785263291415}}, "resourceId": "sid-E4107341-3E3B-4AE1-AC10-6E846DF10C37", "layers": [], "labels": [], "target": {"resourceId": "sid-51FAA264-1154-40A8-9CF7-650BBD1B64D3"}, "childShapes": [], "properties": {"ConditionType": "None", "showdiamondmarker": "false", "bordercolor": "#000000", "monitoring": "", "name": "", "documentation": "", "probability": "", "conditionexpression": "", "isimmediate": "false", "auditing": ""}, "stencil": {"id": "SequenceFlow"}, "outgoing": [{"resourceId": "sid-51FAA264-1154-40A8-9CF7-650BBD1B64D3"}], "glossaryLinks": {}, "formats": {}}, {"dockers": [{"y": 28.972999999999998977, "x": 31.9375}, {"y": 40, "x": 50}], "bounds": {"lowerRight": {"y": 269.62533731257730096, "x": 1025.2838604545170256}, "upperLeft": {"y": 233.15677912705689323, "x": 975.07672046480843164}}, "resourceId": "sid-957B9ACE-D50C-4B2F-B2E0-4C244EEF6E13", "layers": [], "labels": [], "target": {"resourceId": "sid-1B11BB59-BF70-4D80-B582-AC3A9C05E48E"}, "childShapes": [], "properties": {"bordercolor": "#000000", "type": "none", "assignments": "", "transformation": ""}, "stencil": {"id": "Association_Undirected"}, "outgoing": [{"resourceId": "sid-1B11BB59-BF70-4D80-B582-AC3A9C05E48E"}], "glossaryLinks": {}, "formats": {}}, {"dockers": [{"y": 20.5, "x": 20.5}, {"y": 333.7230005295217552, "x": 804.10806408824237224}, {"y": 440.94061186840986011, "x": 804.10806408824237224}], "bounds": {"lowerRight": {"y": 440.94061186840986011, "x": 804.10806408824237224}, "upperLeft": {"y": 208.35824748027809505, "x": 708.07318775388603171}}, "resourceId": "sid-7AA53806-CE72-4F6C-8D17-0F1A6180B8C6", "layers": [], "labels": [], "childShapes": [], "properties": {"ConditionType": "None", "showdiamondmarker": "false", "bordercolor": "#000000", "monitoring": "", "name": "AB", "documentation": "", "probability": "", "conditionexpression": "", "isimmediate": "false", "auditing": ""}, "stencil": {"id": "SequenceFlow"}, "outgoing": [], "glossaryLinks": {}, "formats": {}}, {"dockers": [{"y": 20.5, "x": 20.5}, {"y": 196.8729957575948788, "x": 405.5}, {"y": 20.5, "x": 20.5}], "bounds": {"lowerRight": {"y": 268.26518320788733263, "x": 678.76648831360603253}, "upperLeft": {"y": 196.8729957575948788, "x": 405.5}}, "resourceId": "sid-155B4BA4-7A29-4424-8EEB-3413C93470AA", "layers": [], "labels": [], "target": {"resourceId": "sid-CB89116E-D17E-4CD9-99CB-D3266C9FE5C4"}, "childShapes": [], "properties": {"ConditionType": "None", "showdiamondmarker": "false", "bordercolor": "#000000", "monitoring": "", "name": "AC", "documentation": "", "probability": "", "conditionexpression": "", "isimmediate": "false", "auditing": ""}, "stencil": {"id": "SequenceFlow"}, "outgoing": [{"resourceId": "sid-CB89116E-D17E-4CD9-99CB-D3266C9FE5C4"}], "glossaryLinks": {}, "formats": {}}, {"dockers": [{"y": 20.99781504229889606, "x": 148.87692588910124414}, {"y": 48.5, "x": 43.999999999999943157}], "bounds": {"lowerRight": {"y": 448.64693853317174899, "x": 599.61773255188813891}, "upperLeft": {"y": 410.92833727700497093, "x": 553.29880440338081371}}, "resourceId": "sid-E1ABBE1E-1CA3-4AED-86A8-7CD8D1AA2230", "layers": [], "labels": [], "target": {"resourceId": "sid-1E3ADD00-FF46-4E06-99E1-60448C0727D0"}, "childShapes": [], "properties": {"bordercolor": "#000000", "text": "", "assignments": "", "transformation": ""}, "stencil": {"id": "Association_Unidirectional"}, "outgoing": [{"resourceId": "sid-1E3ADD00-FF46-4E06-99E1-60448C0727D0"}], "glossaryLinks": {}, "formats": {}}, {"dockers": [{"y": 39.999999999999985789, "x": 50}, {"y": 20.5, "x": 20.5}], "bounds": {"lowerRight": {"y": 289.44062710341330558, "x": 384.64454148714344228}, "upperLeft": {"y": 289.26124003786060257, "x": 345}}, "resourceId": "sid-CD04F978-D258-4A0F-967C-871D70D5D334", "layers": [], "labels": [], "target": {"resourceId": "sid-55358437-96A8-4411-BAA1-70A4C93DF004"}, "childShapes": [], "properties": {"ConditionType": "None", "showdiamondmarker": "false", "bordercolor": "#000000", "monitoring": "", "name": "", "documentation": "", "probability": "", "conditionexpression": "", "isimmediate": "false", "auditing": ""}, "stencil": {"id": "SequenceFlow"}, "outgoing": [{"resourceId": "sid-55358437-96A8-4411-BAA1-70A4C93DF004"}], "glossaryLinks": {}, "formats": {}}, {"dockers": [{"y": 20.5, "x": 20.5}, {"y": 40, "x": 50}], "bounds": {"lowerRight": {"y": 289.44034018058022184, "x": 458.89082405579284796}, "upperLeft": {"y": 289.27808870735822211, "x": 425.17146136401782996}}, "resourceId": "sid-5B671EA7-2BFF-4F38-8961-4A2EA17AD5FD", "layers": [], "labels": [], "target": {"resourceId": "sid-DAF36F17-4FB0-41FE-BC99-2A580E02D161"}, "childShapes": [], "properties": {"ConditionType": "None", "showdiamondmarker": "false", "bordercolor": "#000000", "monitoring": "", "name": "", "documentation": "", "probability": "", "conditionexpression": "", "isimmediate": "false", "auditing": ""}, "stencil": {"id": "SequenceFlow"}, "outgoing": [{"resourceId": "sid-DAF36F17-4FB0-41FE-BC99-2A580E02D161"}], "glossaryLinks": {}, "formats": {}}, {"dockers": [{"y": 15.100671606076485176, "x": 15}, {"y": 289.03499569396922197, "x": 195}, {"y": 39.999999999999985789, "x": 50}], "bounds": {"lowerRight": {"y": 289.03499569396922197, "x": 244.78125}, "upperLeft": {"y": 211.34575107701203933, "x": 195}}, "resourceId": "sid-37F83137-2089-4523-8C75-0D2BE1D4E0A6", "layers": [], "labels": [], "target": {"resourceId": "sid-C135F05B-05A5-4731-9532-8CE282D320B7"}, "childShapes": [], "properties": {"ConditionType": "None", "showdiamondmarker": "false", "bordercolor": "#000000", "monitoring": "", "name": "", "documentation": "", "probability": "", "conditionexpression": "", "isimmediate": "false", "auditing": ""}, "stencil": {"id": "SequenceFlow"}, "outgoing": [{"resourceId": "sid-C135F05B-05A5-4731-9532-8CE282D320B7"}], "glossaryLinks": {}, "formats": {}}, {"dockers": [{"y": 20.5, "x": 20.5}, {"y": 408.7230005295217552, "x": 405.5}, {"y": 408.7230005295217552, "x": 471.35480516688909347}, {"y": 39.999999999999971578, "x": 81.943999236491720239}], "bounds": {"lowerRight": {"y": 439.40698277952310491, "x": 471.35480516688909347}, "upperLeft": {"y": 309.03499569396922197, "x": 405.5}}, "resourceId": "sid-76AFDF76-C64B-4758-B95C-00C78F128140", "layers": [], "labels": [], "target": {"resourceId": "sid-68ABA06B-C9FE-4547-B775-3E2E6EC0A68C"}, "childShapes": [], "properties": {"ConditionType": "None", "showdiamondmarker": "false", "bordercolor": "#000000", "monitoring": "", "name": "", "documentation": "", "probability": "", "conditionexpression": "", "isimmediate": "false", "auditing": ""}, "stencil": {"id": "SequenceFlow"}, "outgoing": [{"resourceId": "sid-68ABA06B-C9FE-4547-B775-3E2E6EC0A68C"}], "glossaryLinks": {}, "formats": {}}, {"dockers": [{"y": 15, "x": 15}, {"y": 289.03499569396916513, "x": 195}, {"y": 39.999999999999985789, "x": 50}], "bounds": {"lowerRight": {"y": 359.27278906508252021, "x": 244.78125}, "upperLeft": {"y": 289.03499569396916513, "x": 195}}, "resourceId": "sid-34BD14EA-9F85-482B-99C8-D41E6C5541B2", "layers": [], "labels": [], "target": {"resourceId": "sid-C135F05B-05A5-4731-9532-8CE282D320B7"}, "childShapes": [], "properties": {"ConditionType": "None", "showdiamondmarker": "false", "bordercolor": "#000000", "monitoring": "", "name": "", "documentation": "", "probability": "", "conditionexpression": "", "isimmediate": "false", "auditing": ""}, "stencil": {"id": "SequenceFlow"}, "outgoing": [{"resourceId": "sid-C135F05B-05A5-4731-9532-8CE282D320B7"}], "glossaryLinks": {}, "formats": {}}, {"dockers": [{"y": 15, "x": 15}, {"y": 39.999999999999971578, "x": 81.943999236491720239}], "bounds": {"lowerRight": {"y": 479.87299575759482195, "x": 389.39148334065203017}, "upperLeft": {"y": 479.87299575759482195, "x": 210.03364244988108567}}, "resourceId": "sid-8D927543-6C6C-4000-B38E-5A1050BA8A60", "layers": [], "labels": [], "target": {"resourceId": "sid-68ABA06B-C9FE-4547-B775-3E2E6EC0A68C"}, "childShapes": [], "properties": {"ConditionType": "None", "showdiamondmarker": "false", "bordercolor": "#000000", "monitoring": "", "name": "AD", "documentation": "", "probability": "", "conditionexpression": "", "isimmediate": "false", "auditing": ""}, "stencil": {"id": "SequenceFlow"}, "outgoing": [{"resourceId": "sid-68ABA06B-C9FE-4547-B775-3E2E6EC0A68C"}], "glossaryLinks": {}, "formats": {}}, {"dockers": [{"y": 39.999999999999971578, "x": 64.64099965005868853}, {"y": 59.999999999999971578, "x": 1376.4359695869193274}], "bounds": {"lowerRight": {"y": 196.37299575759485037, "x": 1376.4359695869193274}, "upperLeft": {"y": 196.37299575759485037, "x": 1376.4359695869193274}}, "resourceId": "sid-DAB22FE7-A957-4393-B967-0136192F95E0", "layers": [], "labels": [], "target": {"resourceId": "sid-60D92B05-4081-4A7B-BF51-EB4141A6A09A"}, "childShapes": [], "properties": {"bordercolor": "#000000", "monitoring": "", "name": "", "documentation": "", "auditing": ""}, "stencil": {"id": "MessageFlow"}, "outgoing": [{"resourceId": "sid-60D92B05-4081-4A7B-BF51-EB4141A6A09A"}], "glossaryLinks": {}, "formats": {}}, {"dockers": [{"y": 29.924500000000001876, "x": 30.575499999999983913}, {"y": 39.999999999999971578, "x": 64.64099965005868853}], "bounds": {"lowerRight": {"y": 388.59733619580839559, "x": 1501.9420653589709218}, "upperLeft": {"y": 236.37299575759482195, "x": 1402.5525572128017302}}, "resourceId": "sid-4A3399C3-4186-46BB-9818-FE104719030F", "layers": [], "labels": [], "target": {"resourceId": "sid-A3236A6E-6828-4E3F-B0CC-30F9285131F0"}, "childShapes": [], "properties": {"bordercolor": "#000000", "type": "none", "assignments": "", "transformation": ""}, "stencil": {"id": "Association_Undirected"}, "outgoing": [{"resourceId": "sid-A3236A6E-6828-4E3F-B0CC-30F9285131F0"}], "glossaryLinks": {}, "formats": {}}], "properties": {"orientation": "horizontal", "monitoring": "", "modificationdate": "", "creationdate": "", "namespaces": "", "version": "", "targetnamespace": "http://www.signavio.com/bpmn20", "author": "", "name": "AH", "documentation": "", "language": "English", "typelanguage": "http://www.w3.org/2001/XMLSchema", "expressionlanguage": "http://www.w3.org/1999/XPath", "auditing": ""}, "ssextensions": [], "stencilset": {"url": "/stencilsets/bpmn2.0/bpmn2.0.json?version=4.4.1", "namespace": "http://b3mn.org/stencilset/bpmn2.0#"}, "stencil": {"id": "BPMNDiagram"}, "formats": {}}