{"revision": {"creationDate": null, "isLastRevision": true, "revisionNumber": 17, "elementCounts": {"total": 30, "Lane": 5, "Message": 1, "StartNoneEvent": 1, "Pool": 3, "Association_Unidirectional": 4, "MessageFlow": 1, "Subprocess": 1, "SequenceFlow": 5, "Task": 4, "DataObject": 2, "EndNoneEvent": 1, "BPMNDiagram": 1, "DataStore": 1}, "connectedness": 79}, "model": {"modelId": "1044552043", "modelDate": "2012-08-30", "groupName": "BPMN2.0_Process", "naturalLanguage": "en", "modelName": "1044552043", "TimestampModelCollection": "2012-08-30 14:08:38", "modelingLanguage": "bpmn20", "directoryId": "509310829", "numberOfRevisions": 17}}