{"bounds": {"lowerRight": {"y": 1050, "x": 1485}, "upperLeft": {"y": 0, "x": 0}}, "resourceId": "canvas", "childShapes": [{"dockers": [{"y": 15, "x": 15}, {"y": 40, "x": 69.5}], "bounds": {"lowerRight": {"y": 108.5, "x": 227.359375}, "upperLeft": {"y": 108.5, "x": 165.98046875}}, "resourceId": "sid-C46B79E6-19D1-4D00-A2F9-2757EA424341", "target": {"resourceId": "sid-601181AF-C900-4161-BD0D-454FC6312AFB"}, "childShapes": [], "properties": {"showdiamondmarker": "", "monitoring": "", "name": "", "documentation": "", "probability": "", "conditiontype": "None", "conditionexpression": "", "isimmediate": "", "auditing": ""}, "stencil": {"id": "SequenceFlow"}, "outgoing": [{"resourceId": "sid-601181AF-C900-4161-BD0D-454FC6312AFB"}]}, {"dockers": [{"y": 40, "x": 69.5}, {"y": 40.5, "x": 73.5}], "bounds": {"lowerRight": {"y": 226.375, "x": 297.5}, "upperLeft": {"y": 149.125, "x": 297.5}}, "resourceId": "sid-1510D3E9-B572-42FE-A0CB-22C5AB95B752", "target": {"resourceId": "sid-D2DFDCD9-1814-45D3-A073-609BBBB4EDA7"}, "childShapes": [], "properties": {"showdiamondmarker": "", "monitoring": "", "name": "", "documentation": "", "probability": "", "conditiontype": "None", "conditionexpression": "", "isimmediate": "", "auditing": ""}, "stencil": {"id": "SequenceFlow"}, "outgoing": [{"resourceId": "sid-D2DFDCD9-1814-45D3-A073-609BBBB4EDA7"}]}, {"dockers": [], "bounds": {"lowerRight": {"y": 482, "x": 839}, "upperLeft": {"y": 30, "x": 15}}, "resourceId": "sid-B094AED0-4662-4480-A349-3CB33A995BEB", "childShapes": [{"dockers": [], "bounds": {"lowerRight": {"y": 157, "x": 824}, "upperLeft": {"y": 0, "x": 30}}, "resourceId": "sid-BDCB26D5-849C-47D9-A534-33566F373E15", "childShapes": [{"dockers": [{"y": 78.5, "x": 105}], "bounds": {"lowerRight": {"y": 93.5, "x": 120}, "upperLeft": {"y": 63.5, "x": 90}}, "resourceId": "sid-D1830F54-0EDE-4650-817B-B58B856B3587", "childShapes": [], "properties": {"trigger": "Link", "monitoring": "", "processlink_bounds": "8,10 23,20", "outputset": "", "eventdefinitions": "", "applyincalc": true, "frequency": 1800, "bgcolor": "#ffffff", "dataoutputassociations": "", "name": "from\nPurchase Order-\nto-Delivery", "eventdefinitionref": "", "entry": "http://academic.signavio.com/p/model/ef8528560a394986839ec7ea21695bfb", "documentation": "", "dataoutput": "", "auditing": ""}, "stencil": {"id": "IntermediateLinkEventCatching"}, "outgoing": [{"resourceId": "sid-C46B79E6-19D1-4D00-A2F9-2757EA424341"}]}, {"dockers": [], "bounds": {"lowerRight": {"y": 118.5, "x": 322}, "upperLeft": {"y": 38.5, "x": 183}}, "resourceId": "sid-601181AF-C900-4161-BD0D-454FC6312AFB", "childShapes": [], "properties": {"resources": "", "outmsgstructure": "", "script_language": "", "applyincalc": true, "loopcardinality": "", "bgcolor": "#ffffcc", "inmessagename": "", "outmessagename": "", "time": 2, "loopmaximum": "", "loopdataoutput": "", "testbefore": "", "externedokumente": [], "callacitivity": "", "outmsgiscollection": "", "monitoring": "", "operationname": "", "dataoutputset": "", "completionquantity": 1, "wikiseite": "", "properties": "", "script": "", "assignments": "", "nonebehavioreventref": "signal", "externaldocuments": [], "saptransaktionsnummer": "", "datainputset": "", "tasktype": "None", "startquantity": 1, "looptype": "None", "instantiate": "", "behavior": "all", "inmsgimport": "", "costs": 0.2000000000000000111, "inputdataitem": "", "loopdatainput": "", "name": "glossary://421a91570e3e4084b1d62332bfcb7337/check purchase invoice formally;;", "outmsgitemkind": "Information", "costcenter": "FI", "completioncondition": "", "isforcompensation": "", "risklevel": "", "inmsgiscollection": "", "inmsgitemkind": "Information", "messageref": "", "outputdataitem": "", "inmsgstructure": "", "loopcondition": "", "onebehavioreventref:": "signal", "operationref": "", "implementation": "webService", "outmsgimport": "", "risikostufe": "", "documentation": "Formal check of the finance department. If there are problems with the integrity of the purchase invoice, a corrected invoice needs to be requested.", "name_glossary_dirty": true, "categories": "", "auditing": "", "complexbehaviordefinition": ""}, "stencil": {"id": "Task"}, "outgoing": [{"resourceId": "sid-1510D3E9-B572-42FE-A0CB-22C5AB95B752"}]}, {"dockers": [], "bounds": {"lowerRight": {"y": 118.5, "x": 670}, "upperLeft": {"y": 38.5, "x": 570}}, "resourceId": "sid-2A80886C-BB3D-49F0-B893-B0B96FB5BBC4", "childShapes": [], "properties": {"resources": "", "script_language": "", "outmsgstructure": "", "applyincalc": true, "loopcardinality": "", "bgcolor": "#ffffcc", "inmessagename": "", "outmessagename": "", "time": 2, "loopmaximum": "", "loopdataoutput": "", "testbefore": "", "externedokumente": [], "callacitivity": "", "outmsgiscollection": "", "monitoring": "", "operationname": "", "dataoutputset": "", "completionquantity": 1, "wikiseite": "", "properties": "", "script": "", "assignments": "", "nonebehavioreventref": "signal", "externaldocuments": [], "saptransaktionsnummer": "", "datainputset": "", "tasktype": "None", "startquantity": 1, "looptype": "None", "instantiate": "", "behavior": "all", "inmsgimport": "", "costs": 4, "inputdataitem": "", "loopdatainput": "", "name": "trigger \npayment", "outmsgitemkind": "Information", "costcenter": "FI", "completioncondition": "", "isforcompensation": "", "risklevel": "", "inmsgiscollection": "", "inmsgitemkind": "Information", "messageref": "", "outputdataitem": "", "inmsgstructure": "", "loopcondition": "", "onebehavioreventref:": "signal", "operationref": "", "implementation": "webService", "outmsgimport": "", "risikostufe": "", "documentation": "The payment to the supplier is triggered through the ERP system.", "categories": "", "auditing": "", "complexbehaviordefinition": ""}, "stencil": {"id": "Task"}, "outgoing": [{"resourceId": "sid-813F9BB2-8BDA-42C1-8DDA-FE07A43F9D11"}, {"resourceId": "sid-AF99C70D-D993-4DAD-B71C-2D4A1842F8FA"}]}, {"dockers": [], "bounds": {"lowerRight": {"y": 98.5, "x": 525.5}, "upperLeft": {"y": 58.5, "x": 485.5}}, "resourceId": "sid-0CD5DAC4-4FA5-4D93-B23A-84638731ED3B", "childShapes": [], "properties": {"xortype": "Data", "monitoring": "", "defaultgate": "", "gatewaytype": "XOR", "gates": "", "assignments": "", "bgcolor": "#ffffff", "pool": "", "gate_assignments": "", "markervisible": "true", "name": "", "documentation": "", "gates_assignments": "", "categories": "", "gate_outgoingsequenceflow": "", "auditing": "", "lanes": "", "gates_outgoingsequenceflow": ""}, "stencil": {"id": "Exclusive_Databased_Gateway"}, "outgoing": [{"resourceId": "sid-0C197198-F578-472D-AA8E-3EBEBA84375A"}]}, {"dockers": [], "bounds": {"lowerRight": {"y": 92.5, "x": 743}, "upperLeft": {"y": 64.5, "x": 715}}, "resourceId": "sid-F773231D-0C52-45E4-846A-D733CA819886", "childShapes": [], "properties": {"inputset": "", "trigger": "None", "monitoring": "", "datainputassociations": "", "eventdefinitionref": "", "name": "", "eventdefinitions": "", "documentation": "", "datainput": "", "auditing": "", "bgcolor": "#ffffff"}, "stencil": {"id": "EndNoneEvent"}, "outgoing": []}], "properties": {"showcaption": true, "monitoring": "", "parentlane": "", "name": "Finance", "documentation": "", "auditing": "", "bgcolor": "", "parentpool": ""}, "stencil": {"id": "Lane"}, "outgoing": []}, {"dockers": [], "bounds": {"lowerRight": {"y": 317, "x": 824}, "upperLeft": {"y": 157, "x": 30}}, "resourceId": "sid-B3D99F43-023F-431B-9CC2-BADCAD999FCA", "childShapes": [{"dockers": [], "bounds": {"lowerRight": {"y": 120.5, "x": 326}, "upperLeft": {"y": 39.5, "x": 179}}, "resourceId": "sid-D2DFDCD9-1814-45D3-A073-609BBBB4EDA7", "childShapes": [], "properties": {"resources": "", "outmsgstructure": "", "script_language": "", "applyincalc": true, "loopcardinality": "", "bgcolor": "#ffffcc", "inmessagename": "", "outmessagename": "", "time": 3, "loopmaximum": "", "loopdataoutput": "", "testbefore": "", "externedokumente": [], "callacitivity": "", "outmsgiscollection": "", "monitoring": "", "operationname": "", "dataoutputset": "", "completionquantity": 1, "wikiseite": "", "properties": "", "script": "", "assignments": "", "nonebehavioreventref": "signal", "externaldocuments": [], "saptransaktionsnummer": "", "datainputset": "", "tasktype": "None", "startquantity": 1, "looptype": "None", "instantiate": "", "behavior": "all", "inmsgimport": "", "costs": 0.5, "inputdataitem": "", "loopdatainput": "", "name": "glossary://421a91570e3e4084b1d62332bfcb7337/check for factually correct purchase invoice;;", "outmsgitemkind": "Information", "costcenter": "CC1", "completioncondition": "", "isforcompensation": "", "risklevel": "", "inmsgiscollection": "", "inmsgitemkind": "Information", "messageref": "", "outputdataitem": "", "inmsgstructure": "", "loopcondition": "", "onebehavioreventref:": "signal", "operationref": "", "implementation": "webService", "outmsgimport": "", "risikostufe": "", "documentation": "The invoice needs to checked for factual correctness, i.e. correctly delivered goods.", "name_glossary_dirty": true, "categories": "", "auditing": "", "complexbehaviordefinition": ""}, "stencil": {"id": "Task"}, "outgoing": [{"resourceId": "sid-690F965C-0D92-4C22-9BB7-E2B09E71FD21"}]}, {"dockers": [], "bounds": {"lowerRight": {"y": 100, "x": 411}, "upperLeft": {"y": 60, "x": 371}}, "resourceId": "sid-0B5B80D2-4873-4369-9784-F5297D8E679C", "childShapes": [], "properties": {"xortype": "Data", "monitoring": "", "defaultgate": "", "gatewaytype": "XOR", "gates": "", "assignments": "", "bgcolor": "#ffffff", "pool": "", "gate_assignments": "", "markervisible": "true", "name": "", "documentation": "", "gates_assignments": "", "categories": "", "gate_outgoingsequenceflow": "", "auditing": "", "lanes": "", "gates_outgoingsequenceflow": ""}, "stencil": {"id": "Exclusive_Databased_Gateway"}, "outgoing": [{"resourceId": "sid-A87D1433-4070-44D2-A0FC-5F8ACAB2316E"}, {"resourceId": "sid-3DD0717B-2AAF-4807-A7E1-687EEC8EEC4A"}]}, {"dockers": [], "bounds": {"lowerRight": {"y": 50.946000000000012164, "x": 693.875}, "upperLeft": {"y": -6.9999999999999857891, "x": 630}}, "resourceId": "sid-A750A199-2486-4D11-A369-D7D536758299", "childShapes": [], "properties": {"monitoring": "", "name": "glossary://08732e73061b485e84dabb3d52ec8890/ERP system;;", "documentation": "", "categories": "", "name_glossary_dirty": false, "auditing": "", "bgcolor": "#e1e1e1"}, "stencil": {"id": "ITSystem"}, "outgoing": []}], "properties": {"showcaption": true, "monitoring": "", "parentlane": "", "name": "Department", "documentation": "", "auditing": "", "bgcolor": "", "parentpool": ""}, "stencil": {"id": "Lane"}, "outgoing": []}, {"dockers": [], "bounds": {"lowerRight": {"y": 452, "x": 824}, "upperLeft": {"y": 317, "x": 30}}, "resourceId": "sid-D0AA78CF-F014-4265-938E-C812555177F7", "childShapes": [{"dockers": [], "bounds": {"lowerRight": {"y": 114, "x": 576}, "upperLeft": {"y": 33, "x": 435}}, "resourceId": "sid-69B5CA62-6E06-45D1-9486-43589F74A6CC", "childShapes": [], "properties": {"resources": "", "outmsgstructure": "", "script_language": "", "applyincalc": true, "loopcardinality": "", "bgcolor": "#ffffcc", "inmessagename": "", "outmessagename": "", "time": 3, "loopmaximum": "", "loopdataoutput": "", "testbefore": "", "externedokumente": [], "callacitivity": "", "outmsgiscollection": "", "monitoring": "", "operationname": "", "dataoutputset": "", "completionquantity": 1, "wikiseite": "", "properties": "", "script": "", "assignments": "", "nonebehavioreventref": "signal", "externaldocuments": [], "saptransaktionsnummer": "", "datainputset": "", "tasktype": "None", "startquantity": 1, "looptype": "None", "instantiate": "", "behavior": "all", "inmsgimport": "", "costs": 0.80000000000000004441, "inputdataitem": "", "loopdatainput": "", "name": "glossary://421a91570e3e4084b1d62332bfcb7337/approve purchase invoice;;", "outmsgitemkind": "Information", "costcenter": "CC1", "completioncondition": "", "isforcompensation": "", "risklevel": "", "inmsgiscollection": "", "inmsgitemkind": "Information", "messageref": "", "outputdataitem": "", "inmsgstructure": "", "loopcondition": "", "onebehavioreventref:": "signal", "operationref": "", "implementation": "webService", "outmsgimport": "", "risikostufe": "", "documentation": "The approval is done by the respective department head via the workflow system. An approval is only required if the threshold invoice value is exceeded.", "name_glossary_dirty": false, "categories": "", "auditing": "", "complexbehaviordefinition": ""}, "stencil": {"id": "Task"}, "outgoing": [{"resourceId": "sid-755B31FA-375B-448F-9F1F-25EADC6B13F8"}]}, {"dockers": [], "bounds": {"lowerRight": {"y": 70.946000000000012164, "x": 284.4375}, "upperLeft": {"y": 13.000000000000014211, "x": 220.5625}}, "resourceId": "sid-365B5187-92DF-4B9A-8FB5-B2F9F8D437FC", "childShapes": [], "properties": {"monitoring": "", "name": "glossary://fb6bb694f5d74fc99752fe62f28aff0a/SAPERION\nWorkflow;;", "documentation": "", "categories": "", "name_glossary_dirty": false, "auditing": "", "bgcolor": "#e1e1e1"}, "stencil": {"id": "ITSystem"}, "outgoing": [{"resourceId": "sid-4E3A5989-FB42-4C90-888D-0E5148F7E2FE"}, {"resourceId": "sid-04134D6C-95BB-4474-8205-669E83C184BF"}]}], "properties": {"showcaption": true, "monitoring": "", "parentlane": "", "name": "Department head", "documentation": "", "auditing": "", "bgcolor": "", "parentpool": ""}, "stencil": {"id": "Lane"}, "outgoing": []}], "properties": {"isclosed": "", "enableinstancecompensation": "", "boundaryvisible": true, "monitoring": "", "processcategories": "", "status": "None", "bgcolor": "#ffffff", "processdocumentation": "", "processtype": "None", "processname": "", "multiinstance": "", "name": "glossary://97fde91de22b4302a7f70c52e8786401/ACME Inc.;;", "documentation": "", "name_glossary_dirty": false, "suppressjoinfailure": "", "auditing": "", "adhoccompletioncondition": "", "adhocordering": "Parallel", "adhoc": ""}, "stencil": {"id": "Pool"}, "outgoing": []}, {"dockers": [{"y": 40.5, "x": 73.5}, {"y": 20.5, "x": 20.5}], "bounds": {"lowerRight": {"y": 267.42609040096971285, "x": 415.95313146958164907}, "upperLeft": {"y": 267.26531584903028715, "x": 371.25780603041835093}}, "resourceId": "sid-690F965C-0D92-4C22-9BB7-E2B09E71FD21", "target": {"resourceId": "sid-0B5B80D2-4873-4369-9784-F5297D8E679C"}, "childShapes": [], "properties": {"showdiamondmarker": "", "monitoring": "", "name": "", "documentation": "", "probability": "", "conditiontype": "None", "conditionexpression": "", "isimmediate": "", "auditing": ""}, "stencil": {"id": "SequenceFlow"}, "outgoing": [{"resourceId": "sid-0B5B80D2-4873-4369-9784-F5297D8E679C"}]}, {"dockers": [{"y": 20, "x": 20}, {"y": 40, "x": 50}], "bounds": {"lowerRight": {"y": 108.5, "x": 614.80078125}, "upperLeft": {"y": 108.5, "x": 570.28515625}}, "resourceId": "sid-0C197198-F578-472D-AA8E-3EBEBA84375A", "target": {"resourceId": "sid-2A80886C-BB3D-49F0-B893-B0B96FB5BBC4"}, "childShapes": [], "properties": {"showdiamondmarker": "", "monitoring": "", "name": "", "documentation": "", "probability": "", "conditiontype": "None", "conditionexpression": "", "isimmediate": "", "auditing": ""}, "stencil": {"id": "SequenceFlow"}, "outgoing": [{"resourceId": "sid-2A80886C-BB3D-49F0-B893-B0B96FB5BBC4"}]}, {"dockers": [{"y": 40.5, "x": 70.5}, {"y": 20, "x": 20}], "bounds": {"lowerRight": {"y": 379.28125, "x": 550.5}, "upperLeft": {"y": 129, "x": 550.5}}, "resourceId": "sid-755B31FA-375B-448F-9F1F-25EADC6B13F8", "target": {"resourceId": "sid-0CD5DAC4-4FA5-4D93-B23A-84638731ED3B"}, "childShapes": [], "properties": {"showdiamondmarker": "", "monitoring": "", "name": "", "documentation": "", "probability": "", "conditiontype": "None", "conditionexpression": "", "isimmediate": "", "auditing": ""}, "stencil": {"id": "SequenceFlow"}, "outgoing": [{"resourceId": "sid-0CD5DAC4-4FA5-4D93-B23A-84638731ED3B"}]}, {"dockers": [{"y": 40, "x": 50}, {"y": 14, "x": 14}], "bounds": {"lowerRight": {"y": 108.5, "x": 759.375}, "upperLeft": {"y": 108.5, "x": 715.390625}}, "resourceId": "sid-AF99C70D-D993-4DAD-B71C-2D4A1842F8FA", "target": {"resourceId": "sid-F773231D-0C52-45E4-846A-D733CA819886"}, "childShapes": [], "properties": {"showdiamondmarker": "", "monitoring": "", "name": "", "documentation": "", "probability": "", "conditiontype": "None", "conditionexpression": "", "isimmediate": "", "auditing": ""}, "stencil": {"id": "SequenceFlow"}, "outgoing": [{"resourceId": "sid-F773231D-0C52-45E4-846A-D733CA819886"}]}, {"dockers": [{"y": 40, "x": 50}, {"y": 28.972999999999998977, "x": 31.9375}], "bounds": {"lowerRight": {"y": 179.79213250004491442, "x": 694.75738563316144791}, "upperLeft": {"y": 148.67010187495509399, "x": 681.76702842933855209}}, "resourceId": "sid-813F9BB2-8BDA-42C1-8DDA-FE07A43F9D11", "target": {"resourceId": "sid-A750A199-2486-4D11-A369-D7D536758299"}, "childShapes": [], "properties": {"type": "none", "assignments": "", "transformation": ""}, "stencil": {"id": "Association_Undirected"}, "outgoing": [{"resourceId": "sid-A750A199-2486-4D11-A369-D7D536758299"}]}, {"dockers": [{"y": 28.972999999999998977, "x": 31.9375}, {"y": 60.75, "x": 1}], "bounds": {"lowerRight": {"y": 440.27618589882183642, "x": 479.32078166818882892}, "upperLeft": {"y": 396.52570081992814721, "x": 324.26710895681122793}}, "resourceId": "sid-4E3A5989-FB42-4C90-888D-0E5148F7E2FE", "target": {"resourceId": "sid-69B5CA62-6E06-45D1-9486-43589F74A6CC"}, "childShapes": [], "properties": {"type": "none", "assignments": "", "transformation": ""}, "stencil": {"id": "Association_Undirected"}, "outgoing": [{"resourceId": "sid-69B5CA62-6E06-45D1-9486-43589F74A6CC"}]}, {"dockers": [{"y": 28.972999999999998977, "x": 31.9375}, {"y": 40.5, "x": 73.5}], "bounds": {"lowerRight": {"y": 359.38557812499993815, "x": 297.5}, "upperLeft": {"y": 308.02239062499995725, "x": 297.5}}, "resourceId": "sid-04134D6C-95BB-4474-8205-669E83C184BF", "target": {"resourceId": "sid-D2DFDCD9-1814-45D3-A073-609BBBB4EDA7"}, "childShapes": [], "properties": {"type": "none", "assignments": "", "transformation": ""}, "stencil": {"id": "Association_Undirected"}, "outgoing": [{"resourceId": "sid-D2DFDCD9-1814-45D3-A073-609BBBB4EDA7"}]}, {"dockers": [{"y": 20.5, "x": 20.5}, {"y": 420.5, "x": 436.5}, {"y": 40.5, "x": 70.5}], "bounds": {"lowerRight": {"y": 420.5, "x": 479.140625}, "upperLeft": {"y": 287.625, "x": 436.5}}, "resourceId": "sid-3DD0717B-2AAF-4807-A7E1-687EEC8EEC4A", "target": {"resourceId": "sid-69B5CA62-6E06-45D1-9486-43589F74A6CC"}, "childShapes": [], "properties": {"showdiamondmarker": "", "monitoring": "", "name": "invoice amount\n> $5000", "documentation": "", "probability": 0.2999999999999999889, "conditiontype": "None", "conditionexpression": "invoice amount\n> $5000", "isimmediate": "", "auditing": ""}, "stencil": {"id": "SequenceFlow"}, "outgoing": [{"resourceId": "sid-69B5CA62-6E06-45D1-9486-43589F74A6CC"}]}, {"dockers": [{"y": 20.5, "x": 20.5}, {"y": 108.5, "x": 436.5}, {"y": 20, "x": 20}], "bounds": {"lowerRight": {"y": 246.625, "x": 530.796875}, "upperLeft": {"y": 108.5, "x": 436.5}}, "resourceId": "sid-A87D1433-4070-44D2-A0FC-5F8ACAB2316E", "target": {"resourceId": "sid-0CD5DAC4-4FA5-4D93-B23A-84638731ED3B"}, "childShapes": [], "properties": {"showdiamondmarker": false, "monitoring": "", "name": "", "documentation": "", "probability": 0.69999999999999995559, "conditiontype": "Default", "conditionexpression": "", "isimmediate": "", "auditing": ""}, "stencil": {"id": "SequenceFlow"}, "outgoing": [{"resourceId": "sid-0CD5DAC4-4FA5-4D93-B23A-84638731ED3B"}]}], "properties": {"processowner": "John Doe", "monitoring": "", "modificationdate": "", "iso9000ff": "true", "creationdate": "", "namespaces": "", "version": "", "soxrelevant": "true", "author": "", "targetnamespace": "http://www.omg.org/bpmn20", "name": "", "documentation": "", "language": "English", "typelanguage": "http://www.w3.org/2001/XMLSchema", "auditing": "", "expressionlanguage": "http://www.w3.org/1999/XPath"}, "ssextensions": ["http://oryx-editor.org/stencilsets/extensions/bpmn2.0basicsubset#"], "stencilset": {"url": "/stencilsets/bpmn2.0/bpmn2.0.json?version=4.1.2", "namespace": "http://b3mn.org/stencilset/bpmn2.0#"}, "stencil": {"id": "BPMNDiagram"}}