{"revision": {"creationDate": null, "isLastRevision": true, "revisionNumber": 3, "elementCounts": {"total": 324, "EndMessageEvent": 1, "IntermediateTimerEvent": 14, "Lane": 9, "IntermediateMessageEventCatching": 7, "StartNoneEvent": 2, "Pool": 2, "Association_Unidirectional": 4, "MessageFlow": 6, "StartMessageEvent": 1, "Association_Undirected": 21, "TextAnnotation": 21, "SequenceFlow": 132, "Task": 60, "DataObject": 4, "EndNoneEvent": 6, "BPMNDiagram": 1, "Exclusive_Databased_Gateway": 19, "ParallelGateway": 1, "IntermediateMessageEventThrowing": 13}, "connectedness": 100}, "model": {"modelId": "1045098224", "modelDate": "2012-08-30", "groupName": "BPMN2.0_Process", "naturalLanguage": "en", "modelName": "1045098224", "TimestampModelCollection": "2012-08-30 14:08:38", "modelingLanguage": "bpmn20", "directoryId": "2129038716", "numberOfRevisions": 3}}