{"bounds": {"lowerRight": {"y": 1650, "x": 1485}, "upperLeft": {"y": 0, "x": 0}}, "resourceId": "canvas", "childShapes": [{"dockers": [{"y": 15, "x": 15}, {"y": 20.5, "x": 20.5}], "bounds": {"lowerRight": {"y": 285.05471663455796261, "x": 420.3439291346149389}, "upperLeft": {"y": 255.32809586544203739, "x": 420.1170083653850611}}, "resourceId": "sid-9BF39986-68C1-4FB4-B661-17F653855D2F", "layers": [], "labels": [], "target": {"resourceId": "sid-FA1DB0D0-35DB-4156-B832-CE83DFED9F8F"}, "childShapes": [], "properties": {"ConditionType": "None", "showdiamondmarker": "false", "bordercolor": "#000000", "monitoring": "", "name": "", "documentation": "", "probability": "", "conditionexpression": "", "isimmediate": "false", "auditing": ""}, "stencil": {"id": "SequenceFlow"}, "outgoing": [{"resourceId": "sid-FA1DB0D0-35DB-4156-B832-CE83DFED9F8F"}], "glossaryLinks": {}, "formats": {}}, {"dockers": [{"y": 40, "x": 50}, {"y": 20.5, "x": 20.5}], "bounds": {"lowerRight": {"y": 434.46095459883986223, "x": 515.37696464677685526}, "upperLeft": {"y": 410, "x": 515.23391812865497741}}, "resourceId": "sid-879F566E-7782-40CE-BBBE-CEA40AD0A7C9", "layers": [], "labels": [], "target": {"resourceId": "sid-A7E4E8E3-ED37-4F34-85CF-7F1407AC3DCD"}, "childShapes": [], "properties": {"ConditionType": "None", "showdiamondmarker": "false", "bordercolor": "#000000", "monitoring": "", "name": "", "documentation": "", "probability": "", "conditionexpression": "", "isimmediate": "false", "auditing": ""}, "stencil": {"id": "SequenceFlow"}, "outgoing": [{"resourceId": "sid-A7E4E8E3-ED37-4F34-85CF-7F1407AC3DCD"}], "glossaryLinks": {}, "formats": {}}, {"dockers": [{"y": 40, "x": 50}, {"y": 20.5, "x": 20.5}], "bounds": {"lowerRight": {"y": 434.46095459883986223, "x": 335.37696464677685526}, "upperLeft": {"y": 410, "x": 335.23391812865497741}}, "resourceId": "sid-B6EA836B-5EFD-4F50-97A0-FC63FF31104E", "layers": [], "labels": [], "target": {"resourceId": "sid-E5DBA190-4F75-4885-82D7-16C7BD4C9A0D"}, "childShapes": [], "properties": {"ConditionType": "None", "showdiamondmarker": "false", "bordercolor": "#000000", "monitoring": "", "name": "", "documentation": "", "probability": "", "conditionexpression": "", "isimmediate": "false", "auditing": ""}, "stencil": {"id": "SequenceFlow"}, "outgoing": [{"resourceId": "sid-E5DBA190-4F75-4885-82D7-16C7BD4C9A0D"}], "glossaryLinks": {}, "formats": {}}, {"dockers": [{"y": 20, "x": 10}, {"y": 24, "x": 88}], "bounds": {"lowerRight": {"y": 339.91304347826087451, "x": 588.64840854440024032}, "upperLeft": {"y": 312.1518682304866843, "x": 565}}, "resourceId": "sid-06DFCA65-B50D-4B88-A919-6D2129B5A437", "layers": [], "labels": [], "target": {"resourceId": "sid-6E4ADA5B-D4CC-4B24-9EFD-8BC897A974D8"}, "childShapes": [], "properties": {"bordercolor": "#000000", "type": "none", "assignments": "", "transformation": ""}, "stencil": {"id": "Association_Undirected"}, "outgoing": [{"resourceId": "sid-6E4ADA5B-D4CC-4B24-9EFD-8BC897A974D8"}], "glossaryLinks": {}, "formats": {}}, {"dockers": [{"y": 20.5, "x": 20.5}, {"y": 305.5, "x": 515}, {"y": 40, "x": 50}], "bounds": {"lowerRight": {"y": 329.6953125, "x": 515}, "upperLeft": {"y": 305.5, "x": 440}}, "resourceId": "sid-795F9EA0-EF4C-4730-95F8-673B271B4B63", "layers": [], "labels": [{"to": 1, "orientation": "ll", "ref": "text_name", "distance": 7.5, "align": "left", "from": 0, "valign": "bottom", "y": 305.5, "x": 448.33333333333331439}], "target": {"resourceId": "sid-6E4ADA5B-D4CC-4B24-9EFD-8BC897A974D8"}, "childShapes": [], "properties": {"ConditionType": "None", "showdiamondmarker": "false", "bordercolor": "#000000", "monitoring": "", "name": "A", "documentation": "", "probability": "", "conditionexpression": "", "isimmediate": "false", "auditing": ""}, "stencil": {"id": "SequenceFlow"}, "outgoing": [{"resourceId": "sid-6E4ADA5B-D4CC-4B24-9EFD-8BC897A974D8"}], "glossaryLinks": {}, "formats": {}}, {"dockers": [{"y": 20.5, "x": 20.5}, {"y": 305.5, "x": 335}, {"y": 1, "x": 50}], "bounds": {"lowerRight": {"y": 330, "x": 399.4609375}, "upperLeft": {"y": 305.5, "x": 335}}, "resourceId": "sid-C7F5302F-5E9E-4FBC-8000-F0CBDFC05745", "layers": [], "labels": [{"to": 1, "orientation": "lr", "ref": "text_name", "distance": -7.5, "align": "left", "from": 0, "valign": "bottom", "y": 305.5, "x": 392.98518580430055636}], "target": {"resourceId": "sid-EB82118C-91E4-4C06-A21D-8D9A13FD2A0E"}, "childShapes": [], "properties": {"ConditionType": "None", "showdiamondmarker": "false", "bordercolor": "#000000", "monitoring": "", "name": "B", "documentation": "", "probability": "", "conditionexpression": "", "isimmediate": "false", "auditing": ""}, "stencil": {"id": "SequenceFlow"}, "outgoing": [{"resourceId": "sid-EB82118C-91E4-4C06-A21D-8D9A13FD2A0E"}], "glossaryLinks": {}, "formats": {}}, {"dockers": [], "bounds": {"lowerRight": {"y": 410, "x": 385}, "upperLeft": {"y": 330, "x": 285}}, "resourceId": "sid-EB82118C-91E4-4C06-A21D-8D9A13FD2A0E", "layers": [], "labels": [], "childShapes": [], "properties": {"resources": "", "outmsgstructure": "", "applyincalc": "true", "loopcardinality": "", "outmessagename": "", "inmessagename": "", "bgcolor": "#ffffcc", "bordercolor": "#000000", "time": "", "loopdataoutput": "", "testbefore": "false", "callacitivity": "false", "outmsgiscollection": "false", "monitoring": "", "operationname": "", "dataoutputset": "", "completionquantity": "1", "properties": "", "script": "", "assignments": "", "nonebehavioreventref": "signal", "scriptformat": "", "datainputset": "", "processid": "", "startquantity": "1", "tasktype": "None", "looptype": "None", "instantiate": "false", "behavior": "all", "inmsgimport": "", "costs": "", "inputdataitem": "", "loopdatainput": "", "name": "C", "outmsgitemkind": "Information", "costcenter": "", "completioncondition": "", "isforcompensation": "false", "inmsgiscollection": "false", "inmsgitemkind": "Information", "inmsgstructure": "", "outputdataitem": "", "messageref": "", "loopcondition": "", "onebehavioreventref:": "signal", "implementation": "webService", "operationref": "", "outmsgimport": "", "documentation": "", "categories": "", "auditing": "", "complexbehaviordefinition": ""}, "stencil": {"id": "Task"}, "outgoing": [{"resourceId": "sid-B6EA836B-5EFD-4F50-97A0-FC63FF31104E"}], "glossaryLinks": {}, "formats": {}}, {"dockers": [], "bounds": {"lowerRight": {"y": 345, "x": 320}, "upperLeft": {"y": 295, "x": 201}}, "resourceId": "sid-489A6301-3BBA-4CF0-BABB-603BCF5872FC", "layers": [], "labels": [], "childShapes": [], "properties": {"bordercolor": "#000000", "text": "", "textformat": "text/plain", "monitoring": "", "pool": "", "name": "", "documentation": "", "categories": "", "auditing": "", "lanes": ""}, "stencil": {"id": "TextAnnotation"}, "outgoing": [{"resourceId": "sid-5916EF53-DE4C-4E3E-9983-A4317C580FB8"}], "glossaryLinks": {}, "formats": {}}, {"dockers": [], "bounds": {"lowerRight": {"y": 255, "x": 435}, "upperLeft": {"y": 225, "x": 405}}, "resourceId": "sid-7303CAD1-2935-4E83-A338-9F6021051F2E", "layers": [], "labels": [{"ref": "text_name", "align": "left", "valign": "middle", "right": true, "y": 15, "x": 35}], "childShapes": [], "properties": {"trigger": "None", "monitoring": "", "outputset": "", "applyincalc": "true", "frequency": "", "bgcolor": "#ffffff", "bordercolor": "#000000", "dataoutputassociations": "", "name": "D", "dataoutput": "", "documentation": "", "auditing": "", "processid": ""}, "stencil": {"id": "StartNoneEvent"}, "outgoing": [{"resourceId": "sid-9BF39986-68C1-4FB4-B661-17F653855D2F"}], "glossaryLinks": {}, "formats": {}}, {"dockers": [], "bounds": {"lowerRight": {"y": 325, "x": 440}, "upperLeft": {"y": 285, "x": 400}}, "resourceId": "sid-FA1DB0D0-35DB-4156-B832-CE83DFED9F8F", "layers": [], "labels": [], "childShapes": [], "properties": {"xortype": "Data", "monitoring": "", "defaultgate": "", "gatewaytype": "XOR", "gates": "", "assignments": "", "bgcolor": "#ffffff", "bordercolor": "#000000", "pool": "", "gate_assignments": "", "markervisible": "true", "name": "", "documentation": "", "gates_assignments": "", "categories": "", "auditing": "", "gate_outgoingsequenceflow": "", "lanes": "", "gates_outgoingsequenceflow": "", "processid": ""}, "stencil": {"id": "Exclusive_Databased_Gateway"}, "outgoing": [{"resourceId": "sid-795F9EA0-EF4C-4730-95F8-673B271B4B63"}, {"resourceId": "sid-C7F5302F-5E9E-4FBC-8000-F0CBDFC05745"}], "glossaryLinks": {}, "formats": {}}, {"dockers": [], "bounds": {"lowerRight": {"y": 410, "x": 565}, "upperLeft": {"y": 330, "x": 465}}, "resourceId": "sid-6E4ADA5B-D4CC-4B24-9EFD-8BC897A974D8", "layers": [], "labels": [], "childShapes": [], "properties": {"resources": "", "outmsgstructure": "", "applyincalc": "true", "loopcardinality": "", "outmessagename": "", "inmessagename": "", "bgcolor": "#ffffcc", "bordercolor": "#000000", "time": "", "loopdataoutput": "", "testbefore": "false", "callacitivity": "false", "outmsgiscollection": "false", "monitoring": "", "operationname": "", "dataoutputset": "", "completionquantity": "1", "properties": "", "script": "", "assignments": "", "nonebehavioreventref": "signal", "scriptformat": "", "datainputset": "", "processid": "", "startquantity": "1", "tasktype": "None", "looptype": "None", "instantiate": "false", "behavior": "all", "inmsgimport": "", "costs": "", "inputdataitem": "", "loopdatainput": "", "name": "E", "outmsgitemkind": "Information", "costcenter": "", "completioncondition": "", "isforcompensation": "false", "inmsgiscollection": "false", "inmsgitemkind": "Information", "inmsgstructure": "", "outputdataitem": "", "messageref": "", "loopcondition": "", "onebehavioreventref:": "signal", "implementation": "webService", "operationref": "", "outmsgimport": "", "documentation": "", "categories": "", "auditing": "", "complexbehaviordefinition": ""}, "stencil": {"id": "Task"}, "outgoing": [{"resourceId": "sid-879F566E-7782-40CE-BBBE-CEA40AD0A7C9"}], "glossaryLinks": {}, "formats": {}}, {"dockers": [], "bounds": {"lowerRight": {"y": 330, "x": 689}, "upperLeft": {"y": 280, "x": 589}}, "resourceId": "sid-E8C57A76-8861-4274-9C85-F95345E72A33", "layers": [], "labels": [], "childShapes": [], "properties": {"bordercolor": "#000000", "text": "", "textformat": "text/plain", "monitoring": "", "pool": "", "name": "", "documentation": "", "categories": "", "auditing": "", "lanes": ""}, "stencil": {"id": "TextAnnotation"}, "outgoing": [{"resourceId": "sid-06DFCA65-B50D-4B88-A919-6D2129B5A437"}], "glossaryLinks": {}, "formats": {}}, {"dockers": [{"y": 24, "x": 1.1899999999999999467}, {"y": 40, "x": 1}], "bounds": {"lowerRight": {"y": 369.08172549994884548, "x": 284.49096890491603062}, "upperLeft": {"y": 329.87921200005109768, "x": 220.06817172008399552}}, "resourceId": "sid-5916EF53-DE4C-4E3E-9983-A4317C580FB8", "layers": [], "labels": [], "target": {"resourceId": "sid-EB82118C-91E4-4C06-A21D-8D9A13FD2A0E"}, "childShapes": [], "properties": {"bordercolor": "#000000", "type": "none", "assignments": "", "transformation": ""}, "stencil": {"id": "Association_Undirected"}, "outgoing": [{"resourceId": "sid-EB82118C-91E4-4C06-A21D-8D9A13FD2A0E"}], "glossaryLinks": {}, "formats": {}}, {"dockers": [{"y": 20.5, "x": 19}, {"y": 40, "x": 49}], "bounds": {"lowerRight": {"y": 514.35546875, "x": 334}, "upperLeft": {"y": 473.6015625, "x": 334}}, "resourceId": "sid-175B8DB8-58B3-4F80-8487-EB5D2446A45A", "layers": [], "labels": [], "target": {"resourceId": "sid-E28FCB0A-894F-4BBF-8237-E318B692A862"}, "childShapes": [], "properties": {"ConditionType": "None", "showdiamondmarker": "false", "bordercolor": "#000000", "monitoring": "", "name": "", "documentation": "", "probability": "", "conditionexpression": "", "isimmediate": "false", "auditing": ""}, "stencil": {"id": "SequenceFlow"}, "outgoing": [{"resourceId": "sid-E28FCB0A-894F-4BBF-8237-E318B692A862"}], "glossaryLinks": {}, "formats": {}}, {"dockers": [{"y": 20.5, "x": 20.5}, {"y": 40, "x": 50}], "bounds": {"lowerRight": {"y": 514.35548137570469862, "x": 515.40122493781757385}, "upperLeft": {"y": 475.15623737429530138, "x": 515.20424381218242615}}, "resourceId": "sid-1E60A6D5-BCA6-494D-BC1F-0DD40813F536", "layers": [], "labels": [], "target": {"resourceId": "sid-A5E6FE68-6BC1-47DA-98D2-F7F624C5BBFA"}, "childShapes": [], "properties": {"ConditionType": "None", "showdiamondmarker": "false", "bordercolor": "#000000", "monitoring": "", "name": "", "documentation": "", "probability": "", "conditionexpression": "", "isimmediate": "false", "auditing": ""}, "stencil": {"id": "SequenceFlow"}, "outgoing": [{"resourceId": "sid-A5E6FE68-6BC1-47DA-98D2-F7F624C5BBFA"}], "glossaryLinks": {}, "formats": {}}, {"dockers": [], "bounds": {"lowerRight": {"y": 469, "x": 673}, "upperLeft": {"y": 441, "x": 645}}, "resourceId": "sid-9AC82F14-A6EC-4BD5-BFF9-D3D367436181", "layers": [], "labels": [], "childShapes": [], "properties": {"inputset": "", "trigger": "None", "bordercolor": "#000000", "monitoring": "", "datainputassociations": "", "name": "F", "documentation": "", "auditing": "", "datainput": "", "bgcolor": "#ffffff"}, "stencil": {"id": "EndNoneEvent"}, "outgoing": [], "glossaryLinks": {}, "formats": {}}, {"dockers": [{"y": 40, "x": 50}, {"y": 630.5, "x": 335}, {"y": 20.5, "x": 20.5}], "bounds": {"lowerRight": {"y": 630.5, "x": 399.4609375}, "upperLeft": {"y": 595, "x": 335}}, "resourceId": "sid-A4AB57F8-9B93-4164-BC02-AA6BF01CD14A", "layers": [], "labels": [], "target": {"resourceId": "sid-C88B5BE1-2267-46CB-BC70-FAEA6E301840"}, "childShapes": [], "properties": {"ConditionType": "None", "showdiamondmarker": "false", "bordercolor": "#000000", "monitoring": "", "name": "", "documentation": "", "probability": "", "conditionexpression": "", "isimmediate": "false", "auditing": ""}, "stencil": {"id": "SequenceFlow"}, "outgoing": [{"resourceId": "sid-C88B5BE1-2267-46CB-BC70-FAEA6E301840"}], "glossaryLinks": {}, "formats": {}}, {"dockers": [{"y": 40, "x": 50}, {"y": 630.5, "x": 515}, {"y": 20.5, "x": 20.5}], "bounds": {"lowerRight": {"y": 630.5, "x": 515}, "upperLeft": {"y": 595, "x": 440}}, "resourceId": "sid-25A6E342-1EF1-4223-8D8C-306C888A2BC6", "layers": [], "labels": [], "target": {"resourceId": "sid-C88B5BE1-2267-46CB-BC70-FAEA6E301840"}, "childShapes": [], "properties": {"ConditionType": "None", "showdiamondmarker": "false", "bordercolor": "#000000", "monitoring": "", "name": "", "documentation": "", "probability": "", "conditionexpression": "", "isimmediate": "false", "auditing": ""}, "stencil": {"id": "SequenceFlow"}, "outgoing": [{"resourceId": "sid-C88B5BE1-2267-46CB-BC70-FAEA6E301840"}], "glossaryLinks": {}, "formats": {}}, {"dockers": [], "bounds": {"lowerRight": {"y": 765, "x": 470}, "upperLeft": {"y": 685, "x": 370}}, "resourceId": "sid-7C220904-0C28-413E-9749-AE73660FC03C", "layers": [], "labels": [], "childShapes": [], "properties": {"resources": "", "outmsgstructure": "", "applyincalc": "true", "loopcardinality": "", "outmessagename": "", "inmessagename": "", "bgcolor": "#ffffcc", "bordercolor": "#000000", "time": "", "loopdataoutput": "", "testbefore": "false", "callacitivity": "false", "outmsgiscollection": "false", "monitoring": "", "operationname": "", "dataoutputset": "", "completionquantity": "1", "properties": "", "script": "", "assignments": "", "nonebehavioreventref": "signal", "scriptformat": "", "datainputset": "", "processid": "", "startquantity": "1", "tasktype": "None", "looptype": "None", "instantiate": "false", "behavior": "all", "inmsgimport": "", "costs": "", "inputdataitem": "", "loopdatainput": "", "name": "G", "outmsgitemkind": "Information", "costcenter": "", "completioncondition": "", "isforcompensation": "false", "inmsgiscollection": "false", "inmsgitemkind": "Information", "inmsgstructure": "", "outputdataitem": "", "messageref": "", "loopcondition": "", "onebehavioreventref:": "signal", "implementation": "webService", "operationref": "", "outmsgimport": "", "documentation": "", "categories": "", "auditing": "", "complexbehaviordefinition": ""}, "stencil": {"id": "Task"}, "outgoing": [{"resourceId": "sid-1E5C397B-0DF2-42F8-9A17-193CDF67A1E7"}, {"resourceId": "sid-92B4FF93-7DAA-41F3-8C6B-E5F178BF9DE7"}], "glossaryLinks": {}, "formats": {}}, {"dockers": [{"y": 20.5, "x": 20.5}, {"y": 40, "x": 50}], "bounds": {"lowerRight": {"y": 684.13282649707457495, "x": 420.39314656876757681}, "upperLeft": {"y": 650.69529850292542505, "x": 420.21622843123242319}}, "resourceId": "sid-3EA930CF-9BE6-4C66-ADAF-2F4DDD99F85B", "layers": [], "labels": [], "target": {"resourceId": "sid-7C220904-0C28-413E-9749-AE73660FC03C"}, "childShapes": [], "properties": {"ConditionType": "None", "showdiamondmarker": "false", "bordercolor": "#000000", "monitoring": "", "name": "", "documentation": "", "probability": "", "conditionexpression": "", "isimmediate": "false", "auditing": ""}, "stencil": {"id": "SequenceFlow"}, "outgoing": [{"resourceId": "sid-7C220904-0C28-413E-9749-AE73660FC03C"}], "glossaryLinks": {}, "formats": {}}, {"dockers": [], "bounds": {"lowerRight": {"y": 835, "x": 440}, "upperLeft": {"y": 795, "x": 400}}, "resourceId": "sid-802CEA55-9C5D-4991-AAE0-AEB9286DB3BE", "layers": [], "labels": [], "childShapes": [], "properties": {"xortype": "Data", "monitoring": "", "defaultgate": "", "gatewaytype": "XOR", "gates": "", "assignments": "", "bgcolor": "#ffffff", "bordercolor": "#000000", "pool": "", "gate_assignments": "", "markervisible": "true", "name": "", "documentation": "", "gates_assignments": "", "categories": "", "auditing": "", "gate_outgoingsequenceflow": "", "lanes": "", "gates_outgoingsequenceflow": "", "processid": ""}, "stencil": {"id": "Exclusive_Databased_Gateway"}, "outgoing": [{"resourceId": "sid-E92FA44C-ADC9-495D-88F8-0E32E8B0912A"}, {"resourceId": "sid-C6FE7351-EA19-4BA3-8102-AF6F6BEEA9BC"}], "glossaryLinks": {}, "formats": {}}, {"dockers": [], "bounds": {"lowerRight": {"y": 829, "x": 583}, "upperLeft": {"y": 801, "x": 555}}, "resourceId": "sid-3284020E-8BF9-4FA0-9D48-3A6DADE8529A", "layers": [], "labels": [], "childShapes": [], "properties": {"inputset": "", "trigger": "None", "bordercolor": "#000000", "monitoring": "", "datainputassociations": "", "name": "H", "documentation": "", "auditing": "", "datainput": "", "bgcolor": "#ffffff"}, "stencil": {"id": "EndNoneEvent"}, "outgoing": [], "glossaryLinks": {}, "formats": {}}, {"dockers": [], "bounds": {"lowerRight": {"y": 950, "x": 470}, "upperLeft": {"y": 870, "x": 370}}, "resourceId": "sid-6D0E2778-0628-474E-B069-A671899C51DE", "layers": [], "labels": [], "childShapes": [], "properties": {"resources": "", "outmsgstructure": "", "applyincalc": "true", "loopcardinality": "", "outmessagename": "", "inmessagename": "", "bgcolor": "#ffffcc", "bordercolor": "#000000", "time": "", "loopdataoutput": "", "testbefore": "false", "callacitivity": "false", "outmsgiscollection": "false", "monitoring": "", "operationname": "", "dataoutputset": "", "completionquantity": "1", "properties": "", "script": "", "assignments": "", "nonebehavioreventref": "signal", "scriptformat": "", "datainputset": "", "processid": "", "startquantity": "1", "tasktype": "None", "looptype": "None", "instantiate": "false", "behavior": "all", "inmsgimport": "", "costs": "", "inputdataitem": "", "loopdatainput": "", "name": "I", "outmsgitemkind": "Information", "costcenter": "", "completioncondition": "", "isforcompensation": "false", "inmsgiscollection": "false", "inmsgitemkind": "Information", "inmsgstructure": "", "outputdataitem": "", "messageref": "", "loopcondition": "", "onebehavioreventref:": "signal", "implementation": "webService", "operationref": "", "outmsgimport": "", "documentation": "", "categories": "", "auditing": "", "complexbehaviordefinition": ""}, "stencil": {"id": "Task"}, "outgoing": [{"resourceId": "sid-50DBD794-8CB6-4510-80BA-8A0C1FB42B26"}, {"resourceId": "sid-9B216D39-75A8-4AA4-9DF3-73589B9DD05B"}], "glossaryLinks": {}, "formats": {}}, {"dockers": [{"y": 20.5, "x": 20.5}, {"y": 14, "x": 14}], "bounds": {"lowerRight": {"y": 815.43413301571820284, "x": 554.07813066830760818}, "upperLeft": {"y": 815.05024198428179716, "x": 440.06249433169233498}}, "resourceId": "sid-E92FA44C-ADC9-495D-88F8-0E32E8B0912A", "layers": [], "labels": [{"to": 1, "orientation": "lr", "ref": "text_name", "distance": 7.0953540802001953125, "align": "right", "from": 0, "valign": "bottom", "y": 815.09550776610501543, "x": 540.63419346682030664}], "target": {"resourceId": "sid-3284020E-8BF9-4FA0-9D48-3A6DADE8529A"}, "childShapes": [], "properties": {"ConditionType": "None", "showdiamondmarker": "false", "bordercolor": "#000000", "monitoring": "", "name": "J", "documentation": "", "probability": "", "conditionexpression": "", "isimmediate": "false", "auditing": ""}, "stencil": {"id": "SequenceFlow"}, "outgoing": [{"resourceId": "sid-3284020E-8BF9-4FA0-9D48-3A6DADE8529A"}], "glossaryLinks": {}, "formats": {}}, {"dockers": [{"y": 20.5, "x": 20.5}, {"y": 14, "x": 14}], "bounds": {"lowerRight": {"y": 455.42615395315544902, "x": 314.60156874299616447}, "upperLeft": {"y": 455.05040854684455098, "x": 208.26561875700386395}}, "resourceId": "sid-FC31469F-40B2-4EBB-9A9B-55AE9FF3E6D6", "layers": [], "labels": [], "target": {"resourceId": "sid-1C1F1F90-82DE-4BD1-AFAE-F54681C8800E"}, "childShapes": [], "properties": {"ConditionType": "None", "showdiamondmarker": "false", "bordercolor": "#000000", "monitoring": "", "name": "K", "documentation": "", "probability": "", "conditionexpression": "", "isimmediate": "false", "auditing": ""}, "stencil": {"id": "SequenceFlow"}, "outgoing": [{"resourceId": "sid-1C1F1F90-82DE-4BD1-AFAE-F54681C8800E"}], "glossaryLinks": {}, "formats": {}}, {"dockers": [{"y": 40, "x": 50}, {"y": 20.5, "x": 20.5}], "bounds": {"lowerRight": {"y": 794.70314026170001398, "x": 420.38510022244031461}, "upperLeft": {"y": 765, "x": 420.2209944751381272}}, "resourceId": "sid-1E5C397B-0DF2-42F8-9A17-193CDF67A1E7", "layers": [], "labels": [], "target": {"resourceId": "sid-802CEA55-9C5D-4991-AAE0-AEB9286DB3BE"}, "childShapes": [], "properties": {"ConditionType": "None", "showdiamondmarker": "false", "bordercolor": "#000000", "monitoring": "", "name": "", "documentation": "", "probability": "", "conditionexpression": "", "isimmediate": "false", "auditing": ""}, "stencil": {"id": "SequenceFlow"}, "outgoing": [{"resourceId": "sid-802CEA55-9C5D-4991-AAE0-AEB9286DB3BE"}], "glossaryLinks": {}, "formats": {}}, {"dockers": [{"y": 20.5, "x": 20.5}, {"y": 40, "x": 50}], "bounds": {"lowerRight": {"y": 869.13282649707457495, "x": 420.39314656876757681}, "upperLeft": {"y": 835.69529850292542505, "x": 420.21622843123242319}}, "resourceId": "sid-C6FE7351-EA19-4BA3-8102-AF6F6BEEA9BC", "layers": [], "labels": [], "target": {"resourceId": "sid-6D0E2778-0628-474E-B069-A671899C51DE"}, "childShapes": [], "properties": {"ConditionType": "None", "showdiamondmarker": "false", "bordercolor": "#000000", "monitoring": "", "name": "", "documentation": "", "probability": "", "conditionexpression": "", "isimmediate": "false", "auditing": ""}, "stencil": {"id": "SequenceFlow"}, "outgoing": [{"resourceId": "sid-6D0E2778-0628-474E-B069-A671899C51DE"}], "glossaryLinks": {}, "formats": {}}, {"dockers": [{"y": 20.5, "x": 20.5}, {"y": 14, "x": 14}], "bounds": {"lowerRight": {"y": 455.4301094505930223, "x": 644.54688107018955634}, "upperLeft": {"y": 455.0503592994069777, "x": 535.55858767981044366}}, "resourceId": "sid-0B31805A-6CCB-4689-A49A-397ADD0D50D0", "layers": [], "labels": [], "target": {"resourceId": "sid-9AC82F14-A6EC-4BD5-BFF9-D3D367436181"}, "childShapes": [], "properties": {"ConditionType": "None", "showdiamondmarker": "false", "bordercolor": "#000000", "monitoring": "", "name": "L", "documentation": "", "probability": "", "conditionexpression": "", "isimmediate": "false", "auditing": ""}, "stencil": {"id": "SequenceFlow"}, "outgoing": [{"resourceId": "sid-9AC82F14-A6EC-4BD5-BFF9-D3D367436181"}], "glossaryLinks": {}, "formats": {}}, {"dockers": [], "bounds": {"lowerRight": {"y": 1015, "x": 440}, "upperLeft": {"y": 975, "x": 400}}, "resourceId": "sid-1B3D4C14-7B5C-4A77-A81E-0A473EDB81E2", "layers": [], "labels": [], "childShapes": [], "properties": {"xortype": "Data", "monitoring": "", "defaultgate": "", "gatewaytype": "XOR", "gates": "", "assignments": "", "bgcolor": "#ffffff", "bordercolor": "#000000", "pool": "", "gate_assignments": "", "markervisible": "true", "name": "", "documentation": "", "gates_assignments": "", "categories": "", "auditing": "", "gate_outgoingsequenceflow": "", "lanes": "", "gates_outgoingsequenceflow": "", "processid": ""}, "stencil": {"id": "Exclusive_Databased_Gateway"}, "outgoing": [{"resourceId": "sid-D0D686B5-0846-4FBB-AD18-2B28092AAE62"}, {"resourceId": "sid-01EC887B-304E-404B-A5EF-B0FBE67FC316"}], "glossaryLinks": {}, "formats": {}}, {"dockers": [{"y": 40, "x": 50}, {"y": 20.5, "x": 20.5}], "bounds": {"lowerRight": {"y": 974.46095459883986223, "x": 420.37696464677685526}, "upperLeft": {"y": 950, "x": 420.23391812865497741}}, "resourceId": "sid-50DBD794-8CB6-4510-80BA-8A0C1FB42B26", "layers": [], "labels": [], "target": {"resourceId": "sid-1B3D4C14-7B5C-4A77-A81E-0A473EDB81E2"}, "childShapes": [], "properties": {"ConditionType": "None", "showdiamondmarker": "false", "bordercolor": "#000000", "monitoring": "", "name": "", "documentation": "", "probability": "", "conditionexpression": "", "isimmediate": "false", "auditing": ""}, "stencil": {"id": "SequenceFlow"}, "outgoing": [{"resourceId": "sid-1B3D4C14-7B5C-4A77-A81E-0A473EDB81E2"}], "glossaryLinks": {}, "formats": {}}, {"dockers": [], "bounds": {"lowerRight": {"y": 1009, "x": 583}, "upperLeft": {"y": 981, "x": 555}}, "resourceId": "sid-03294C2B-3043-48F6-B7C9-4DB3353309F9", "layers": [], "labels": [], "childShapes": [], "properties": {"inputset": "", "trigger": "None", "bordercolor": "#000000", "monitoring": "", "datainputassociations": "", "name": "M", "documentation": "", "auditing": "", "datainput": "", "bgcolor": "#ffffff"}, "stencil": {"id": "EndNoneEvent"}, "outgoing": [], "glossaryLinks": {}, "formats": {}}, {"dockers": [{"y": 20.5, "x": 20.5}, {"y": 14, "x": 14}], "bounds": {"lowerRight": {"y": 995.43413301571820284, "x": 554.07813066830760818}, "upperLeft": {"y": 995.05024198428179716, "x": 440.06249433169233498}}, "resourceId": "sid-D0D686B5-0846-4FBB-AD18-2B28092AAE62", "layers": [], "labels": [], "target": {"resourceId": "sid-03294C2B-3043-48F6-B7C9-4DB3353309F9"}, "childShapes": [], "properties": {"ConditionType": "None", "showdiamondmarker": "false", "bordercolor": "#000000", "monitoring": "", "name": "N", "documentation": "", "probability": "", "conditionexpression": "", "isimmediate": "false", "auditing": ""}, "stencil": {"id": "SequenceFlow"}, "outgoing": [{"resourceId": "sid-03294C2B-3043-48F6-B7C9-4DB3353309F9"}], "glossaryLinks": {}, "formats": {}}, {"dockers": [], "bounds": {"lowerRight": {"y": 1090, "x": 440}, "upperLeft": {"y": 1050, "x": 400}}, "resourceId": "sid-3D5CBF38-67E0-4C87-BAD7-4026526D8BB7", "layers": [], "labels": [], "childShapes": [], "properties": {"monitoring": "", "gatewaytype": "AND", "gates": "", "assignments": "", "bgcolor": "#ffffff", "bordercolor": "#000000", "pool": "", "name": "", "gates_assignments": "", "documentation": "", "categories": "", "auditing": "", "gates_outgoingsequenceflow": "", "lanes": "", "processid": ""}, "stencil": {"id": "ParallelGateway"}, "outgoing": [{"resourceId": "sid-8EFE09DA-E281-49F0-9045-C4C868DFCAD7"}, {"resourceId": "sid-D1124EE2-5A5C-4E68-81B2-68561962F7FD"}], "glossaryLinks": {}, "formats": {}}, {"dockers": [{"y": 20.5, "x": 20.5}, {"y": 20.5, "x": 20.5}], "bounds": {"lowerRight": {"y": 1049.578125, "x": 420.5}, "upperLeft": {"y": 1015, "x": 420.5}}, "resourceId": "sid-01EC887B-304E-404B-A5EF-B0FBE67FC316", "layers": [], "labels": [], "target": {"resourceId": "sid-3D5CBF38-67E0-4C87-BAD7-4026526D8BB7"}, "childShapes": [], "properties": {"ConditionType": "None", "showdiamondmarker": "false", "bordercolor": "#000000", "monitoring": "", "name": "", "documentation": "", "probability": "", "conditionexpression": "", "isimmediate": "false", "auditing": ""}, "stencil": {"id": "SequenceFlow"}, "outgoing": [{"resourceId": "sid-3D5CBF38-67E0-4C87-BAD7-4026526D8BB7"}], "glossaryLinks": {}, "formats": {}}, {"dockers": [], "bounds": {"lowerRight": {"y": 1190, "x": 385}, "upperLeft": {"y": 1110, "x": 285}}, "resourceId": "sid-D989644E-017D-443E-8DE6-128FA5D3CEFF", "layers": [], "labels": [], "childShapes": [], "properties": {"resources": "", "outmsgstructure": "", "applyincalc": "true", "loopcardinality": "", "outmessagename": "", "inmessagename": "", "bgcolor": "#ffffcc", "bordercolor": "#000000", "time": "", "loopdataoutput": "", "testbefore": "false", "callacitivity": "false", "outmsgiscollection": "false", "monitoring": "", "operationname": "", "dataoutputset": "", "completionquantity": "1", "properties": "", "script": "", "assignments": "", "nonebehavioreventref": "signal", "scriptformat": "", "datainputset": "", "processid": "", "startquantity": "1", "tasktype": "None", "looptype": "None", "instantiate": "false", "behavior": "all", "inmsgimport": "", "costs": "", "inputdataitem": "", "loopdatainput": "", "name": "O", "outmsgitemkind": "Information", "costcenter": "", "completioncondition": "", "isforcompensation": "false", "inmsgiscollection": "false", "inmsgitemkind": "Information", "inmsgstructure": "", "outputdataitem": "", "messageref": "", "loopcondition": "", "onebehavioreventref:": "signal", "implementation": "webService", "operationref": "", "outmsgimport": "", "documentation": "", "categories": "", "auditing": "", "complexbehaviordefinition": ""}, "stencil": {"id": "Task"}, "outgoing": [{"resourceId": "sid-C7B47A98-1647-4D3B-8917-615496C90B65"}], "glossaryLinks": {}, "formats": {}}, {"dockers": [{"y": 20.5, "x": 20.5}, {"y": 1070.5, "x": 335}, {"y": 40, "x": 50}], "bounds": {"lowerRight": {"y": 1109.25, "x": 399.4609375}, "upperLeft": {"y": 1070.5, "x": 335}}, "resourceId": "sid-8EFE09DA-E281-49F0-9045-C4C868DFCAD7", "layers": [], "labels": [], "target": {"resourceId": "sid-D989644E-017D-443E-8DE6-128FA5D3CEFF"}, "childShapes": [], "properties": {"ConditionType": "None", "showdiamondmarker": "false", "bordercolor": "#000000", "monitoring": "", "name": "", "documentation": "", "probability": "", "conditionexpression": "", "isimmediate": "false", "auditing": ""}, "stencil": {"id": "SequenceFlow"}, "outgoing": [{"resourceId": "sid-D989644E-017D-443E-8DE6-128FA5D3CEFF"}], "glossaryLinks": {}, "formats": {}}, {"dockers": [], "bounds": {"lowerRight": {"y": 1190, "x": 565}, "upperLeft": {"y": 1110, "x": 465}}, "resourceId": "sid-1B1B1009-6DDC-45BF-9D09-C7C16C3E354E", "layers": [], "labels": [], "childShapes": [], "properties": {"resources": "", "outmsgstructure": "", "applyincalc": "true", "loopcardinality": "", "outmessagename": "", "inmessagename": "", "bgcolor": "#ffffcc", "bordercolor": "#000000", "time": "", "loopdataoutput": "", "testbefore": "false", "callacitivity": "false", "outmsgiscollection": "false", "monitoring": "", "operationname": "", "dataoutputset": "", "completionquantity": "1", "properties": "", "script": "", "assignments": "", "nonebehavioreventref": "signal", "scriptformat": "", "datainputset": "", "processid": "", "startquantity": "1", "tasktype": "None", "looptype": "None", "instantiate": "false", "behavior": "all", "inmsgimport": "", "costs": "", "inputdataitem": "", "loopdatainput": "", "name": "P", "outmsgitemkind": "Information", "costcenter": "", "completioncondition": "", "isforcompensation": "false", "inmsgiscollection": "false", "inmsgitemkind": "Information", "inmsgstructure": "", "outputdataitem": "", "messageref": "", "loopcondition": "", "onebehavioreventref:": "signal", "implementation": "webService", "operationref": "", "outmsgimport": "", "documentation": "", "categories": "", "auditing": "", "complexbehaviordefinition": ""}, "stencil": {"id": "Task"}, "outgoing": [{"resourceId": "sid-297FC920-DCB1-45B9-9652-C16BA45C93C9"}, {"resourceId": "sid-93C741B8-ACD0-4463-A608-59021A937AFF"}], "glossaryLinks": {}, "formats": {}}, {"dockers": [{"y": 20.5, "x": 20.5}, {"y": 1070.5, "x": 515}, {"y": 40, "x": 50}], "bounds": {"lowerRight": {"y": 1109.25, "x": 515}, "upperLeft": {"y": 1070.5, "x": 440}}, "resourceId": "sid-D1124EE2-5A5C-4E68-81B2-68561962F7FD", "layers": [], "labels": [], "target": {"resourceId": "sid-1B1B1009-6DDC-45BF-9D09-C7C16C3E354E"}, "childShapes": [], "properties": {"ConditionType": "None", "showdiamondmarker": "false", "bordercolor": "#000000", "monitoring": "", "name": "", "documentation": "", "probability": "", "conditionexpression": "", "isimmediate": "false", "auditing": ""}, "stencil": {"id": "SequenceFlow"}, "outgoing": [{"resourceId": "sid-1B1B1009-6DDC-45BF-9D09-C7C16C3E354E"}], "glossaryLinks": {}, "formats": {}}, {"dockers": [], "bounds": {"lowerRight": {"y": 1235, "x": 440}, "upperLeft": {"y": 1195, "x": 400}}, "resourceId": "sid-AD0B4181-39B6-4F07-80EC-5FDD8CF57B0A", "layers": [], "labels": [], "childShapes": [], "properties": {"monitoring": "", "gatewaytype": "AND", "gates": "", "assignments": "", "bgcolor": "#ffffff", "bordercolor": "#000000", "pool": "", "name": "", "gates_assignments": "", "documentation": "", "categories": "", "auditing": "", "gates_outgoingsequenceflow": "", "lanes": "", "processid": ""}, "stencil": {"id": "ParallelGateway"}, "outgoing": [{"resourceId": "sid-7E1D8322-2C3E-416A-94CA-A4143536D948"}], "glossaryLinks": {}, "formats": {}}, {"dockers": [{"y": 40, "x": 50}, {"y": 1215.5, "x": 515}, {"y": 20.5, "x": 20.5}], "bounds": {"lowerRight": {"y": 1215.5, "x": 515}, "upperLeft": {"y": 1190, "x": 440}}, "resourceId": "sid-297FC920-DCB1-45B9-9652-C16BA45C93C9", "layers": [], "labels": [], "target": {"resourceId": "sid-AD0B4181-39B6-4F07-80EC-5FDD8CF57B0A"}, "childShapes": [], "properties": {"ConditionType": "None", "showdiamondmarker": "false", "bordercolor": "#000000", "monitoring": "", "name": "", "documentation": "", "probability": "", "conditionexpression": "", "isimmediate": "false", "auditing": ""}, "stencil": {"id": "SequenceFlow"}, "outgoing": [{"resourceId": "sid-AD0B4181-39B6-4F07-80EC-5FDD8CF57B0A"}], "glossaryLinks": {}, "formats": {}}, {"dockers": [], "bounds": {"lowerRight": {"y": 1350, "x": 470}, "upperLeft": {"y": 1270, "x": 370}}, "resourceId": "sid-6C30642C-5796-4159-85E0-DE6AAEA46194", "layers": [], "labels": [], "childShapes": [], "properties": {"resources": "", "outmsgstructure": "", "applyincalc": "true", "loopcardinality": "", "outmessagename": "", "inmessagename": "", "bgcolor": "#ffffcc", "bordercolor": "#000000", "time": "", "loopdataoutput": "", "testbefore": "false", "callacitivity": "false", "outmsgiscollection": "false", "monitoring": "", "operationname": "", "dataoutputset": "", "completionquantity": "1", "properties": "", "script": "", "assignments": "", "nonebehavioreventref": "signal", "scriptformat": "", "datainputset": "", "processid": "", "startquantity": "1", "tasktype": "None", "looptype": "None", "instantiate": "false", "behavior": "all", "inmsgimport": "", "costs": "", "inputdataitem": "", "loopdatainput": "", "name": "Q", "outmsgitemkind": "Information", "costcenter": "", "completioncondition": "", "isforcompensation": "false", "inmsgiscollection": "false", "inmsgitemkind": "Information", "inmsgstructure": "", "outputdataitem": "", "messageref": "", "loopcondition": "", "onebehavioreventref:": "signal", "implementation": "webService", "operationref": "", "outmsgimport": "", "documentation": "", "categories": "", "auditing": "", "complexbehaviordefinition": ""}, "stencil": {"id": "Task"}, "outgoing": [{"resourceId": "sid-5EAA3B5C-1E4D-409D-8992-EAA69908278F"}], "glossaryLinks": {}, "formats": {}}, {"dockers": [{"y": 20.5, "x": 20.5}, {"y": 40, "x": 50}], "bounds": {"lowerRight": {"y": 1269.1328264970745749, "x": 420.39314656876757681}, "upperLeft": {"y": 1235.6952985029254251, "x": 420.21622843123242319}}, "resourceId": "sid-7E1D8322-2C3E-416A-94CA-A4143536D948", "layers": [], "labels": [], "target": {"resourceId": "sid-6C30642C-5796-4159-85E0-DE6AAEA46194"}, "childShapes": [], "properties": {"ConditionType": "None", "showdiamondmarker": "false", "bordercolor": "#000000", "monitoring": "", "name": "", "documentation": "", "probability": "", "conditionexpression": "", "isimmediate": "false", "auditing": ""}, "stencil": {"id": "SequenceFlow"}, "outgoing": [{"resourceId": "sid-6C30642C-5796-4159-85E0-DE6AAEA46194"}], "glossaryLinks": {}, "formats": {}}, {"dockers": [], "bounds": {"lowerRight": {"y": 1418, "x": 434}, "upperLeft": {"y": 1390, "x": 406}}, "resourceId": "sid-9D2DAA9A-FA0B-4EB0-8E7E-958FB81FCB2B", "layers": [], "labels": [], "childShapes": [], "properties": {"inputset": "", "trigger": "None", "bordercolor": "#000000", "monitoring": "", "datainputassociations": "", "name": "R", "documentation": "", "auditing": "", "datainput": "", "bgcolor": "#ffffff"}, "stencil": {"id": "EndNoneEvent"}, "outgoing": [], "glossaryLinks": {}, "formats": {}}, {"dockers": [{"y": 40, "x": 50}, {"y": 14, "x": 14}], "bounds": {"lowerRight": {"y": 1389.78125, "x": 420}, "upperLeft": {"y": 1350, "x": 420}}, "resourceId": "sid-5EAA3B5C-1E4D-409D-8992-EAA69908278F", "layers": [], "labels": [], "target": {"resourceId": "sid-9D2DAA9A-FA0B-4EB0-8E7E-958FB81FCB2B"}, "childShapes": [], "properties": {"ConditionType": "None", "showdiamondmarker": "false", "bordercolor": "#000000", "monitoring": "", "name": "", "documentation": "", "probability": "", "conditionexpression": "", "isimmediate": "false", "auditing": ""}, "stencil": {"id": "SequenceFlow"}, "outgoing": [{"resourceId": "sid-9D2DAA9A-FA0B-4EB0-8E7E-958FB81FCB2B"}], "glossaryLinks": {}, "formats": {}}, {"dockers": [{"y": 40, "x": 50}, {"y": 1215.5, "x": 335}, {"y": 20.5, "x": 20.5}], "bounds": {"lowerRight": {"y": 1215.5, "x": 399.4609375}, "upperLeft": {"y": 1190, "x": 335}}, "resourceId": "sid-C7B47A98-1647-4D3B-8917-615496C90B65", "layers": [], "labels": [], "target": {"resourceId": "sid-AD0B4181-39B6-4F07-80EC-5FDD8CF57B0A"}, "childShapes": [], "properties": {"ConditionType": "None", "showdiamondmarker": "false", "bordercolor": "#000000", "monitoring": "", "name": "", "documentation": "", "probability": "", "conditionexpression": "", "isimmediate": "false", "auditing": ""}, "stencil": {"id": "SequenceFlow"}, "outgoing": [{"resourceId": "sid-AD0B4181-39B6-4F07-80EC-5FDD8CF57B0A"}], "glossaryLinks": {}, "formats": {}}, {"dockers": [], "bounds": {"lowerRight": {"y": 475, "x": 535}, "upperLeft": {"y": 435, "x": 495}}, "resourceId": "sid-A7E4E8E3-ED37-4F34-85CF-7F1407AC3DCD", "layers": [], "labels": [], "childShapes": [], "properties": {"xortype": "Data", "monitoring": "", "defaultgate": "", "gatewaytype": "XOR", "gates": "", "assignments": "", "bgcolor": "#ffffff", "bordercolor": "#000000", "pool": "", "gate_assignments": "", "markervisible": "true", "name": "", "documentation": "", "gates_assignments": "", "categories": "", "auditing": "", "gate_outgoingsequenceflow": "", "lanes": "", "gates_outgoingsequenceflow": "", "processid": ""}, "stencil": {"id": "Exclusive_Databased_Gateway"}, "outgoing": [{"resourceId": "sid-1E60A6D5-BCA6-494D-BC1F-0DD40813F536"}, {"resourceId": "sid-0B31805A-6CCB-4689-A49A-397ADD0D50D0"}], "glossaryLinks": {}, "formats": {}}, {"dockers": [], "bounds": {"lowerRight": {"y": 595, "x": 565}, "upperLeft": {"y": 515, "x": 465}}, "resourceId": "sid-A5E6FE68-6BC1-47DA-98D2-F7F624C5BBFA", "layers": [], "labels": [], "childShapes": [], "properties": {"resources": "", "outmsgstructure": "", "applyincalc": "true", "loopcardinality": "", "outmessagename": "", "inmessagename": "", "bgcolor": "#ffffcc", "bordercolor": "#000000", "time": "", "loopdataoutput": "", "testbefore": "false", "callacitivity": "false", "outmsgiscollection": "false", "monitoring": "", "operationname": "", "dataoutputset": "", "completionquantity": "1", "properties": "", "script": "", "assignments": "", "nonebehavioreventref": "signal", "scriptformat": "", "datainputset": "", "processid": "", "startquantity": "1", "tasktype": "None", "looptype": "None", "instantiate": "false", "behavior": "all", "inmsgimport": "", "costs": "", "inputdataitem": "", "loopdatainput": "", "name": "S", "outmsgitemkind": "Information", "costcenter": "", "completioncondition": "", "isforcompensation": "false", "inmsgiscollection": "false", "inmsgitemkind": "Information", "inmsgstructure": "", "outputdataitem": "", "messageref": "", "loopcondition": "", "onebehavioreventref:": "signal", "implementation": "webService", "operationref": "", "outmsgimport": "", "documentation": "", "categories": "", "auditing": "", "complexbehaviordefinition": ""}, "stencil": {"id": "Task"}, "outgoing": [{"resourceId": "sid-25A6E342-1EF1-4223-8D8C-306C888A2BC6"}], "glossaryLinks": {}, "formats": {}}, {"dockers": [], "bounds": {"lowerRight": {"y": 475, "x": 355}, "upperLeft": {"y": 435, "x": 315}}, "resourceId": "sid-E5DBA190-4F75-4885-82D7-16C7BD4C9A0D", "layers": [], "labels": [], "childShapes": [], "properties": {"xortype": "Data", "monitoring": "", "defaultgate": "", "gatewaytype": "XOR", "gates": "", "assignments": "", "bgcolor": "#ffffff", "bordercolor": "#000000", "pool": "", "gate_assignments": "", "markervisible": "true", "name": "", "documentation": "", "gates_assignments": "", "categories": "", "auditing": "", "gate_outgoingsequenceflow": "", "lanes": "", "gates_outgoingsequenceflow": "", "processid": ""}, "stencil": {"id": "Exclusive_Databased_Gateway"}, "outgoing": [{"resourceId": "sid-FC31469F-40B2-4EBB-9A9B-55AE9FF3E6D6"}, {"resourceId": "sid-175B8DB8-58B3-4F80-8487-EB5D2446A45A"}], "glossaryLinks": {}, "formats": {}}, {"dockers": [], "bounds": {"lowerRight": {"y": 469, "x": 208}, "upperLeft": {"y": 441, "x": 180}}, "resourceId": "sid-1C1F1F90-82DE-4BD1-AFAE-F54681C8800E", "layers": [], "labels": [], "childShapes": [], "properties": {"inputset": "", "trigger": "None", "bordercolor": "#000000", "monitoring": "", "datainputassociations": "", "name": "T", "documentation": "", "auditing": "", "datainput": "", "bgcolor": "#ffffff"}, "stencil": {"id": "EndNoneEvent"}, "outgoing": [], "glossaryLinks": {}, "formats": {}}, {"dockers": [], "bounds": {"lowerRight": {"y": 595, "x": 385}, "upperLeft": {"y": 515, "x": 285}}, "resourceId": "sid-E28FCB0A-894F-4BBF-8237-E318B692A862", "layers": [], "labels": [], "childShapes": [], "properties": {"resources": "", "outmsgstructure": "", "applyincalc": "true", "loopcardinality": "", "outmessagename": "", "inmessagename": "", "bgcolor": "#ffffcc", "bordercolor": "#000000", "time": "", "loopdataoutput": "", "testbefore": "false", "callacitivity": "false", "outmsgiscollection": "false", "monitoring": "", "operationname": "", "dataoutputset": "", "completionquantity": "1", "properties": "", "script": "", "assignments": "", "nonebehavioreventref": "signal", "scriptformat": "", "datainputset": "", "processid": "", "startquantity": "1", "tasktype": "None", "looptype": "None", "instantiate": "false", "behavior": "all", "inmsgimport": "", "costs": "", "inputdataitem": "", "loopdatainput": "", "name": "U", "outmsgitemkind": "Information", "costcenter": "", "completioncondition": "", "isforcompensation": "false", "inmsgiscollection": "false", "inmsgitemkind": "Information", "inmsgstructure": "", "outputdataitem": "", "messageref": "", "loopcondition": "", "onebehavioreventref:": "signal", "implementation": "webService", "operationref": "", "outmsgimport": "", "documentation": "", "categories": "", "auditing": "", "complexbehaviordefinition": ""}, "stencil": {"id": "Task"}, "outgoing": [{"resourceId": "sid-A4AB57F8-9B93-4164-BC02-AA6BF01CD14A"}], "glossaryLinks": {}, "formats": {}}, {"dockers": [], "bounds": {"lowerRight": {"y": 650, "x": 440}, "upperLeft": {"y": 610, "x": 400}}, "resourceId": "sid-C88B5BE1-2267-46CB-BC70-FAEA6E301840", "layers": [], "labels": [], "childShapes": [], "properties": {"xortype": "Data", "monitoring": "", "defaultgate": "", "gatewaytype": "XOR", "gates": "", "assignments": "", "bgcolor": "#ffffff", "bordercolor": "#000000", "pool": "", "gate_assignments": "", "markervisible": "true", "name": "", "documentation": "", "gates_assignments": "", "categories": "", "auditing": "", "gate_outgoingsequenceflow": "", "lanes": "", "gates_outgoingsequenceflow": "", "processid": ""}, "stencil": {"id": "Exclusive_Databased_Gateway"}, "outgoing": [{"resourceId": "sid-3EA930CF-9BE6-4C66-ADAF-2F4DDD99F85B"}], "glossaryLinks": {}, "formats": {}}, {"dockers": [], "bounds": {"lowerRight": {"y": 560, "x": 285}, "upperLeft": {"y": 510, "x": 185}}, "resourceId": "sid-3FB8D052-9021-4856-9D84-AD4899759E82", "layers": [], "labels": [], "childShapes": [], "properties": {"bordercolor": "#000000", "text": "", "textformat": "text/plain", "monitoring": "", "pool": "", "name": "", "documentation": "", "categories": "", "auditing": "", "lanes": ""}, "stencil": {"id": "TextAnnotation"}, "outgoing": [{"resourceId": "sid-AB1856FA-F858-4C8A-904F-06F0BB5655A7"}], "glossaryLinks": {}, "formats": {}}, {"dockers": [{"y": 24, "x": 1}, {"y": 60, "x": 1}], "bounds": {"lowerRight": {"y": 574.30033421886457745, "x": 284.29349809479157329}, "upperLeft": {"y": 541.42622828113542255, "x": 204.11275190520839828}}, "resourceId": "sid-AB1856FA-F858-4C8A-904F-06F0BB5655A7", "layers": [], "labels": [], "target": {"resourceId": "sid-E28FCB0A-894F-4BBF-8237-E318B692A862"}, "childShapes": [], "properties": {"bordercolor": "#000000", "type": "none", "assignments": "", "transformation": ""}, "stencil": {"id": "Association_Undirected"}, "outgoing": [{"resourceId": "sid-E28FCB0A-894F-4BBF-8237-E318B692A862"}], "glossaryLinks": {}, "formats": {}}, {"dockers": [], "bounds": {"lowerRight": {"y": 560, "x": 689}, "upperLeft": {"y": 510, "x": 589}}, "resourceId": "sid-608FD5C8-8E50-4DA2-901B-3C9569672570", "layers": [], "labels": [], "childShapes": [], "properties": {"bordercolor": "#000000", "text": "", "textformat": "text/plain", "monitoring": "", "pool": "", "name": "", "documentation": "", "categories": "", "auditing": "", "lanes": ""}, "stencil": {"id": "TextAnnotation"}, "outgoing": [], "glossaryLinks": {}, "formats": {}}, {"dockers": [{"y": 570, "x": 566}, {"y": 24, "x": 1}], "bounds": {"lowerRight": {"y": 570, "x": 588.69529980377478751}, "upperLeft": {"y": 535.95705029433781874, "x": 566}}, "resourceId": "sid-A5736149-7537-47B7-AE07-6EFD6FA38A4E", "layers": [], "labels": [], "target": {"resourceId": "sid-608FD5C8-8E50-4DA2-901B-3C9569672570"}, "childShapes": [], "properties": {"bordercolor": "#000000", "type": "none", "assignments": "", "transformation": ""}, "stencil": {"id": "Association_Undirected"}, "outgoing": [{"resourceId": "sid-608FD5C8-8E50-4DA2-901B-3C9569672570"}], "glossaryLinks": {}, "formats": {}}, {"dockers": [], "bounds": {"lowerRight": {"y": 725, "x": 615}, "upperLeft": {"y": 675, "x": 515}}, "resourceId": "sid-8C0CE541-AFA3-40FE-900E-0243272A206D", "layers": [], "labels": [], "childShapes": [], "properties": {"bordercolor": "#000000", "text": "", "textformat": "text/plain", "monitoring": "", "pool": "", "name": "", "documentation": "", "categories": "", "auditing": "", "lanes": ""}, "stencil": {"id": "TextAnnotation"}, "outgoing": [], "glossaryLinks": {}, "formats": {}}, {"dockers": [{"y": 40, "x": 99}, {"y": 24, "x": 1}], "bounds": {"lowerRight": {"y": 724.44680851063833416, "x": 514.39059095758227613}, "upperLeft": {"y": 699.8903113851672515, "x": 470}}, "resourceId": "sid-92B4FF93-7DAA-41F3-8C6B-E5F178BF9DE7", "layers": [], "labels": [], "target": {"resourceId": "sid-8C0CE541-AFA3-40FE-900E-0243272A206D"}, "childShapes": [], "properties": {"bordercolor": "#000000", "type": "none", "assignments": "", "transformation": ""}, "stencil": {"id": "Association_Undirected"}, "outgoing": [{"resourceId": "sid-8C0CE541-AFA3-40FE-900E-0243272A206D"}], "glossaryLinks": {}, "formats": {}}, {"dockers": [], "bounds": {"lowerRight": {"y": 915, "x": 619}, "upperLeft": {"y": 865, "x": 519}}, "resourceId": "sid-FBAFFF78-6F20-45CF-ADD8-6A536E8D7169", "layers": [], "labels": [], "childShapes": [], "properties": {"bordercolor": "#000000", "text": "", "textformat": "text/plain", "monitoring": "", "pool": "", "name": "", "documentation": "", "categories": "", "auditing": "", "lanes": ""}, "stencil": {"id": "TextAnnotation"}, "outgoing": [], "glossaryLinks": {}, "formats": {}}, {"dockers": [{"y": 60, "x": 99}, {"y": 23, "x": 12}], "bounds": {"lowerRight": {"y": 929.322580645161338, "x": 518.54708130951166822}, "upperLeft": {"y": 896.43584814516952974, "x": 470}}, "resourceId": "sid-9B216D39-75A8-4AA4-9DF3-73589B9DD05B", "layers": [], "labels": [], "target": {"resourceId": "sid-FBAFFF78-6F20-45CF-ADD8-6A536E8D7169"}, "childShapes": [], "properties": {"bordercolor": "#000000", "type": "none", "assignments": "", "transformation": ""}, "stencil": {"id": "Association_Undirected"}, "outgoing": [{"resourceId": "sid-FBAFFF78-6F20-45CF-ADD8-6A536E8D7169"}], "glossaryLinks": {}, "formats": {}}, {"dockers": [], "bounds": {"lowerRight": {"y": 1135, "x": 305}, "upperLeft": {"y": 1085, "x": 205}}, "resourceId": "sid-DD790499-8506-4B20-A7E9-6512738EC4EA", "layers": [], "labels": [], "childShapes": [], "properties": {"bordercolor": "#000000", "text": "", "textformat": "text/plain", "monitoring": "", "pool": "", "name": "", "documentation": "", "categories": "", "auditing": "", "lanes": ""}, "stencil": {"id": "TextAnnotation"}, "outgoing": [{"resourceId": "sid-8047C9A3-B9A4-4944-AD51-A7CDA8B0642D"}], "glossaryLinks": {}, "formats": {}}, {"dockers": [], "bounds": {"lowerRight": {"y": 1145, "x": 689}, "upperLeft": {"y": 1095, "x": 589}}, "resourceId": "sid-C4A809E0-F83C-4B20-A049-490D01E3C85D", "layers": [], "labels": [], "childShapes": [], "properties": {"bordercolor": "#000000", "text": "", "textformat": "text/plain", "monitoring": "", "pool": "", "name": "", "documentation": "", "categories": "", "auditing": "", "lanes": ""}, "stencil": {"id": "TextAnnotation"}, "outgoing": [], "glossaryLinks": {}, "formats": {}}, {"dockers": [{"y": 24, "x": 1}, {"y": 60, "x": 1}], "bounds": {"lowerRight": {"y": 1168.9170948428793508, "x": 284.579796515251644}, "upperLeft": {"y": 1122.9500926571206492, "x": 224.295203484748356}}, "resourceId": "sid-8047C9A3-B9A4-4944-AD51-A7CDA8B0642D", "layers": [], "labels": [], "target": {"resourceId": "sid-D989644E-017D-443E-8DE6-128FA5D3CEFF"}, "childShapes": [], "properties": {"bordercolor": "#000000", "type": "none", "assignments": "", "transformation": ""}, "stencil": {"id": "Association_Undirected"}, "outgoing": [{"resourceId": "sid-D989644E-017D-443E-8DE6-128FA5D3CEFF"}], "glossaryLinks": {}, "formats": {}}, {"dockers": [{"y": 60, "x": 99}, {"y": 24, "x": 1}], "bounds": {"lowerRight": {"y": 1168.0384615384614335, "x": 588.73331255255982342}, "upperLeft": {"y": 1121.484656146901898, "x": 565}}, "resourceId": "sid-93C741B8-ACD0-4463-A608-59021A937AFF", "layers": [], "labels": [], "target": {"resourceId": "sid-C4A809E0-F83C-4B20-A049-490D01E3C85D"}, "childShapes": [], "properties": {"bordercolor": "#000000", "type": "none", "assignments": "", "transformation": ""}, "stencil": {"id": "Association_Undirected"}, "outgoing": [{"resourceId": "sid-C4A809E0-F83C-4B20-A049-490D01E3C85D"}], "glossaryLinks": {}, "formats": {}}, {"dockers": [], "bounds": {"lowerRight": {"y": 1310, "x": 640}, "upperLeft": {"y": 1260, "x": 540}}, "resourceId": "sid-E416FB21-45F7-46F0-97E6-2759A2C55461", "layers": [], "labels": [], "childShapes": [], "properties": {"bordercolor": "#000000", "text": "", "textformat": "text/plain", "monitoring": "", "pool": "", "name": "", "documentation": "", "categories": "", "auditing": "", "lanes": ""}, "stencil": {"id": "TextAnnotation"}, "outgoing": [], "glossaryLinks": {}, "formats": {}}, {"dockers": [{"y": 1328, "x": 471}, {"y": 24, "x": 1}], "bounds": {"lowerRight": {"y": 1328, "x": 539.60648845078901559}, "upperLeft": {"y": 1284.8759215452182616, "x": 471}}, "resourceId": "sid-058952D8-EB49-492C-B9FE-DB79C2F3180C", "layers": [], "labels": [], "target": {"resourceId": "sid-E416FB21-45F7-46F0-97E6-2759A2C55461"}, "childShapes": [], "properties": {"bordercolor": "#000000", "type": "none", "assignments": "", "transformation": ""}, "stencil": {"id": "Association_Undirected"}, "outgoing": [{"resourceId": "sid-E416FB21-45F7-46F0-97E6-2759A2C55461"}], "glossaryLinks": {}, "formats": {}}], "properties": {"orientation": "horizontal", "monitoring": "", "modificationdate": "", "creationdate": "", "namespaces": "", "version": "", "targetnamespace": "http://www.signavio.com/bpmn20", "author": "", "name": "", "documentation": "", "language": "English", "typelanguage": "http://www.w3.org/2001/XMLSchema", "expressionlanguage": "http://www.w3.org/1999/XPath", "auditing": ""}, "offset": {"y": 0, "x": 15.953125}, "ssextensions": [], "stencilset": {"url": "/stencilsets/bpmn2.0/bpmn2.0.json?version=5.3.1", "namespace": "http://b3mn.org/stencilset/bpmn2.0#"}, "stencil": {"id": "BPMNDiagram"}, "formats": {}}