{"revision": {"creationDate": null, "isLastRevision": true, "revisionNumber": 3, "elementCounts": {"total": 142, "Lane": 3, "IntermediateMessageEventCatching": 10, "EventbasedGateway": 3, "Pool": 2, "StartNoneEvent": 1, "MessageFlow": 13, "StartMessageEvent": 1, "Task": 26, "SequenceFlow": 68, "EndNoneEvent": 2, "Exclusive_Databased_Gateway": 9, "BPMNDiagram": 1, "ParallelGateway": 3}, "connectedness": 100}, "model": {"modelId": "1046093636", "modelDate": "2012-08-30", "groupName": "BPMN2.0_Process", "naturalLanguage": "en", "modelName": "1046093636", "TimestampModelCollection": "2012-08-30 14:08:38", "modelingLanguage": "bpmn20", "directoryId": "1147486304", "numberOfRevisions": 3}}