{"bounds": {"lowerRight": {"y": 1050, "x": 1485}, "upperLeft": {"y": 0, "x": 0}}, "resourceId": "canvas", "childShapes": [{"dockers": [], "bounds": {"lowerRight": {"y": 82, "x": 265}, "upperLeft": {"y": 5, "x": 0}}, "resourceId": "sid-017BF1D2-AFBC-45D7-8DE4-5626B5CF8FD6", "layers": [], "labels": [], "childShapes": [{"dockers": [], "bounds": {"lowerRight": {"y": 77, "x": 265}, "upperLeft": {"y": 0, "x": 30}}, "resourceId": "sid-65BA324C-3CF6-4A2E-BFFE-4F1876CCDB99", "layers": [], "labels": [], "childShapes": [], "properties": {"showcaption": "true", "bordercolor": "#000000", "monitoring": "", "parentlane": "", "name": "", "documentation": "", "auditing": "", "bgcolor": "", "parentpool": ""}, "stencil": {"id": "Lane"}, "outgoing": [], "glossaryLinks": {}, "formats": {}}], "properties": {"isclosed": "false", "enableinstancecompensation": "false", "boundaryvisible": "true", "monitoring": "", "processcategories": "", "minimum": "2", "status": "None", "isexecutable": "false", "processdocumentation": "", "processtype": "None", "bordercolor": "#000000", "processname": "", "multiinstance": "false", "maximum": "2", "name": "A", "documentation": "", "suppressjoinfailure": "false", "adhoccompletioncondition": "", "auditing": "", "adhocordering": "Parallel", "adhoc": "false", "processid": ""}, "stencil": {"id": "Pool"}, "outgoing": [{"resourceId": "sid-0F084070-93FF-4AD7-A387-06503680919E"}], "glossaryLinks": {}, "formats": {}}, {"dockers": [], "bounds": {"lowerRight": {"y": 260, "x": 220}, "upperLeft": {"y": 180, "x": 120}}, "resourceId": "sid-0072F53E-2201-42D3-ACF6-81B74230D8F2", "layers": [], "labels": [], "childShapes": [], "properties": {"resources": "", "outmsgstructure": "", "applyincalc": "true", "loopcardinality": "", "outmessagename": "", "inmessagename": "", "bgcolor": "#ffffcc", "bordercolor": "#000000", "time": "", "loopdataoutput": "", "testbefore": "false", "callacitivity": "false", "outmsgiscollection": "false", "monitoring": "", "operationname": "", "dataoutputset": "", "completionquantity": "1", "properties": "", "script": "", "assignments": "", "nonebehavioreventref": "signal", "scriptformat": "", "datainputset": "", "processid": "", "startquantity": "1", "tasktype": "None", "looptype": "None", "instantiate": "false", "behavior": "all", "inmsgimport": "", "costs": "", "inputdataitem": "", "loopdatainput": "", "name": "B", "outmsgitemkind": "Information", "costcenter": "", "completioncondition": "", "isforcompensation": "false", "inmsgiscollection": "false", "inmsgitemkind": "Information", "inmsgstructure": "", "outputdataitem": "", "messageref": "", "loopcondition": "", "onebehavioreventref:": "signal", "implementation": "webService", "operationref": "", "outmsgimport": "", "documentation": "", "categories": "", "auditing": "", "complexbehaviordefinition": ""}, "stencil": {"id": "Task"}, "outgoing": [{"resourceId": "sid-42A337D8-D128-4B98-A42A-44C26FAF1A83"}, {"resourceId": "sid-B1F19640-7E63-4262-B62B-38C4CDD291E6"}], "glossaryLinks": {}, "formats": {}}, {"dockers": [], "bounds": {"lowerRight": {"y": 384.5, "x": 54}, "upperLeft": {"y": 315.5, "x": 15}}, "resourceId": "sid-C1825EBA-03BF-4F94-A596-49E0C00BA009", "layers": [], "labels": [], "childShapes": [], "properties": {"bordercolor": "#000000", "iscollection": "false", "monitoring": "", "input_output": "None", "name": "C", "state": "", "documentation": "", "categories": "", "properties": "", "auditing": "", "bgcolor": "#ffffff"}, "stencil": {"id": "DataObject"}, "outgoing": [{"resourceId": "sid-7B726494-61FD-48D6-80C8-30F7E35777DF"}], "glossaryLinks": {}, "formats": {}}, {"dockers": [{"y": 77, "x": 47}, {"y": 203, "x": 47}], "bounds": {"lowerRight": {"y": 203, "x": 47}, "upperLeft": {"y": 82, "x": 47}}, "resourceId": "sid-0F084070-93FF-4AD7-A387-06503680919E", "layers": [], "labels": [], "childShapes": [], "properties": {"bordercolor": "#000000", "monitoring": "", "name": "", "documentation": "", "auditing": ""}, "stencil": {"id": "MessageFlow"}, "outgoing": [], "glossaryLinks": {}, "formats": {}}, {"dockers": [], "bounds": {"lowerRight": {"y": 240, "x": 325}, "upperLeft": {"y": 200, "x": 285}}, "resourceId": "sid-562E44BA-69C1-4609-B0C7-4E6B8FA5A9B0", "layers": [], "labels": [{"ref": "text_name", "align": "center", "bottom": true, "y": 45, "x": 20}], "childShapes": [], "properties": {"xortype": "Data", "monitoring": "", "defaultgate": "", "gatewaytype": "XOR", "gates": "", "assignments": "", "bgcolor": "#ffffff", "bordercolor": "#000000", "pool": "", "gate_assignments": "", "markervisible": "true", "name": "D", "documentation": "", "gates_assignments": "", "categories": "", "auditing": "", "gate_outgoingsequenceflow": "", "lanes": "", "gates_outgoingsequenceflow": "", "processid": ""}, "stencil": {"id": "Exclusive_Databased_Gateway"}, "outgoing": [{"resourceId": "sid-9F333439-F359-4149-A44C-4E57A8D666CC"}], "glossaryLinks": {}, "formats": {}}, {"dockers": [{"y": 40, "x": 50}, {"y": 20.5, "x": 20.5}], "bounds": {"lowerRight": {"y": 220.42209123822183869, "x": 284.38672555811660914}, "upperLeft": {"y": 220.18450184501844547, "x": 220}}, "resourceId": "sid-42A337D8-D128-4B98-A42A-44C26FAF1A83", "layers": [], "labels": [], "target": {"resourceId": "sid-562E44BA-69C1-4609-B0C7-4E6B8FA5A9B0"}, "childShapes": [], "properties": {"ConditionType": "None", "showdiamondmarker": "false", "bordercolor": "#000000", "monitoring": "", "name": "", "documentation": "", "probability": "", "conditionexpression": "", "isimmediate": "false", "auditing": ""}, "stencil": {"id": "SequenceFlow"}, "outgoing": [{"resourceId": "sid-562E44BA-69C1-4609-B0C7-4E6B8FA5A9B0"}], "glossaryLinks": {}, "formats": {}}, {"dockers": [], "bounds": {"lowerRight": {"y": 260, "x": 490}, "upperLeft": {"y": 180, "x": 390}}, "resourceId": "sid-90B635EC-6187-4DEB-A4FB-65BDA44BA5DC", "layers": [], "labels": [], "childShapes": [], "properties": {"resources": "", "outmsgstructure": "", "applyincalc": "true", "loopcardinality": "", "outmessagename": "", "inmessagename": "", "bgcolor": "#ffffcc", "bordercolor": "#000000", "time": "", "loopdataoutput": "", "testbefore": "false", "callacitivity": "false", "outmsgiscollection": "false", "monitoring": "", "operationname": "", "dataoutputset": "", "completionquantity": "1", "properties": "", "script": "", "assignments": "", "nonebehavioreventref": "signal", "scriptformat": "", "datainputset": "", "processid": "", "startquantity": "1", "tasktype": "None", "looptype": "None", "instantiate": "false", "behavior": "all", "inmsgimport": "", "costs": "", "inputdataitem": "", "loopdatainput": "", "name": "E", "outmsgitemkind": "Information", "costcenter": "", "completioncondition": "", "isforcompensation": "false", "inmsgiscollection": "false", "inmsgitemkind": "Information", "inmsgstructure": "", "outputdataitem": "", "messageref": "", "loopcondition": "", "onebehavioreventref:": "signal", "implementation": "webService", "operationref": "", "outmsgimport": "", "documentation": "", "categories": "", "auditing": "", "complexbehaviordefinition": ""}, "stencil": {"id": "Task"}, "outgoing": [{"resourceId": "sid-CA501B61-0344-42E0-8388-2C68F60C408A"}], "glossaryLinks": {}, "formats": {}}, {"dockers": [], "bounds": {"lowerRight": {"y": 260, "x": 655}, "upperLeft": {"y": 180, "x": 555}}, "resourceId": "sid-86CDDD0C-465E-49A4-B505-AFEA04292A15", "layers": [], "labels": [], "childShapes": [], "properties": {"resources": "", "outmsgstructure": "", "applyincalc": "true", "loopcardinality": "", "outmessagename": "", "inmessagename": "", "bgcolor": "#ffffcc", "bordercolor": "#000000", "time": "", "loopdataoutput": "", "testbefore": "false", "callacitivity": "false", "outmsgiscollection": "false", "monitoring": "", "operationname": "", "dataoutputset": "", "completionquantity": "1", "properties": "", "script": "", "assignments": "", "nonebehavioreventref": "signal", "scriptformat": "", "datainputset": "", "processid": "", "startquantity": "1", "tasktype": "None", "looptype": "None", "instantiate": "false", "behavior": "all", "inmsgimport": "", "costs": "", "inputdataitem": "", "loopdatainput": "", "name": "F", "outmsgitemkind": "Information", "costcenter": "", "completioncondition": "", "isforcompensation": "false", "inmsgiscollection": "false", "inmsgitemkind": "Information", "inmsgstructure": "", "outputdataitem": "", "messageref": "", "loopcondition": "", "onebehavioreventref:": "signal", "implementation": "webService", "operationref": "", "outmsgimport": "", "documentation": "", "categories": "", "auditing": "", "complexbehaviordefinition": ""}, "stencil": {"id": "Task"}, "outgoing": [{"resourceId": "sid-C43A7E35-B736-4E23-8D9D-8F4FCB473C9C"}], "glossaryLinks": {}, "formats": {}}, {"dockers": [], "bounds": {"lowerRight": {"y": 260, "x": 835}, "upperLeft": {"y": 180, "x": 735}}, "resourceId": "sid-7C484B45-8373-45D1-ADAA-A68A7EE4FF5C", "layers": [], "labels": [], "childShapes": [], "properties": {"resources": "", "outmsgstructure": "", "applyincalc": "true", "loopcardinality": "", "outmessagename": "", "inmessagename": "", "bgcolor": "#ffffcc", "bordercolor": "#000000", "time": "", "loopdataoutput": "", "testbefore": "false", "callacitivity": "false", "outmsgiscollection": "false", "monitoring": "", "operationname": "", "dataoutputset": "", "completionquantity": "1", "properties": "", "script": "", "assignments": "", "nonebehavioreventref": "signal", "scriptformat": "", "datainputset": "", "processid": "", "startquantity": "1", "tasktype": "None", "looptype": "None", "instantiate": "false", "behavior": "all", "inmsgimport": "", "costs": "", "inputdataitem": "", "loopdatainput": "", "name": "G", "outmsgitemkind": "Information", "costcenter": "", "completioncondition": "", "isforcompensation": "false", "inmsgiscollection": "false", "inmsgitemkind": "Information", "inmsgstructure": "", "outputdataitem": "", "messageref": "", "loopcondition": "", "onebehavioreventref:": "signal", "implementation": "webService", "operationref": "", "outmsgimport": "", "documentation": "", "categories": "", "auditing": "", "complexbehaviordefinition": ""}, "stencil": {"id": "Task"}, "outgoing": [{"resourceId": "sid-696CC048-1389-4E33-AFEA-CCCA029E062D"}], "glossaryLinks": {}, "formats": {}}, {"dockers": [{"y": 20.5, "x": 20.5}, {"y": 40, "x": 50}], "bounds": {"lowerRight": {"y": 220.42597005356776663, "x": 389.61328815972785833}, "upperLeft": {"y": 220.18731119643223337, "x": 325.41405559027214167}}, "resourceId": "sid-9F333439-F359-4149-A44C-4E57A8D666CC", "layers": [], "labels": [], "target": {"resourceId": "sid-90B635EC-6187-4DEB-A4FB-65BDA44BA5DC"}, "childShapes": [], "properties": {"ConditionType": "None", "showdiamondmarker": "false", "bordercolor": "#000000", "monitoring": "", "name": "H", "documentation": "", "probability": "", "conditionexpression": "", "isimmediate": "false", "auditing": ""}, "stencil": {"id": "SequenceFlow"}, "outgoing": [{"resourceId": "sid-90B635EC-6187-4DEB-A4FB-65BDA44BA5DC"}], "glossaryLinks": {}, "formats": {}}, {"dockers": [], "bounds": {"lowerRight": {"y": 270.5, "x": 1015}, "upperLeft": {"y": 169.5, "x": 915}}, "resourceId": "sid-3828A712-DAB5-43D7-AFC3-03D3A1B06675", "layers": [], "labels": [], "childShapes": [], "properties": {"resources": "", "outmsgstructure": "", "applyincalc": "true", "loopcardinality": "", "outmessagename": "", "inmessagename": "", "bgcolor": "#ffffcc", "bordercolor": "#000000", "time": "", "loopdataoutput": "", "testbefore": "false", "callacitivity": "false", "outmsgiscollection": "false", "monitoring": "", "operationname": "", "dataoutputset": "", "completionquantity": "1", "properties": "", "script": "", "assignments": "", "nonebehavioreventref": "signal", "scriptformat": "", "datainputset": "", "processid": "", "startquantity": "1", "tasktype": "None", "looptype": "None", "instantiate": "false", "behavior": "all", "inmsgimport": "", "costs": "", "inputdataitem": "", "loopdatainput": "", "name": "I", "outmsgitemkind": "Information", "costcenter": "", "completioncondition": "", "isforcompensation": "false", "inmsgiscollection": "false", "inmsgitemkind": "Information", "inmsgstructure": "", "outputdataitem": "", "messageref": "", "loopcondition": "", "onebehavioreventref:": "signal", "implementation": "webService", "operationref": "", "outmsgimport": "", "documentation": "", "categories": "", "auditing": "", "complexbehaviordefinition": ""}, "stencil": {"id": "Task"}, "outgoing": [{"resourceId": "sid-8DBF056A-E0AB-47E0-B148-A7F54A0A69B6"}, {"resourceId": "sid-0CF93BE4-8EA5-41F5-937D-E9664E91FFA4"}, {"resourceId": "sid-3E742E89-C410-4B59-8B92-C3DA6818FD25"}], "glossaryLinks": {}, "formats": {}}, {"dockers": [], "bounds": {"lowerRight": {"y": 260, "x": 1210}, "upperLeft": {"y": 180, "x": 1110}}, "resourceId": "sid-2805C8C3-C89E-4B06-A858-020A5FFA8AF7", "layers": [], "labels": [], "childShapes": [], "properties": {"resources": "", "outmsgstructure": "", "applyincalc": "true", "loopcardinality": "", "outmessagename": "", "inmessagename": "", "bgcolor": "#ffffcc", "bordercolor": "#000000", "time": "", "loopdataoutput": "", "testbefore": "false", "callacitivity": "false", "outmsgiscollection": "false", "monitoring": "", "operationname": "", "dataoutputset": "", "completionquantity": "1", "properties": "", "script": "", "assignments": "", "nonebehavioreventref": "signal", "scriptformat": "", "datainputset": "", "processid": "", "startquantity": "1", "tasktype": "None", "looptype": "None", "instantiate": "false", "behavior": "all", "inmsgimport": "", "costs": "", "inputdataitem": "", "loopdatainput": "", "name": "J", "outmsgitemkind": "Information", "costcenter": "", "completioncondition": "", "isforcompensation": "false", "inmsgiscollection": "false", "inmsgitemkind": "Information", "inmsgstructure": "", "outputdataitem": "", "messageref": "", "loopcondition": "", "onebehavioreventref:": "signal", "implementation": "webService", "operationref": "", "outmsgimport": "", "documentation": "", "categories": "", "auditing": "", "complexbehaviordefinition": ""}, "stencil": {"id": "Task"}, "outgoing": [{"resourceId": "sid-5EA68E58-8DB1-4AF8-961B-310D3AAB579D"}, {"resourceId": "sid-4698EF78-E028-4AFC-A717-8E59D01A4E31"}], "glossaryLinks": {}, "formats": {}}, {"dockers": [{"y": 40, "x": 50}, {"y": 34.5, "x": 19.5}], "bounds": {"lowerRight": {"y": 220, "x": 1244.72265625}, "upperLeft": {"y": 220, "x": 1210}}, "resourceId": "sid-5EA68E58-8DB1-4AF8-961B-310D3AAB579D", "layers": [], "labels": [], "target": {"resourceId": "sid-A2CF5CB7-8742-45AB-857C-7328855EFC0E"}, "childShapes": [], "properties": {"bordercolor": "#000000", "text": "", "assignments": "", "transformation": ""}, "stencil": {"id": "Association_Unidirectional"}, "outgoing": [{"resourceId": "sid-A2CF5CB7-8742-45AB-857C-7328855EFC0E"}], "glossaryLinks": {}, "formats": {}}, {"dockers": [], "bounds": {"lowerRight": {"y": 605, "x": 1210}, "upperLeft": {"y": 525, "x": 1110}}, "resourceId": "sid-C8D6B2AD-6F40-491F-BF03-ED923E7735FC", "layers": [], "labels": [], "childShapes": [], "properties": {"resources": "", "outmsgstructure": "", "applyincalc": "true", "loopcardinality": "", "outmessagename": "", "inmessagename": "", "bgcolor": "#ffffcc", "bordercolor": "#000000", "time": "", "loopdataoutput": "", "testbefore": "false", "callacitivity": "false", "outmsgiscollection": "false", "monitoring": "", "operationname": "", "dataoutputset": "", "completionquantity": "1", "properties": "", "script": "", "assignments": "", "nonebehavioreventref": "signal", "scriptformat": "", "datainputset": "", "processid": "", "startquantity": "1", "tasktype": "None", "looptype": "None", "instantiate": "false", "behavior": "all", "inmsgimport": "", "costs": "", "inputdataitem": "", "loopdatainput": "", "name": "K", "outmsgitemkind": "Information", "costcenter": "", "completioncondition": "", "isforcompensation": "false", "inmsgiscollection": "false", "inmsgitemkind": "Information", "inmsgstructure": "", "outputdataitem": "", "messageref": "", "loopcondition": "", "onebehavioreventref:": "signal", "implementation": "webService", "operationref": "", "outmsgimport": "", "documentation": "", "categories": "", "auditing": "", "complexbehaviordefinition": ""}, "stencil": {"id": "Task"}, "outgoing": [{"resourceId": "sid-5AEF605C-401C-459F-BB0E-9450FFA7FFE8"}], "glossaryLinks": {}, "formats": {}}, {"dockers": [], "bounds": {"lowerRight": {"y": 605, "x": 910}, "upperLeft": {"y": 525, "x": 810}}, "resourceId": "sid-C77FC333-7FE4-4AA1-996E-BEA975643471", "layers": [], "labels": [], "childShapes": [], "properties": {"resources": "", "outmsgstructure": "", "applyincalc": "true", "loopcardinality": "", "outmessagename": "", "inmessagename": "", "bgcolor": "#ffffcc", "bordercolor": "#000000", "time": "", "loopdataoutput": "", "testbefore": "false", "callacitivity": "false", "outmsgiscollection": "false", "monitoring": "", "operationname": "", "dataoutputset": "", "completionquantity": "1", "properties": "", "script": "", "assignments": "", "nonebehavioreventref": "signal", "scriptformat": "", "datainputset": "", "processid": "", "startquantity": "1", "tasktype": "None", "looptype": "None", "instantiate": "false", "behavior": "all", "inmsgimport": "", "costs": "", "inputdataitem": "", "loopdatainput": "", "name": "L", "outmsgitemkind": "Information", "costcenter": "", "completioncondition": "", "isforcompensation": "false", "inmsgiscollection": "false", "inmsgitemkind": "Information", "inmsgstructure": "", "outputdataitem": "", "messageref": "", "loopcondition": "", "onebehavioreventref:": "signal", "implementation": "webService", "operationref": "", "outmsgimport": "", "documentation": "", "categories": "", "auditing": "", "complexbehaviordefinition": ""}, "stencil": {"id": "Task"}, "outgoing": [{"resourceId": "sid-E4BDA1CD-F928-4CC0-B4BC-BC44CBC05E89"}], "glossaryLinks": {}, "formats": {}}, {"dockers": [{"y": 40, "x": 50}, {"y": 50.5, "x": 50}], "bounds": {"lowerRight": {"y": 220, "x": 914.78125}, "upperLeft": {"y": 220, "x": 835}}, "resourceId": "sid-696CC048-1389-4E33-AFEA-CCCA029E062D", "layers": [], "labels": [], "target": {"resourceId": "sid-3828A712-DAB5-43D7-AFC3-03D3A1B06675"}, "childShapes": [], "properties": {"ConditionType": "None", "showdiamondmarker": "false", "bordercolor": "#000000", "monitoring": "", "name": "", "documentation": "", "probability": "", "conditionexpression": "", "isimmediate": "false", "auditing": ""}, "stencil": {"id": "SequenceFlow"}, "outgoing": [{"resourceId": "sid-3828A712-DAB5-43D7-AFC3-03D3A1B06675"}], "glossaryLinks": {}, "formats": {}}, {"dockers": [], "bounds": {"lowerRight": {"y": 560, "x": 464}, "upperLeft": {"y": 480, "x": 364}}, "resourceId": "sid-619372F4-3FDB-4EA7-B8FD-C41236AEC5A7", "layers": [], "labels": [], "childShapes": [], "properties": {"resources": "", "outmsgstructure": "", "applyincalc": "true", "loopcardinality": "", "outmessagename": "", "inmessagename": "", "bgcolor": "#ffffcc", "bordercolor": "#000000", "time": "", "loopdataoutput": "", "testbefore": "false", "callacitivity": "false", "outmsgiscollection": "false", "monitoring": "", "operationname": "", "dataoutputset": "", "completionquantity": "1", "properties": "", "script": "", "assignments": "", "nonebehavioreventref": "signal", "scriptformat": "", "datainputset": "", "processid": "", "startquantity": "1", "tasktype": "None", "looptype": "None", "instantiate": "false", "behavior": "all", "inmsgimport": "", "costs": "", "inputdataitem": "", "loopdatainput": "", "name": "M", "outmsgitemkind": "Information", "costcenter": "", "completioncondition": "", "isforcompensation": "false", "inmsgiscollection": "false", "inmsgitemkind": "Information", "inmsgstructure": "", "outputdataitem": "", "messageref": "", "loopcondition": "", "onebehavioreventref:": "signal", "implementation": "webService", "operationref": "", "outmsgimport": "", "documentation": "", "categories": "", "auditing": "", "complexbehaviordefinition": ""}, "stencil": {"id": "Task"}, "outgoing": [{"resourceId": "sid-3A1CD81F-1D6D-443D-BBEA-643C3EA845BD"}], "glossaryLinks": {}, "formats": {}}, {"dockers": [{"y": 40, "x": 50}, {"y": 565, "x": 732.5}, {"y": 520.5, "x": 732.5}, {"y": 20.5, "x": 20.5}], "bounds": {"lowerRight": {"y": 565, "x": 809.1953125}, "upperLeft": {"y": 520.5, "x": 700}}, "resourceId": "sid-E4BDA1CD-F928-4CC0-B4BC-BC44CBC05E89", "layers": [], "labels": [], "target": {"resourceId": "sid-D4D57B22-1847-4D1D-AF67-5A02350F2F3F"}, "childShapes": [], "properties": {"ConditionType": "None", "showdiamondmarker": "false", "bordercolor": "#000000", "monitoring": "", "name": "", "documentation": "", "probability": "", "conditionexpression": "", "isimmediate": "false", "auditing": ""}, "stencil": {"id": "SequenceFlow"}, "outgoing": [{"resourceId": "sid-D4D57B22-1847-4D1D-AF67-5A02350F2F3F"}], "glossaryLinks": {}, "formats": {}}, {"dockers": [], "bounds": {"lowerRight": {"y": 500, "x": 265}, "upperLeft": {"y": 420, "x": 165}}, "resourceId": "sid-A222DA97-AF71-4D71-8B07-44FE02298B1E", "layers": [], "labels": [], "childShapes": [], "properties": {"resources": "", "outmsgstructure": "", "applyincalc": "true", "loopcardinality": "", "outmessagename": "", "inmessagename": "", "bgcolor": "#ffffcc", "bordercolor": "#000000", "time": "", "loopdataoutput": "", "testbefore": "false", "callacitivity": "false", "outmsgiscollection": "false", "monitoring": "", "operationname": "", "dataoutputset": "", "completionquantity": "1", "properties": "", "script": "", "assignments": "", "nonebehavioreventref": "signal", "scriptformat": "", "datainputset": "", "processid": "", "startquantity": "1", "tasktype": "None", "looptype": "None", "instantiate": "false", "behavior": "all", "inmsgimport": "", "costs": "", "inputdataitem": "", "loopdatainput": "", "name": "N", "outmsgitemkind": "Information", "costcenter": "", "completioncondition": "", "isforcompensation": "false", "inmsgiscollection": "false", "inmsgitemkind": "Information", "inmsgstructure": "", "outputdataitem": "", "messageref": "", "loopcondition": "", "onebehavioreventref:": "signal", "implementation": "webService", "operationref": "", "outmsgimport": "", "documentation": "", "categories": "", "auditing": "", "complexbehaviordefinition": ""}, "stencil": {"id": "Task"}, "outgoing": [{"resourceId": "sid-49AD1FF7-E249-49E6-AE0D-6611B4B92BCC"}], "glossaryLinks": {}, "formats": {}}, {"dockers": [{"y": 34.5, "x": 19.5}, {"y": 40, "x": 50}], "bounds": {"lowerRight": {"y": 331.29151291512914668, "x": 128.30769230769232081}, "upperLeft": {"y": 260, "x": 54}}, "resourceId": "sid-7B726494-61FD-48D6-80C8-30F7E35777DF", "layers": [], "labels": [], "target": {"resourceId": "sid-0072F53E-2201-42D3-ACF6-81B74230D8F2"}, "childShapes": [], "properties": {"bordercolor": "#000000", "text": "", "assignments": "", "transformation": ""}, "stencil": {"id": "Association_Unidirectional"}, "outgoing": [{"resourceId": "sid-0072F53E-2201-42D3-ACF6-81B74230D8F2"}], "glossaryLinks": {}, "formats": {}}, {"dockers": [], "bounds": {"lowerRight": {"y": 365, "x": 324.5}, "upperLeft": {"y": 315, "x": 285.5}}, "resourceId": "sid-0B879C7E-F8E2-4EAE-9955-C57CA801DFF2", "layers": [], "labels": [], "childShapes": [], "properties": {"bordercolor": "#000000", "iscollection": "false", "monitoring": "", "input_output": "None", "name": "O", "state": "", "documentation": "", "categories": "", "properties": "", "auditing": "", "bgcolor": "#ffffff"}, "stencil": {"id": "DataObject"}, "outgoing": [{"resourceId": "sid-84DF7392-C4D1-46EE-A39A-52AEE8DD211B"}], "glossaryLinks": {}, "formats": {}}, {"dockers": [{"y": 40, "x": 50}, {"y": 24.999999999999996447, "x": 19.5}], "bounds": {"lowerRight": {"y": 322.46063616117010042, "x": 285.26821568131634876}, "upperLeft": {"y": 260, "x": 215}}, "resourceId": "sid-B1F19640-7E63-4262-B62B-38C4CDD291E6", "layers": [], "labels": [], "target": {"resourceId": "sid-0B879C7E-F8E2-4EAE-9955-C57CA801DFF2"}, "childShapes": [], "properties": {"bordercolor": "#000000", "text": "", "assignments": "", "transformation": ""}, "stencil": {"id": "Association_Unidirectional"}, "outgoing": [{"resourceId": "sid-0B879C7E-F8E2-4EAE-9955-C57CA801DFF2"}], "glossaryLinks": {}, "formats": {}}, {"dockers": [{"y": 24.999999999999996447, "x": 19.5}, {"y": 40, "x": 50}], "bounds": {"lowerRight": {"y": 323.39813616117010042, "x": 395}, "upperLeft": {"y": 260, "x": 323.67709681868365124}}, "resourceId": "sid-84DF7392-C4D1-46EE-A39A-52AEE8DD211B", "layers": [], "labels": [], "target": {"resourceId": "sid-90B635EC-6187-4DEB-A4FB-65BDA44BA5DC"}, "childShapes": [], "properties": {"bordercolor": "#000000", "text": "", "assignments": "", "transformation": ""}, "stencil": {"id": "Association_Unidirectional"}, "outgoing": [{"resourceId": "sid-90B635EC-6187-4DEB-A4FB-65BDA44BA5DC"}], "glossaryLinks": {}, "formats": {}}, {"dockers": [], "bounds": {"lowerRight": {"y": 389.5, "x": 433.5}, "upperLeft": {"y": 339.5, "x": 394.5}}, "resourceId": "sid-ECAF2992-3A4A-46AF-B8E7-A16D3A7A397E", "layers": [], "labels": [], "childShapes": [], "properties": {"bordercolor": "#000000", "iscollection": "false", "monitoring": "", "input_output": "None", "name": "P", "state": "", "documentation": "", "categories": "", "properties": "", "auditing": "", "bgcolor": "#ffffff"}, "stencil": {"id": "DataObject"}, "outgoing": [{"resourceId": "sid-2B3DAE30-C9D4-420F-8E59-4C7E2BD12F2A"}], "glossaryLinks": {}, "formats": {}}, {"dockers": [{"y": 24.999999999999996447, "x": 19.5}, {"y": 260, "x": 414}], "bounds": {"lowerRight": {"y": 339.0078125, "x": 414}, "upperLeft": {"y": 260, "x": 414}}, "resourceId": "sid-2B3DAE30-C9D4-420F-8E59-4C7E2BD12F2A", "layers": [], "labels": [], "childShapes": [], "properties": {"bordercolor": "#000000", "text": "", "assignments": "", "transformation": ""}, "stencil": {"id": "Association_Unidirectional"}, "outgoing": [], "glossaryLinks": {}, "formats": {}}, {"dockers": [{"y": 40, "x": 50}, {"y": 40, "x": 50}], "bounds": {"lowerRight": {"y": 220, "x": 554.37109375}, "upperLeft": {"y": 220, "x": 490}}, "resourceId": "sid-CA501B61-0344-42E0-8388-2C68F60C408A", "layers": [], "labels": [], "target": {"resourceId": "sid-86CDDD0C-465E-49A4-B505-AFEA04292A15"}, "childShapes": [], "properties": {"ConditionType": "None", "showdiamondmarker": "false", "bordercolor": "#000000", "monitoring": "", "name": "", "documentation": "", "probability": "", "conditionexpression": "", "isimmediate": "false", "auditing": ""}, "stencil": {"id": "SequenceFlow"}, "outgoing": [{"resourceId": "sid-86CDDD0C-465E-49A4-B505-AFEA04292A15"}], "glossaryLinks": {}, "formats": {}}, {"dockers": [], "bounds": {"lowerRight": {"y": 540, "x": 700}, "upperLeft": {"y": 500, "x": 660}}, "resourceId": "sid-D4D57B22-1847-4D1D-AF67-5A02350F2F3F", "layers": [], "labels": [], "childShapes": [], "properties": {"monitoring": "", "gatewaytype": "Complex", "activationcondition": "", "gates": "", "outgoingcondition": "", "assignments": "", "bgcolor": "#ffffff", "bordercolor": "#000000", "pool": "", "name": "", "gates_assignments": "", "documentation": "", "categories": "", "auditing": "", "incomingcondition": "", "lanes": "", "gates_outgoingsequenceflow": "", "processid": ""}, "stencil": {"id": "ComplexGateway"}, "outgoing": [{"resourceId": "sid-BDDCF621-D4B8-45C9-ACB6-C27FCC187858"}, {"resourceId": "sid-B5C8464E-CBB5-49EC-9AFE-E763A6054F6E"}], "glossaryLinks": {}, "formats": {}}, {"dockers": [], "bounds": {"lowerRight": {"y": 665, "x": 464}, "upperLeft": {"y": 585, "x": 364}}, "resourceId": "sid-08CC0DE2-EBDC-48B7-A017-FFC10894042A", "layers": [], "labels": [], "childShapes": [], "properties": {"resources": "", "outmsgstructure": "", "applyincalc": "true", "loopcardinality": "", "outmessagename": "", "inmessagename": "", "bgcolor": "#ffffcc", "bordercolor": "#000000", "time": "", "loopdataoutput": "", "testbefore": "false", "callacitivity": "false", "outmsgiscollection": "false", "monitoring": "", "operationname": "", "dataoutputset": "", "completionquantity": "1", "properties": "", "script": "", "assignments": "", "nonebehavioreventref": "signal", "scriptformat": "", "datainputset": "", "processid": "", "startquantity": "1", "tasktype": "None", "looptype": "None", "instantiate": "false", "behavior": "all", "inmsgimport": "", "costs": "", "inputdataitem": "", "loopdatainput": "", "name": "Q", "outmsgitemkind": "Information", "costcenter": "", "completioncondition": "", "isforcompensation": "false", "inmsgiscollection": "false", "inmsgitemkind": "Information", "inmsgstructure": "", "outputdataitem": "", "messageref": "", "loopcondition": "", "onebehavioreventref:": "signal", "implementation": "webService", "operationref": "", "outmsgimport": "", "documentation": "", "categories": "", "auditing": "", "complexbehaviordefinition": ""}, "stencil": {"id": "Task"}, "outgoing": [{"resourceId": "sid-6653F2F8-EB52-4930-BC01-D13B4DC2D6F9"}], "glossaryLinks": {}, "formats": {}}, {"dockers": [{"y": 40, "x": 50}, {"y": 40, "x": 50}], "bounds": {"lowerRight": {"y": 565, "x": 1109.78125}, "upperLeft": {"y": 565, "x": 910}}, "resourceId": "sid-5AEF605C-401C-459F-BB0E-9450FFA7FFE8", "layers": [], "labels": [], "target": {"resourceId": "sid-C77FC333-7FE4-4AA1-996E-BEA975643471"}, "childShapes": [], "properties": {"ConditionType": "None", "showdiamondmarker": "false", "bordercolor": "#000000", "monitoring": "", "name": "R", "documentation": "", "probability": "", "conditionexpression": "", "isimmediate": "false", "auditing": ""}, "stencil": {"id": "SequenceFlow"}, "outgoing": [{"resourceId": "sid-C77FC333-7FE4-4AA1-996E-BEA975643471"}], "glossaryLinks": {}, "formats": {}}, {"dockers": [], "bounds": {"lowerRight": {"y": 410, "x": 1045}, "upperLeft": {"y": 330, "x": 945}}, "resourceId": "sid-75CFEFF8-30B3-445F-A918-41766901DA8E", "layers": [], "labels": [], "childShapes": [], "properties": {"resources": "", "outmsgstructure": "", "applyincalc": "true", "loopcardinality": "", "outmessagename": "", "inmessagename": "", "bgcolor": "#ffffcc", "bordercolor": "#000000", "time": "", "loopdataoutput": "", "testbefore": "false", "callacitivity": "false", "outmsgiscollection": "false", "monitoring": "", "operationname": "", "dataoutputset": "", "completionquantity": "1", "properties": "", "script": "", "assignments": "", "nonebehavioreventref": "signal", "scriptformat": "", "datainputset": "", "processid": "", "startquantity": "1", "tasktype": "None", "looptype": "None", "instantiate": "false", "behavior": "all", "inmsgimport": "", "costs": "", "inputdataitem": "", "loopdatainput": "", "name": "S", "outmsgitemkind": "Information", "costcenter": "", "completioncondition": "", "isforcompensation": "false", "inmsgiscollection": "false", "inmsgitemkind": "Information", "inmsgstructure": "", "outputdataitem": "", "messageref": "", "loopcondition": "", "onebehavioreventref:": "signal", "implementation": "webService", "operationref": "", "outmsgimport": "", "documentation": "", "categories": "", "auditing": "", "complexbehaviordefinition": ""}, "stencil": {"id": "Task"}, "outgoing": [{"resourceId": "sid-6F2F4C9B-9F3E-4D82-B56D-32D10B1506CB"}], "glossaryLinks": {}, "formats": {}}, {"dockers": [], "bounds": {"lowerRight": {"y": 474, "x": 73}, "upperLeft": {"y": 446, "x": 45}}, "resourceId": "sid-F1F33F81-1160-422B-A7C0-A0CEC6E73E62", "layers": [], "labels": [], "childShapes": [], "properties": {"inputset": "", "trigger": "None", "bordercolor": "#000000", "monitoring": "", "datainputassociations": "", "name": "T", "documentation": "", "auditing": "", "datainput": "", "bgcolor": "#ffffff"}, "stencil": {"id": "EndNoneEvent"}, "outgoing": [], "glossaryLinks": {}, "formats": {}}, {"dockers": [{"y": 40, "x": 50}, {"y": 14, "x": 14}], "bounds": {"lowerRight": {"y": 460, "x": 164.03125}, "upperLeft": {"y": 460, "x": 73.40625}}, "resourceId": "sid-49AD1FF7-E249-49E6-AE0D-6611B4B92BCC", "layers": [], "labels": [], "target": {"resourceId": "sid-F1F33F81-1160-422B-A7C0-A0CEC6E73E62"}, "childShapes": [], "properties": {"ConditionType": "None", "showdiamondmarker": "false", "bordercolor": "#000000", "monitoring": "", "name": "", "documentation": "", "probability": "", "conditionexpression": "", "isimmediate": "false", "auditing": ""}, "stencil": {"id": "SequenceFlow"}, "outgoing": [{"resourceId": "sid-F1F33F81-1160-422B-A7C0-A0CEC6E73E62"}], "glossaryLinks": {}, "formats": {}}, {"dockers": [], "bounds": {"lowerRight": {"y": 235, "x": 60}, "upperLeft": {"y": 205, "x": 30}}, "resourceId": "sid-AF68E30F-AE28-4340-9BCE-1CBEDE5BF7F3", "layers": [], "labels": [], "childShapes": [], "properties": {"trigger": "Message", "monitoring": "", "operationname": "", "outputset": "", "applyincalc": "true", "frequency": "", "isinterrupting": "true", "bgcolor": "#ffffff", "bordercolor": "#000000", "dataoutputassociations": "", "name": "U", "messagename": "", "dataoutput": "", "documentation": "", "auditing": "", "processid": ""}, "stencil": {"id": "StartMessageEvent"}, "outgoing": [{"resourceId": "sid-D5F23818-70A2-47A2-A550-A86EADCBD6C9"}], "glossaryLinks": {}, "formats": {}}, {"dockers": [{"y": 15, "x": 15}, {"y": 40, "x": 50}], "bounds": {"lowerRight": {"y": 220, "x": 119.1953125}, "upperLeft": {"y": 220, "x": 60.6484375}}, "resourceId": "sid-D5F23818-70A2-47A2-A550-A86EADCBD6C9", "layers": [], "labels": [], "target": {"resourceId": "sid-0072F53E-2201-42D3-ACF6-81B74230D8F2"}, "childShapes": [], "properties": {"ConditionType": "None", "showdiamondmarker": "false", "bordercolor": "#000000", "monitoring": "", "name": "", "documentation": "", "probability": "", "conditionexpression": "", "isimmediate": "false", "auditing": ""}, "stencil": {"id": "SequenceFlow"}, "outgoing": [{"resourceId": "sid-0072F53E-2201-42D3-ACF6-81B74230D8F2"}], "glossaryLinks": {}, "formats": {}}, {"dockers": [{"y": 199, "x": 304}, {"y": 85, "x": 304}], "bounds": {"lowerRight": {"y": 199, "x": 304}, "upperLeft": {"y": 85, "x": 304}}, "resourceId": "sid-3E43F211-F4FD-4AEF-8528-E0FBBB9CC8C5", "layers": [], "labels": [{"to": 1, "orientation": "ul", "ref": "text_name", "distance": -8, "align": "left", "from": 0, "valign": "top", "y": 90, "x": 304}], "childShapes": [], "properties": {"bordercolor": "#000000", "monitoring": "", "name": "V", "documentation": "", "auditing": ""}, "stencil": {"id": "MessageFlow"}, "outgoing": [], "glossaryLinks": {}, "formats": {}}, {"dockers": [], "bounds": {"lowerRight": {"y": 384.5, "x": 1180}, "upperLeft": {"y": 344.5, "x": 1140}}, "resourceId": "sid-194CA4B0-E2E1-4848-BEBB-D1BE4CDCE286", "layers": [], "labels": [{"ref": "text_name", "align": "center", "valign": "middle", "y": 34, "x": 93}], "childShapes": [], "properties": {"xortype": "Data", "monitoring": "", "defaultgate": "", "gatewaytype": "XOR", "gates": "", "assignments": "", "bgcolor": "#ffffff", "bordercolor": "#000000", "pool": "", "gate_assignments": "", "markervisible": "true", "name": "W", "documentation": "", "gates_assignments": "", "categories": "", "auditing": "", "gate_outgoingsequenceflow": "", "lanes": "", "gates_outgoingsequenceflow": "", "processid": ""}, "stencil": {"id": "Exclusive_Databased_Gateway"}, "outgoing": [{"resourceId": "sid-0C78DD71-FB23-4388-A8DE-6DE50B7C3091"}], "glossaryLinks": {}, "formats": {}}, {"dockers": [{"y": 40, "x": 50}, {"y": 20.5, "x": 20.5}], "bounds": {"lowerRight": {"y": 343.60938094525016595, "x": 1160.4262392446387366}, "upperLeft": {"y": 260, "x": 1160.13793103448279}}, "resourceId": "sid-4698EF78-E028-4AFC-A717-8E59D01A4E31", "layers": [], "labels": [], "target": {"resourceId": "sid-194CA4B0-E2E1-4848-BEBB-D1BE4CDCE286"}, "childShapes": [], "properties": {"ConditionType": "None", "showdiamondmarker": "false", "bordercolor": "#000000", "monitoring": "", "name": "", "documentation": "", "probability": "", "conditionexpression": "", "isimmediate": "false", "auditing": ""}, "stencil": {"id": "SequenceFlow"}, "outgoing": [{"resourceId": "sid-194CA4B0-E2E1-4848-BEBB-D1BE4CDCE286"}], "glossaryLinks": {}, "formats": {}}, {"dockers": [{"y": 386, "x": 1160}, {"y": 40, "x": 50}], "bounds": {"lowerRight": {"y": 524.84375, "x": 1160}, "upperLeft": {"y": 386, "x": 1160}}, "resourceId": "sid-EA05CFA9-48A4-4295-9195-A7B8BD1D9EB8", "layers": [], "labels": [{"to": 1, "orientation": "ul", "ref": "text_name", "distance": 7.4957323074340820312, "align": "left", "from": 0, "valign": "top", "y": 468.9885011366782237, "x": 1160}], "target": {"resourceId": "sid-C8D6B2AD-6F40-491F-BF03-ED923E7735FC"}, "childShapes": [], "properties": {"ConditionType": "None", "showdiamondmarker": "false", "bordercolor": "#000000", "monitoring": "", "name": "X", "documentation": "", "probability": "", "conditionexpression": "", "isimmediate": "false", "auditing": ""}, "stencil": {"id": "SequenceFlow"}, "outgoing": [{"resourceId": "sid-C8D6B2AD-6F40-491F-BF03-ED923E7735FC"}], "glossaryLinks": {}, "formats": {}}, {"dockers": [{"y": 20.5, "x": 20.5}, {"y": 40, "x": 50}], "bounds": {"lowerRight": {"y": 368.48942598187312569, "x": 1140.1059248046042285}, "upperLeft": {"y": 365.61613520227780327, "x": 1045}}, "resourceId": "sid-0C78DD71-FB23-4388-A8DE-6DE50B7C3091", "layers": [], "labels": [{"to": 1, "orientation": "ul", "ref": "text_name", "distance": 6.1120147705078125, "align": "left", "from": 0, "valign": "top", "y": 367.89077247152590644, "x": 1064.815431192493179}], "target": {"resourceId": "sid-75CFEFF8-30B3-445F-A918-41766901DA8E"}, "childShapes": [], "properties": {"ConditionType": "None", "showdiamondmarker": "false", "bordercolor": "#000000", "monitoring": "", "name": "Y", "documentation": "", "probability": "", "conditionexpression": "", "isimmediate": "false", "auditing": ""}, "stencil": {"id": "SequenceFlow"}, "outgoing": [{"resourceId": "sid-75CFEFF8-30B3-445F-A918-41766901DA8E"}], "glossaryLinks": {}, "formats": {}}, {"dockers": [], "bounds": {"lowerRight": {"y": 390, "x": 880}, "upperLeft": {"y": 350, "x": 840}}, "resourceId": "sid-DD8BB458-A21E-49D4-BDB8-C45828F4A196", "layers": [], "labels": [], "childShapes": [], "properties": {"monitoring": "", "gatewaytype": "AND", "gates": "", "assignments": "", "bgcolor": "#ffffff", "bordercolor": "#000000", "pool": "", "name": "", "gates_assignments": "", "documentation": "", "categories": "", "auditing": "", "gates_outgoingsequenceflow": "", "lanes": "", "processid": ""}, "stencil": {"id": "ParallelGateway"}, "outgoing": [{"resourceId": "sid-BA0B1885-0D15-4557-BE37-291FF9172097"}, {"resourceId": "sid-AC282B7B-98E1-46B2-81C3-C22603997FD1"}], "glossaryLinks": {}, "formats": {}}, {"dockers": [{"y": 40, "x": 50}, {"y": 20.5, "x": 20.5}], "bounds": {"lowerRight": {"y": 370.42597005356776663, "x": 944.61328815972785833}, "upperLeft": {"y": 370.18731119643223337, "x": 880.41405559027214167}}, "resourceId": "sid-6F2F4C9B-9F3E-4D82-B56D-32D10B1506CB", "layers": [], "labels": [], "target": {"resourceId": "sid-DD8BB458-A21E-49D4-BDB8-C45828F4A196"}, "childShapes": [], "properties": {"ConditionType": "None", "showdiamondmarker": "false", "bordercolor": "#000000", "monitoring": "", "name": "", "documentation": "", "probability": "", "conditionexpression": "", "isimmediate": "false", "auditing": ""}, "stencil": {"id": "SequenceFlow"}, "outgoing": [{"resourceId": "sid-DD8BB458-A21E-49D4-BDB8-C45828F4A196"}], "glossaryLinks": {}, "formats": {}}, {"dockers": [{"y": 20.5, "x": 20.5}, {"y": 40, "x": 50}], "bounds": {"lowerRight": {"y": 524.49219080421767103, "x": 860.44860118940675875}, "upperLeft": {"y": 390.49413732078232897, "x": 860.10413318559324125}}, "resourceId": "sid-BA0B1885-0D15-4557-BE37-291FF9172097", "layers": [], "labels": [{"to": 1, "orientation": "ul", "ref": "text_name", "distance": 7.6863498687744140625, "align": "left", "from": 0, "valign": "top", "y": 442.98024081098583338, "x": 860.31367547349361757}], "target": {"resourceId": "sid-C77FC333-7FE4-4AA1-996E-BEA975643471"}, "childShapes": [], "properties": {"ConditionType": "None", "showdiamondmarker": "false", "bordercolor": "#000000", "monitoring": "", "name": "Z", "documentation": "", "probability": "", "conditionexpression": "", "isimmediate": "false", "auditing": ""}, "stencil": {"id": "SequenceFlow"}, "outgoing": [{"resourceId": "sid-C77FC333-7FE4-4AA1-996E-BEA975643471"}], "glossaryLinks": {}, "formats": {}}, {"dockers": [], "bounds": {"lowerRight": {"y": 134, "x": 624.5}, "upperLeft": {"y": 84, "x": 585.5}}, "resourceId": "sid-CCEF76D9-0E39-4E61-9188-4748155918D3", "layers": [], "labels": [], "childShapes": [], "properties": {"bordercolor": "#000000", "iscollection": "false", "monitoring": "", "input_output": "None", "name": "AA", "state": "", "documentation": "", "categories": "", "properties": "", "auditing": "", "bgcolor": "#ffffff"}, "stencil": {"id": "DataObject"}, "outgoing": [{"resourceId": "sid-EB2069F4-C2DB-42CD-8D84-975A702923E8"}], "glossaryLinks": {}, "formats": {}}, {"dockers": [{"y": 25, "x": 19.5}, {"y": 40, "x": 50}], "bounds": {"lowerRight": {"y": 179.109375, "x": 605}, "upperLeft": {"y": 134, "x": 605}}, "resourceId": "sid-EB2069F4-C2DB-42CD-8D84-975A702923E8", "layers": [], "labels": [], "target": {"resourceId": "sid-86CDDD0C-465E-49A4-B505-AFEA04292A15"}, "childShapes": [], "properties": {"bordercolor": "#000000", "text": "", "assignments": "", "transformation": ""}, "stencil": {"id": "Association_Unidirectional"}, "outgoing": [{"resourceId": "sid-86CDDD0C-465E-49A4-B505-AFEA04292A15"}], "glossaryLinks": {}, "formats": {}}, {"dockers": [{"y": 40, "x": 50}, {"y": 40, "x": 50}], "bounds": {"lowerRight": {"y": 220, "x": 734.78125}, "upperLeft": {"y": 220, "x": 655}}, "resourceId": "sid-C43A7E35-B736-4E23-8D9D-8F4FCB473C9C", "layers": [], "labels": [{"to": 1, "orientation": "ce", "ref": "text_name", "distance": 42, "align": "center", "from": 0, "valign": "middle", "y": 220, "x": 698}], "target": {"resourceId": "sid-7C484B45-8373-45D1-ADAA-A68A7EE4FF5C"}, "childShapes": [], "properties": {"ConditionType": "None", "showdiamondmarker": "false", "bordercolor": "#000000", "monitoring": "", "name": "AB", "documentation": "", "probability": "", "conditionexpression": "", "isimmediate": "false", "auditing": ""}, "stencil": {"id": "SequenceFlow"}, "outgoing": [{"resourceId": "sid-7C484B45-8373-45D1-ADAA-A68A7EE4FF5C"}], "glossaryLinks": {}, "formats": {}}, {"dockers": [{"y": 20.5, "x": 20.5}, {"y": 324, "x": 860.5}, {"y": 324, "x": 440}, {"y": 40, "x": 50}], "bounds": {"lowerRight": {"y": 349.15625, "x": 860.5}, "upperLeft": {"y": 260, "x": 440}}, "resourceId": "sid-AC282B7B-98E1-46B2-81C3-C22603997FD1", "layers": [], "labels": [{"to": 2, "orientation": "ul", "ref": "text_name", "distance": 7, "align": "left", "from": 1, "valign": "top", "y": 324, "x": 591}], "target": {"resourceId": "sid-90B635EC-6187-4DEB-A4FB-65BDA44BA5DC"}, "childShapes": [], "properties": {"ConditionType": "None", "showdiamondmarker": "false", "bordercolor": "#000000", "monitoring": "", "name": "AC", "documentation": "", "probability": "", "conditionexpression": "", "isimmediate": "false", "auditing": ""}, "stencil": {"id": "SequenceFlow"}, "outgoing": [{"resourceId": "sid-90B635EC-6187-4DEB-A4FB-65BDA44BA5DC"}], "glossaryLinks": {}, "formats": {}}, {"dockers": [{"y": 20.5, "x": 20.5}, {"y": 460, "x": 680.5}, {"y": 40, "x": 50}], "bounds": {"lowerRight": {"y": 499.6484375, "x": 680.5}, "upperLeft": {"y": 460, "x": 265}}, "resourceId": "sid-B5C8464E-CBB5-49EC-9AFE-E763A6054F6E", "layers": [], "labels": [{"to": 2, "orientation": "ll", "ref": "text_name", "distance": -7, "align": "left", "from": 1, "valign": "bottom", "y": 460, "x": 468}], "target": {"resourceId": "sid-A222DA97-AF71-4D71-8B07-44FE02298B1E"}, "childShapes": [], "properties": {"ConditionType": "None", "showdiamondmarker": "false", "bordercolor": "#000000", "monitoring": "", "name": "AD", "documentation": "", "probability": "", "conditionexpression": "", "isimmediate": "false", "auditing": ""}, "stencil": {"id": "SequenceFlow"}, "outgoing": [{"resourceId": "sid-A222DA97-AF71-4D71-8B07-44FE02298B1E"}], "glossaryLinks": {}, "formats": {}}, {"dockers": [], "bounds": {"lowerRight": {"y": 540.36253445537693096, "x": 625.5}, "upperLeft": {"y": 500.36253445537693096, "x": 585.5}}, "resourceId": "sid-515524DA-87B4-46F2-AFCA-CF85EFC74417", "layers": [], "labels": [{"ref": "text_name", "align": "center", "valign": "middle", "y": 85, "x": 81}], "childShapes": [], "properties": {"monitoring": "", "gatewaytype": "AND", "gates": "", "assignments": "", "bgcolor": "#ffffff", "bordercolor": "#000000", "pool": "", "name": "AE", "gates_assignments": "", "documentation": "", "categories": "", "auditing": "", "gates_outgoingsequenceflow": "", "lanes": "", "processid": ""}, "stencil": {"id": "ParallelGateway"}, "outgoing": [{"resourceId": "sid-A3CDC461-F3D8-4B5A-9514-0C8703969718"}], "glossaryLinks": {}, "formats": {}}, {"dockers": [{"y": 20.5, "x": 20.5}, {"y": 40, "x": 50}], "bounds": {"lowerRight": {"y": 520.77044097812779455, "x": 585.50001009052766676}, "upperLeft": {"y": 520.22461834775435818, "x": 464}}, "resourceId": "sid-A3CDC461-F3D8-4B5A-9514-0C8703969718", "layers": [], "labels": [], "target": {"resourceId": "sid-619372F4-3FDB-4EA7-B8FD-C41236AEC5A7"}, "childShapes": [], "properties": {"ConditionType": "None", "showdiamondmarker": "false", "bordercolor": "#000000", "monitoring": "", "name": "", "documentation": "", "probability": "", "conditionexpression": "", "isimmediate": "false", "auditing": ""}, "stencil": {"id": "SequenceFlow"}, "outgoing": [{"resourceId": "sid-619372F4-3FDB-4EA7-B8FD-C41236AEC5A7"}], "glossaryLinks": {}, "formats": {}}, {"dockers": [{"y": 20.5, "x": 20.5}, {"y": 20.5, "x": 20.5}], "bounds": {"lowerRight": {"y": 520.76703466484809724, "x": 659.71094933990787013}, "upperLeft": {"y": 520.60116439139414979, "x": 625.62498816009212987}}, "resourceId": "sid-BDDCF621-D4B8-45C9-ACB6-C27FCC187858", "layers": [], "labels": [{"ref": "text_name", "align": "center", "valign": "middle", "y": 504, "x": 526}], "target": {"resourceId": "sid-515524DA-87B4-46F2-AFCA-CF85EFC74417"}, "childShapes": [], "properties": {"ConditionType": "None", "showdiamondmarker": "false", "bordercolor": "#000000", "monitoring": "", "name": "AF", "documentation": "", "probability": "", "conditionexpression": "", "isimmediate": "false", "auditing": ""}, "stencil": {"id": "SequenceFlow"}, "outgoing": [{"resourceId": "sid-515524DA-87B4-46F2-AFCA-CF85EFC74417"}], "glossaryLinks": {}, "formats": {}}, {"dockers": [{"y": 541, "x": 608}, {"y": 625, "x": 608}, {"y": 40, "x": 50}], "bounds": {"lowerRight": {"y": 625, "x": 608}, "upperLeft": {"y": 541, "x": 464}}, "resourceId": "sid-436A4CCF-0A86-43CC-93C6-9164E644CC3B", "layers": [], "labels": [{"to": 2, "orientation": "ul", "ref": "text_name", "distance": 7, "align": "left", "from": 1, "valign": "top", "y": 625, "x": 524}], "target": {"resourceId": "sid-08CC0DE2-EBDC-48B7-A017-FFC10894042A"}, "childShapes": [], "properties": {"ConditionType": "None", "showdiamondmarker": "false", "bordercolor": "#000000", "monitoring": "", "name": "AG", "documentation": "", "probability": "", "conditionexpression": "", "isimmediate": "false", "auditing": ""}, "stencil": {"id": "SequenceFlow"}, "outgoing": [{"resourceId": "sid-08CC0DE2-EBDC-48B7-A017-FFC10894042A"}], "glossaryLinks": {}, "formats": {}}, {"dockers": [{"y": 40, "x": 50}, {"y": 520, "x": 215}, {"y": 40, "x": 50}], "bounds": {"lowerRight": {"y": 520, "x": 363.25}, "upperLeft": {"y": 500, "x": 215}}, "resourceId": "sid-3A1CD81F-1D6D-443D-BBEA-643C3EA845BD", "layers": [], "labels": [], "target": {"resourceId": "sid-A222DA97-AF71-4D71-8B07-44FE02298B1E"}, "childShapes": [], "properties": {"ConditionType": "None", "showdiamondmarker": "false", "bordercolor": "#000000", "monitoring": "", "name": "", "documentation": "", "probability": "", "conditionexpression": "", "isimmediate": "false", "auditing": ""}, "stencil": {"id": "SequenceFlow"}, "outgoing": [{"resourceId": "sid-A222DA97-AF71-4D71-8B07-44FE02298B1E"}], "glossaryLinks": {}, "formats": {}}, {"dockers": [{"y": 40, "x": 50}, {"y": 625, "x": 189}, {"y": 510, "x": 189}, {"y": 40, "x": 50}], "bounds": {"lowerRight": {"y": 625, "x": 363.78125}, "upperLeft": {"y": 500, "x": 189}}, "resourceId": "sid-6653F2F8-EB52-4930-BC01-D13B4DC2D6F9", "layers": [], "labels": [], "target": {"resourceId": "sid-A222DA97-AF71-4D71-8B07-44FE02298B1E"}, "childShapes": [], "properties": {"ConditionType": "None", "showdiamondmarker": "false", "bordercolor": "#000000", "monitoring": "", "name": "", "documentation": "", "probability": "", "conditionexpression": "", "isimmediate": "false", "auditing": ""}, "stencil": {"id": "SequenceFlow"}, "outgoing": [{"resourceId": "sid-A222DA97-AF71-4D71-8B07-44FE02298B1E"}], "glossaryLinks": {}, "formats": {}}, {"dockers": [], "bounds": {"lowerRight": {"y": 77, "x": 1045}, "upperLeft": {"y": 0, "x": 860}}, "resourceId": "sid-E283FC1B-C2A3-40DF-BE39-58BEAF4869D4", "layers": [], "labels": [], "childShapes": [{"dockers": [], "bounds": {"lowerRight": {"y": 77, "x": 185}, "upperLeft": {"y": 0, "x": 30}}, "resourceId": "sid-4021D9BC-D810-401C-BFBD-90C37E7688FB", "layers": [], "labels": [], "childShapes": [], "properties": {"showcaption": "true", "bordercolor": "#000000", "monitoring": "", "parentlane": "", "name": "", "documentation": "", "auditing": "", "bgcolor": "", "parentpool": ""}, "stencil": {"id": "Lane"}, "outgoing": [], "glossaryLinks": {}, "formats": {}}], "properties": {"isclosed": "false", "enableinstancecompensation": "false", "boundaryvisible": "true", "monitoring": "", "processcategories": "", "minimum": "2", "status": "None", "isexecutable": "false", "processdocumentation": "", "processtype": "None", "bordercolor": "#000000", "processname": "", "multiinstance": "false", "maximum": "2", "name": "AH", "documentation": "", "suppressjoinfailure": "false", "adhoccompletioncondition": "", "auditing": "", "adhocordering": "Parallel", "adhoc": "false", "processid": ""}, "stencil": {"id": "Pool"}, "outgoing": [], "glossaryLinks": {}, "formats": {}}, {"dockers": [], "bounds": {"lowerRight": {"y": 254.5, "x": 1284}, "upperLeft": {"y": 185.5, "x": 1245}}, "resourceId": "sid-A2CF5CB7-8742-45AB-857C-7328855EFC0E", "layers": [], "labels": [], "childShapes": [], "properties": {"bordercolor": "#000000", "iscollection": "false", "monitoring": "", "input_output": "None", "name": "AI", "state": "", "documentation": "", "categories": "", "properties": "", "auditing": "", "bgcolor": "#ffffff"}, "stencil": {"id": "DataObject"}, "outgoing": [], "glossaryLinks": {}, "formats": {}}, {"dockers": [{"y": 1, "x": 25}, {"y": 78, "x": 940}], "bounds": {"lowerRight": {"y": 169.5, "x": 940}, "upperLeft": {"y": 78, "x": 940}}, "resourceId": "sid-0CF93BE4-8EA5-41F5-937D-E9664E91FFA4", "layers": [], "labels": [], "childShapes": [], "properties": {"bordercolor": "#000000", "monitoring": "", "name": "", "documentation": "", "auditing": ""}, "stencil": {"id": "MessageFlow"}, "outgoing": [], "glossaryLinks": {}, "formats": {}}, {"dockers": [], "bounds": {"lowerRight": {"y": 82.5, "x": 1266}, "upperLeft": {"y": 5.5, "x": 1054}}, "resourceId": "sid-DABF255F-969D-416E-9466-97EA8D640839", "layers": [], "labels": [], "childShapes": [{"dockers": [], "bounds": {"lowerRight": {"y": 77, "x": 212}, "upperLeft": {"y": 0, "x": 30}}, "resourceId": "sid-0E1BF03C-8E76-4525-B760-85B0DBC97582", "layers": [], "labels": [], "childShapes": [], "properties": {"showcaption": "true", "bordercolor": "#000000", "monitoring": "", "parentlane": "", "name": "", "documentation": "", "auditing": "", "bgcolor": "", "parentpool": ""}, "stencil": {"id": "Lane"}, "outgoing": [], "glossaryLinks": {}, "formats": {}}], "properties": {"isclosed": "false", "enableinstancecompensation": "false", "boundaryvisible": "true", "monitoring": "", "processcategories": "", "minimum": "2", "status": "None", "isexecutable": "false", "processdocumentation": "", "processtype": "None", "bordercolor": "#000000", "processname": "", "multiinstance": "false", "maximum": "2", "name": "AJ", "documentation": "", "suppressjoinfailure": "false", "adhoccompletioncondition": "", "auditing": "", "adhocordering": "Parallel", "adhoc": "false", "processid": ""}, "stencil": {"id": "Pool"}, "outgoing": [], "glossaryLinks": {}, "formats": {}}, {"dockers": [{"y": 25.25, "x": 99}, {"y": 84, "x": 1108}], "bounds": {"lowerRight": {"y": 193.57180851063830573, "x": 1108}, "upperLeft": {"y": 84, "x": 1015}}, "resourceId": "sid-3E742E89-C410-4B59-8B92-C3DA6818FD25", "layers": [], "labels": [], "childShapes": [], "properties": {"bordercolor": "#000000", "monitoring": "", "name": "", "documentation": "", "auditing": ""}, "stencil": {"id": "MessageFlow"}, "outgoing": [], "glossaryLinks": {}, "formats": {}}, {"dockers": [{"y": 50.5, "x": 50}, {"y": 40, "x": 50}], "bounds": {"lowerRight": {"y": 220, "x": 1109.48828125}, "upperLeft": {"y": 220, "x": 1015}}, "resourceId": "sid-8DBF056A-E0AB-47E0-B148-A7F54A0A69B6", "layers": [], "labels": [{"to": 1, "orientation": "lr", "ref": "text_name", "distance": 81, "align": "left", "from": 0, "valign": "bottom", "y": 220, "x": 1056.15625}], "target": {"resourceId": "sid-2805C8C3-C89E-4B06-A858-020A5FFA8AF7"}, "childShapes": [], "properties": {"ConditionType": "None", "showdiamondmarker": "false", "bordercolor": "#000000", "monitoring": "", "name": "AK", "documentation": "", "probability": "", "conditionexpression": "", "isimmediate": "false", "auditing": ""}, "stencil": {"id": "SequenceFlow"}, "outgoing": [{"resourceId": "sid-2805C8C3-C89E-4B06-A858-020A5FFA8AF7"}], "glossaryLinks": {}, "formats": {}}, {"dockers": [{"y": 177, "x": 1168}, {"y": 87, "x": 1168}], "bounds": {"lowerRight": {"y": 177, "x": 1168}, "upperLeft": {"y": 87, "x": 1168}}, "resourceId": "sid-101287BE-A371-4ADD-A3A1-5CDCCC1BEE76", "layers": [], "labels": [{"to": 1, "orientation": "ul", "ref": "text_name", "distance": -8, "align": "left", "from": 0, "valign": "top", "y": 101, "x": 1168}], "childShapes": [], "properties": {"bordercolor": "#000000", "monitoring": "", "name": "AL", "documentation": "", "auditing": ""}, "stencil": {"id": "MessageFlow"}, "outgoing": [], "glossaryLinks": {}, "formats": {}}], "properties": {"orientation": "horizontal", "monitoring": "", "modificationdate": "", "creationdate": "", "namespaces": "", "version": "", "targetnamespace": "http://www.signavio.com/bpmn20", "author": "", "name": "", "documentation": "", "language": "English", "typelanguage": "http://www.w3.org/2001/XMLSchema", "expressionlanguage": "http://www.w3.org/1999/XPath", "auditing": ""}, "offset": {"y": 0, "x": 2}, "ssextensions": ["http://oryx-editor.org/stencilsets/extensions/bpmn2.0basicsubset#"], "stencilset": {"url": "/stencilsets/bpmn2.0/bpmn2.0.json?version=5.0.0", "namespace": "http://b3mn.org/stencilset/bpmn2.0#"}, "stencil": {"id": "BPMNDiagram"}, "formats": {}}