{"bounds": {"lowerRight": {"y": 1123.2364380005722069, "x": 1485}, "upperLeft": {"y": 0, "x": 0}}, "resourceId": "sid-0a4ef05b-8c1a-4217-9daf-1ad11dbfd136", "childShapes": [{"dockers": [], "bounds": {"lowerRight": {"y": 433, "x": 745}, "upperLeft": {"y": 378, "x": 645}}, "resourceId": "sid-238ADD19-79CC-4F91-9C80-ED283774C436", "layers": [], "labels": [], "childShapes": [], "properties": {"resources": "", "outmsgstructure": "", "applyincalc": "true", "loopcardinality": "", "outmessagename": "", "inmessagename": "", "bgcolor": "#ffffcc", "bordercolor": "#000000", "time": "", "loopdataoutput": "", "testbefore": "false", "callacitivity": "false", "outmsgiscollection": "false", "monitoring": "", "operationname": "", "dataoutputset": "", "completionquantity": "1", "properties": "", "script": "", "assignments": "", "nonebehavioreventref": "signal", "scriptformat": "", "datainputset": "", "processid": "", "startquantity": "1", "tasktype": "None", "looptype": "None", "instantiate": "false", "behavior": "all", "inmsgimport": "", "costs": "", "inputdataitem": "", "loopdatainput": "", "name": "A", "outmsgitemkind": "Information", "costcenter": "", "completioncondition": "", "isforcompensation": "false", "inmsgiscollection": "false", "inmsgitemkind": "Information", "inmsgstructure": "", "outputdataitem": "", "messageref": "", "loopcondition": "", "onebehavioreventref:": "signal", "implementation": "webService", "operationref": "", "outmsgimport": "", "documentation": "", "categories": "", "auditing": "", "complexbehaviordefinition": ""}, "stencil": {"id": "Task"}, "outgoing": [{"resourceId": "sid-AB12C4E4-1D9E-4533-A622-333502AC4B62"}], "glossaryLinks": {}, "formats": {}}, {"dockers": [], "bounds": {"lowerRight": {"y": 496.5, "x": 715}, "upperLeft": {"y": 456.5, "x": 675}}, "resourceId": "sid-34CACEF1-71C4-4606-9014-DEAC3BDD5BB6", "layers": [], "labels": [], "childShapes": [], "properties": {"xortype": "Data", "monitoring": "", "defaultgate": "", "gatewaytype": "XOR", "gates": "", "assignments": "", "bgcolor": "#ffffff", "bordercolor": "#000000", "pool": "", "gate_assignments": "", "markervisible": "true", "name": "", "documentation": "", "gates_assignments": "", "categories": "", "auditing": "", "gate_outgoingsequenceflow": "", "lanes": "", "gates_outgoingsequenceflow": "", "processid": ""}, "stencil": {"id": "Exclusive_Databased_Gateway"}, "outgoing": [{"resourceId": "sid-5D06625C-039A-4EB6-A3AC-1AA8E61113D5"}, {"resourceId": "sid-FB6722A4-9D8C-436C-86BC-C650F8761C91"}], "glossaryLinks": {}, "formats": {}}, {"dockers": [], "bounds": {"lowerRight": {"y": 496.5, "x": 835}, "upperLeft": {"y": 456.5, "x": 795}}, "resourceId": "sid-1B1A714D-2832-460E-924B-C7A4D3284FBB", "layers": [], "labels": [], "childShapes": [], "properties": {"monitoring": "", "gatewaytype": "AND", "gates": "", "assignments": "", "bgcolor": "#ffffff", "bordercolor": "#000000", "pool": "", "name": "", "gates_assignments": "", "documentation": "", "categories": "", "auditing": "", "gates_outgoingsequenceflow": "", "lanes": "", "processid": ""}, "stencil": {"id": "ParallelGateway"}, "outgoing": [{"resourceId": "sid-48D3C469-CBF8-4347-83D6-38BCC21F5504"}, {"resourceId": "sid-BCF510A4-B0EF-49B7-8EF0-DD7BFA79DCA4"}], "glossaryLinks": {}, "formats": {}}, {"dockers": [], "bounds": {"lowerRight": {"y": 451.20001810973985812, "x": 970}, "upperLeft": {"y": 396.20001810973985812, "x": 870}}, "resourceId": "sid-F91539F8-B4D7-4C5F-B3FE-E477C9DAED2C", "layers": [], "labels": [], "childShapes": [], "properties": {"resources": "", "outmsgstructure": "", "applyincalc": "true", "loopcardinality": "", "outmessagename": "", "inmessagename": "", "bgcolor": "#ffffcc", "bordercolor": "#000000", "time": "", "loopdataoutput": "", "testbefore": "false", "callacitivity": "false", "outmsgiscollection": "false", "monitoring": "", "operationname": "", "dataoutputset": "", "completionquantity": "1", "properties": "", "script": "", "assignments": "", "nonebehavioreventref": "signal", "scriptformat": "", "datainputset": "", "processid": "", "startquantity": "1", "tasktype": "None", "looptype": "None", "instantiate": "false", "behavior": "all", "inmsgimport": "", "costs": "", "inputdataitem": "", "loopdatainput": "", "name": "B", "outmsgitemkind": "Information", "costcenter": "", "completioncondition": "", "isforcompensation": "false", "inmsgiscollection": "false", "inmsgitemkind": "Information", "inmsgstructure": "", "outputdataitem": "", "messageref": "", "loopcondition": "", "onebehavioreventref:": "signal", "implementation": "webService", "operationref": "", "outmsgimport": "", "documentation": "", "categories": "", "auditing": "", "complexbehaviordefinition": ""}, "stencil": {"id": "Task"}, "outgoing": [{"resourceId": "sid-DF8E43C8-E1C4-4CF2-9EC3-100C00E1A0C8"}], "glossaryLinks": {}, "formats": {}}, {"dockers": [], "bounds": {"lowerRight": {"y": 556.5, "x": 970}, "upperLeft": {"y": 489.5, "x": 870}}, "resourceId": "sid-2724E8E8-4C4B-462E-975E-E2D0D1DBFC7F", "layers": [], "labels": [], "childShapes": [], "properties": {"resources": "", "outmsgstructure": "", "applyincalc": "true", "loopcardinality": "", "outmessagename": "", "inmessagename": "", "bgcolor": "#ffffcc", "bordercolor": "#000000", "time": "", "loopdataoutput": "", "testbefore": "false", "callacitivity": "false", "outmsgiscollection": "false", "monitoring": "", "operationname": "", "dataoutputset": "", "completionquantity": "1", "properties": "", "script": "", "assignments": "", "nonebehavioreventref": "signal", "scriptformat": "", "datainputset": "", "processid": "", "startquantity": "1", "tasktype": "None", "looptype": "None", "instantiate": "false", "behavior": "all", "inmsgimport": "", "costs": "", "inputdataitem": "", "loopdatainput": "", "name": "C", "outmsgitemkind": "Information", "costcenter": "", "completioncondition": "", "isforcompensation": "false", "inmsgiscollection": "false", "inmsgitemkind": "Information", "inmsgstructure": "", "outputdataitem": "", "messageref": "", "loopcondition": "", "onebehavioreventref:": "signal", "implementation": "webService", "operationref": "", "outmsgimport": "", "documentation": "", "categories": "", "auditing": "", "complexbehaviordefinition": ""}, "stencil": {"id": "Task"}, "outgoing": [{"resourceId": "sid-57C23822-2AD4-4D42-A8F0-B59A55F5AC20"}], "glossaryLinks": {}, "formats": {}}, {"dockers": [], "bounds": {"lowerRight": {"y": 490.5, "x": 1098}, "upperLeft": {"y": 462.5, "x": 1070}}, "resourceId": "sid-85BD9721-30AD-4C76-AA6A-3A51403FE589", "layers": [], "labels": [], "childShapes": [], "properties": {"inputset": "", "trigger": "None", "bordercolor": "#000000", "monitoring": "", "datainputassociations": "", "name": "", "documentation": "", "auditing": "", "datainput": "", "bgcolor": "#ffffff"}, "stencil": {"id": "EndNoneEvent"}, "outgoing": [], "glossaryLinks": {}, "formats": {}}, {"dockers": [], "bounds": {"lowerRight": {"y": 502.5, "x": 241}, "upperLeft": {"y": 462.5, "x": 201}}, "resourceId": "sid-6A3C8FF8-7A4F-4BA2-B6C6-71FECA6067D2", "layers": [], "labels": [], "childShapes": [], "properties": {"xortype": "Data", "monitoring": "", "defaultgate": "", "gatewaytype": "XOR", "gates": "", "assignments": "", "bgcolor": "#ffffff", "bordercolor": "#000000", "pool": "", "gate_assignments": "", "markervisible": "true", "name": "", "documentation": "", "gates_assignments": "", "categories": "", "auditing": "", "gate_outgoingsequenceflow": "", "lanes": "", "gates_outgoingsequenceflow": "", "processid": ""}, "stencil": {"id": "Exclusive_Databased_Gateway"}, "outgoing": [{"resourceId": "sid-3B609371-57BE-4F24-A04A-960CD8078606"}, {"resourceId": "sid-F78E0BA4-2C99-425E-B210-D28A9991182E"}], "glossaryLinks": {}, "formats": {}}, {"dockers": [], "bounds": {"lowerRight": {"y": 434.37880376402409865, "x": 523.75002515241635592}, "upperLeft": {"y": 377, "x": 423.75002515241641277}}, "resourceId": "sid-212B6223-7BF2-4935-B1AB-20C8C33232E0", "layers": [], "labels": [], "childShapes": [], "properties": {"resources": "", "outmsgstructure": "", "applyincalc": "true", "loopcardinality": "", "outmessagename": "", "inmessagename": "", "bgcolor": "#ffffcc", "bordercolor": "#000000", "time": "", "loopdataoutput": "", "testbefore": "false", "callacitivity": "false", "outmsgiscollection": "false", "monitoring": "", "operationname": "", "dataoutputset": "", "completionquantity": "1", "properties": "", "script": "", "assignments": "", "nonebehavioreventref": "signal", "scriptformat": "", "datainputset": "", "processid": "", "startquantity": "1", "tasktype": "None", "looptype": "None", "instantiate": "false", "behavior": "all", "inmsgimport": "", "costs": "", "inputdataitem": "", "loopdatainput": "", "name": "D", "outmsgitemkind": "Information", "costcenter": "", "completioncondition": "", "isforcompensation": "false", "inmsgiscollection": "false", "inmsgitemkind": "Information", "inmsgstructure": "", "outputdataitem": "", "messageref": "", "loopcondition": "", "onebehavioreventref:": "signal", "implementation": "webService", "operationref": "", "outmsgimport": "", "documentation": "", "categories": "", "auditing": "", "complexbehaviordefinition": ""}, "stencil": {"id": "Task"}, "outgoing": [{"resourceId": "sid-8E9A9341-2977-4607-A1FA-F9467BE09FFE"}], "glossaryLinks": {}, "formats": {}}, {"dockers": [], "bounds": {"lowerRight": {"y": 446, "x": 271}, "upperLeft": {"y": 366, "x": 171}}, "resourceId": "sid-C8C31F46-D91F-4932-B9A3-CEFFBA0F5CBC", "layers": [], "labels": [], "childShapes": [], "properties": {"resources": "", "outmsgstructure": "", "applyincalc": "true", "loopcardinality": "", "outmessagename": "", "inmessagename": "", "bgcolor": "#ffffcc", "bordercolor": "#000000", "time": "", "loopdataoutput": "", "testbefore": "false", "callacitivity": "false", "outmsgiscollection": "false", "monitoring": "", "operationname": "", "dataoutputset": "", "completionquantity": "1", "properties": "", "script": "", "assignments": "", "nonebehavioreventref": "signal", "scriptformat": "", "datainputset": "", "processid": "", "startquantity": "1", "tasktype": "None", "looptype": "None", "instantiate": "false", "behavior": "all", "inmsgimport": "", "costs": "", "inputdataitem": "", "loopdatainput": "", "name": "E", "outmsgitemkind": "Information", "costcenter": "", "completioncondition": "", "isforcompensation": "false", "inmsgiscollection": "false", "inmsgitemkind": "Information", "inmsgstructure": "", "outputdataitem": "", "messageref": "", "loopcondition": "", "onebehavioreventref:": "signal", "implementation": "webService", "operationref": "", "outmsgimport": "", "documentation": "", "categories": "", "auditing": "", "complexbehaviordefinition": ""}, "stencil": {"id": "Task"}, "outgoing": [{"resourceId": "sid-E4F227D6-AF84-43A5-AD8C-4B6A0E8D4F95"}], "glossaryLinks": {}, "formats": {}}, {"dockers": [], "bounds": {"lowerRight": {"y": 496.5, "x": 1035}, "upperLeft": {"y": 456.5, "x": 995}}, "resourceId": "sid-72980CD9-9A72-42D7-9F87-5F7F0E2DF04E", "layers": [], "labels": [], "childShapes": [], "properties": {"monitoring": "", "gatewaytype": "AND", "gates": "", "assignments": "", "bgcolor": "#ffffff", "bordercolor": "#000000", "pool": "", "name": "", "gates_assignments": "", "documentation": "", "categories": "", "auditing": "", "gates_outgoingsequenceflow": "", "lanes": "", "processid": ""}, "stencil": {"id": "ParallelGateway"}, "outgoing": [{"resourceId": "sid-E70C2E1D-CE1B-470C-B4A5-546856E2F35D"}], "glossaryLinks": {}, "formats": {}}, {"dockers": [], "bounds": {"lowerRight": {"y": 620.04999182140841185, "x": 271}, "upperLeft": {"y": 540.04999182140841185, "x": 171}}, "resourceId": "sid-412D4E32-1C40-43F3-906E-924962135947", "layers": [], "labels": [], "childShapes": [], "properties": {"resources": "", "outmsgstructure": "", "applyincalc": "true", "loopcardinality": "", "outmessagename": "", "inmessagename": "", "bgcolor": "#ffffcc", "bordercolor": "#000000", "time": "", "loopdataoutput": "", "testbefore": "false", "callacitivity": "false", "outmsgiscollection": "false", "monitoring": "", "operationname": "", "dataoutputset": "", "completionquantity": "1", "properties": "", "script": "", "assignments": "", "nonebehavioreventref": "signal", "scriptformat": "", "datainputset": "", "processid": "", "startquantity": "1", "tasktype": "None", "looptype": "None", "instantiate": "false", "behavior": "all", "inmsgimport": "", "costs": "", "inputdataitem": "", "loopdatainput": "", "name": "F", "outmsgitemkind": "Information", "costcenter": "", "completioncondition": "", "isforcompensation": "false", "inmsgiscollection": "false", "inmsgitemkind": "Information", "inmsgstructure": "", "outputdataitem": "", "messageref": "", "loopcondition": "", "onebehavioreventref:": "signal", "implementation": "webService", "operationref": "", "outmsgimport": "", "documentation": "", "categories": "", "auditing": "", "complexbehaviordefinition": ""}, "stencil": {"id": "Task"}, "outgoing": [{"resourceId": "sid-06C62C47-C910-4F29-ABAD-750B02277588"}], "glossaryLinks": {}, "formats": {}}, {"dockers": [], "bounds": {"lowerRight": {"y": 583.74999242722992676, "x": 462.99999394178399825}, "upperLeft": {"y": 503.7499924272299836, "x": 362.99999394178399825}}, "resourceId": "sid-6910BDDE-B6FF-4975-8577-D5CF2166DAC5", "layers": [], "labels": [], "childShapes": [], "properties": {"resources": "", "outmsgstructure": "", "applyincalc": "true", "loopcardinality": "", "outmessagename": "", "inmessagename": "", "bgcolor": "#ffffcc", "bordercolor": "#000000", "time": "", "loopdataoutput": "", "testbefore": "false", "callacitivity": "false", "outmsgiscollection": "false", "monitoring": "", "operationname": "", "dataoutputset": "", "completionquantity": "1", "properties": "", "script": "", "assignments": "", "nonebehavioreventref": "signal", "scriptformat": "", "datainputset": "", "processid": "", "startquantity": "1", "tasktype": "None", "looptype": "None", "instantiate": "false", "behavior": "all", "inmsgimport": "", "costs": "", "inputdataitem": "", "loopdatainput": "", "name": "G", "outmsgitemkind": "Information", "costcenter": "", "completioncondition": "", "isforcompensation": "false", "inmsgiscollection": "false", "inmsgitemkind": "Information", "inmsgstructure": "", "outputdataitem": "", "messageref": "", "loopcondition": "", "onebehavioreventref:": "signal", "implementation": "webService", "operationref": "", "outmsgimport": "", "documentation": "", "categories": "", "auditing": "", "complexbehaviordefinition": ""}, "stencil": {"id": "Task"}, "outgoing": [], "glossaryLinks": {}, "formats": {}}, {"dockers": [], "bounds": {"lowerRight": {"y": 928.80999876816269989, "x": 906.44998091661966555}, "upperLeft": {"y": 888.80999876816269989, "x": 866.44998091661966555}}, "resourceId": "sid-E3DD7791-83E8-4B46-9E10-2EA348343433", "layers": [], "labels": [], "childShapes": [], "properties": {"monitoring": "", "defaultgate": "", "gatewaytype": "OR", "gates": "", "assignments": "", "bgcolor": "#ffffff", "bordercolor": "#000000", "pool": "", "gate_assignments": "", "name": "", "gates_assignments": "", "documentation": "", "categories": "", "auditing": "", "gate_outgoingsequenceflow": "", "lanes": "", "gates_outgoingsequenceflow": "", "processid": ""}, "stencil": {"id": "InclusiveGateway"}, "outgoing": [{"resourceId": "sid-4D47F0C6-C6F9-4BCE-A692-89430DDF8B72"}], "glossaryLinks": {}, "formats": {}}, {"dockers": [], "bounds": {"lowerRight": {"y": 928.80999876816281358, "x": 295}, "upperLeft": {"y": 888.80999876816281358, "x": 255}}, "resourceId": "sid-8580D982-FFE7-4E23-85D8-2191E98296E6", "layers": [], "labels": [], "childShapes": [], "properties": {"monitoring": "", "defaultgate": "", "gatewaytype": "OR", "gates": "", "assignments": "", "bgcolor": "#ffffff", "bordercolor": "#000000", "pool": "", "gate_assignments": "", "name": "", "gates_assignments": "", "documentation": "", "categories": "", "auditing": "", "gate_outgoingsequenceflow": "", "lanes": "", "gates_outgoingsequenceflow": "", "processid": ""}, "stencil": {"id": "InclusiveGateway"}, "outgoing": [{"resourceId": "sid-E8E75BE1-3962-44A9-BD1A-8F2E769AD33E"}, {"resourceId": "sid-672F1924-CD4D-49D3-9AC3-BA2B3098F268"}], "glossaryLinks": {}, "formats": {}}, {"dockers": [], "bounds": {"lowerRight": {"y": 989.02321838436751023, "x": 717.09998970103276861}, "upperLeft": {"y": 935.02321838436751023, "x": 617.09998970103276861}}, "resourceId": "sid-92367C3E-4FF4-48F9-A178-F64389979B41", "layers": [], "labels": [], "childShapes": [], "properties": {"resources": "", "outmsgstructure": "", "applyincalc": "true", "loopcardinality": "", "outmessagename": "", "inmessagename": "", "bgcolor": "#ffffcc", "bordercolor": "#000000", "time": "", "loopdataoutput": "", "testbefore": "false", "callacitivity": "false", "outmsgiscollection": "false", "monitoring": "", "operationname": "", "dataoutputset": "", "completionquantity": "1", "properties": "", "script": "", "assignments": "", "nonebehavioreventref": "signal", "scriptformat": "", "datainputset": "", "processid": "", "startquantity": "1", "tasktype": "None", "looptype": "None", "instantiate": "false", "behavior": "all", "inmsgimport": "", "costs": "", "inputdataitem": "", "loopdatainput": "", "name": "H", "outmsgitemkind": "Information", "costcenter": "", "completioncondition": "", "isforcompensation": "false", "inmsgiscollection": "false", "inmsgitemkind": "Information", "inmsgstructure": "", "outputdataitem": "", "messageref": "", "loopcondition": "", "onebehavioreventref:": "signal", "implementation": "webService", "operationref": "", "outmsgimport": "", "documentation": "", "categories": "", "auditing": "", "complexbehaviordefinition": ""}, "stencil": {"id": "Task"}, "outgoing": [{"resourceId": "sid-68065B95-1DFF-45A3-90D7-2E6CC639E618"}], "glossaryLinks": {}, "formats": {}}, {"dockers": [], "bounds": {"lowerRight": {"y": 754.32999852583418487, "x": 271}, "upperLeft": {"y": 659.80999876816281358, "x": 171}}, "resourceId": "sid-9FE93D4F-2F31-4B04-A245-BD32EA206825", "layers": [], "labels": [], "childShapes": [], "properties": {"resources": "", "outmsgstructure": "", "applyincalc": "true", "loopcardinality": "", "outmessagename": "", "inmessagename": "", "bgcolor": "#ffffcc", "bordercolor": "#000000", "time": "", "loopdataoutput": "", "testbefore": "false", "callacitivity": "false", "outmsgiscollection": "false", "monitoring": "", "operationname": "", "dataoutputset": "", "completionquantity": "1", "properties": "", "script": "", "assignments": "", "nonebehavioreventref": "signal", "scriptformat": "", "datainputset": "", "processid": "", "startquantity": "1", "tasktype": "None", "looptype": "None", "instantiate": "false", "behavior": "all", "inmsgimport": "", "costs": "", "inputdataitem": "", "loopdatainput": "", "name": "I", "outmsgitemkind": "Information", "costcenter": "", "completioncondition": "", "isforcompensation": "false", "inmsgiscollection": "false", "inmsgitemkind": "Information", "inmsgstructure": "", "outputdataitem": "", "messageref": "", "loopcondition": "", "onebehavioreventref:": "signal", "implementation": "webService", "operationref": "", "outmsgimport": "", "documentation": "", "categories": "", "auditing": "", "complexbehaviordefinition": ""}, "stencil": {"id": "Task"}, "outgoing": [{"resourceId": "sid-D94AD26B-6BD0-4FD1-9715-B86F1AA1330D"}, {"resourceId": "sid-ED76EFD6-BEF1-4C48-A906-AF87A345C715"}, {"resourceId": "sid-324FE1DE-5175-4F87-B0E9-48E07BE76E26"}], "glossaryLinks": {}, "formats": {}}, {"dockers": [{"y": 17.514786863395897853, "x": 100}], "bounds": {"lowerRight": {"y": 692.32478563155871143, "x": 286}, "upperLeft": {"y": 662.32478563155871143, "x": 256}}, "resourceId": "sid-ED76EFD6-BEF1-4C48-A906-AF87A345C715", "layers": [], "labels": [{"ref": "text_name", "valign": "middle", "y": -30, "x": 62}], "childShapes": [], "properties": {"trigger": "Timer", "bordercolor": "#000000", "timeduration": "", "monitoring": "", "timedate": "", "name": "J", "documentation": "", "timecycle": "", "auditing": "", "boundarycancelactivity2": "true", "bgcolor": "#ffffff"}, "stencil": {"id": "IntermediateTimerEvent"}, "outgoing": [{"resourceId": "sid-13F2220B-6388-493A-8CB8-40D6E809A0FF"}], "glossaryLinks": {}, "formats": {}}, {"dockers": [{"y": 58.589990327048440122, "x": 100}], "bounds": {"lowerRight": {"y": 733.3999890952112537, "x": 286}, "upperLeft": {"y": 703.3999890952112537, "x": 256}}, "resourceId": "sid-324FE1DE-5175-4F87-B0E9-48E07BE76E26", "layers": [], "labels": [{"ref": "text_name", "valign": "middle", "y": 0, "x": 91}], "childShapes": [], "properties": {"trigger": "Timer", "bordercolor": "#000000", "timeduration": "", "monitoring": "", "timedate": "", "name": "K", "documentation": "", "timecycle": "", "auditing": "", "boundarycancelactivity2": "true", "bgcolor": "#ffffff"}, "stencil": {"id": "IntermediateTimerEvent"}, "outgoing": [{"resourceId": "sid-97CA52F0-4A75-45A0-AF35-7B4B9211B5DF"}], "glossaryLinks": {}, "formats": {}}, {"dockers": [], "bounds": {"lowerRight": {"y": 674.4999909126760258, "x": 462.99999394178399825}, "upperLeft": {"y": 594.4999909126760258, "x": 362.99999394178399825}}, "resourceId": "sid-5B29F15D-EBA8-432A-AE2A-FA4E562FB866", "layers": [], "labels": [], "childShapes": [], "properties": {"resources": "", "outmsgstructure": "", "applyincalc": "true", "loopcardinality": "", "outmessagename": "", "inmessagename": "", "bgcolor": "#ffffcc", "bordercolor": "#000000", "time": "", "loopdataoutput": "", "testbefore": "false", "callacitivity": "false", "outmsgiscollection": "false", "monitoring": "", "operationname": "", "dataoutputset": "", "completionquantity": "1", "properties": "", "script": "", "assignments": "", "nonebehavioreventref": "signal", "scriptformat": "", "datainputset": "", "processid": "", "startquantity": "1", "tasktype": "None", "looptype": "None", "instantiate": "false", "behavior": "all", "inmsgimport": "", "costs": "", "inputdataitem": "", "loopdatainput": "", "name": "L", "outmsgitemkind": "Information", "costcenter": "", "completioncondition": "", "isforcompensation": "false", "inmsgiscollection": "false", "inmsgitemkind": "Information", "inmsgstructure": "", "outputdataitem": "", "messageref": "", "loopcondition": "", "onebehavioreventref:": "signal", "implementation": "webService", "operationref": "", "outmsgimport": "", "documentation": "", "categories": "", "auditing": "", "complexbehaviordefinition": ""}, "stencil": {"id": "Task"}, "outgoing": [], "glossaryLinks": {}, "formats": {}}, {"dockers": [], "bounds": {"lowerRight": {"y": 758.3999890952112537, "x": 789.6999884893896251}, "upperLeft": {"y": 678.3999890952112537, "x": 689.6999884893896251}}, "resourceId": "sid-309C23F2-F335-4D15-8014-45DA71F17C27", "layers": [], "labels": [], "childShapes": [], "properties": {"resources": "", "outmsgstructure": "", "applyincalc": "true", "loopcardinality": "", "outmessagename": "", "inmessagename": "", "bgcolor": "#ffffcc", "bordercolor": "#000000", "time": "", "loopdataoutput": "", "testbefore": "false", "callacitivity": "false", "outmsgiscollection": "false", "monitoring": "", "operationname": "", "dataoutputset": "", "completionquantity": "1", "properties": "", "script": "", "assignments": "", "nonebehavioreventref": "signal", "scriptformat": "", "datainputset": "", "processid": "", "startquantity": "1", "tasktype": "None", "looptype": "None", "instantiate": "false", "behavior": "all", "inmsgimport": "", "costs": "", "inputdataitem": "", "loopdatainput": "", "name": "M", "outmsgitemkind": "Information", "costcenter": "", "completioncondition": "", "isforcompensation": "false", "inmsgiscollection": "false", "inmsgitemkind": "Information", "inmsgstructure": "", "outputdataitem": "", "messageref": "", "loopcondition": "", "onebehavioreventref:": "signal", "implementation": "webService", "operationref": "", "outmsgimport": "", "documentation": "", "categories": "", "auditing": "", "complexbehaviordefinition": ""}, "stencil": {"id": "Task"}, "outgoing": [], "glossaryLinks": {}, "formats": {}}, {"dockers": [], "bounds": {"lowerRight": {"y": 758.3999890952112537, "x": 899.8999860661032244}, "upperLeft": {"y": 678.3999890952112537, "x": 799.8999860661032244}}, "resourceId": "sid-3C29CCC3-03C3-46BE-BA08-34A1FC91D831", "layers": [], "labels": [], "childShapes": [], "properties": {"resources": "", "outmsgstructure": "", "applyincalc": "true", "loopcardinality": "", "outmessagename": "", "inmessagename": "", "bgcolor": "#ffffcc", "bordercolor": "#000000", "time": "", "loopdataoutput": "", "testbefore": "false", "callacitivity": "false", "outmsgiscollection": "false", "monitoring": "", "operationname": "", "dataoutputset": "", "completionquantity": "1", "properties": "", "script": "", "assignments": "", "nonebehavioreventref": "signal", "scriptformat": "", "datainputset": "", "processid": "", "startquantity": "1", "tasktype": "None", "looptype": "None", "instantiate": "false", "behavior": "all", "inmsgimport": "", "costs": "", "inputdataitem": "", "loopdatainput": "", "name": "N", "outmsgitemkind": "Information", "costcenter": "", "completioncondition": "", "isforcompensation": "false", "inmsgiscollection": "false", "inmsgitemkind": "Information", "inmsgstructure": "", "outputdataitem": "", "messageref": "", "loopcondition": "", "onebehavioreventref:": "signal", "implementation": "webService", "operationref": "", "outmsgimport": "", "documentation": "", "categories": "", "auditing": "", "complexbehaviordefinition": ""}, "stencil": {"id": "Task"}, "outgoing": [], "glossaryLinks": {}, "formats": {}}, {"dockers": [{"y": 39.976781615632489775, "x": 99.900010298967231392}, {"y": 26.976781615632489775, "x": 0}], "bounds": {"lowerRight": {"y": 835.99791688122843425, "x": 765}, "upperLeft": {"y": 835, "x": 717.09998970103276861}}, "resourceId": "sid-87C6B8E9-E8BF-468F-BADA-5613B89CC946", "layers": [], "labels": [], "target": {"resourceId": "sid-8C0B9002-E824-4A6C-9E1C-6492A7394BE4"}, "childShapes": [], "properties": {"ConditionType": "None", "showdiamondmarker": "false", "bordercolor": "#000000", "monitoring": "", "name": "", "documentation": "", "probability": "", "conditionexpression": "", "isimmediate": "false", "auditing": ""}, "stencil": {"id": "SequenceFlow"}, "outgoing": [{"resourceId": "sid-8C0B9002-E824-4A6C-9E1C-6492A7394BE4"}], "glossaryLinks": {}, "formats": {}}, {"dockers": [{"y": 15, "x": 15}, {"y": 79.600010904788746302, "x": 49.100013933896775598}], "bounds": {"lowerRight": {"y": 792.9543500191223302, "x": 849.62887652939866712}, "upperLeft": {"y": 758.3999890952112537, "x": 849.00719635049301814}}, "resourceId": "sid-443BD6A1-23A4-4FC8-A8EB-A12F16986F06", "layers": [], "labels": [], "target": {"resourceId": "sid-3C29CCC3-03C3-46BE-BA08-34A1FC91D831"}, "childShapes": [], "properties": {"ConditionType": "None", "showdiamondmarker": "false", "bordercolor": "#000000", "monitoring": "", "name": "", "documentation": "", "probability": "", "conditionexpression": "", "isimmediate": "false", "auditing": ""}, "stencil": {"id": "SequenceFlow"}, "outgoing": [{"resourceId": "sid-3C29CCC3-03C3-46BE-BA08-34A1FC91D831"}], "glossaryLinks": {}, "formats": {}}, {"dockers": [{"y": 15, "x": 15}, {"y": 807.94645084656463041, "x": 739.6999884893896251}, {"y": 79.600010904788746302, "x": 49.300011510610374899}], "bounds": {"lowerRight": {"y": 807.99115485360459843, "x": 761.23147254348054958}, "upperLeft": {"y": 758.3999890952112537, "x": 739.0056057589234797}}, "resourceId": "sid-3ED14EC5-D9FF-4001-B9E4-FAED363D02F6", "layers": [], "labels": [{"to": 2, "orientation": "ll", "ref": "text_name", "distance": -7.651020050048828125, "align": "left", "from": 1, "valign": "bottom", "y": 788.72074124135872353, "x": 739.43054441086371753}], "target": {"resourceId": "sid-309C23F2-F335-4D15-8014-45DA71F17C27"}, "childShapes": [], "properties": {"ConditionType": "None", "showdiamondmarker": "false", "bordercolor": "#000000", "monitoring": "", "name": "O", "documentation": "", "probability": "", "conditionexpression": "", "isimmediate": "false", "auditing": ""}, "stencil": {"id": "SequenceFlow"}, "outgoing": [{"resourceId": "sid-309C23F2-F335-4D15-8014-45DA71F17C27"}], "glossaryLinks": {}, "formats": {}}, {"dockers": [{"y": 26.976781615632489775, "x": 99.900010298967231392}, {"y": 962.02321838436751023, "x": 886.94998091661966555}, {"y": 20, "x": 20}], "bounds": {"lowerRight": {"y": 962.02321838436751023, "x": 886.94998091661966555}, "upperLeft": {"y": 928.93345542673466753, "x": 717.09998970103276861}}, "resourceId": "sid-68065B95-1DFF-45A3-90D7-2E6CC639E618", "layers": [], "labels": [], "target": {"resourceId": "sid-E3DD7791-83E8-4B46-9E10-2EA348343433"}, "childShapes": [], "properties": {"ConditionType": "None", "showdiamondmarker": "false", "bordercolor": "#000000", "monitoring": "", "name": "", "documentation": "", "probability": "", "conditionexpression": "", "isimmediate": "false", "auditing": ""}, "stencil": {"id": "SequenceFlow"}, "outgoing": [{"resourceId": "sid-E3DD7791-83E8-4B46-9E10-2EA348343433"}], "glossaryLinks": {}, "formats": {}}, {"dockers": [{"y": 26.799981890260141881, "x": 100}, {"y": 423.70001810973985812, "x": 1017}, {"y": 20, "x": 20}], "bounds": {"lowerRight": {"y": 456.52572313888936151, "x": 1017}, "upperLeft": {"y": 423, "x": 970}}, "resourceId": "sid-DF8E43C8-E1C4-4CF2-9EC3-100C00E1A0C8", "layers": [], "labels": [], "target": {"resourceId": "sid-72980CD9-9A72-42D7-9F87-5F7F0E2DF04E"}, "childShapes": [], "properties": {"ConditionType": "None", "showdiamondmarker": "false", "bordercolor": "#000000", "monitoring": "", "name": "", "documentation": "", "probability": "", "conditionexpression": "", "isimmediate": "false", "auditing": ""}, "stencil": {"id": "SequenceFlow"}, "outgoing": [{"resourceId": "sid-72980CD9-9A72-42D7-9F87-5F7F0E2DF04E"}], "glossaryLinks": {}, "formats": {}}, {"dockers": [{"y": 20, "x": 20}, {"y": 39.351303170172201362, "x": 0}], "bounds": {"lowerRight": {"y": 212.44245536880458758, "x": 870}, "upperLeft": {"y": 212, "x": 715.14062091839230106}}, "resourceId": "sid-55EB0A0C-B61A-4AFD-A95E-627C44C18EB3", "layers": [], "labels": [{"to": 1, "orientation": "lr", "ref": "text_name", "distance": 7.7862019538879394531, "align": "right", "from": 0, "valign": "bottom", "y": 212.06559971745448934, "x": 847.04009889093231322}], "target": {"resourceId": "sid-117DA277-CFE3-46B6-AE1A-BA47C48C9B17"}, "childShapes": [], "properties": {"ConditionType": "None", "showdiamondmarker": "false", "bordercolor": "#000000", "monitoring": "", "name": "P", "documentation": "", "probability": "", "conditionexpression": "", "isimmediate": "false", "auditing": ""}, "stencil": {"id": "SequenceFlow"}, "outgoing": [{"resourceId": "sid-117DA277-CFE3-46B6-AE1A-BA47C48C9B17"}], "glossaryLinks": {}, "formats": {}}, {"dockers": [{"y": 39.351303170172201362, "x": 100}, {"y": 14, "x": 14}], "bounds": {"lowerRight": {"y": 212.43702032727281903, "x": 1069.6406346182052403}, "upperLeft": {"y": 212, "x": 970}}, "resourceId": "sid-5F97B224-8BFA-4F69-BA3D-45A8659DC2DA", "layers": [], "labels": [], "target": {"resourceId": "sid-CBDBE113-50DA-4B2E-AAD9-7DD769F3219B"}, "childShapes": [], "properties": {"ConditionType": "None", "showdiamondmarker": "false", "bordercolor": "#000000", "monitoring": "", "name": "", "documentation": "", "probability": "", "conditionexpression": "", "isimmediate": "false", "auditing": ""}, "stencil": {"id": "SequenceFlow"}, "outgoing": [{"resourceId": "sid-CBDBE113-50DA-4B2E-AAD9-7DD769F3219B"}], "glossaryLinks": {}, "formats": {}}, {"dockers": [{"y": 80, "x": 50}, {"y": 20, "x": 20}], "bounds": {"lowerRight": {"y": 462.109375, "x": 221}, "upperLeft": {"y": 446, "x": 221}}, "resourceId": "sid-E4F227D6-AF84-43A5-AD8C-4B6A0E8D4F95", "layers": [], "labels": [], "target": {"resourceId": "sid-6A3C8FF8-7A4F-4BA2-B6C6-71FECA6067D2"}, "childShapes": [], "properties": {"ConditionType": "None", "showdiamondmarker": "false", "bordercolor": "#000000", "monitoring": "", "name": "", "documentation": "", "probability": "", "conditionexpression": "", "isimmediate": "false", "auditing": ""}, "stencil": {"id": "SequenceFlow"}, "outgoing": [{"resourceId": "sid-6A3C8FF8-7A4F-4BA2-B6C6-71FECA6067D2"}], "glossaryLinks": {}, "formats": {}}, {"dockers": [{"y": 20, "x": 20}, {"y": 523, "x": 815.5}, {"y": 33.5, "x": 0}], "bounds": {"lowerRight": {"y": 523, "x": 870}, "upperLeft": {"y": 496.39056719486109159, "x": 815.21387706661141692}}, "resourceId": "sid-BCF510A4-B0EF-49B7-8EF0-DD7BFA79DCA4", "layers": [], "labels": [], "target": {"resourceId": "sid-2724E8E8-4C4B-462E-975E-E2D0D1DBFC7F"}, "childShapes": [], "properties": {"ConditionType": "None", "showdiamondmarker": "false", "bordercolor": "#000000", "monitoring": "", "name": "", "documentation": "", "probability": "", "conditionexpression": "", "isimmediate": "false", "auditing": ""}, "stencil": {"id": "SequenceFlow"}, "outgoing": [{"resourceId": "sid-2724E8E8-4C4B-462E-975E-E2D0D1DBFC7F"}], "glossaryLinks": {}, "formats": {}}, {"dockers": [{"y": 20, "x": 20}, {"y": 132.95000301828997635, "x": 694.5}, {"y": 20, "x": 20}], "bounds": {"lowerRight": {"y": 192.85548920967244158, "x": 694.87652726878889098}, "upperLeft": {"y": 132.49523676840055941, "x": 493.72072355076448957}}, "resourceId": "sid-5068C180-1ECF-42B8-BBE4-D34118FA3BFF", "layers": [], "labels": [{"to": 2, "orientation": "ll", "ref": "text_name", "distance": -8.75, "align": "left", "from": 1, "valign": "bottom", "y": 132.68131480710590608, "x": 575.87416827854337953}], "target": {"resourceId": "sid-B680AA96-11F3-4713-BC37-26FF989A3882"}, "childShapes": [], "properties": {"ConditionType": "None", "showdiamondmarker": "false", "bordercolor": "#000000", "monitoring": "", "name": "Q", "documentation": "", "probability": "", "conditionexpression": "", "isimmediate": "false", "auditing": ""}, "stencil": {"id": "SequenceFlow"}, "outgoing": [{"resourceId": "sid-B680AA96-11F3-4713-BC37-26FF989A3882"}], "glossaryLinks": {}, "formats": {}}, {"dockers": [{"y": 27.976781615632489775, "x": 100}, {"y": 836.02321838436751023, "x": 886.94998091661966555}, {"y": 20, "x": 20}], "bounds": {"lowerRight": {"y": 888.47603382206796141, "x": 886.94998091661966555}, "upperLeft": {"y": 836, "x": 865}}, "resourceId": "sid-49410003-722E-46E7-8859-015B10B2F77D", "layers": [], "labels": [], "target": {"resourceId": "sid-E3DD7791-83E8-4B46-9E10-2EA348343433"}, "childShapes": [], "properties": {"ConditionType": "None", "showdiamondmarker": "false", "bordercolor": "#000000", "monitoring": "", "name": "", "documentation": "", "probability": "", "conditionexpression": "", "isimmediate": "false", "auditing": ""}, "stencil": {"id": "SequenceFlow"}, "outgoing": [{"resourceId": "sid-E3DD7791-83E8-4B46-9E10-2EA348343433"}], "glossaryLinks": {}, "formats": {}}, {"dockers": [{"y": 20, "x": 20}, {"y": 909.30999876816281358, "x": 220.5}, {"y": 20, "x": 20}], "bounds": {"lowerRight": {"y": 909.30999876816281358, "x": 255.26566708134325268}, "upperLeft": {"y": 823.76701878769677023, "x": 220.09458303326792361}}, "resourceId": "sid-57F76A73-2AB8-49E7-B73B-BA892E2C5191", "layers": [], "labels": [], "target": {"resourceId": "sid-8580D982-FFE7-4E23-85D8-2191E98296E6"}, "childShapes": [], "properties": {"ConditionType": "None", "showdiamondmarker": "false", "bordercolor": "#000000", "monitoring": "", "name": "", "documentation": "", "probability": "", "conditionexpression": "", "isimmediate": "false", "auditing": ""}, "stencil": {"id": "SequenceFlow"}, "outgoing": [{"resourceId": "sid-8580D982-FFE7-4E23-85D8-2191E98296E6"}], "glossaryLinks": {}, "formats": {}}, {"dockers": [{"y": 20, "x": 20}, {"y": 909.30999876816269989, "x": 966}, {"y": 598, "x": 966}, {"y": 598, "x": 695.5}, {"y": 20, "x": 20}], "bounds": {"lowerRight": {"y": 909.30999876816269989, "x": 966}, "upperLeft": {"y": 496.48436653256362661, "x": 695.08224019149201922}}, "resourceId": "sid-4D47F0C6-C6F9-4BCE-A692-89430DDF8B72", "layers": [], "labels": [], "target": {"resourceId": "sid-34CACEF1-71C4-4606-9014-DEAC3BDD5BB6"}, "childShapes": [], "properties": {"ConditionType": "None", "showdiamondmarker": "false", "bordercolor": "#000000", "monitoring": "", "name": "", "documentation": "", "probability": "", "conditionexpression": "", "isimmediate": "false", "auditing": ""}, "stencil": {"id": "SequenceFlow"}, "outgoing": [{"resourceId": "sid-34CACEF1-71C4-4606-9014-DEAC3BDD5BB6"}], "glossaryLinks": {}, "formats": {}}, {"dockers": [{"y": 20, "x": 20}, {"y": 55, "x": 50}], "bounds": {"lowerRight": {"y": 456.46875, "x": 695}, "upperLeft": {"y": 433, "x": 695}}, "resourceId": "sid-5D06625C-039A-4EB6-A3AC-1AA8E61113D5", "layers": [], "labels": [], "target": {"resourceId": "sid-238ADD19-79CC-4F91-9C80-ED283774C436"}, "childShapes": [], "properties": {"ConditionType": "None", "showdiamondmarker": "false", "bordercolor": "#000000", "monitoring": "", "name": "", "documentation": "", "probability": "", "conditionexpression": "", "isimmediate": "false", "auditing": ""}, "stencil": {"id": "SequenceFlow"}, "outgoing": [{"resourceId": "sid-238ADD19-79CC-4F91-9C80-ED283774C436"}], "glossaryLinks": {}, "formats": {}}, {"dockers": [{"y": 26.549996981710023647, "x": 0}, {"y": 131.95000301828997635, "x": 221.5}, {"y": 20, "x": 20}], "bounds": {"lowerRight": {"y": 192.62111372229603035, "x": 296.70001810973985812}, "upperLeft": {"y": 131, "x": 221.12339470529227015}}, "resourceId": "sid-DA477CA5-02AA-4910-A4F9-41D9654CCFBA", "layers": [], "labels": [], "target": {"resourceId": "sid-F47F5CD1-17C4-47A2-8ED8-9FB8880995F3"}, "childShapes": [], "properties": {"ConditionType": "None", "showdiamondmarker": "false", "bordercolor": "#000000", "monitoring": "", "name": "", "documentation": "", "probability": "", "conditionexpression": "", "isimmediate": "false", "auditing": ""}, "stencil": {"id": "SequenceFlow"}, "outgoing": [{"resourceId": "sid-F47F5CD1-17C4-47A2-8ED8-9FB8880995F3"}], "glossaryLinks": {}, "formats": {}}, {"dockers": [{"y": 20, "x": 20}, {"y": 423.70001810973985812, "x": 815.5}, {"y": 26.799981890260141881, "x": 0}], "bounds": {"lowerRight": {"y": 456.52505134278345622, "x": 870}, "upperLeft": {"y": 423, "x": 815.18915677564746147}}, "resourceId": "sid-48D3C469-CBF8-4347-83D6-38BCC21F5504", "layers": [], "labels": [], "target": {"resourceId": "sid-F91539F8-B4D7-4C5F-B3FE-E477C9DAED2C"}, "childShapes": [], "properties": {"ConditionType": "None", "showdiamondmarker": "false", "bordercolor": "#000000", "monitoring": "", "name": "", "documentation": "", "probability": "", "conditionexpression": "", "isimmediate": "false", "auditing": ""}, "stencil": {"id": "SequenceFlow"}, "outgoing": [{"resourceId": "sid-F91539F8-B4D7-4C5F-B3FE-E477C9DAED2C"}], "glossaryLinks": {}, "formats": {}}, {"dockers": [{"y": 79.950008178591588148, "x": 50}, {"y": 0, "x": 50}], "bounds": {"lowerRight": {"y": 659.80999876816281358, "x": 221}, "upperLeft": {"y": 620.04999182140841185, "x": 221}}, "resourceId": "sid-06C62C47-C910-4F29-ABAD-750B02277588", "layers": [], "labels": [], "target": {"resourceId": "sid-9FE93D4F-2F31-4B04-A245-BD32EA206825"}, "childShapes": [], "properties": {"ConditionType": "None", "showdiamondmarker": "false", "bordercolor": "#000000", "monitoring": "", "name": "", "documentation": "", "probability": "", "conditionexpression": "", "isimmediate": "false", "auditing": ""}, "stencil": {"id": "SequenceFlow"}, "outgoing": [{"resourceId": "sid-9FE93D4F-2F31-4B04-A245-BD32EA206825"}], "glossaryLinks": {}, "formats": {}}, {"dockers": [{"y": 20, "x": 20}, {"y": 20, "x": 20}], "bounds": {"lowerRight": {"y": 476.5, "x": 795.25}, "upperLeft": {"y": 476.5, "x": 714.75}}, "resourceId": "sid-FB6722A4-9D8C-436C-86BC-C650F8761C91", "layers": [], "labels": [], "target": {"resourceId": "sid-1B1A714D-2832-460E-924B-C7A4D3284FBB"}, "childShapes": [], "properties": {"ConditionType": "None", "showdiamondmarker": "false", "bordercolor": "#000000", "monitoring": "", "name": "", "documentation": "", "probability": "", "conditionexpression": "", "isimmediate": "false", "auditing": ""}, "stencil": {"id": "SequenceFlow"}, "outgoing": [{"resourceId": "sid-1B1A714D-2832-460E-924B-C7A4D3284FBB"}], "glossaryLinks": {}, "formats": {}}, {"dockers": [{"y": 94.190001231837186424, "x": 50}, {"y": 20, "x": 20}], "bounds": {"lowerRight": {"y": 783.35316946716693565, "x": 220.99337485376440782}, "upperLeft": {"y": 754.32999852583418487, "x": 220.41069724567171306}}, "resourceId": "sid-D94AD26B-6BD0-4FD1-9715-B86F1AA1330D", "layers": [], "labels": [], "target": {"resourceId": "sid-7F8D3CB5-E4CB-45B3-AA0C-94074A2E514B"}, "childShapes": [], "properties": {"ConditionType": "None", "showdiamondmarker": "false", "bordercolor": "#000000", "monitoring": "", "name": "", "documentation": "", "probability": "", "conditionexpression": "", "isimmediate": "false", "auditing": ""}, "stencil": {"id": "SequenceFlow"}, "outgoing": [{"resourceId": "sid-7F8D3CB5-E4CB-45B3-AA0C-94074A2E514B"}], "glossaryLinks": {}, "formats": {}}, {"dockers": [{"y": 20, "x": 20}, {"y": 26.549996981710023647, "x": 99.299981890260141881}], "bounds": {"lowerRight": {"y": 132.09151225277065578, "x": 454.5275368648350991}, "upperLeft": {"y": 131.01305502306900053, "x": 396.70001810973985812}}, "resourceId": "sid-1107BB48-C9CC-49BC-B976-FA46ADF8694F", "layers": [], "labels": [], "target": {"resourceId": "sid-E3BB0C70-8016-4943-9B9F-BB24D1480D7F"}, "childShapes": [], "properties": {"ConditionType": "None", "showdiamondmarker": "false", "bordercolor": "#000000", "monitoring": "", "name": "", "documentation": "", "probability": "", "conditionexpression": "", "isimmediate": "false", "auditing": ""}, "stencil": {"id": "SequenceFlow"}, "outgoing": [{"resourceId": "sid-E3BB0C70-8016-4943-9B9F-BB24D1480D7F"}], "glossaryLinks": {}, "formats": {}}, {"dockers": [{"y": 20, "x": 20}, {"y": 483, "x": 473.75002515241641277}, {"y": 57, "x": 49.249974847583587234}], "bounds": {"lowerRight": {"y": 483, "x": 473.75002515241641277}, "upperLeft": {"y": 434.37880376402409865, "x": 240.75878897257155131}}, "resourceId": "sid-3B609371-57BE-4F24-A04A-960CD8078606", "layers": [], "labels": [{"to": 1, "orientation": "lr", "ref": "text_name", "distance": 7.758388519287109375, "align": "left", "from": 0, "valign": "bottom", "y": 482.70327171150836421, "x": 323.75386039301906749}], "target": {"resourceId": "sid-212B6223-7BF2-4935-B1AB-20C8C33232E0"}, "childShapes": [], "properties": {"ConditionType": "None", "showdiamondmarker": "false", "bordercolor": "#000000", "monitoring": "", "name": "R", "documentation": "", "probability": "", "conditionexpression": "", "isimmediate": "false", "auditing": ""}, "stencil": {"id": "SequenceFlow"}, "outgoing": [{"resourceId": "sid-212B6223-7BF2-4935-B1AB-20C8C33232E0"}], "glossaryLinks": {}, "formats": {}}, {"dockers": [{"y": 0, "x": 50}, {"y": 20, "x": 20}], "bounds": {"lowerRight": {"y": 378, "x": 695}, "upperLeft": {"y": 232.89453125, "x": 695}}, "resourceId": "sid-AB12C4E4-1D9E-4533-A622-333502AC4B62", "layers": [], "labels": [], "target": {"resourceId": "sid-D851F74B-229E-42EA-A219-5B4FEB83C0F8"}, "childShapes": [], "properties": {"ConditionType": "None", "showdiamondmarker": "false", "bordercolor": "#000000", "monitoring": "", "name": "", "documentation": "", "probability": "", "conditionexpression": "", "isimmediate": "false", "auditing": ""}, "stencil": {"id": "SequenceFlow"}, "outgoing": [{"resourceId": "sid-D851F74B-229E-42EA-A219-5B4FEB83C0F8"}], "glossaryLinks": {}, "formats": {}}, {"dockers": [{"y": 20, "x": 20}, {"y": 14, "x": 14}], "bounds": {"lowerRight": {"y": 476.5, "x": 1069.5234375}, "upperLeft": {"y": 476.5, "x": 1035.40625}}, "resourceId": "sid-E70C2E1D-CE1B-470C-B4A5-546856E2F35D", "layers": [], "labels": [], "target": {"resourceId": "sid-85BD9721-30AD-4C76-AA6A-3A51403FE589"}, "childShapes": [], "properties": {"ConditionType": "None", "showdiamondmarker": "false", "bordercolor": "#000000", "monitoring": "", "name": "", "documentation": "", "probability": "", "conditionexpression": "", "isimmediate": "false", "auditing": ""}, "stencil": {"id": "SequenceFlow"}, "outgoing": [{"resourceId": "sid-85BD9721-30AD-4C76-AA6A-3A51403FE589"}], "glossaryLinks": {}, "formats": {}}, {"dockers": [{"y": 33.5, "x": 100}, {"y": 523, "x": 1015.5}, {"y": 20, "x": 20}], "bounds": {"lowerRight": {"y": 523, "x": 1015.5}, "upperLeft": {"y": 496.39056719486109159, "x": 970}}, "resourceId": "sid-57C23822-2AD4-4D42-A8F0-B59A55F5AC20", "layers": [], "labels": [], "target": {"resourceId": "sid-72980CD9-9A72-42D7-9F87-5F7F0E2DF04E"}, "childShapes": [], "properties": {"ConditionType": "None", "showdiamondmarker": "false", "bordercolor": "#000000", "monitoring": "", "name": "", "documentation": "", "probability": "", "conditionexpression": "", "isimmediate": "false", "auditing": ""}, "stencil": {"id": "SequenceFlow"}, "outgoing": [{"resourceId": "sid-72980CD9-9A72-42D7-9F87-5F7F0E2DF04E"}], "glossaryLinks": {}, "formats": {}}, {"dockers": [{"y": 20, "x": 20}, {"y": 14, "x": 14}], "bounds": {"lowerRight": {"y": 212.5, "x": 294.25}, "upperLeft": {"y": 212.5, "x": 241.25}}, "resourceId": "sid-70A9CFD2-3D27-4172-BC34-F7421FD093E1", "layers": [], "labels": [], "target": {"resourceId": "sid-A5F43899-4C29-4B20-9AE6-0AAF76E15F17"}, "childShapes": [], "properties": {"ConditionType": "None", "showdiamondmarker": "false", "bordercolor": "#000000", "monitoring": "", "name": "", "documentation": "", "probability": "", "conditionexpression": "", "isimmediate": "false", "auditing": ""}, "stencil": {"id": "SequenceFlow"}, "outgoing": [{"resourceId": "sid-A5F43899-4C29-4B20-9AE6-0AAF76E15F17"}], "glossaryLinks": {}, "formats": {}}, {"dockers": [{"y": 20, "x": 20}, {"y": 804.30999876816281358, "x": 356.949981689453125}, {"y": 20, "x": 20}], "bounds": {"lowerRight": {"y": 804.30999876816281358, "x": 684.37829463716400369}, "upperLeft": {"y": 486.7999586845412523, "x": 240.25858451036231145}}, "resourceId": "sid-7EA98BF6-4673-40D8-B378-3F5B1164AB7C", "layers": [], "labels": [], "target": {"resourceId": "sid-34CACEF1-71C4-4606-9014-DEAC3BDD5BB6"}, "childShapes": [], "properties": {"ConditionType": "None", "showdiamondmarker": "false", "bordercolor": "#000000", "monitoring": "", "name": "", "documentation": "", "probability": "", "conditionexpression": "", "isimmediate": "false", "auditing": ""}, "stencil": {"id": "SequenceFlow"}, "outgoing": [{"resourceId": "sid-34CACEF1-71C4-4606-9014-DEAC3BDD5BB6"}], "glossaryLinks": {}, "formats": {}}, {"dockers": [{"y": 0, "x": 49.249974847583587234}, {"y": 20, "x": 20}], "bounds": {"lowerRight": {"y": 377, "x": 473.68836249142498218}, "upperLeft": {"y": 152.55546682939626635, "x": 473}}, "resourceId": "sid-8E9A9341-2977-4607-A1FA-F9467BE09FFE", "layers": [], "labels": [], "target": {"resourceId": "sid-B680AA96-11F3-4713-BC37-26FF989A3882"}, "childShapes": [], "properties": {"ConditionType": "None", "showdiamondmarker": "false", "bordercolor": "#000000", "monitoring": "", "name": "", "documentation": "", "probability": "", "conditionexpression": "", "isimmediate": "false", "auditing": ""}, "stencil": {"id": "SequenceFlow"}, "outgoing": [{"resourceId": "sid-B680AA96-11F3-4713-BC37-26FF989A3882"}], "glossaryLinks": {}, "formats": {}}, {"dockers": [{"y": 20, "x": 20}, {"y": 0, "x": 50}], "bounds": {"lowerRight": {"y": 540.04999182140841185, "x": 221}, "upperLeft": {"y": 502.38359106639967422, "x": 221}}, "resourceId": "sid-F78E0BA4-2C99-425E-B210-D28A9991182E", "layers": [], "labels": [], "target": {"resourceId": "sid-412D4E32-1C40-43F3-906E-924962135947"}, "childShapes": [], "properties": {"ConditionType": "None", "showdiamondmarker": "false", "bordercolor": "#000000", "monitoring": "", "name": "S", "documentation": "", "probability": "", "conditionexpression": "", "isimmediate": "false", "auditing": ""}, "stencil": {"id": "SequenceFlow"}, "outgoing": [{"resourceId": "sid-412D4E32-1C40-43F3-906E-924962135947"}], "glossaryLinks": {}, "formats": {}}, {"dockers": [{"y": 20, "x": 20}, {"y": 0, "x": 50}], "bounds": {"lowerRight": {"y": 275, "x": 221}, "upperLeft": {"y": 232.0546875, "x": 221}}, "resourceId": "sid-FB4F296E-8AEB-4CC9-90E9-26D1CF5A7897", "layers": [], "labels": [], "target": {"resourceId": "sid-FE5B2A1B-928F-4126-92D2-79C0148141F0"}, "childShapes": [], "properties": {"ConditionType": "None", "showdiamondmarker": "false", "bordercolor": "#000000", "monitoring": "", "name": "", "documentation": "", "probability": "", "conditionexpression": "", "isimmediate": "false", "auditing": ""}, "stencil": {"id": "SequenceFlow"}, "outgoing": [{"resourceId": "sid-FE5B2A1B-928F-4126-92D2-79C0148141F0"}], "glossaryLinks": {}, "formats": {}}, {"dockers": [{"y": 20, "x": 20}, {"y": 836.02321838436751023, "x": 275.5}, {"y": 39.976781615632489775, "x": 0}], "bounds": {"lowerRight": {"y": 888.47603382206796141, "x": 617.09998970103276861}, "upperLeft": {"y": 836, "x": 275.13968171719420752}}, "resourceId": "sid-E8E75BE1-3962-44A9-BD1A-8F2E769AD33E", "layers": [], "labels": [{"to": 2, "orientation": "lr", "ref": "text_name", "distance": 7.0006184577941894531, "align": "right", "from": 1, "valign": "bottom", "y": 836.00061849884536969, "x": 608.00033849951682896}], "target": {"resourceId": "sid-20B3332C-0346-4FA6-87A0-515136FEE840"}, "childShapes": [], "properties": {"ConditionType": "None", "showdiamondmarker": "false", "bordercolor": "#000000", "monitoring": "", "name": "T", "documentation": "", "probability": "", "conditionexpression": "", "isimmediate": "false", "auditing": ""}, "stencil": {"id": "SequenceFlow"}, "outgoing": [{"resourceId": "sid-20B3332C-0346-4FA6-87A0-515136FEE840"}], "glossaryLinks": {}, "formats": {}}, {"dockers": [{"y": 20, "x": 20}, {"y": 962.02321838436751023, "x": 275.5}, {"y": 26.976781615632489775, "x": 0}], "bounds": {"lowerRight": {"y": 962.02321838436751023, "x": 617.09998970103276861}, "upperLeft": {"y": 928.93345542673466753, "x": 275.18908324664164411}}, "resourceId": "sid-672F1924-CD4D-49D3-9AC3-BA2B3098F268", "layers": [], "labels": [{"to": 2, "orientation": "ce", "ref": "text_name", "distance": -11.980961799621582031, "align": "center", "from": 1, "valign": "middle", "y": 962.01903831477147833, "x": 336.99918565988906494}], "target": {"resourceId": "sid-92367C3E-4FF4-48F9-A178-F64389979B41"}, "childShapes": [], "properties": {"ConditionType": "None", "showdiamondmarker": "false", "bordercolor": "#000000", "monitoring": "", "name": "U", "documentation": "", "probability": "", "conditionexpression": "", "isimmediate": "false", "auditing": ""}, "stencil": {"id": "SequenceFlow"}, "outgoing": [{"resourceId": "sid-92367C3E-4FF4-48F9-A178-F64389979B41"}], "glossaryLinks": {}, "formats": {}}, {"dockers": [], "bounds": {"lowerRight": {"y": 823.80999876816281358, "x": 240}, "upperLeft": {"y": 783.80999876816281358, "x": 200}}, "resourceId": "sid-7F8D3CB5-E4CB-45B3-AA0C-94074A2E514B", "layers": [], "labels": [], "childShapes": [], "properties": {"xortype": "Data", "monitoring": "", "defaultgate": "", "gatewaytype": "XOR", "gates": "", "assignments": "", "bgcolor": "#ffffff", "bordercolor": "#000000", "pool": "", "gate_assignments": "", "markervisible": "true", "name": "", "documentation": "", "gates_assignments": "", "categories": "", "auditing": "", "gate_outgoingsequenceflow": "", "lanes": "", "gates_outgoingsequenceflow": "", "processid": ""}, "stencil": {"id": "Exclusive_Databased_Gateway"}, "outgoing": [{"resourceId": "sid-57F76A73-2AB8-49E7-B73B-BA892E2C5191"}, {"resourceId": "sid-7EA98BF6-4673-40D8-B378-3F5B1164AB7C"}], "glossaryLinks": {}, "formats": {}}, {"dockers": [], "bounds": {"lowerRight": {"y": 876.02321838436751023, "x": 717.09998970103276861}, "upperLeft": {"y": 796.02321838436751023, "x": 617.09998970103276861}}, "resourceId": "sid-20B3332C-0346-4FA6-87A0-515136FEE840", "layers": [], "labels": [], "childShapes": [], "properties": {"resources": "", "outmsgstructure": "", "applyincalc": "true", "loopcardinality": "", "outmessagename": "", "inmessagename": "", "bgcolor": "#ffffcc", "bordercolor": "#000000", "time": "", "loopdataoutput": "", "testbefore": "false", "callacitivity": "false", "outmsgiscollection": "false", "monitoring": "", "operationname": "", "dataoutputset": "", "completionquantity": "1", "properties": "", "script": "", "assignments": "", "nonebehavioreventref": "signal", "scriptformat": "", "datainputset": "", "processid": "", "startquantity": "1", "tasktype": "None", "looptype": "None", "instantiate": "false", "behavior": "all", "inmsgimport": "", "costs": "", "inputdataitem": "", "loopdatainput": "", "name": "V", "outmsgitemkind": "Information", "costcenter": "", "completioncondition": "", "isforcompensation": "false", "inmsgiscollection": "false", "inmsgitemkind": "Information", "inmsgstructure": "", "outputdataitem": "", "messageref": "", "loopcondition": "", "onebehavioreventref:": "signal", "implementation": "webService", "operationref": "", "outmsgimport": "", "documentation": "", "categories": "", "auditing": "", "complexbehaviordefinition": ""}, "stencil": {"id": "Task"}, "outgoing": [{"resourceId": "sid-87C6B8E9-E8BF-468F-BADA-5613B89CC946"}], "glossaryLinks": {}, "formats": {}}, {"dockers": [], "bounds": {"lowerRight": {"y": 863.02321838436751023, "x": 865}, "upperLeft": {"y": 808.02321838436751023, "x": 765}}, "resourceId": "sid-8C0B9002-E824-4A6C-9E1C-6492A7394BE4", "layers": [], "labels": [], "childShapes": [], "properties": {"resources": "", "outmsgstructure": "", "applyincalc": "true", "loopcardinality": "", "outmessagename": "", "inmessagename": "", "bgcolor": "#ffffcc", "bordercolor": "#000000", "time": "", "loopdataoutput": "", "testbefore": "false", "callacitivity": "false", "outmsgiscollection": "false", "monitoring": "", "operationname": "", "dataoutputset": "", "completionquantity": "1", "properties": "", "script": "", "assignments": "", "nonebehavioreventref": "signal", "scriptformat": "", "datainputset": "", "processid": "", "startquantity": "1", "tasktype": "None", "looptype": "None", "instantiate": "false", "behavior": "all", "inmsgimport": "", "costs": "", "inputdataitem": "", "loopdatainput": "", "name": "W", "outmsgitemkind": "Information", "costcenter": "", "completioncondition": "", "isforcompensation": "false", "inmsgiscollection": "false", "inmsgitemkind": "Information", "inmsgstructure": "", "outputdataitem": "", "messageref": "", "loopcondition": "", "onebehavioreventref:": "signal", "implementation": "webService", "operationref": "", "outmsgimport": "", "documentation": "", "categories": "", "auditing": "", "complexbehaviordefinition": ""}, "stencil": {"id": "Task"}, "outgoing": [{"resourceId": "sid-49410003-722E-46E7-8859-015B10B2F77D"}, {"resourceId": "sid-55ED4188-A989-4A96-A5B4-9FC9ABFAFD06"}, {"resourceId": "sid-337B8563-865D-438D-8C01-E30DA89ECFD2"}], "glossaryLinks": {}, "formats": {}}, {"dockers": [{"y": 0, "x": 11.674728015562777728}], "bounds": {"lowerRight": {"y": 823.02321838436751023, "x": 791.67472801556277773}, "upperLeft": {"y": 793.02321838436751023, "x": 761.67472801556277773}}, "resourceId": "sid-55ED4188-A989-4A96-A5B4-9FC9ABFAFD06", "layers": [], "labels": [], "childShapes": [], "properties": {"trigger": "Timer", "bordercolor": "#000000", "timeduration": "", "monitoring": "", "timedate": "", "name": "", "documentation": "", "timecycle": "", "auditing": "", "boundarycancelactivity2": "true", "bgcolor": "#ffffff"}, "stencil": {"id": "IntermediateTimerEvent"}, "outgoing": [{"resourceId": "sid-3ED14EC5-D9FF-4001-B9E4-FAED363D02F6"}], "glossaryLinks": {}, "formats": {}}, {"dockers": [{"y": 0, "x": 84.899986066103224402}], "bounds": {"lowerRight": {"y": 823.02321838436751023, "x": 864.8999860661032244}, "upperLeft": {"y": 793.02321838436751023, "x": 834.8999860661032244}}, "resourceId": "sid-337B8563-865D-438D-8C01-E30DA89ECFD2", "layers": [], "labels": [{"ref": "text_name", "align": "left", "valign": "middle", "right": true, "y": 15, "x": 36}], "childShapes": [], "properties": {"trigger": "Timer", "bordercolor": "#000000", "timeduration": "", "monitoring": "", "timedate": "", "name": "X", "documentation": "", "timecycle": "", "auditing": "", "boundarycancelactivity2": "true", "bgcolor": "#ffffff"}, "stencil": {"id": "IntermediateTimerEvent"}, "outgoing": [{"resourceId": "sid-443BD6A1-23A4-4FC8-A8EB-A12F16986F06"}], "glossaryLinks": {}, "formats": {}}, {"dockers": [{"y": 15, "x": 15}, {"y": 678.32478563155871143, "x": 305}, {"y": 543.74999242722992676, "x": 305}, {"y": 39.999999999999943157, "x": 7.0000060582160017475}], "bounds": {"lowerRight": {"y": 678.32478563155871143, "x": 362.90625}, "upperLeft": {"y": 543.74999242722992676, "x": 286.87456775446435131}}, "resourceId": "sid-13F2220B-6388-493A-8CB8-40D6E809A0FF", "layers": [], "labels": [], "target": {"resourceId": "sid-6910BDDE-B6FF-4975-8577-D5CF2166DAC5"}, "childShapes": [], "properties": {"ConditionType": "None", "showdiamondmarker": "false", "bordercolor": "#000000", "monitoring": "", "name": "", "documentation": "", "probability": "", "conditionexpression": "", "isimmediate": "false", "auditing": ""}, "stencil": {"id": "SequenceFlow"}, "outgoing": [{"resourceId": "sid-6910BDDE-B6FF-4975-8577-D5CF2166DAC5"}], "glossaryLinks": {}, "formats": {}}, {"dockers": [{"y": 15, "x": 15}, {"y": 719.3999890952112537, "x": 412.99999394178399825}, {"y": 68.5000090873239742, "x": 50}], "bounds": {"lowerRight": {"y": 719.3999890952112537, "x": 412.99999394178399825}, "upperLeft": {"y": 674.4999909126760258, "x": 286.42184958896530134}}, "resourceId": "sid-97CA52F0-4A75-45A0-AF35-7B4B9211B5DF", "layers": [], "labels": [], "target": {"resourceId": "sid-5B29F15D-EBA8-432A-AE2A-FA4E562FB866"}, "childShapes": [], "properties": {"ConditionType": "None", "showdiamondmarker": "false", "bordercolor": "#000000", "monitoring": "", "name": "", "documentation": "", "probability": "", "conditionexpression": "", "isimmediate": "false", "auditing": ""}, "stencil": {"id": "SequenceFlow"}, "outgoing": [{"resourceId": "sid-5B29F15D-EBA8-432A-AE2A-FA4E562FB866"}], "glossaryLinks": {}, "formats": {}}, {"dockers": [], "bounds": {"lowerRight": {"y": 227.5, "x": 103}, "upperLeft": {"y": 197.5, "x": 73}}, "resourceId": "sid-37C79AC4-6808-4659-977E-625C1C0AF986", "layers": [], "labels": [], "childShapes": [], "properties": {"trigger": "None", "monitoring": "", "outputset": "", "applyincalc": "true", "frequency": "", "bgcolor": "#ffffff", "bordercolor": "#000000", "dataoutputassociations": "", "name": "", "dataoutput": "", "documentation": "", "auditing": "", "processid": ""}, "stencil": {"id": "StartNoneEvent"}, "outgoing": [{"resourceId": "sid-0C73FB47-89F4-44C3-893F-18FEFA78021A"}], "glossaryLinks": {}, "formats": {}}, {"dockers": [], "bounds": {"lowerRight": {"y": 232.5, "x": 715}, "upperLeft": {"y": 192.5, "x": 675}}, "resourceId": "sid-D851F74B-229E-42EA-A219-5B4FEB83C0F8", "layers": [], "labels": [], "childShapes": [], "properties": {"xortype": "Data", "monitoring": "", "defaultgate": "", "gatewaytype": "XOR", "gates": "", "assignments": "", "bgcolor": "#ffffff", "bordercolor": "#000000", "pool": "", "gate_assignments": "", "markervisible": "true", "name": "", "documentation": "", "gates_assignments": "", "categories": "", "auditing": "", "gate_outgoingsequenceflow": "", "lanes": "", "gates_outgoingsequenceflow": "", "processid": ""}, "stencil": {"id": "Exclusive_Databased_Gateway"}, "outgoing": [{"resourceId": "sid-5068C180-1ECF-42B8-BBE4-D34118FA3BFF"}, {"resourceId": "sid-55EB0A0C-B61A-4AFD-A95E-627C44C18EB3"}], "glossaryLinks": {}, "formats": {}}, {"dockers": [], "bounds": {"lowerRight": {"y": 152.45000301828997635, "x": 493.75002515241641277}, "upperLeft": {"y": 112.45000301828997635, "x": 453.75002515241641277}}, "resourceId": "sid-B680AA96-11F3-4713-BC37-26FF989A3882", "layers": [], "labels": [], "childShapes": [], "properties": {"xortype": "Data", "monitoring": "", "defaultgate": "", "gatewaytype": "XOR", "gates": "", "assignments": "", "bgcolor": "#ffffff", "bordercolor": "#000000", "pool": "", "gate_assignments": "", "markervisible": "true", "name": "", "documentation": "", "gates_assignments": "", "categories": "", "auditing": "", "gate_outgoingsequenceflow": "", "lanes": "", "gates_outgoingsequenceflow": "", "processid": ""}, "stencil": {"id": "Exclusive_Databased_Gateway"}, "outgoing": [{"resourceId": "sid-1107BB48-C9CC-49BC-B976-FA46ADF8694F"}], "glossaryLinks": {}, "formats": {}}, {"dockers": [], "bounds": {"lowerRight": {"y": 226.5, "x": 1098}, "upperLeft": {"y": 198.5, "x": 1070}}, "resourceId": "sid-CBDBE113-50DA-4B2E-AAD9-7DD769F3219B", "layers": [], "labels": [], "childShapes": [], "properties": {"inputset": "", "trigger": "None", "bordercolor": "#000000", "monitoring": "", "datainputassociations": "", "name": "", "documentation": "", "auditing": "", "datainput": "", "bgcolor": "#ffffff"}, "stencil": {"id": "EndNoneEvent"}, "outgoing": [], "glossaryLinks": {}, "formats": {}}, {"dockers": [], "bounds": {"lowerRight": {"y": 159.45000301828997635, "x": 396.70001810973985812}, "upperLeft": {"y": 104.45000301828997635, "x": 296.70001810973985812}}, "resourceId": "sid-E3BB0C70-8016-4943-9B9F-BB24D1480D7F", "layers": [], "labels": [], "childShapes": [], "properties": {"resources": "", "outmsgstructure": "", "applyincalc": "true", "loopcardinality": "", "outmessagename": "", "inmessagename": "", "bgcolor": "#ffffcc", "bordercolor": "#000000", "time": "", "loopdataoutput": "", "testbefore": "false", "callacitivity": "false", "outmsgiscollection": "false", "monitoring": "", "operationname": "", "dataoutputset": "", "completionquantity": "1", "properties": "", "script": "", "assignments": "", "nonebehavioreventref": "signal", "scriptformat": "", "datainputset": "", "processid": "", "startquantity": "1", "tasktype": "None", "looptype": "None", "instantiate": "false", "behavior": "all", "inmsgimport": "", "costs": "", "inputdataitem": "", "loopdatainput": "", "name": "Y", "outmsgitemkind": "Information", "costcenter": "", "completioncondition": "", "isforcompensation": "false", "inmsgiscollection": "false", "inmsgitemkind": "Information", "inmsgstructure": "", "outputdataitem": "", "messageref": "", "loopcondition": "", "onebehavioreventref:": "signal", "implementation": "webService", "operationref": "", "outmsgimport": "", "documentation": "", "categories": "", "auditing": "", "complexbehaviordefinition": ""}, "stencil": {"id": "Task"}, "outgoing": [{"resourceId": "sid-DA477CA5-02AA-4910-A4F9-41D9654CCFBA"}], "glossaryLinks": {}, "formats": {}}, {"dockers": [], "bounds": {"lowerRight": {"y": 329, "x": 130}, "upperLeft": {"y": 275, "x": 45}}, "resourceId": "sid-0CB1E3EA-CD11-49CA-8B2A-E42BC521CB8B", "layers": [], "labels": [], "childShapes": [], "properties": {"resources": "", "outmsgstructure": "", "applyincalc": "true", "loopcardinality": "", "outmessagename": "", "inmessagename": "", "bgcolor": "#ffffcc", "bordercolor": "#000000", "time": "", "loopdataoutput": "", "testbefore": "false", "callacitivity": "false", "outmsgiscollection": "false", "monitoring": "", "operationname": "", "dataoutputset": "", "completionquantity": "1", "properties": "", "script": "", "assignments": "", "nonebehavioreventref": "signal", "scriptformat": "", "datainputset": "", "processid": "", "startquantity": "1", "tasktype": "None", "looptype": "None", "instantiate": "false", "behavior": "all", "inmsgimport": "", "costs": "", "inputdataitem": "", "loopdatainput": "", "name": "Z", "outmsgitemkind": "Information", "costcenter": "", "completioncondition": "", "isforcompensation": "false", "inmsgiscollection": "false", "inmsgitemkind": "Information", "inmsgstructure": "", "outputdataitem": "", "messageref": "", "loopcondition": "", "onebehavioreventref:": "signal", "implementation": "webService", "operationref": "", "outmsgimport": "", "documentation": "", "categories": "", "auditing": "", "complexbehaviordefinition": ""}, "stencil": {"id": "Task"}, "outgoing": [{"resourceId": "sid-22BEA877-D22D-4A6F-8ED4-D9DCBAD398A0"}], "glossaryLinks": {}, "formats": {}}, {"dockers": [], "bounds": {"lowerRight": {"y": 329, "x": 271}, "upperLeft": {"y": 275, "x": 171}}, "resourceId": "sid-FE5B2A1B-928F-4126-92D2-79C0148141F0", "layers": [], "labels": [], "childShapes": [], "properties": {"resources": "", "outmsgstructure": "", "applyincalc": "true", "loopcardinality": "", "outmessagename": "", "inmessagename": "", "bgcolor": "#ffffcc", "bordercolor": "#000000", "time": "", "loopdataoutput": "", "testbefore": "false", "callacitivity": "false", "outmsgiscollection": "false", "monitoring": "", "operationname": "", "dataoutputset": "", "completionquantity": "1", "properties": "", "script": "", "assignments": "", "nonebehavioreventref": "signal", "scriptformat": "", "datainputset": "", "processid": "", "startquantity": "1", "tasktype": "None", "looptype": "None", "instantiate": "false", "behavior": "all", "inmsgimport": "", "costs": "", "inputdataitem": "", "loopdatainput": "", "name": "AA", "outmsgitemkind": "Information", "costcenter": "", "completioncondition": "", "isforcompensation": "false", "inmsgiscollection": "false", "inmsgitemkind": "Information", "inmsgstructure": "", "outputdataitem": "", "messageref": "", "loopcondition": "", "onebehavioreventref:": "signal", "implementation": "webService", "operationref": "", "outmsgimport": "", "documentation": "", "categories": "", "auditing": "", "complexbehaviordefinition": ""}, "stencil": {"id": "Task"}, "outgoing": [{"resourceId": "sid-CE7A0C17-D157-4FAB-8B77-CFFE4652B490"}], "glossaryLinks": {}, "formats": {}}, {"dockers": [], "bounds": {"lowerRight": {"y": 252.64869682982779864, "x": 970}, "upperLeft": {"y": 172.64869682982779864, "x": 870}}, "resourceId": "sid-117DA277-CFE3-46B6-AE1A-BA47C48C9B17", "layers": [], "labels": [], "childShapes": [], "properties": {"resources": "", "outmsgstructure": "", "applyincalc": "true", "loopcardinality": "", "outmessagename": "", "inmessagename": "", "bgcolor": "#ffffcc", "bordercolor": "#000000", "time": "", "loopdataoutput": "", "testbefore": "false", "callacitivity": "false", "outmsgiscollection": "false", "monitoring": "", "operationname": "", "dataoutputset": "", "completionquantity": "1", "properties": "", "script": "", "assignments": "", "nonebehavioreventref": "signal", "scriptformat": "", "datainputset": "", "processid": "", "startquantity": "1", "tasktype": "None", "looptype": "None", "instantiate": "false", "behavior": "all", "inmsgimport": "", "costs": "", "inputdataitem": "", "loopdatainput": "", "name": "AB", "outmsgitemkind": "Information", "costcenter": "", "completioncondition": "", "isforcompensation": "false", "inmsgiscollection": "false", "inmsgitemkind": "Information", "inmsgstructure": "", "outputdataitem": "", "messageref": "", "loopcondition": "", "onebehavioreventref:": "signal", "implementation": "webService", "operationref": "", "outmsgimport": "", "documentation": "", "categories": "", "auditing": "", "complexbehaviordefinition": ""}, "stencil": {"id": "Task"}, "outgoing": [{"resourceId": "sid-5F97B224-8BFA-4F69-BA3D-45A8659DC2DA"}], "glossaryLinks": {}, "formats": {}}, {"dockers": [], "bounds": {"lowerRight": {"y": 232.5, "x": 241}, "upperLeft": {"y": 192.5, "x": 201}}, "resourceId": "sid-F47F5CD1-17C4-47A2-8ED8-9FB8880995F3", "layers": [], "labels": [], "childShapes": [], "properties": {"xortype": "Data", "monitoring": "", "defaultgate": "", "gatewaytype": "XOR", "gates": "", "assignments": "", "bgcolor": "#ffffff", "bordercolor": "#000000", "pool": "", "gate_assignments": "", "markervisible": "true", "name": "", "documentation": "", "gates_assignments": "", "categories": "", "auditing": "", "gate_outgoingsequenceflow": "", "lanes": "", "gates_outgoingsequenceflow": "", "processid": ""}, "stencil": {"id": "Exclusive_Databased_Gateway"}, "outgoing": [{"resourceId": "sid-70A9CFD2-3D27-4172-BC34-F7421FD093E1"}, {"resourceId": "sid-FB4F296E-8AEB-4CC9-90E9-26D1CF5A7897"}], "glossaryLinks": {}, "formats": {}}, {"dockers": [], "bounds": {"lowerRight": {"y": 226.5, "x": 323}, "upperLeft": {"y": 198.5, "x": 295}}, "resourceId": "sid-A5F43899-4C29-4B20-9AE6-0AAF76E15F17", "layers": [], "labels": [], "childShapes": [], "properties": {"inputset": "", "trigger": "None", "bordercolor": "#000000", "monitoring": "", "datainputassociations": "", "name": "", "documentation": "", "auditing": "", "datainput": "", "bgcolor": "#ffffff"}, "stencil": {"id": "EndNoneEvent"}, "outgoing": [], "glossaryLinks": {}, "formats": {}}, {"dockers": [{"y": 27, "x": 50}, {"y": 40, "x": 50}], "bounds": {"lowerRight": {"y": 366, "x": 221}, "upperLeft": {"y": 329, "x": 221}}, "resourceId": "sid-CE7A0C17-D157-4FAB-8B77-CFFE4652B490", "layers": [], "labels": [], "target": {"resourceId": "sid-C8C31F46-D91F-4932-B9A3-CEFFBA0F5CBC"}, "childShapes": [], "properties": {"ConditionType": "None", "showdiamondmarker": "false", "bordercolor": "#000000", "monitoring": "", "name": "", "documentation": "", "probability": "", "conditionexpression": "", "isimmediate": "false", "auditing": ""}, "stencil": {"id": "SequenceFlow"}, "outgoing": [{"resourceId": "sid-C8C31F46-D91F-4932-B9A3-CEFFBA0F5CBC"}], "glossaryLinks": {}, "formats": {}}, {"dockers": [{"y": 15, "x": 15}, {"y": 0, "x": 43}], "bounds": {"lowerRight": {"y": 275, "x": 88}, "upperLeft": {"y": 228.1484375, "x": 88}}, "resourceId": "sid-0C73FB47-89F4-44C3-893F-18FEFA78021A", "layers": [], "labels": [], "target": {"resourceId": "sid-0CB1E3EA-CD11-49CA-8B2A-E42BC521CB8B"}, "childShapes": [], "properties": {"ConditionType": "None", "showdiamondmarker": "false", "bordercolor": "#000000", "monitoring": "", "name": "", "documentation": "", "probability": "", "conditionexpression": "", "isimmediate": "false", "auditing": ""}, "stencil": {"id": "SequenceFlow"}, "outgoing": [{"resourceId": "sid-0CB1E3EA-CD11-49CA-8B2A-E42BC521CB8B"}], "glossaryLinks": {}, "formats": {}}, {"dockers": [{"y": 27, "x": 36}, {"y": 27, "x": 0}], "bounds": {"lowerRight": {"y": 302, "x": 171}, "upperLeft": {"y": 302, "x": 130}}, "resourceId": "sid-22BEA877-D22D-4A6F-8ED4-D9DCBAD398A0", "layers": [], "labels": [], "target": {"resourceId": "sid-FE5B2A1B-928F-4126-92D2-79C0148141F0"}, "childShapes": [], "properties": {"ConditionType": "None", "showdiamondmarker": "false", "bordercolor": "#000000", "monitoring": "", "name": "", "documentation": "", "probability": "", "conditionexpression": "", "isimmediate": "false", "auditing": ""}, "stencil": {"id": "SequenceFlow"}, "outgoing": [{"resourceId": "sid-FE5B2A1B-928F-4126-92D2-79C0148141F0"}], "glossaryLinks": {}, "formats": {}}], "properties": {"orientation": "horizontal", "monitoring": "", "modificationdate": "", "creationdate": "", "namespaces": "", "version": "", "targetnamespace": "http://www.signavio.com/bpmn20", "author": "", "title": "AC", "name": "", "documentation": "", "language": "English", "typelanguage": "http://www.w3.org/2001/XMLSchema", "auditing": "", "expressionlanguage": "http://www.w3.org/1999/XPath"}, "offset": {"y": -0.0000015593467423968832009, "x": 0}, "ssextensions": [], "stencilset": {"url": "/stencilsets/bpmn2.0/bpmn2.0.json?version=5.4.1", "namespace": "http://b3mn.org/stencilset/bpmn2.0#"}, "stencil": {"id": "BPMNDiagram"}, "formats": {}}