{"bounds": {"lowerRight": {"y": 1050, "x": 1485}, "upperLeft": {"y": 0, "x": 0}}, "resourceId": "canvas", "childShapes": [{"dockers": [], "bounds": {"lowerRight": {"y": 275, "x": 160}, "upperLeft": {"y": 195, "x": 60}}, "resourceId": "sid-28A1C5E7-D038-42F4-AD7E-48C71D1E4B73", "layers": [], "labels": [], "childShapes": [], "properties": {"subprocesstype": "Embedded", "startquantity": "1", "looptype": "None", "processref": "", "transaction": "", "adhoccancelremaininginstances": "true", "behavior": "all", "applyincalc": "true", "loopcardinality": "", "bgcolor": "#ffffcc", "costs": "", "inputdataitem": "", "bordercolor": "#000000", "loopdatainput": "", "time": "", "transactionmethod": "compensate", "loopdataoutput": "", "testbefore": "false", "isatransaction": "false", "name": "A", "costcenter": "", "activitytype": "Sub-Process", "completioncondition": "", "isforcompensation": "false", "adhoccompletioncondition": "", "adhocordering": "Sequential", "callacitivity": "false", "outputmaps": "", "monitoring": "", "dataoutputset": "", "completionquantity": "1", "isadhoc": "false", "outputdataitem": "", "properties": "", "assignments": "", "nonebehavioreventref": "signal", "loopcondition": "", "onebehavioreventref:": "signal", "inputmaps": "", "entry": "", "documentation": "", "diagramref": "", "categories": "", "auditing": "", "complexbehaviordefinition": "", "datainputset": "", "processid": ""}, "stencil": {"id": "CollapsedSubprocess"}, "outgoing": [], "glossaryLinks": {}, "formats": {}}, {"dockers": [], "bounds": {"lowerRight": {"y": 275, "x": 325}, "upperLeft": {"y": 195, "x": 225}}, "resourceId": "sid-71FF47DE-7DE7-4DAA-8D64-DF82879CFC85", "layers": [], "labels": [], "childShapes": [], "properties": {"subprocesstype": "Embedded", "startquantity": "1", "looptype": "None", "processref": "", "transaction": "", "adhoccancelremaininginstances": "true", "behavior": "all", "applyincalc": "true", "loopcardinality": "", "bgcolor": "#ffffcc", "costs": "", "inputdataitem": "", "bordercolor": "#000000", "loopdatainput": "", "time": "", "transactionmethod": "compensate", "loopdataoutput": "", "testbefore": "false", "isatransaction": "false", "name": "B", "costcenter": "", "activitytype": "Sub-Process", "completioncondition": "", "isforcompensation": "false", "adhoccompletioncondition": "", "adhocordering": "Sequential", "callacitivity": "false", "outputmaps": "", "monitoring": "", "dataoutputset": "", "completionquantity": "1", "isadhoc": "false", "outputdataitem": "", "properties": "", "assignments": "", "nonebehavioreventref": "signal", "loopcondition": "", "onebehavioreventref:": "signal", "inputmaps": "", "entry": "", "documentation": "", "diagramref": "", "categories": "", "auditing": "", "complexbehaviordefinition": "", "datainputset": "", "processid": ""}, "stencil": {"id": "CollapsedSubprocess"}, "outgoing": [], "glossaryLinks": {}, "formats": {}}, {"dockers": [], "bounds": {"lowerRight": {"y": 275, "x": 475}, "upperLeft": {"y": 195, "x": 375}}, "resourceId": "sid-2CC418F9-3E63-4EAB-A483-A08750674A30", "layers": [], "labels": [], "childShapes": [], "properties": {"subprocesstype": "Embedded", "startquantity": "1", "looptype": "None", "processref": "", "transaction": "", "adhoccancelremaininginstances": "true", "behavior": "all", "applyincalc": "true", "loopcardinality": "", "bgcolor": "#ffffcc", "costs": "", "inputdataitem": "", "bordercolor": "#000000", "loopdatainput": "", "time": "", "transactionmethod": "compensate", "loopdataoutput": "", "testbefore": "false", "isatransaction": "false", "name": "C", "costcenter": "", "activitytype": "Sub-Process", "completioncondition": "", "isforcompensation": "false", "adhoccompletioncondition": "", "adhocordering": "Sequential", "callacitivity": "false", "outputmaps": "", "monitoring": "", "dataoutputset": "", "completionquantity": "1", "isadhoc": "false", "outputdataitem": "", "properties": "", "assignments": "", "nonebehavioreventref": "signal", "loopcondition": "", "onebehavioreventref:": "signal", "inputmaps": "", "entry": "", "documentation": "", "diagramref": "", "categories": "", "auditing": "", "complexbehaviordefinition": "", "datainputset": "", "processid": ""}, "stencil": {"id": "CollapsedSubprocess"}, "outgoing": [], "glossaryLinks": {}, "formats": {}}, {"dockers": [], "bounds": {"lowerRight": {"y": 275, "x": 640}, "upperLeft": {"y": 195, "x": 540}}, "resourceId": "sid-A6FE8AFF-5707-4686-BFB8-2BADD986B78D", "layers": [], "labels": [], "childShapes": [], "properties": {"subprocesstype": "Embedded", "startquantity": "1", "looptype": "None", "processref": "", "transaction": "", "adhoccancelremaininginstances": "true", "behavior": "all", "applyincalc": "true", "loopcardinality": "", "bgcolor": "#ffffcc", "costs": "", "inputdataitem": "", "bordercolor": "#000000", "loopdatainput": "", "time": "", "transactionmethod": "compensate", "loopdataoutput": "", "testbefore": "false", "isatransaction": "false", "name": "D", "costcenter": "", "activitytype": "Sub-Process", "completioncondition": "", "isforcompensation": "false", "adhoccompletioncondition": "", "adhocordering": "Sequential", "callacitivity": "false", "outputmaps": "", "monitoring": "", "dataoutputset": "", "completionquantity": "1", "isadhoc": "false", "outputdataitem": "", "properties": "", "assignments": "", "nonebehavioreventref": "signal", "loopcondition": "", "onebehavioreventref:": "signal", "inputmaps": "", "entry": "", "documentation": "", "diagramref": "", "categories": "", "auditing": "", "complexbehaviordefinition": "", "datainputset": "", "processid": ""}, "stencil": {"id": "CollapsedSubprocess"}, "outgoing": [], "glossaryLinks": {}, "formats": {}}, {"dockers": [], "bounds": {"lowerRight": {"y": 275, "x": 790}, "upperLeft": {"y": 195, "x": 690}}, "resourceId": "sid-D1733206-B452-40B7-9F7A-C9C9163D809C", "layers": [], "labels": [], "childShapes": [], "properties": {"subprocesstype": "Embedded", "startquantity": "1", "looptype": "None", "processref": "", "transaction": "", "adhoccancelremaininginstances": "true", "behavior": "all", "applyincalc": "true", "loopcardinality": "", "bgcolor": "#ffffcc", "costs": "", "inputdataitem": "", "bordercolor": "#000000", "loopdatainput": "", "time": "", "transactionmethod": "compensate", "loopdataoutput": "", "testbefore": "false", "isatransaction": "false", "name": "E", "costcenter": "", "activitytype": "Sub-Process", "completioncondition": "", "isforcompensation": "false", "adhoccompletioncondition": "", "adhocordering": "Sequential", "callacitivity": "false", "outputmaps": "", "monitoring": "", "dataoutputset": "", "completionquantity": "1", "isadhoc": "false", "outputdataitem": "", "properties": "", "assignments": "", "nonebehavioreventref": "signal", "loopcondition": "", "onebehavioreventref:": "signal", "inputmaps": "", "entry": "", "documentation": "", "diagramref": "", "categories": "", "auditing": "", "complexbehaviordefinition": "", "datainputset": "", "processid": ""}, "stencil": {"id": "CollapsedSubprocess"}, "outgoing": [], "glossaryLinks": {}, "formats": {}}, {"dockers": [], "bounds": {"lowerRight": {"y": 275, "x": 940}, "upperLeft": {"y": 195, "x": 840}}, "resourceId": "sid-3FE2B8B4-EF47-4E8A-A609-89C0B7472171", "layers": [], "labels": [], "childShapes": [], "properties": {"subprocesstype": "Embedded", "startquantity": "1", "looptype": "None", "processref": "", "transaction": "", "adhoccancelremaininginstances": "true", "behavior": "all", "applyincalc": "true", "loopcardinality": "", "bgcolor": "#ffffcc", "costs": "", "inputdataitem": "", "bordercolor": "#000000", "loopdatainput": "", "time": "", "transactionmethod": "compensate", "loopdataoutput": "", "testbefore": "false", "isatransaction": "false", "name": "F", "costcenter": "", "activitytype": "Sub-Process", "completioncondition": "", "isforcompensation": "false", "adhoccompletioncondition": "", "adhocordering": "Sequential", "callacitivity": "false", "outputmaps": "", "monitoring": "", "dataoutputset": "", "completionquantity": "1", "isadhoc": "false", "outputdataitem": "", "properties": "", "assignments": "", "nonebehavioreventref": "signal", "loopcondition": "", "onebehavioreventref:": "signal", "inputmaps": "", "entry": "", "documentation": "", "diagramref": "", "categories": "", "auditing": "", "complexbehaviordefinition": "", "datainputset": "", "processid": ""}, "stencil": {"id": "CollapsedSubprocess"}, "outgoing": [], "glossaryLinks": {}, "formats": {}}], "properties": {"orientation": "horizontal", "monitoring": "", "modificationdate": "", "creationdate": "", "namespaces": "", "version": "", "targetnamespace": "http://www.signavio.com/bpmn20", "author": "", "name": "", "documentation": "", "language": "English", "typelanguage": "http://www.w3.org/2001/XMLSchema", "expressionlanguage": "http://www.w3.org/1999/XPath", "auditing": ""}, "offset": {"y": 0, "x": 0}, "ssextensions": [], "stencilset": {"url": "/stencilsets/bpmn2.0/bpmn2.0.json?version=4.6.0", "namespace": "http://b3mn.org/stencilset/bpmn2.0#"}, "stencil": {"id": "BPMNDiagram"}, "formats": {}}