{"resourceId": "canvas", "properties": {"name": "", "documentation": "", "auditing": "", "monitoring": "", "version": "", "author": "", "language": "English", "namespaces": "", "targetnamespace": "http://www.signavio.com/bpmn20", "expressionlanguage": "http://www.w3.org/1999/XPath", "typelanguage": "http://www.w3.org/2001/XMLSchema", "creationdate": "", "modificationdate": ""}, "stencil": {"id": "BPMNDiagram"}, "childShapes": [{"resourceId": "sid-86BD954B-1CE8-4F25-9721-9CA69B37AAA0", "properties": {"name": "Customer(Newlyweds)", "documentation": "", "auditing": "", "monitoring": "", "boundaryvisible": true, "processname": "", "status": "None", "adhoc": "", "adhocordering": "Parallel", "adhoccompletioncondition": "", "suppressjoinfailure": "", "enableinstancecompensation": "", "processcategories": "", "processdocumentation": "", "multiinstance": "", "minimum": 2, "maximum": 2, "processtype": "None", "isclosed": "", "isexecutable": "", "bgcolor": "#ffffff"}, "stencil": {"id": "Pool"}, "childShapes": [{"resourceId": "sid-6DA3B3F3-5E18-457C-BB29-C06D1715F4AE", "properties": {"name": "", "documentation": "", "auditing": "", "monitoring": "", "parentpool": "", "parentlane": "", "showcaption": false, "bgcolor": ""}, "stencil": {"id": "Lane"}, "childShapes": [{"resourceId": "sid-78CEBF35-601B-44C2-8FAA-9259B85446F1", "properties": {"name": "", "documentation": "", "auditing": "", "monitoring": "", "dataoutputassociations": "", "dataoutput": "", "outputset": "", "bgcolor": "#ffffff", "trigger": "None", "frequency": "", "applyincalc": true}, "stencil": {"id": "StartNoneEvent"}, "childShapes": [], "outgoing": [{"resourceId": "sid-C02A6CD0-8825-4E26-851E-016F7FC2CE25"}], "bounds": {"lowerRight": {"x": 45, "y": 95}, "upperLeft": {"x": 15, "y": 65}}, "dockers": []}, {"resourceId": "sid-CA6B6FE0-7484-4013-B019-96EF506833E8", "properties": {"name": "Inviting People", "documentation": "", "auditing": "", "monitoring": "", "categories": "", "startquantity": 1, "completionquantity": 1, "isforcompensation": "", "assignments": "", "callacitivity": "", "tasktype": "None", "implementation": "webService", "resources": "", "messageref": "", "operationref": "", "instantiate": "", "script": "", "scriptformat": "", "bgcolor": "#ffffcc", "looptype": "None", "testbefore": "", "loopcondition": "", "loopmaximum": "", "loopcardinality": "", "loopdatainput": "", "loopdataoutput": "", "inputdataitem": "", "outputdataitem": "", "behavior": "all", "complexbehaviordefinition": "", "completioncondition": "", "onebehavioreventref:": "signal", "nonebehavioreventref": "signal", "properties": "", "datainputset": "", "dataoutputset": "", "operationname": "", "inmessagename": "", "inmsgitemkind": "Information", "inmsgstructure": "", "inmsgimport": "", "inmsgiscollection": "", "outmessagename": "", "outmsgitemkind": "Information", "outmsgstructure": "", "outmsgimport": "", "outmsgiscollection": "", "time": "", "costs": "", "costcenter": "", "applyincalc": true, "externaldocuments": [], "risklevel": ""}, "stencil": {"id": "Task"}, "childShapes": [], "outgoing": [{"resourceId": "sid-CCA1B382-A98A-4C3C-81F9-2CCA98C819B0"}], "bounds": {"lowerRight": {"x": 280, "y": 120}, "upperLeft": {"x": 180, "y": 40}}, "dockers": []}, {"resourceId": "sid-303BD411-2C70-4617-8913-14A2859BB12C", "properties": {"name": "Give the Details of the Attendance Numbers to Restaurant", "documentation": "", "auditing": "", "monitoring": "", "categories": "", "startquantity": 1, "completionquantity": 1, "isforcompensation": "", "assignments": "", "callacitivity": "", "tasktype": "None", "implementation": "webService", "resources": "", "messageref": "", "operationref": "", "instantiate": "", "script": "", "scriptformat": "", "bgcolor": "#ffffcc", "looptype": "None", "testbefore": "", "loopcondition": "", "loopmaximum": "", "loopcardinality": "", "loopdatainput": "", "loopdataoutput": "", "inputdataitem": "", "outputdataitem": "", "behavior": "all", "complexbehaviordefinition": "", "completioncondition": "", "onebehavioreventref:": "signal", "nonebehavioreventref": "signal", "properties": "", "datainputset": "", "dataoutputset": "", "operationname": "", "inmessagename": "", "inmsgitemkind": "Information", "inmsgstructure": "", "inmsgimport": "", "inmsgiscollection": "", "outmessagename": "", "outmsgitemkind": "Information", "outmsgstructure": "", "outmsgimport": "", "outmsgiscollection": "", "time": "", "costs": "", "costcenter": "", "applyincalc": true, "externaldocuments": [], "risklevel": ""}, "stencil": {"id": "Task"}, "childShapes": [], "outgoing": [{"resourceId": "sid-7110C6D3-5ABF-4979-84F3-17FF5D0BDF60"}], "bounds": {"lowerRight": {"x": 775, "y": 120}, "upperLeft": {"x": 675, "y": 40}}, "dockers": []}, {"resourceId": "sid-19C81DBA-50D3-46BF-98E2-4268EB701C17", "properties": {"name": "Telephone to Confirm the Attendance", "documentation": "", "auditing": "", "monitoring": "", "categories": "", "startquantity": 1, "completionquantity": 1, "isforcompensation": "", "assignments": "", "callacitivity": "", "tasktype": "None", "implementation": "webService", "resources": "", "messageref": "", "operationref": "", "instantiate": "", "script": "", "scriptformat": "", "bgcolor": "#ffffcc", "looptype": "None", "testbefore": "", "loopcondition": "", "loopmaximum": "", "loopcardinality": "", "loopdatainput": "", "loopdataoutput": "", "inputdataitem": "", "outputdataitem": "", "behavior": "all", "complexbehaviordefinition": "", "completioncondition": "", "onebehavioreventref:": "signal", "nonebehavioreventref": "signal", "properties": "", "datainputset": "", "dataoutputset": "", "operationname": "", "inmessagename": "", "inmsgitemkind": "Information", "inmsgstructure": "", "inmsgimport": "", "inmsgiscollection": "", "outmessagename": "", "outmsgitemkind": "Information", "outmsgstructure": "", "outmsgimport": "", "outmsgiscollection": "", "time": "", "costs": "", "costcenter": "", "applyincalc": true, "externaldocuments": [], "risklevel": ""}, "stencil": {"id": "Task"}, "childShapes": [], "outgoing": [{"resourceId": "sid-FD939E60-0194-40B8-9293-80F34FAF8691"}], "bounds": {"lowerRight": {"x": 542, "y": 120}, "upperLeft": {"x": 442, "y": 40}}, "dockers": []}], "outgoing": [], "bounds": {"lowerRight": {"x": 1013.5, "y": 159}, "upperLeft": {"x": 30, "y": 0}}, "dockers": []}], "outgoing": [], "bounds": {"lowerRight": {"x": 1028.5, "y": 174}, "upperLeft": {"x": 15, "y": 15}}, "dockers": []}, {"resourceId": "sid-22EF5ED5-5394-445C-AB08-C376250C17D4", "properties": {"name": "Guests", "documentation": "", "auditing": "", "monitoring": "", "boundaryvisible": true, "processname": "", "status": "None", "adhoc": "", "adhocordering": "Parallel", "adhoccompletioncondition": "", "suppressjoinfailure": "", "enableinstancecompensation": "", "processcategories": "", "processdocumentation": "", "multiinstance": "", "minimum": 2, "maximum": 2, "processtype": "None", "isclosed": "", "isexecutable": "", "bgcolor": "#ffffff"}, "stencil": {"id": "Pool"}, "childShapes": [{"resourceId": "sid-8C996A3C-4467-48F3-A973-5AB7785AB952", "properties": {"name": "", "documentation": "", "auditing": "", "monitoring": "", "parentpool": "", "parentlane": "", "showcaption": false, "bgcolor": ""}, "stencil": {"id": "Lane"}, "childShapes": [{"resourceId": "sid-1F3CD196-D1D6-4DC7-B80D-FE957A418C3F", "properties": {"name": "Invitation\n Receiving  ", "documentation": "", "auditing": "", "monitoring": "", "dataoutputassociations": "", "dataoutput": "", "outputset": "", "isinterrupting": true, "messagename": "", "operationname": "", "bgcolor": "#ffffff", "trigger": "Message", "frequency": "", "applyincalc": true, "viaitsystem": ""}, "stencil": {"id": "StartMessageEvent"}, "childShapes": [], "outgoing": [{"resourceId": "sid-0AF6FE49-E255-44AA-AE5C-EBDED0802A0C"}, {"resourceId": "sid-CF737117-5319-41B2-8456-56E8B8AF85C9"}], "bounds": {"lowerRight": {"x": 44.5, "y": 95}, "upperLeft": {"x": 14.5, "y": 65}}, "dockers": []}, {"resourceId": "sid-0D92E87F-583A-42B7-A09C-5BFFA22223B0", "properties": {"name": "", "documentation": "", "auditing": "", "monitoring": "", "categories": "", "pool": "", "lanes": "", "text": "Wedding Card or just Telephone", "textformat": "text/plain"}, "stencil": {"id": "TextAnnotation"}, "childShapes": [], "outgoing": [], "bounds": {"lowerRight": {"x": 154.5, "y": 65}, "upperLeft": {"x": 74.5, "y": 15}}, "dockers": []}, {"resourceId": "sid-3587EE35-29AD-4DFD-B54D-D848EA2D177E", "properties": {"name": "Receiving the Invitation", "documentation": "", "auditing": "", "monitoring": "", "categories": "", "startquantity": 1, "completionquantity": 1, "isforcompensation": "", "assignments": "", "callacitivity": "", "tasktype": "None", "implementation": "webService", "resources": "", "messageref": "", "operationref": "", "instantiate": "", "script": "", "scriptformat": "", "bgcolor": "#ffffcc", "looptype": "None", "testbefore": "", "loopcondition": "", "loopmaximum": "", "loopcardinality": "", "loopdatainput": "", "loopdataoutput": "", "inputdataitem": "", "outputdataitem": "", "behavior": "all", "complexbehaviordefinition": "", "completioncondition": "", "onebehavioreventref:": "signal", "nonebehavioreventref": "signal", "properties": "", "datainputset": "", "dataoutputset": "", "operationname": "", "inmessagename": "", "inmsgitemkind": "Information", "inmsgstructure": "", "inmsgimport": "", "inmsgiscollection": "", "outmessagename": "", "outmsgitemkind": "Information", "outmsgstructure": "", "outmsgimport": "", "outmsgiscollection": "", "time": "", "costs": "", "costcenter": "", "applyincalc": true, "externaldocuments": [], "risklevel": ""}, "stencil": {"id": "Task"}, "childShapes": [], "outgoing": [{"resourceId": "sid-78BD28C9-4980-407E-9BA3-D1B639651F1D"}], "bounds": {"lowerRight": {"x": 386.5, "y": 67.5}, "upperLeft": {"x": 299.5, "y": 12.5}}, "dockers": []}, {"resourceId": "sid-E1E7C5B7-3613-4B20-8AD0-746BF4DD3611", "properties": {"name": "Rejecting the Invitation", "documentation": "", "auditing": "", "monitoring": "", "categories": "", "startquantity": 1, "completionquantity": 1, "isforcompensation": "", "assignments": "", "callacitivity": "", "tasktype": "None", "implementation": "webService", "resources": "", "messageref": "", "operationref": "", "instantiate": "", "script": "", "scriptformat": "", "bgcolor": "#ffffcc", "looptype": "None", "testbefore": "", "loopcondition": "", "loopmaximum": "", "loopcardinality": "", "loopdatainput": "", "loopdataoutput": "", "inputdataitem": "", "outputdataitem": "", "behavior": "all", "complexbehaviordefinition": "", "completioncondition": "", "onebehavioreventref:": "signal", "nonebehavioreventref": "signal", "properties": "", "datainputset": "", "dataoutputset": "", "operationname": "", "inmessagename": "", "inmsgitemkind": "Information", "inmsgstructure": "", "inmsgimport": "", "inmsgiscollection": "", "outmessagename": "", "outmsgitemkind": "Information", "outmsgstructure": "", "outmsgimport": "", "outmsgiscollection": "", "time": "", "costs": "", "costcenter": "", "applyincalc": true, "externaldocuments": [], "risklevel": ""}, "stencil": {"id": "Task"}, "childShapes": [], "outgoing": [{"resourceId": "sid-F1611514-4B00-4ECD-B934-E725A256BB26"}], "bounds": {"lowerRight": {"x": 387, "y": 130}, "upperLeft": {"x": 300, "y": 75}}, "dockers": []}, {"resourceId": "sid-11333273-2363-48C9-BA22-74CA29B9FACF", "properties": {"name": "", "documentation": "", "auditing": "", "monitoring": "", "categories": "", "assignments": "", "pool": "", "lanes": "", "gates": "", "gates_outgoingsequenceflow": "", "gates_assignments": "", "bgcolor": "#ffffff", "gatewaytype": "XOR", "xortype": "Data", "markervisible": "true", "defaultgate": "", "gate_outgoingsequenceflow": "", "gate_assignments": ""}, "stencil": {"id": "Exclusive_Databased_Gateway"}, "childShapes": [], "outgoing": [{"resourceId": "sid-673C5D69-CCCB-4FB2-ACE4-146A05CC44F8"}, {"resourceId": "sid-EB4E8016-99F5-45B7-9FF7-F18B7645E8BE"}], "bounds": {"lowerRight": {"x": 189.5, "y": 100}, "upperLeft": {"x": 149.5, "y": 60}}, "dockers": []}, {"resourceId": "sid-2BAC7314-B32C-44B5-B53F-E7609E81B80A", "properties": {"name": "", "documentation": "", "auditing": "", "monitoring": "", "messagename": "", "operationname": "", "bgcolor": "#ffffff", "trigger": "Message"}, "stencil": {"id": "EndMessageEvent"}, "childShapes": [], "outgoing": [], "bounds": {"lowerRight": {"x": 505.5, "y": 117}, "upperLeft": {"x": 477.5, "y": 89}}, "dockers": []}, {"resourceId": "sid-C5979EC3-C2D5-4762-A647-08D95710F524", "properties": {"name": "Attending to the Wedding", "documentation": "", "auditing": "", "monitoring": "", "categories": "", "startquantity": 1, "completionquantity": 1, "isforcompensation": "", "assignments": "", "callacitivity": "", "tasktype": "None", "implementation": "webService", "resources": "", "messageref": "", "operationref": "", "instantiate": "", "script": "", "scriptformat": "", "bgcolor": "#ffffcc", "looptype": "None", "testbefore": "", "loopcondition": "", "loopmaximum": "", "loopcardinality": "", "loopdatainput": "", "loopdataoutput": "", "inputdataitem": "", "outputdataitem": "", "behavior": "all", "complexbehaviordefinition": "", "completioncondition": "", "onebehavioreventref:": "signal", "nonebehavioreventref": "signal", "properties": "", "datainputset": "", "dataoutputset": "", "operationname": "", "inmessagename": "", "inmsgitemkind": "Information", "inmsgstructure": "", "inmsgimport": "", "inmsgiscollection": "", "outmessagename": "", "outmsgitemkind": "Information", "outmsgstructure": "", "outmsgimport": "", "outmsgiscollection": "", "time": "", "costs": "", "costcenter": "", "applyincalc": true, "externaldocuments": [], "risklevel": ""}, "stencil": {"id": "Task"}, "childShapes": [], "outgoing": [], "bounds": {"lowerRight": {"x": 566.5, "y": 74.25}, "upperLeft": {"x": 479.5, "y": 6.75}}, "dockers": []}], "outgoing": [], "bounds": {"lowerRight": {"x": 1012.5, "y": 159}, "upperLeft": {"x": 30, "y": 0}}, "dockers": []}], "outgoing": [{"resourceId": "sid-949E2930-AFCE-41EB-B771-C507F20560DD"}], "bounds": {"lowerRight": {"x": 1028, "y": 339}, "upperLeft": {"x": 15.5, "y": 180}}, "dockers": []}, {"resourceId": "sid-5EA51947-FEC6-4D4C-84BE-6919DA6D001F", "properties": {"name": "Restaurant", "documentation": "", "auditing": "", "monitoring": "", "boundaryvisible": true, "processname": "", "status": "None", "adhoc": "", "adhocordering": "Parallel", "adhoccompletioncondition": "", "suppressjoinfailure": "", "enableinstancecompensation": "", "processcategories": "", "processdocumentation": "", "multiinstance": "", "minimum": 2, "maximum": 2, "processtype": "None", "isclosed": "", "isexecutable": "", "bgcolor": "#ffffff"}, "stencil": {"id": "Pool"}, "childShapes": [{"resourceId": "sid-93D8BBD2-9EF4-48C2-988F-A80A88AA7C4C", "properties": {"name": "", "documentation": "", "auditing": "", "monitoring": "", "parentpool": "", "parentlane": "", "showcaption": false, "bgcolor": ""}, "stencil": {"id": "Lane"}, "childShapes": [{"resourceId": "sid-3DF66806-D3D6-42AB-B6E4-5D6D553E290C", "properties": {"name": "Confirming the Attendance", "documentation": "", "auditing": "", "monitoring": "", "categories": "", "startquantity": 1, "completionquantity": 1, "isforcompensation": "", "assignments": "", "callacitivity": "", "tasktype": "None", "implementation": "webService", "resources": "", "messageref": "", "operationref": "", "instantiate": "", "script": "", "scriptformat": "", "bgcolor": "#ffffcc", "looptype": "None", "testbefore": "", "loopcondition": "", "loopmaximum": "", "loopcardinality": "", "loopdatainput": "", "loopdataoutput": "", "inputdataitem": "", "outputdataitem": "", "behavior": "all", "complexbehaviordefinition": "", "completioncondition": "", "onebehavioreventref:": "signal", "nonebehavioreventref": "signal", "properties": "", "datainputset": "", "dataoutputset": "", "operationname": "", "inmessagename": "", "inmsgitemkind": "Information", "inmsgstructure": "", "inmsgimport": "", "inmsgiscollection": "", "outmessagename": "", "outmsgitemkind": "Information", "outmsgstructure": "", "outmsgimport": "", "outmsgiscollection": "", "time": "", "costs": "", "costcenter": "", "applyincalc": true, "externaldocuments": [], "risklevel": ""}, "stencil": {"id": "Task"}, "childShapes": [], "outgoing": [{"resourceId": "sid-16A39F3F-4840-4141-82C0-41F6368E9846"}], "bounds": {"lowerRight": {"x": 280, "y": 120}, "upperLeft": {"x": 180, "y": 40}}, "dockers": []}, {"resourceId": "sid-3E8A807A-E675-4FF1-B492-84A68FC7373A", "properties": {"name": "Preparing Meals and Chairs, Tables ", "documentation": "", "auditing": "", "monitoring": "", "categories": "", "startquantity": 1, "completionquantity": 1, "isforcompensation": "", "assignments": "", "callacitivity": "", "tasktype": "None", "implementation": "webService", "resources": "", "messageref": "", "operationref": "", "instantiate": "", "script": "", "scriptformat": "", "bgcolor": "#ffffcc", "looptype": "None", "testbefore": "", "loopcondition": "", "loopmaximum": "", "loopcardinality": "", "loopdatainput": "", "loopdataoutput": "", "inputdataitem": "", "outputdataitem": "", "behavior": "all", "complexbehaviordefinition": "", "completioncondition": "", "onebehavioreventref:": "signal", "nonebehavioreventref": "signal", "properties": "", "datainputset": "", "dataoutputset": "", "operationname": "", "inmessagename": "", "inmsgitemkind": "Information", "inmsgstructure": "", "inmsgimport": "", "inmsgiscollection": "", "outmessagename": "", "outmsgitemkind": "Information", "outmsgstructure": "", "outmsgimport": "", "outmsgiscollection": "", "time": "", "costs": "", "costcenter": "", "applyincalc": true, "externaldocuments": [], "risklevel": ""}, "stencil": {"id": "Task"}, "childShapes": [], "outgoing": [], "bounds": {"lowerRight": {"x": 542, "y": 120}, "upperLeft": {"x": 442, "y": 40}}, "dockers": []}, {"resourceId": "sid-0165F4D2-0809-449B-BBCB-632571033E5C", "properties": {"name": "", "documentation": "", "auditing": "", "monitoring": "", "datainputassociations": "", "datainput": "", "inputset": "", "bgcolor": "#ffffff", "trigger": "None"}, "stencil": {"id": "EndNoneEvent"}, "childShapes": [], "outgoing": [], "bounds": {"lowerRight": {"x": 739, "y": 94}, "upperLeft": {"x": 711, "y": 66}}, "dockers": []}], "outgoing": [], "bounds": {"lowerRight": {"x": 1012.5, "y": 159}, "upperLeft": {"x": 30, "y": 0}}, "dockers": []}], "outgoing": [], "bounds": {"lowerRight": {"x": 1027.5, "y": 504}, "upperLeft": {"x": 15, "y": 345}}, "dockers": []}, {"resourceId": "sid-0AF6FE49-E255-44AA-AE5C-EBDED0802A0C", "properties": {"assignments": "", "transformation": "", "type": "none"}, "stencil": {"id": "Association_Undirected"}, "childShapes": [], "outgoing": [{"resourceId": "sid-0D92E87F-583A-42B7-A09C-5BFFA22223B0"}], "bounds": {"lowerRight": {"x": 119.5347367283242761, "y": 249.7252544752455492}, "upperLeft": {"x": 86.5277632716757239, "y": 220.3059955247544508}}, "dockers": [{"x": 15, "y": 15}, {"x": 1, "y": 24}], "target": {"resourceId": "sid-0D92E87F-583A-42B7-A09C-5BFFA22223B0"}}, {"resourceId": "sid-CF737117-5319-41B2-8456-56E8B8AF85C9", "properties": {"name": "", "documentation": "", "auditing": "", "monitoring": "", "conditiontype": "None", "conditionexpression": "", "isimmediate": "", "showdiamondmarker": false, "probability": ""}, "stencil": {"id": "SequenceFlow"}, "childShapes": [], "outgoing": [], "bounds": {"lowerRight": {"x": 195, "y": 259.5}, "upperLeft": {"x": 90, "y": 259.5}}, "dockers": [{"x": 29, "y": 14.5}, {"x": 195, "y": 259.5}]}, {"resourceId": "sid-673C5D69-CCCB-4FB2-ACE4-146A05CC44F8", "properties": {"name": "", "documentation": "", "auditing": "", "monitoring": "", "conditiontype": "None", "conditionexpression": "", "isimmediate": "", "showdiamondmarker": false, "probability": ""}, "stencil": {"id": "SequenceFlow"}, "childShapes": [], "outgoing": [{"resourceId": "sid-3587EE35-29AD-4DFD-B54D-D848EA2D177E"}], "bounds": {"lowerRight": {"x": 345, "y": 240}, "upperLeft": {"x": 216, "y": 220}}, "dockers": [{"x": 21, "y": 1}, {"x": 216, "y": 220}, {"x": 1, "y": 27.5}], "target": {"resourceId": "sid-3587EE35-29AD-4DFD-B54D-D848EA2D177E"}}, {"resourceId": "sid-EB4E8016-99F5-45B7-9FF7-F18B7645E8BE", "properties": {"name": "", "documentation": "", "auditing": "", "monitoring": "", "conditiontype": "None", "conditionexpression": "", "isimmediate": "", "showdiamondmarker": false, "probability": ""}, "stencil": {"id": "SequenceFlow"}, "childShapes": [], "outgoing": [{"resourceId": "sid-E1E7C5B7-3613-4B20-8AD0-746BF4DD3611"}], "bounds": {"lowerRight": {"x": 345.5, "y": 296.25}, "upperLeft": {"x": 216, "y": 280}}, "dockers": [{"x": 21, "y": 39}, {"x": 216, "y": 296.25}, {"x": 1, "y": 41.25}], "target": {"resourceId": "sid-E1E7C5B7-3613-4B20-8AD0-746BF4DD3611"}}, {"resourceId": "sid-78BD28C9-4980-407E-9BA3-D1B639651F1D", "properties": {"name": "", "documentation": "", "auditing": "", "monitoring": "", "conditiontype": "None", "conditionexpression": "", "isimmediate": "", "showdiamondmarker": false, "probability": ""}, "stencil": {"id": "SequenceFlow"}, "childShapes": [], "outgoing": [], "bounds": {"lowerRight": {"x": 524, "y": 219.98924731182796677}, "upperLeft": {"x": 432, "y": 219}}, "dockers": [{"x": 86, "y": 27.5}, {"x": 524, "y": 219}]}, {"resourceId": "sid-F1611514-4B00-4ECD-B934-E725A256BB26", "properties": {"name": "", "documentation": "", "auditing": "", "monitoring": "", "conditiontype": "None", "conditionexpression": "", "isimmediate": "", "showdiamondmarker": false, "probability": ""}, "stencil": {"id": "SequenceFlow"}, "childShapes": [], "outgoing": [{"resourceId": "sid-2BAC7314-B32C-44B5-B53F-E7609E81B80A"}], "bounds": {"lowerRight": {"x": 523, "y": 282.5}, "upperLeft": {"x": 432.5, "y": 282.5}}, "dockers": [{"x": 86, "y": 27.5}, {"x": 1, "y": 13.5}], "target": {"resourceId": "sid-2BAC7314-B32C-44B5-B53F-E7609E81B80A"}}, {"resourceId": "sid-949E2930-AFCE-41EB-B771-C507F20560DD", "properties": {"name": "Feedbacks from \nthe Guests", "documentation": "", "auditing": "", "monitoring": ""}, "stencil": {"id": "MessageFlow"}, "childShapes": [], "outgoing": [{"resourceId": "sid-19C81DBA-50D3-46BF-98E2-4268EB701C17"}], "bounds": {"lowerRight": {"x": 537, "y": 180}, "upperLeft": {"x": 537, "y": 135}}, "dockers": [{"x": 521.5, "y": 1}, {"x": 50, "y": 79}], "labels": [{"distance": -9, "x": 537, "y": 140, "from": 0, "to": 1, "orientation": "ul", "valign": "top", "align": "left", "ref": "text_name"}], "target": {"resourceId": "sid-19C81DBA-50D3-46BF-98E2-4268EB701C17"}}, {"resourceId": "sid-C02A6CD0-8825-4E26-851E-016F7FC2CE25", "properties": {"name": "", "documentation": "", "auditing": "", "monitoring": "", "conditiontype": "None", "conditionexpression": "", "isimmediate": "", "showdiamondmarker": false, "probability": ""}, "stencil": {"id": "SequenceFlow"}, "childShapes": [], "outgoing": [{"resourceId": "sid-CA6B6FE0-7484-4013-B019-96EF506833E8"}], "bounds": {"lowerRight": {"x": 224.46485040985140813, "y": 94.994397264269537118}, "upperLeft": {"x": 89.999993340148577659, "y": 94.503649610730462882}}, "dockers": [{"x": 29, "y": 14.5}, {"x": 1, "y": 40}], "target": {"resourceId": "sid-CA6B6FE0-7484-4013-B019-96EF506833E8"}}, {"resourceId": "sid-CCA1B382-A98A-4C3C-81F9-2CCA98C819B0", "properties": {"name": "", "documentation": "", "auditing": "", "monitoring": "", "conditiontype": "None", "conditionexpression": "", "isimmediate": "", "showdiamondmarker": false, "probability": ""}, "stencil": {"id": "SequenceFlow"}, "childShapes": [], "outgoing": [{"resourceId": "sid-19C81DBA-50D3-46BF-98E2-4268EB701C17"}], "bounds": {"lowerRight": {"x": 487, "y": 95}, "upperLeft": {"x": 325, "y": 95}}, "dockers": [{"x": 99, "y": 40}, {"x": 1, "y": 40}], "target": {"resourceId": "sid-19C81DBA-50D3-46BF-98E2-4268EB701C17"}}, {"resourceId": "sid-FD939E60-0194-40B8-9293-80F34FAF8691", "properties": {"name": "", "documentation": "", "auditing": "", "monitoring": "", "conditiontype": "None", "conditionexpression": "", "isimmediate": "", "showdiamondmarker": false, "probability": ""}, "stencil": {"id": "SequenceFlow"}, "childShapes": [], "outgoing": [{"resourceId": "sid-303BD411-2C70-4617-8913-14A2859BB12C"}], "bounds": {"lowerRight": {"x": 720, "y": 95}, "upperLeft": {"x": 587, "y": 95}}, "dockers": [{"x": 99, "y": 40}, {"x": 1, "y": 40}], "target": {"resourceId": "sid-303BD411-2C70-4617-8913-14A2859BB12C"}}, {"resourceId": "sid-7110C6D3-5ABF-4979-84F3-17FF5D0BDF60", "properties": {"name": "", "documentation": "", "auditing": "", "monitoring": ""}, "stencil": {"id": "MessageFlow"}, "childShapes": [], "outgoing": [{"resourceId": "sid-3DF66806-D3D6-42AB-B6E4-5D6D553E290C"}], "bounds": {"lowerRight": {"x": 770, "y": 385}, "upperLeft": {"x": 275, "y": 135}}, "dockers": [{"x": 50, "y": 79}, {"x": 770, "y": 361}, {"x": 275, "y": 361}, {"x": 50, "y": 1}], "target": {"resourceId": "sid-3DF66806-D3D6-42AB-B6E4-5D6D553E290C"}}, {"resourceId": "sid-16A39F3F-4840-4141-82C0-41F6368E9846", "properties": {"name": "", "documentation": "", "auditing": "", "monitoring": "", "conditiontype": "None", "conditionexpression": "", "isimmediate": "", "showdiamondmarker": false, "probability": ""}, "stencil": {"id": "SequenceFlow"}, "childShapes": [], "outgoing": [{"resourceId": "sid-3E8A807A-E675-4FF1-B492-84A68FC7373A"}], "bounds": {"lowerRight": {"x": 487, "y": 425}, "upperLeft": {"x": 325, "y": 425}}, "dockers": [{"x": 99, "y": 40}, {"x": 1, "y": 40}], "target": {"resourceId": "sid-3E8A807A-E675-4FF1-B492-84A68FC7373A"}}, {"resourceId": "sid-5BED4656-FBE2-4E2F-BCC5-A19B1CD2E8D3", "properties": {"name": "", "documentation": "", "auditing": "", "monitoring": "", "conditiontype": "None", "conditionexpression": "", "isimmediate": "", "showdiamondmarker": false, "probability": ""}, "stencil": {"id": "SequenceFlow"}, "childShapes": [], "outgoing": [{"resourceId": "sid-0165F4D2-0809-449B-BBCB-632571033E5C"}], "bounds": {"lowerRight": {"x": 756, "y": 424.5}, "upperLeft": {"x": 588, "y": 424.5}}, "dockers": [{"x": 588, "y": 424.5}, {"x": 1, "y": 13.5}], "target": {"resourceId": "sid-0165F4D2-0809-449B-BBCB-632571033E5C"}}], "bounds": {"lowerRight": {"x": 1485, "y": 1050}, "upperLeft": {"x": 0, "y": 0}}, "stencilset": {"url": "/stencilsets/bpmn2.0/bpmn2.0.json?version=5.0.0", "namespace": "http://b3mn.org/stencilset/bpmn2.0#"}, "ssextensions": ["http://oryx-editor.org/stencilsets/extensions/bpmn2.0basicsubset#"]}