{"revision": {"creationDate": null, "isLastRevision": true, "revisionNumber": 3, "elementCounts": {"total": 34, "EndMessageEvent": 1, "Lane": 3, "Pool": 3, "StartNoneEvent": 1, "MessageFlow": 2, "StartMessageEvent": 1, "TextAnnotation": 1, "Association_Undirected": 1, "Task": 8, "SequenceFlow": 10, "EndNoneEvent": 1, "BPMNDiagram": 1, "Exclusive_Databased_Gateway": 1}, "connectedness": 95}, "model": {"modelId": "1047967305", "modelDate": "2011-05-21", "groupName": "BPMN2.0_Process", "naturalLanguage": "en", "modelName": "The Process of Confirming Attendance", "TimestampModelCollection": "2012-08-30 14:08:38", "modelingLanguage": "bpmn20", "directoryId": "1447254240", "numberOfRevisions": 3}}