{"resourceId": "canvas", "properties": {"name": "", "documentation": "", "auditing": "", "monitoring": "", "version": "", "author": "", "language": "English", "namespaces": "", "targetnamespace": "http://www.omg.org/bpmn20", "expressionlanguage": "http://www.w3.org/1999/XPath", "typelanguage": "http://www.w3.org/2001/XMLSchema", "creationdate": "", "modificationdate": ""}, "stencil": {"id": "BPMNDiagram"}, "childShapes": [{"resourceId": "sid-93D7B65A-3F28-452B-B3DC-713BC76D7603", "properties": {"name": "", "documentation": "", "auditing": "", "monitoring": "", "categories": "", "pool": "", "lanes": "", "text": "3.5  Use prospect/customer master data (Operational Level 3)", "textformat": "text/plain"}, "stencil": {"id": "TextAnnotation"}, "childShapes": [], "outgoing": [], "bounds": {"lowerRight": {"x": 506, "y": 46}, "upperLeft": {"x": 30, "y": 15}}, "dockers": []}, {"resourceId": "sid-0418972D-97BC-4281-BE2D-8BF5ECE800CF", "properties": {"name": "SEN", "documentation": "", "auditing": "", "monitoring": "", "boundaryvisible": true, "processname": "", "status": "None", "adhoc": "", "adhocordering": "Parallel", "adhoccompletioncondition": "", "suppressjoinfailure": "", "enableinstancecompensation": "", "processcategories": "", "processdocumentation": "", "multiinstance": "", "minimum": 2, "maximum": 2, "processtype": "None", "isclosed": "", "isexecutable": "", "bgcolor": "#ffffff"}, "stencil": {"id": "Pool"}, "childShapes": [{"resourceId": "sid-AE5CF6F8-8BA1-4687-8938-0C6C2C04A1BD", "properties": {"name": "Corporate Data Operator", "documentation": "", "auditing": "", "monitoring": "", "parentpool": "", "parentlane": "", "showcaption": true, "bgcolor": ""}, "stencil": {"id": "Lane"}, "childShapes": [{"resourceId": "sid-D0F93D1C-A11C-4E93-9C57-45B871B38CFD", "properties": {"name": "Customer master data marked \nfor phase-out", "documentation": "", "auditing": "", "monitoring": "", "datainputassociations": "", "datainput": "", "inputset": "", "bgcolor": "#ffffff", "trigger": "None", "time": "", "costs": "", "costcenter": "", "applyincalc": true}, "stencil": {"id": "IntermediateEvent"}, "childShapes": [], "outgoing": [], "bounds": {"lowerRight": {"x": 1091.9999665617951905, "y": 216.27271541091050722}, "upperLeft": {"x": 1061.9999665617951905, "y": 186.27271541091050722}}, "dockers": [{"x": 1076.9999665617951905, "y": 201.27271541091050722}]}, {"resourceId": "sid-577457D3-6558-4DD2-AB0B-37F94EF00E31", "properties": {"name": "1 year", "documentation": "", "auditing": "", "monitoring": "", "dataoutputassociations": "", "dataoutput": "", "outputset": "", "isinterrupting": true, "timedate": "", "timecycle": "", "timeduration": "", "bgcolor": "#ffffff", "trigger": "Timer", "frequency": "", "applyincalc": true}, "stencil": {"id": "StartTimerEvent"}, "childShapes": [], "outgoing": [{"resourceId": "sid-C0C82F16-AF5B-45FD-B565-E8804751B87D"}], "bounds": {"lowerRight": {"x": 120, "y": 216.27271541091050722}, "upperLeft": {"x": 90, "y": 186.27271541091050722}}, "dockers": []}, {"resourceId": "sid-FF76C742-2B0F-412A-B8FF-911B7C512C01", "properties": {"name": "Review customer master data", "documentation": "", "auditing": "", "monitoring": "", "categories": "", "startquantity": 1, "completionquantity": 1, "isforcompensation": "", "assignments": "", "callacitivity": "", "tasktype": "None", "implementation": "webService", "resources": "", "messageref": "", "operationref": "", "instantiate": "", "script": "", "scriptformat": "", "bgcolor": "#ffffcc", "looptype": "Standard", "testbefore": "", "loopcondition": "", "loopmaximum": "", "loopcardinality": "", "loopdatainput": "", "loopdataoutput": "", "inputdataitem": "", "outputdataitem": "", "behavior": "all", "complexbehaviordefinition": "", "completioncondition": "", "onebehavioreventref:": "signal", "nonebehavioreventref": "signal", "properties": "", "datainputset": "", "dataoutputset": "", "operationname": "", "inmessagename": "", "inmsgitemkind": "Information", "inmsgstructure": "", "inmsgimport": "", "inmsgiscollection": "", "outmessagename": "", "outmsgitemkind": "Information", "outmsgstructure": "", "outmsgimport": "", "outmsgiscollection": "", "time": "", "costs": "", "costcenter": "", "applyincalc": true, "externaldocuments": [], "risklevel": ""}, "stencil": {"id": "Task"}, "childShapes": [], "outgoing": [{"resourceId": "sid-1A83B991-73A0-4B43-9179-5E30FED5E317"}, {"resourceId": "sid-00A16E37-4CF7-4735-8A4A-0B03C88E11FD"}], "bounds": {"lowerRight": {"x": 871.81816378900862219, "y": 241.27271541091050722}, "upperLeft": {"x": 771.81816378900862219, "y": 161.27271541091050722}}, "dockers": []}, {"resourceId": "sid-2002FDBA-CD4A-424B-B25C-219B4D8B8DFB", "properties": {"name_glossary_dirty": true, "name": "glossary://feb18efbd8ce480a8b144fc004e4eb1f/Phase-out rules;;", "documentation": "", "auditing": "", "monitoring": "", "categories": "", "properties": "", "bgcolor": "#ffffff", "state": "", "input_output": "Input", "iscollection": ""}, "stencil": {"id": "DataObject"}, "childShapes": [], "outgoing": [{"resourceId": "sid-936253BD-6B32-4E20-A970-F339883B0342"}], "bounds": {"lowerRight": {"x": 988, "y": 127.23637142238032993}, "upperLeft": {"x": 900, "y": 30.236371422380329932}}, "dockers": []}, {"resourceId": "sid-6BF5C961-5343-4C8E-8B03-1E22009EFE03", "properties": {"name": "EUPAC", "documentation": "", "auditing": "", "monitoring": "", "categories": "", "itemsubjectref": "", "datastate": "", "capacity": "", "isunlimited": "", "datastoreref": "", "bgcolor": "#ffffff"}, "stencil": {"id": "DataStore"}, "childShapes": [], "outgoing": [{"resourceId": "sid-8AE9520D-129A-474F-AF81-97E166C4FEF5"}, {"resourceId": "sid-DE1C9A82-E2B5-4F42-AE30-80EACD8B4AE3"}], "bounds": {"lowerRight": {"x": 692.00099999999997635, "y": 359.90937142238027491}, "upperLeft": {"x": 630, "y": 299.73637142238027309}}, "dockers": []}, {"resourceId": "sid-4E9F5B62-6314-4E18-AF90-A702E396B567", "properties": {"name": "Review and maintain customer hierarchy", "documentation": "", "auditing": "", "monitoring": "", "categories": "", "startquantity": 1, "completionquantity": 1, "isforcompensation": "", "assignments": "", "callacitivity": "", "tasktype": "None", "implementation": "webService", "resources": "", "messageref": "", "operationref": "", "instantiate": "", "script": "", "scriptformat": "", "bgcolor": "#ffffcc", "looptype": "Standard", "testbefore": "", "loopcondition": "", "loopmaximum": "", "loopcardinality": "", "loopdatainput": "", "loopdataoutput": "", "inputdataitem": "", "outputdataitem": "", "behavior": "all", "complexbehaviordefinition": "", "completioncondition": "", "onebehavioreventref:": "signal", "nonebehavioreventref": "signal", "properties": "", "datainputset": "", "dataoutputset": "", "operationname": "", "inmessagename": "", "inmsgitemkind": "Information", "inmsgstructure": "", "inmsgimport": "", "inmsgiscollection": "", "outmessagename": "", "outmsgitemkind": "Information", "outmsgstructure": "", "outmsgimport": "", "outmsgiscollection": "", "time": "", "costs": "", "costcenter": "", "applyincalc": true, "externaldocuments": [], "risklevel": ""}, "stencil": {"id": "Task"}, "childShapes": [], "outgoing": [{"resourceId": "sid-82B4C6A6-5C5C-414C-B32B-7A9A3AD07946"}, {"resourceId": "sid-A0D9BCC4-F5D8-48C7-9EDF-F3E05E1478F6"}], "bounds": {"lowerRight": {"x": 871.81766378900863401, "y": 509.73637142238027309}, "upperLeft": {"x": 771.81766378900863401, "y": 429.73637142238027309}}, "dockers": []}, {"resourceId": "sid-5CFCC6AB-4883-4F04-B5E8-D15BFE617738", "properties": {"name": "1 year", "documentation": "", "auditing": "", "monitoring": "", "dataoutputassociations": "", "dataoutput": "", "outputset": "", "isinterrupting": true, "timedate": "", "timecycle": "", "timeduration": "", "bgcolor": "#ffffff", "trigger": "Timer", "frequency": "", "applyincalc": true}, "stencil": {"id": "StartTimerEvent"}, "childShapes": [], "outgoing": [{"resourceId": "sid-1EFF2030-D3D3-4082-9723-23B9B86CAD0B"}], "bounds": {"lowerRight": {"x": 120, "y": 484.73637142238027309}, "upperLeft": {"x": 90, "y": 454.73637142238027309}}, "dockers": []}, {"resourceId": "sid-2B6CAF67-F6B5-4F5C-8FD9-4E753BC485B0", "properties": {"name_glossary_dirty": true, "name": "glossary://c5487c726d114f7a8c6c95fff0499de4/Customer master data maintained;;", "documentation": "", "auditing": "", "monitoring": "", "datainputassociations": "", "datainput": "", "inputset": "", "bgcolor": "#ffffff", "trigger": "None", "time": "", "costs": "", "costcenter": "", "applyincalc": true}, "stencil": {"id": "IntermediateEvent"}, "childShapes": [], "outgoing": [], "bounds": {"lowerRight": {"x": 1091.9999665617951905, "y": 484.73637142238027309}, "upperLeft": {"x": 1061.9999665617951905, "y": 454.73637142238027309}}, "dockers": [{"x": 1076.9999665617951905, "y": 469.73637142238027309}]}, {"resourceId": "sid-0547D69C-11A3-44BB-9D41-44D8D6C0476E", "properties": {"name": "Hierarchy rules", "documentation": "", "auditing": "", "monitoring": "", "categories": "", "properties": "", "bgcolor": "#ffffff", "state": "", "input_output": "Input", "iscollection": ""}, "stencil": {"id": "DataObject"}, "childShapes": [], "outgoing": [{"resourceId": "sid-A717B74D-FAFF-4E42-9892-906CA77834C8"}], "bounds": {"lowerRight": {"x": 988, "y": 402.23637142238032993}, "upperLeft": {"x": 900, "y": 305.23637142238032993}}, "dockers": []}, {"resourceId": "sid-26505D78-E577-453C-8D09-43F03B467BAF", "properties": {"name": "Customer master data", "documentation": "", "auditing": "", "monitoring": "", "categories": "", "properties": "", "bgcolor": "#ffffff", "state": "", "input_output": "Output", "iscollection": ""}, "stencil": {"id": "DataObject"}, "childShapes": [], "outgoing": [], "bounds": {"lowerRight": {"x": 865.81816378900862219, "y": 401.73637142238032993}, "upperLeft": {"x": 777.81816378900862219, "y": 304.73637142238032993}}, "dockers": []}, {"resourceId": "sid-5EDC001C-BA24-4AAB-897D-895B58CA9354", "properties": {"name_glossary_dirty": true, "name": "glossary://feb18efbd8ce480a8b144fc004e4eb1f/Phase-out mark;;", "documentation": "", "auditing": "", "monitoring": "", "categories": "", "properties": "", "bgcolor": "#ffffff", "state": "", "input_output": "Output", "iscollection": ""}, "stencil": {"id": "DataObject"}, "childShapes": [], "outgoing": [], "bounds": {"lowerRight": {"x": 865.81816378900862219, "y": 126.73637142238032993}, "upperLeft": {"x": 777.81816378900862219, "y": 29.736371422380329932}}, "dockers": []}], "outgoing": [], "bounds": {"lowerRight": {"x": 1315, "y": 925.26362857761955638}, "upperLeft": {"x": 30, "y": 364.26362857761972691}}, "dockers": []}, {"resourceId": "sid-DD8F889C-91A4-49C1-B80C-77C2B9402E14", "properties": {"name": "Prospect/Customer Data User", "documentation": "", "auditing": "", "monitoring": "", "parentpool": "", "parentlane": "", "showcaption": true, "bgcolor": ""}, "stencil": {"id": "Lane"}, "childShapes": [{"resourceId": "sid-19E98BFA-4C6E-409E-BF8B-7F0FC0FA2FB0", "properties": {"name": "Supplier \ndeployed to target system", "documentation": "", "auditing": "", "monitoring": "", "datainputassociations": "", "datainput": "", "inputset": "", "bgcolor": "#ffffff", "trigger": "None", "time": "", "costs": "", "costcenter": "", "applyincalc": true}, "stencil": {"id": "IntermediateEvent"}, "childShapes": [], "outgoing": [{"resourceId": "sid-1DCD5B56-7B35-4AC2-951B-570B05F10519"}], "bounds": {"lowerRight": {"x": 120, "y": 120}, "upperLeft": {"x": 90, "y": 90}}, "dockers": [{"x": 105, "y": 105}], "labels": [{"x": 16, "y": -8, "top": true, "valign": "bottom", "ref": "text_name"}]}, {"resourceId": "sid-BA1A922F-C114-4C2B-AA2A-EC05CEBB5135", "properties": {"name": "Search prospect/customer", "documentation": "", "auditing": "", "monitoring": "", "categories": "", "startquantity": 1, "completionquantity": 1, "isforcompensation": "", "assignments": "", "callacitivity": "", "tasktype": "None", "implementation": "webService", "resources": "", "messageref": "", "operationref": "", "instantiate": "", "script": "", "scriptformat": "", "bgcolor": "#ffffcc", "looptype": "None", "testbefore": "", "loopcondition": "", "loopmaximum": "", "loopcardinality": "", "loopdatainput": "", "loopdataoutput": "", "inputdataitem": "", "outputdataitem": "", "behavior": "all", "complexbehaviordefinition": "", "completioncondition": "", "onebehavioreventref:": "signal", "nonebehavioreventref": "signal", "properties": "", "datainputset": "", "dataoutputset": "", "operationname": "", "inmessagename": "", "inmsgitemkind": "Information", "inmsgstructure": "", "inmsgimport": "", "inmsgiscollection": "", "outmessagename": "", "outmsgitemkind": "Information", "outmsgstructure": "", "outmsgimport": "", "outmsgiscollection": "", "time": "", "costs": "", "costcenter": "", "applyincalc": true, "externaldocuments": [], "risklevel": ""}, "stencil": {"id": "Task"}, "childShapes": [], "outgoing": [{"resourceId": "sid-E452B3A8-F6AD-4768-95B5-FBC8706D86DB"}], "bounds": {"lowerRight": {"x": 370, "y": 145}, "upperLeft": {"x": 270, "y": 65}}, "dockers": []}, {"resourceId": "sid-A8C1342F-342E-46B9-BB49-11D70A7C993C", "properties": {"name": "Choose supplier", "documentation": "", "auditing": "", "monitoring": "", "categories": "", "startquantity": 1, "completionquantity": 1, "isforcompensation": "", "assignments": "", "callacitivity": "", "tasktype": "None", "implementation": "webService", "resources": "", "messageref": "", "operationref": "", "instantiate": "", "script": "", "scriptformat": "", "bgcolor": "#ffffcc", "looptype": "None", "testbefore": "", "loopcondition": "", "loopmaximum": "", "loopcardinality": "", "loopdatainput": "", "loopdataoutput": "", "inputdataitem": "", "outputdataitem": "", "behavior": "all", "complexbehaviordefinition": "", "completioncondition": "", "onebehavioreventref:": "signal", "nonebehavioreventref": "signal", "properties": "", "datainputset": "", "dataoutputset": "", "operationname": "", "inmessagename": "", "inmsgitemkind": "Information", "inmsgstructure": "", "inmsgimport": "", "inmsgiscollection": "", "outmessagename": "", "outmsgitemkind": "Information", "outmsgstructure": "", "outmsgimport": "", "outmsgiscollection": "", "time": "", "costs": "", "costcenter": "", "applyincalc": true, "externaldocuments": [], "risklevel": ""}, "stencil": {"id": "Task"}, "childShapes": [], "outgoing": [{"resourceId": "sid-276355AE-D347-4AF5-BC27-F5ABAB20CB71"}], "bounds": {"lowerRight": {"x": 535, "y": 145}, "upperLeft": {"x": 435, "y": 65}}, "dockers": []}, {"resourceId": "sid-27210C3E-3E4B-4D39-AA4F-0ABD3CEE172A", "properties": {"name": "SEN Business Process", "documentation": "", "auditing": "", "monitoring": "", "categories": "", "pool": "", "lanes": "", "bgcolor": "#ffffff"}, "stencil": {"id": "processparticipant"}, "childShapes": [], "outgoing": [{"resourceId": "sid-5A1206B0-1938-4B67-8465-2B230E30C0F0"}], "bounds": {"lowerRight": {"x": 276.84899999999998954, "y": 213.9485000000000241}, "upperLeft": {"x": 225, "y": 162.05150000000003274}}, "dockers": []}, {"resourceId": "sid-F5C78251-9B02-4CFB-9BCA-1391F05B6B03", "properties": {"name": "External customer", "documentation": "", "auditing": "", "monitoring": "", "categories": "", "pool": "", "lanes": "", "bgcolor": "#ffffff"}, "stencil": {"id": "processparticipant"}, "childShapes": [], "outgoing": [{"resourceId": "sid-2AB8D977-88FF-4699-8A1A-0085093051A3"}], "bounds": {"lowerRight": {"x": 420.93990672642735262, "y": 213.94849999999996726}, "upperLeft": {"x": 369.09090672642736308, "y": 162.0514999999999759}}, "dockers": []}, {"resourceId": "sid-382FC1CE-DE43-462A-BA7C-2507D0C1E894", "properties": {"name": "Need to \nmaintain prospect/customer master data", "documentation": "", "auditing": "", "monitoring": "", "datainputassociations": "", "datainput": "", "inputset": "", "bgcolor": "#ffffff", "trigger": "None", "time": "", "costs": "", "costcenter": "", "applyincalc": true}, "stencil": {"id": "IntermediateEvent"}, "childShapes": [], "outgoing": [], "bounds": {"lowerRight": {"x": 1091.9999665617951905, "y": 317.99998918175731433}, "upperLeft": {"x": 1061.9999665617951905, "y": 287.99998918175731433}}, "dockers": [{"x": 1076.9999665617951905, "y": 302.99998918175731433}]}, {"resourceId": "sid-DBF826EB-C808-4DAA-90F6-FC866CCDE950", "properties": {"name": "Prospect/customer master \ndata used in \nbusiness process", "documentation": "", "auditing": "", "monitoring": "", "datainputassociations": "", "datainput": "", "inputset": "", "bgcolor": "#ffffff", "trigger": "None", "time": "", "costs": "", "costcenter": "", "applyincalc": true}, "stencil": {"id": "IntermediateEvent"}, "childShapes": [], "outgoing": [], "bounds": {"lowerRight": {"x": 1091.9999665617951905, "y": 120}, "upperLeft": {"x": 1061.9999665617951905, "y": 90}}, "dockers": [{"x": 1076.9999665617951905, "y": 105}], "labels": [{"x": 36, "y": 15, "right": true, "valign": "middle", "align": "left", "ref": "text_name"}]}, {"resourceId": "sid-793811E3-DAFF-4BEE-B8B9-9EA168AA10FE", "properties": {"name": "Usage data", "documentation": "", "auditing": "", "monitoring": "", "categories": "", "properties": "", "bgcolor": "#FFFFFF", "state": "", "input_output": "Output", "iscollection": ""}, "stencil": {"id": "DataObject"}, "childShapes": [], "outgoing": [{"resourceId": "sid-92B45FA0-BF29-4175-8057-336ED48E44B7"}], "bounds": {"lowerRight": {"x": 679, "y": 269.49999262392543642}, "upperLeft": {"x": 591, "y": 172.49999262392543642}}, "dockers": []}, {"resourceId": "sid-B4CEAF45-0476-40DE-B429-971527AB0038", "properties": {"name": "Update usage information", "documentation": "", "auditing": "", "monitoring": "", "categories": "", "startquantity": 1, "completionquantity": 1, "isforcompensation": "", "assignments": "", "callacitivity": "", "tasktype": "None", "implementation": "webService", "resources": "", "messageref": "", "operationref": "", "instantiate": "", "script": "", "scriptformat": "", "bgcolor": "#ffffcc", "looptype": "None", "testbefore": "", "loopcondition": "", "loopmaximum": "", "loopcardinality": "", "loopdatainput": "", "loopdataoutput": "", "inputdataitem": "", "outputdataitem": "", "behavior": "all", "complexbehaviordefinition": "", "completioncondition": "", "onebehavioreventref:": "signal", "nonebehavioreventref": "signal", "properties": "", "datainputset": "", "dataoutputset": "", "operationname": "", "inmessagename": "", "inmsgitemkind": "Information", "inmsgstructure": "", "inmsgimport": "", "inmsgiscollection": "", "outmessagename": "", "outmsgitemkind": "Information", "outmsgstructure": "", "outmsgimport": "", "outmsgiscollection": "", "time": "", "costs": "", "costcenter": "", "applyincalc": true, "externaldocuments": [], "risklevel": ""}, "stencil": {"id": "Task"}, "childShapes": [], "outgoing": [{"resourceId": "sid-61316C13-A8D2-47B5-9838-8A395CD8FA85"}, {"resourceId": "sid-947ADBF8-4F0A-4A22-9AE8-6888614A3FE0"}, {"resourceId": "sid-3759E04D-4981-46EC-B58A-B0D7C5A5BB46"}], "bounds": {"lowerRight": {"x": 685, "y": 145}, "upperLeft": {"x": 585, "y": 65}}, "dockers": []}, {"resourceId": "sid-B43A0534-A7D5-46A3-961F-99D3506FF246", "properties": {"name": "Assess prospect/customer masterdata", "documentation": "", "auditing": "", "monitoring": "", "categories": "", "startquantity": 1, "completionquantity": 1, "isforcompensation": "", "assignments": "", "callacitivity": "", "tasktype": "None", "implementation": "webService", "resources": "", "messageref": "", "operationref": "", "instantiate": "", "script": "", "scriptformat": "", "bgcolor": "#ffffcc", "looptype": "None", "testbefore": "", "loopcondition": "", "loopmaximum": "", "loopcardinality": "", "loopdatainput": "", "loopdataoutput": "", "inputdataitem": "", "outputdataitem": "", "behavior": "all", "complexbehaviordefinition": "", "completioncondition": "", "onebehavioreventref:": "signal", "nonebehavioreventref": "signal", "properties": "", "datainputset": "", "dataoutputset": "", "operationname": "", "inmessagename": "", "inmsgitemkind": "Information", "inmsgstructure": "", "inmsgimport": "", "inmsgiscollection": "", "outmessagename": "", "outmsgitemkind": "Information", "outmsgstructure": "", "outmsgimport": "", "outmsgiscollection": "", "time": "", "costs": "", "costcenter": "", "applyincalc": true, "externaldocuments": [], "risklevel": ""}, "stencil": {"id": "Task"}, "childShapes": [], "outgoing": [{"resourceId": "sid-A04F66E8-78FB-474C-8EDB-62BEEB88C532"}], "bounds": {"lowerRight": {"x": 848.49997590482303167, "y": 145}, "upperLeft": {"x": 748.49997590482303167, "y": 65}}, "dockers": []}, {"resourceId": "sid-5CD9F33C-B71E-4516-9399-150B5BE31442", "properties": {"name": "Receive prospect/customer change notification", "documentation": "", "auditing": "", "monitoring": "", "categories": "", "startquantity": 1, "completionquantity": 1, "isforcompensation": "", "assignments": "", "callacitivity": "", "tasktype": "None", "implementation": "webService", "resources": "", "messageref": "", "operationref": "", "instantiate": "", "script": "", "scriptformat": "", "bgcolor": "#ffffcc", "looptype": "None", "testbefore": "", "loopcondition": "", "loopmaximum": "", "loopcardinality": "", "loopdatainput": "", "loopdataoutput": "", "inputdataitem": "", "outputdataitem": "", "behavior": "all", "complexbehaviordefinition": "", "completioncondition": "", "onebehavioreventref:": "signal", "nonebehavioreventref": "signal", "properties": "", "datainputset": "", "dataoutputset": "", "operationname": "", "inmessagename": "", "inmsgitemkind": "Information", "inmsgstructure": "", "inmsgimport": "", "inmsgiscollection": "", "outmessagename": "", "outmsgitemkind": "Information", "outmsgstructure": "", "outmsgimport": "", "outmsgiscollection": "", "time": "", "costs": "", "costcenter": "", "applyincalc": true, "externaldocuments": [], "risklevel": ""}, "stencil": {"id": "Task"}, "childShapes": [], "outgoing": [{"resourceId": "sid-BE8C716B-2792-46A8-B9E2-C5523FED3927"}], "bounds": {"lowerRight": {"x": 370, "y": 342.99998918175731433}, "upperLeft": {"x": 270, "y": 262.99998918175731433}}, "dockers": []}, {"resourceId": "sid-7BBC7BC2-5A67-4BE5-B3E8-DE7F3AF4D5E1", "properties": {"name": "", "documentation": "", "auditing": "", "monitoring": "", "boundarycancelactivity2": true, "timedate": "", "timecycle": "", "timeduration": "", "bgcolor": "#ffffff", "trigger": "Timer"}, "stencil": {"id": "IntermediateTimerEvent"}, "childShapes": [], "outgoing": [{"resourceId": "sid-E68C7DA7-636A-4838-903A-8A7621B69E0B"}], "bounds": {"lowerRight": {"x": 120, "y": 317.99998918175731433}, "upperLeft": {"x": 90, "y": 287.99998918175731433}}, "dockers": [{"x": 105, "y": 302.99998918175731433}]}, {"resourceId": "sid-02758E63-D8FC-450B-820C-4FF0C8C41F8B", "properties": {"name": "", "documentation": "", "auditing": "", "monitoring": "", "boundarycancelactivity2": true, "timedate": "", "timecycle": "", "timeduration": "", "bgcolor": "#ffffff", "trigger": "Timer"}, "stencil": {"id": "IntermediateTimerEvent"}, "childShapes": [], "outgoing": [{"resourceId": "sid-5B1CEBAF-82DF-4BDC-A562-FC3D2348A467"}], "bounds": {"lowerRight": {"x": 223, "y": 120}, "upperLeft": {"x": 193, "y": 90}}, "dockers": [{"x": 208, "y": 105}]}, {"resourceId": "sid-B122FB23-36DD-4A57-A8A1-F3B055632B5E", "properties": {"name": "", "documentation": "", "auditing": "", "monitoring": "", "categories": "", "assignments": "", "pool": "", "lanes": "", "gates": "", "gates_outgoingsequenceflow": "", "gates_assignments": "", "bgcolor": "#ffffff", "gatewaytype": "XOR", "xortype": "Data", "markervisible": "true", "defaultgate": "", "gate_outgoingsequenceflow": "", "gate_assignments": ""}, "stencil": {"id": "Exclusive_Databased_Gateway"}, "childShapes": [], "outgoing": [{"resourceId": "sid-AA3FB877-D179-42CA-9100-F6C1B30C6479"}, {"resourceId": "sid-00CE71CF-915F-4423-83C4-642F167CC67B"}], "bounds": {"lowerRight": {"x": 936.99997147917827078, "y": 125}, "upperLeft": {"x": 896.99997147917827078, "y": 85}}, "dockers": []}, {"resourceId": "sid-F465D2EB-DD25-4D7B-8DE3-372DB5110AD4", "properties": {"name": "Central repository", "documentation": "", "auditing": "", "monitoring": "", "categories": "", "itemsubjectref": "", "datastate": "", "capacity": "", "isunlimited": "", "datastoreref": "", "bgcolor": "#ffffff"}, "stencil": {"id": "DataStore"}, "childShapes": [], "outgoing": [], "bounds": {"lowerRight": {"x": 782.00099999999997635, "y": 251.58649262392543733}, "upperLeft": {"x": 720, "y": 191.41349262392543551}}, "dockers": []}, {"resourceId": "sid-473133ED-DCA0-4173-95F1-688F993C1FBB", "properties": {"name": "", "documentation": "", "auditing": "", "monitoring": "", "categories": "", "pool": "", "lanes": "", "text": "", "textformat": "text/plain"}, "stencil": {"id": "TextAnnotation"}, "childShapes": [], "outgoing": [], "bounds": {"lowerRight": {"x": 815, "y": 35}, "upperLeft": {"x": 715, "y": -15}}, "dockers": []}], "outgoing": [], "bounds": {"lowerRight": {"x": 1315, "y": 364.26362857761972691}, "upperLeft": {"x": 30, "y": 0}}, "dockers": []}], "outgoing": [], "bounds": {"lowerRight": {"x": 1345, "y": 1000.2636285776195564}, "upperLeft": {"x": 30, "y": 75}}, "dockers": []}, {"resourceId": "sid-1DCD5B56-7B35-4AC2-951B-570B05F10519", "properties": {"name": "", "documentation": "", "auditing": "", "monitoring": "", "conditiontype": "None", "conditionexpression": "", "isimmediate": "", "showdiamondmarker": false, "probability": ""}, "stencil": {"id": "SequenceFlow"}, "childShapes": [], "outgoing": [{"resourceId": "sid-02758E63-D8FC-450B-820C-4FF0C8C41F8B"}], "bounds": {"lowerRight": {"x": 252.515625, "y": 180}, "upperLeft": {"x": 180.484375, "y": 180}}, "dockers": [{"x": 15, "y": 15}, {"x": 15, "y": 15}], "target": {"resourceId": "sid-02758E63-D8FC-450B-820C-4FF0C8C41F8B"}}, {"resourceId": "sid-E452B3A8-F6AD-4768-95B5-FBC8706D86DB", "properties": {"name": "", "documentation": "", "auditing": "", "monitoring": "", "conditiontype": "None", "conditionexpression": "", "isimmediate": "", "showdiamondmarker": "", "probability": ""}, "stencil": {"id": "SequenceFlow"}, "childShapes": [], "outgoing": [{"resourceId": "sid-A8C1342F-342E-46B9-BB49-11D70A7C993C"}], "bounds": {"lowerRight": {"x": 494.37109375, "y": 180}, "upperLeft": {"x": 430, "y": 180}}, "dockers": [{"x": 50, "y": 40}, {"x": 50, "y": 40}], "target": {"resourceId": "sid-A8C1342F-342E-46B9-BB49-11D70A7C993C"}}, {"resourceId": "sid-C0C82F16-AF5B-45FD-B565-E8804751B87D", "properties": {"name": "", "documentation": "", "auditing": "", "monitoring": "", "conditiontype": "None", "conditionexpression": "", "isimmediate": "", "showdiamondmarker": "", "probability": ""}, "stencil": {"id": "SequenceFlow"}, "childShapes": [], "outgoing": [{"resourceId": "sid-FF76C742-2B0F-412A-B8FF-911B7C512C01"}], "bounds": {"lowerRight": {"x": 831.81692212374446171, "y": 640.53634398853023413}, "upperLeft": {"x": 180.00035476150407021, "y": 640.53634398853023413}}, "dockers": [{"x": 15, "y": 15}, {"x": 50, "y": 40}], "target": {"resourceId": "sid-FF76C742-2B0F-412A-B8FF-911B7C512C01"}}, {"resourceId": "sid-936253BD-6B32-4E20-A970-F339883B0342", "properties": {"assignments": "", "transformation": "", "text": ""}, "stencil": {"id": "Association_Unidirectional"}, "childShapes": [], "outgoing": [{"resourceId": "sid-FF76C742-2B0F-412A-B8FF-911B7C512C01"}], "bounds": {"lowerRight": {"x": 959.38482091231253435, "y": 600.09963333188397883}, "upperLeft": {"x": 922.13788769740335738, "y": 562.74462899999309684}}, "dockers": [{"x": 44, "y": 48.5}, {"x": 50, "y": 40}], "target": {"resourceId": "sid-FF76C742-2B0F-412A-B8FF-911B7C512C01"}}, {"resourceId": "sid-61316C13-A8D2-47B5-9838-8A395CD8FA85", "properties": {"assignments": "", "transformation": "", "text": ""}, "stencil": {"id": "Association_Unidirectional"}, "childShapes": [], "outgoing": [{"resourceId": "sid-793811E3-DAFF-4BEE-B8B9-9EA168AA10FE"}], "bounds": {"lowerRight": {"x": 695, "y": 246.53593352485927426}, "upperLeft": {"x": 695, "y": 220}}, "dockers": [{"x": 50, "y": 29.400001507997473027}, {"x": 44, "y": 48.5}], "target": {"resourceId": "sid-793811E3-DAFF-4BEE-B8B9-9EA168AA10FE"}}, {"resourceId": "sid-E68C7DA7-636A-4838-903A-8A7621B69E0B", "properties": {"name": "", "documentation": "", "auditing": "", "monitoring": "", "conditiontype": "None", "conditionexpression": "", "isimmediate": "", "showdiamondmarker": "", "probability": ""}, "stencil": {"id": "SequenceFlow"}, "childShapes": [], "outgoing": [{"resourceId": "sid-5CD9F33C-B71E-4516-9399-150B5BE31442"}], "bounds": {"lowerRight": {"x": 329.44921875, "y": 377.99998918175731433}, "upperLeft": {"x": 180.27734375, "y": 377.99998918175731433}}, "dockers": [{"x": 15, "y": 15}, {"x": 50, "y": 40}], "target": {"resourceId": "sid-5CD9F33C-B71E-4516-9399-150B5BE31442"}}, {"resourceId": "sid-2AB8D977-88FF-4699-8A1A-0085093051A3", "properties": {"assignments": "", "transformation": "", "type": "none"}, "stencil": {"id": "Association_Undirected"}, "childShapes": [], "outgoing": [{"resourceId": "sid-5CD9F33C-B71E-4516-9399-150B5BE31442"}], "bounds": {"lowerRight": {"x": 438.08899399116876339, "y": 337.63118367326683256}, "upperLeft": {"x": 406.33289260134858978, "y": 288.94849999999996726}}, "dockers": [{"x": 25.92449999999999477, "y": 25.94849999999999568}, {"x": 50, "y": 40}], "target": {"resourceId": "sid-5CD9F33C-B71E-4516-9399-150B5BE31442"}}, {"resourceId": "sid-5B1CEBAF-82DF-4BDC-A562-FC3D2348A467", "properties": {"name": "", "documentation": "", "auditing": "", "monitoring": "", "conditiontype": "None", "conditionexpression": "", "isimmediate": "", "showdiamondmarker": "", "probability": ""}, "stencil": {"id": "SequenceFlow"}, "childShapes": [], "outgoing": [{"resourceId": "sid-BA1A922F-C114-4C2B-AA2A-EC05CEBB5135"}], "bounds": {"lowerRight": {"x": 330, "y": 180}, "upperLeft": {"x": 283, "y": 180}}, "dockers": [{"x": 15, "y": 15}, {"x": 50, "y": 40}], "target": {"resourceId": "sid-BA1A922F-C114-4C2B-AA2A-EC05CEBB5135"}}, {"resourceId": "sid-276355AE-D347-4AF5-BC27-F5ABAB20CB71", "properties": {"name": "", "documentation": "", "auditing": "", "monitoring": "", "conditiontype": "None", "conditionexpression": "", "isimmediate": "", "showdiamondmarker": "", "probability": ""}, "stencil": {"id": "SequenceFlow"}, "childShapes": [], "outgoing": [{"resourceId": "sid-B4CEAF45-0476-40DE-B429-971527AB0038"}], "bounds": {"lowerRight": {"x": 644.78125, "y": 180}, "upperLeft": {"x": 595, "y": 180}}, "dockers": [{"x": 50, "y": 40}, {"x": 50, "y": 40}], "target": {"resourceId": "sid-B4CEAF45-0476-40DE-B429-971527AB0038"}}, {"resourceId": "sid-BE8C716B-2792-46A8-B9E2-C5523FED3927", "properties": {"name": "", "documentation": "", "auditing": "", "monitoring": "", "conditiontype": "None", "conditionexpression": "", "isimmediate": "", "showdiamondmarker": "", "probability": ""}, "stencil": {"id": "SequenceFlow"}, "childShapes": [], "outgoing": [{"resourceId": "sid-382FC1CE-DE43-462A-BA7C-2507D0C1E894"}], "bounds": {"lowerRight": {"x": 1121.2148109648851459, "y": 377.99998918175731433}, "upperLeft": {"x": 430, "y": 377.99998918175731433}}, "dockers": [{"x": 50, "y": 40}, {"x": 15, "y": 15}], "target": {"resourceId": "sid-382FC1CE-DE43-462A-BA7C-2507D0C1E894"}}, {"resourceId": "sid-947ADBF8-4F0A-4A22-9AE8-6888614A3FE0", "properties": {"name": "", "documentation": "", "auditing": "", "monitoring": "", "conditiontype": "None", "conditionexpression": "", "isimmediate": "", "showdiamondmarker": "", "probability": ""}, "stencil": {"id": "SequenceFlow"}, "childShapes": [], "outgoing": [{"resourceId": "sid-B43A0534-A7D5-46A3-961F-99D3506FF246"}], "bounds": {"lowerRight": {"x": 807.68357699632224467, "y": 180}, "upperLeft": {"x": 745, "y": 180}}, "dockers": [{"x": 50, "y": 40}, {"x": 50, "y": 40}], "target": {"resourceId": "sid-B43A0534-A7D5-46A3-961F-99D3506FF246"}}, {"resourceId": "sid-A04F66E8-78FB-474C-8EDB-62BEEB88C532", "properties": {"name": "", "documentation": "", "auditing": "", "monitoring": "", "conditiontype": "None", "conditionexpression": "", "isimmediate": "", "showdiamondmarker": "", "probability": ""}, "stencil": {"id": "SequenceFlow"}, "childShapes": [], "outgoing": [{"resourceId": "sid-B122FB23-36DD-4A57-A8A1-F3B055632B5E"}], "bounds": {"lowerRight": {"x": 957.48434717068516875, "y": 180}, "upperLeft": {"x": 908.49997590482303167, "y": 180}}, "dockers": [{"x": 50, "y": 40}, {"x": 20, "y": 20}], "target": {"resourceId": "sid-B122FB23-36DD-4A57-A8A1-F3B055632B5E"}}, {"resourceId": "sid-92B45FA0-BF29-4175-8057-336ED48E44B7", "properties": {"assignments": "", "transformation": "", "type": "none"}, "stencil": {"id": "Association_Undirected"}, "childShapes": [], "outgoing": [{"resourceId": "sid-F465D2EB-DD25-4D7B-8DE3-372DB5110AD4"}], "bounds": {"lowerRight": {"x": 779.18787647682677289, "y": 296.36286983771685755}, "upperLeft": {"x": 739, "y": 296.18964697886354998}}, "dockers": [{"x": 44, "y": 48.5}, {"x": 31.000499999999988177, "y": 30.086500000000000909}], "target": {"resourceId": "sid-F465D2EB-DD25-4D7B-8DE3-372DB5110AD4"}}, {"resourceId": "sid-1EFF2030-D3D3-4082-9723-23B9B86CAD0B", "properties": {"name": "", "documentation": "", "auditing": "", "monitoring": "", "conditiontype": "None", "conditionexpression": "", "isimmediate": "", "showdiamondmarker": "", "probability": ""}, "stencil": {"id": "SequenceFlow"}, "childShapes": [], "outgoing": [{"resourceId": "sid-4E9F5B62-6314-4E18-AF90-A702E396B567"}], "bounds": {"lowerRight": {"x": 831.816456303431778, "y": 909}, "upperLeft": {"x": 180.00034499587906112, "y": 909}}, "dockers": [{"x": 15, "y": 15}, {"x": 50, "y": 40}], "target": {"resourceId": "sid-4E9F5B62-6314-4E18-AF90-A702E396B567"}}, {"resourceId": "sid-5A1206B0-1938-4B67-8465-2B230E30C0F0", "properties": {"assignments": "", "transformation": "", "type": "none"}, "stencil": {"id": "Association_Undirected"}, "childShapes": [], "outgoing": [{"resourceId": "sid-5CD9F33C-B71E-4516-9399-150B5BE31442"}], "bounds": {"lowerRight": {"x": 355.74038732060211032, "y": 337.61149839002393946}, "upperLeft": {"x": 326.51063722056187544, "y": 288.9485000000000241}}, "dockers": [{"x": 25.92449999999999477, "y": 25.94849999999999568}, {"x": 50, "y": 40}], "target": {"resourceId": "sid-5CD9F33C-B71E-4516-9399-150B5BE31442"}}, {"resourceId": "sid-00CE71CF-915F-4423-83C4-642F167CC67B", "properties": {"name": "Change of supplier master\ndata neccessary", "documentation": "", "auditing": "", "monitoring": "", "conditiontype": "None", "conditionexpression": "", "isimmediate": "", "showdiamondmarker": false, "probability": ""}, "stencil": {"id": "SequenceFlow"}, "childShapes": [], "outgoing": [{"resourceId": "sid-382FC1CE-DE43-462A-BA7C-2507D0C1E894"}], "bounds": {"lowerRight": {"x": 1136.9999665617951905, "y": 362.74999121017776815}, "upperLeft": {"x": 977.49997147917827078, "y": 200}}, "dockers": [{"x": 20.5, "y": 20.5}, {"x": 977.49997147917827078, "y": 302}, {"x": 1136.9999665617951905, "y": 302}, {"x": 15, "y": 15}], "labels": [{"distance": 8.5000285208217292166, "x": 977.49997147917827078, "y": 208.0224723976913026, "from": 0, "to": 1, "orientation": "ul", "valign": "top", "align": "left", "ref": "text_name"}], "target": {"resourceId": "sid-382FC1CE-DE43-462A-BA7C-2507D0C1E894"}}, {"resourceId": "sid-A717B74D-FAFF-4E42-9892-906CA77834C8", "properties": {"assignments": "", "transformation": "", "text": ""}, "stencil": {"id": "Association_Unidirectional"}, "childShapes": [], "outgoing": [{"resourceId": "sid-4E9F5B62-6314-4E18-AF90-A702E396B567"}], "bounds": {"lowerRight": {"x": 959.36550651429024583, "y": 868.43647900625046532}, "upperLeft": {"x": 924.54305827142161434, "y": 835.37602099374953468}}, "dockers": [{"x": 44, "y": 48.5}, {"x": 50, "y": 40}], "target": {"resourceId": "sid-4E9F5B62-6314-4E18-AF90-A702E396B567"}}, {"resourceId": "sid-8AE9520D-129A-474F-AF81-97E166C4FEF5", "properties": {"assignments": "", "transformation": "", "type": "none"}, "stencil": {"id": "Association_Undirected"}, "childShapes": [], "outgoing": [{"resourceId": "sid-FF76C742-2B0F-412A-B8FF-911B7C512C01"}], "bounds": {"lowerRight": {"x": 831.27738460822524758, "y": 744.22882003464962963}, "upperLeft": {"x": 751.59080036258319524, "y": 680.77902722089424969}}, "dockers": [{"x": 30.575499999999983913, "y": 29.924500000000001876}, {"x": 50, "y": 40}], "target": {"resourceId": "sid-FF76C742-2B0F-412A-B8FF-911B7C512C01"}}, {"resourceId": "sid-DE1C9A82-E2B5-4F42-AE30-80EACD8B4AE3", "properties": {"assignments": "", "transformation": "", "type": "none"}, "stencil": {"id": "Association_Undirected"}, "childShapes": [], "outgoing": [{"resourceId": "sid-4E9F5B62-6314-4E18-AF90-A702E396B567"}], "bounds": {"lowerRight": {"x": 835.71338664196468926, "y": 868.94794710171845509}, "upperLeft": {"x": 749.04391548262105971, "y": 793.65579508578161949}}, "dockers": [{"x": 30.575499999999983913, "y": 29.924500000000001876}, {"x": 50, "y": 40}], "target": {"resourceId": "sid-4E9F5B62-6314-4E18-AF90-A702E396B567"}}, {"resourceId": "sid-82B4C6A6-5C5C-414C-B32B-7A9A3AD07946", "properties": {"assignments": "", "transformation": "", "text": ""}, "stencil": {"id": "Association_Unidirectional"}, "childShapes": [], "outgoing": [{"resourceId": "sid-26505D78-E577-453C-8D09-43F03B467BAF"}], "bounds": {"lowerRight": {"x": 881.81795563450214104, "y": 868.86328125000920863}, "upperLeft": {"x": 881.81783604960401135, "y": 841}}, "dockers": [{"x": 50, "y": 40}, {"x": 44, "y": 48.5}], "target": {"resourceId": "sid-26505D78-E577-453C-8D09-43F03B467BAF"}}, {"resourceId": "sid-1A83B991-73A0-4B43-9179-5E30FED5E317", "properties": {"assignments": "", "transformation": "", "text": ""}, "stencil": {"id": "Association_Unidirectional"}, "childShapes": [], "outgoing": [{"resourceId": "sid-5EDC001C-BA24-4AAB-897D-895B58CA9354"}], "bounds": {"lowerRight": {"x": 881.81816378900862219, "y": 600.12626505470416305}, "upperLeft": {"x": 881.81816378900862219, "y": 566}}, "dockers": [{"x": 50, "y": 40}, {"x": 44, "y": 48.5}], "target": {"resourceId": "sid-5EDC001C-BA24-4AAB-897D-895B58CA9354"}}, {"resourceId": "sid-3759E04D-4981-46EC-B58A-B0D7C5A5BB46", "properties": {"assignments": "", "transformation": "", "type": "none"}, "stencil": {"id": "Association_Undirected"}, "childShapes": [], "outgoing": [{"resourceId": "sid-473133ED-DCA0-4173-95F1-688F993C1FBB"}], "bounds": {"lowerRight": {"x": 774.72231656079020468, "y": 139.48570851649211022}, "upperLeft": {"x": 729.18393343920979532, "y": 85.51429148350788978}}, "dockers": [{"x": 50, "y": 40}, {"x": 1, "y": 24}], "target": {"resourceId": "sid-473133ED-DCA0-4173-95F1-688F993C1FBB"}}, {"resourceId": "sid-AA3FB877-D179-42CA-9100-F6C1B30C6479", "properties": {"name": "Supplier data ok", "documentation": "", "auditing": "", "monitoring": "", "conditiontype": "None", "conditionexpression": "", "isimmediate": "", "showdiamondmarker": "", "probability": ""}, "stencil": {"id": "SequenceFlow"}, "childShapes": [], "outgoing": [{"resourceId": "sid-DBF826EB-C808-4DAA-90F6-FC866CCDE950"}], "bounds": {"lowerRight": {"x": 1121.0468469362376709, "y": 180.43827146906772896}, "upperLeft": {"x": 997.19137223948473547, "y": 180.05000978093227104}}, "dockers": [{"x": 20.5, "y": 20.5}, {"x": 15, "y": 15}], "labels": [{"distance": 8.1128127012374910976, "x": 1101.0254318905629134, "y": 180.11277283943675798, "from": 0, "to": 1, "orientation": "lr", "valign": "bottom", "align": "right", "ref": "text_name"}], "target": {"resourceId": "sid-DBF826EB-C808-4DAA-90F6-FC866CCDE950"}}, {"resourceId": "sid-00A16E37-4CF7-4735-8A4A-0B03C88E11FD", "properties": {"name": "", "documentation": "", "auditing": "", "monitoring": "", "conditiontype": "None", "conditionexpression": "", "isimmediate": "", "showdiamondmarker": false, "probability": ""}, "stencil": {"id": "SequenceFlow"}, "childShapes": [], "outgoing": [{"resourceId": "sid-D0F93D1C-A11C-4E93-9C57-45B871B38CFD"}], "bounds": {"lowerRight": {"x": 1121.0479078055773243, "y": 640.53634398853023413}, "upperLeft": {"x": 931.81816378900862219, "y": 640.53634398853023413}}, "dockers": [{"x": 50, "y": 40}, {"x": 15, "y": 15}], "target": {"resourceId": "sid-D0F93D1C-A11C-4E93-9C57-45B871B38CFD"}}, {"resourceId": "sid-A0D9BCC4-F5D8-48C7-9EDF-F3E05E1478F6", "properties": {"name": "", "documentation": "", "auditing": "", "monitoring": "", "conditiontype": "None", "conditionexpression": "", "isimmediate": "", "showdiamondmarker": false, "probability": ""}, "stencil": {"id": "SequenceFlow"}, "childShapes": [], "outgoing": [{"resourceId": "sid-2B6CAF67-F6B5-4F5C-8FD9-4E753BC485B0"}], "bounds": {"lowerRight": {"x": 1121.0478785087020697, "y": 909}, "upperLeft": {"x": 931.81766378900863401, "y": 909}}, "dockers": [{"x": 50, "y": 40}, {"x": 15, "y": 15}], "target": {"resourceId": "sid-2B6CAF67-F6B5-4F5C-8FD9-4E753BC485B0"}}], "bounds": {"lowerRight": {"x": 1485, "y": 1096.2636285776195564}, "upperLeft": {"x": 0, "y": 0}}, "stencilset": {"url": "/stencilsets/bpmn2.0/bpmn2.0.json?version=4.4.1", "namespace": "http://b3mn.org/stencilset/bpmn2.0#"}, "ssextensions": []}