{"bounds": {"lowerRight": {"y": 1050, "x": 1485}, "upperLeft": {"y": 0, "x": 0}}, "resourceId": "canvas", "childShapes": [{"dockers": [], "bounds": {"lowerRight": {"y": 330, "x": 75}, "upperLeft": {"y": 300, "x": 45}}, "resourceId": "sid-F5DAF62D-63AF-4B4C-90BA-C22A8EC82377", "layers": [], "labels": [], "childShapes": [], "properties": {"trigger": "None", "monitoring": "", "outputset": "", "applyincalc": "true", "frequency": "", "bgcolor": "#ffffff", "bordercolor": "#000000", "dataoutputassociations": "", "name": "", "dataoutput": "", "documentation": "", "auditing": "", "processid": ""}, "stencil": {"id": "StartNoneEvent"}, "outgoing": [{"resourceId": "sid-6C351E04-A339-4BEF-BF25-DDFC70B5B963"}], "glossaryLinks": {}, "formats": {}}, {"dockers": [{"y": 15, "x": 15}, {"y": 20.5, "x": 20.5}], "bounds": {"lowerRight": {"y": 315.36878893968213333, "x": 119.37501928882116431}, "upperLeft": {"y": 315.09605481031786667, "x": 75.464824461178835691}}, "resourceId": "sid-6C351E04-A339-4BEF-BF25-DDFC70B5B963", "layers": [], "labels": [], "target": {"resourceId": "sid-B8E87CAB-380F-49AE-BDAA-B8B5D7A62D10"}, "childShapes": [], "properties": {"ConditionType": "None", "showdiamondmarker": "false", "bordercolor": "#000000", "monitoring": "", "name": "", "documentation": "", "probability": "", "conditionexpression": "", "isimmediate": "false", "auditing": ""}, "stencil": {"id": "SequenceFlow"}, "outgoing": [{"resourceId": "sid-B8E87CAB-380F-49AE-BDAA-B8B5D7A62D10"}], "glossaryLinks": {}, "formats": {}}, {"dockers": [], "bounds": {"lowerRight": {"y": 335, "x": 160}, "upperLeft": {"y": 295, "x": 120}}, "resourceId": "sid-B8E87CAB-380F-49AE-BDAA-B8B5D7A62D10", "layers": [], "labels": [], "childShapes": [], "properties": {"monitoring": "", "gatewaytype": "AND", "gates": "", "assignments": "", "bgcolor": "#ffffff", "bordercolor": "#000000", "pool": "", "name": "", "gates_assignments": "", "documentation": "", "categories": "", "auditing": "", "gates_outgoingsequenceflow": "", "lanes": "", "processid": ""}, "stencil": {"id": "ParallelGateway"}, "outgoing": [{"resourceId": "sid-B4BD1A24-DA32-4796-908F-6F8EA9D63980"}, {"resourceId": "sid-3542A382-A442-43F8-8AE0-EF6717526AB4"}], "glossaryLinks": {}, "formats": {}}, {"dockers": [], "bounds": {"lowerRight": {"y": 215, "x": 305}, "upperLeft": {"y": 135, "x": 205}}, "resourceId": "sid-D59C90F0-CAD8-4A5A-9E1F-C5680B19BF49", "layers": [], "labels": [], "childShapes": [], "properties": {"resources": "", "outmsgstructure": "", "applyincalc": "true", "loopcardinality": "", "outmessagename": "", "inmessagename": "", "bgcolor": "#ffffcc", "bordercolor": "#000000", "time": "", "loopdataoutput": "", "testbefore": "false", "callacitivity": "false", "outmsgiscollection": "false", "monitoring": "", "operationname": "", "dataoutputset": "", "completionquantity": "1", "properties": "", "script": "", "assignments": "", "nonebehavioreventref": "signal", "scriptformat": "", "datainputset": "", "processid": "", "startquantity": "1", "tasktype": "None", "looptype": "None", "instantiate": "false", "behavior": "all", "inmsgimport": "", "costs": "", "inputdataitem": "", "loopdatainput": "", "name": "A", "outmsgitemkind": "Information", "costcenter": "", "completioncondition": "", "isforcompensation": "false", "inmsgiscollection": "false", "inmsgitemkind": "Information", "inmsgstructure": "", "outputdataitem": "", "messageref": "", "loopcondition": "", "onebehavioreventref:": "signal", "implementation": "webService", "operationref": "", "outmsgimport": "", "documentation": "", "categories": "", "auditing": "", "complexbehaviordefinition": ""}, "stencil": {"id": "Task"}, "outgoing": [{"resourceId": "sid-8FAB3C22-F272-4535-B3C1-AE2E27BE30D5"}, {"resourceId": "sid-E430B94F-93B1-4781-AECB-36C485BFD5F4"}], "glossaryLinks": {}, "formats": {}}, {"dockers": [{"y": 20.5, "x": 20.5}, {"y": 175, "x": 140.5}, {"y": 40, "x": 50}], "bounds": {"lowerRight": {"y": 294.7421875, "x": 204.80078125}, "upperLeft": {"y": 175, "x": 140.5}}, "resourceId": "sid-B4BD1A24-DA32-4796-908F-6F8EA9D63980", "layers": [], "labels": [], "target": {"resourceId": "sid-D59C90F0-CAD8-4A5A-9E1F-C5680B19BF49"}, "childShapes": [], "properties": {"ConditionType": "None", "showdiamondmarker": "false", "bordercolor": "#000000", "monitoring": "", "name": "", "documentation": "", "probability": "", "conditionexpression": "", "isimmediate": "false", "auditing": ""}, "stencil": {"id": "SequenceFlow"}, "outgoing": [{"resourceId": "sid-D59C90F0-CAD8-4A5A-9E1F-C5680B19BF49"}], "glossaryLinks": {}, "formats": {}}, {"dockers": [], "bounds": {"lowerRight": {"y": 485, "x": 305}, "upperLeft": {"y": 405, "x": 205}}, "resourceId": "sid-70F4CE5F-93A3-400F-ACFF-C9D7AB88CB80", "layers": [], "labels": [], "childShapes": [], "properties": {"resources": "", "outmsgstructure": "", "applyincalc": "true", "loopcardinality": "", "outmessagename": "", "inmessagename": "", "bgcolor": "#ffffcc", "bordercolor": "#000000", "time": "", "loopdataoutput": "", "testbefore": "false", "callacitivity": "false", "outmsgiscollection": "false", "monitoring": "", "operationname": "", "dataoutputset": "", "completionquantity": "1", "properties": "", "script": "", "assignments": "", "nonebehavioreventref": "signal", "scriptformat": "", "datainputset": "", "processid": "", "startquantity": "1", "tasktype": "None", "looptype": "None", "instantiate": "false", "behavior": "all", "inmsgimport": "", "costs": "", "inputdataitem": "", "loopdatainput": "", "name": "B", "outmsgitemkind": "Information", "costcenter": "", "completioncondition": "", "isforcompensation": "false", "inmsgiscollection": "false", "inmsgitemkind": "Information", "inmsgstructure": "", "outputdataitem": "", "messageref": "", "loopcondition": "", "onebehavioreventref:": "signal", "implementation": "webService", "operationref": "", "outmsgimport": "", "documentation": "", "categories": "", "auditing": "", "complexbehaviordefinition": ""}, "stencil": {"id": "Task"}, "outgoing": [{"resourceId": "sid-D7AA47BE-2347-4AF4-A37E-2869795BD778"}, {"resourceId": "sid-A540F655-D172-4770-A07A-A23F71AA6CEE"}], "glossaryLinks": {}, "formats": {}}, {"dockers": [{"y": 20.5, "x": 20.5}, {"y": 445, "x": 140.5}, {"y": 40, "x": 50}], "bounds": {"lowerRight": {"y": 445, "x": 204.80078125}, "upperLeft": {"y": 335, "x": 140.5}}, "resourceId": "sid-3542A382-A442-43F8-8AE0-EF6717526AB4", "layers": [], "labels": [], "target": {"resourceId": "sid-70F4CE5F-93A3-400F-ACFF-C9D7AB88CB80"}, "childShapes": [], "properties": {"ConditionType": "None", "showdiamondmarker": "false", "bordercolor": "#000000", "monitoring": "", "name": "", "documentation": "", "probability": "", "conditionexpression": "", "isimmediate": "false", "auditing": ""}, "stencil": {"id": "SequenceFlow"}, "outgoing": [{"resourceId": "sid-70F4CE5F-93A3-400F-ACFF-C9D7AB88CB80"}], "glossaryLinks": {}, "formats": {}}, {"dockers": [{"y": 40, "x": 50}, {"y": 175, "x": 370.5}, {"y": 20.5, "x": 20.5}], "bounds": {"lowerRight": {"y": 294.7421875, "x": 370.5}, "upperLeft": {"y": 175, "x": 305}}, "resourceId": "sid-8FAB3C22-F272-4535-B3C1-AE2E27BE30D5", "layers": [], "labels": [], "target": {"resourceId": "sid-C5BA22F3-0A49-4439-976B-1C6A750424AB"}, "childShapes": [], "properties": {"ConditionType": "None", "showdiamondmarker": "false", "bordercolor": "#000000", "monitoring": "", "name": "", "documentation": "", "probability": "", "conditionexpression": "", "isimmediate": "false", "auditing": ""}, "stencil": {"id": "SequenceFlow"}, "outgoing": [{"resourceId": "sid-C5BA22F3-0A49-4439-976B-1C6A750424AB"}], "glossaryLinks": {}, "formats": {}}, {"dockers": [], "bounds": {"lowerRight": {"y": 335, "x": 390}, "upperLeft": {"y": 295, "x": 350}}, "resourceId": "sid-C5BA22F3-0A49-4439-976B-1C6A750424AB", "layers": [], "labels": [], "childShapes": [], "properties": {"monitoring": "", "gatewaytype": "AND", "gates": "", "assignments": "", "bgcolor": "#ffffff", "bordercolor": "#000000", "pool": "", "name": "", "gates_assignments": "", "documentation": "", "categories": "", "auditing": "", "gates_outgoingsequenceflow": "", "lanes": "", "processid": ""}, "stencil": {"id": "ParallelGateway"}, "outgoing": [{"resourceId": "sid-F0378213-C204-4067-8233-FE3E596FFA82"}], "glossaryLinks": {}, "formats": {}}, {"dockers": [{"y": 40, "x": 50}, {"y": 445, "x": 370.5}, {"y": 20.5, "x": 20.5}], "bounds": {"lowerRight": {"y": 445, "x": 370.5}, "upperLeft": {"y": 335, "x": 305}}, "resourceId": "sid-D7AA47BE-2347-4AF4-A37E-2869795BD778", "layers": [], "labels": [], "target": {"resourceId": "sid-C5BA22F3-0A49-4439-976B-1C6A750424AB"}, "childShapes": [], "properties": {"ConditionType": "None", "showdiamondmarker": "false", "bordercolor": "#000000", "monitoring": "", "name": "", "documentation": "", "probability": "", "conditionexpression": "", "isimmediate": "false", "auditing": ""}, "stencil": {"id": "SequenceFlow"}, "outgoing": [{"resourceId": "sid-C5BA22F3-0A49-4439-976B-1C6A750424AB"}], "glossaryLinks": {}, "formats": {}}, {"dockers": [], "bounds": {"lowerRight": {"y": 355, "x": 535}, "upperLeft": {"y": 275, "x": 435}}, "resourceId": "sid-B514E24D-C748-4E26-9438-2B3E07366C38", "layers": [], "labels": [], "childShapes": [], "properties": {"resources": "", "outmsgstructure": "", "applyincalc": "true", "loopcardinality": "", "outmessagename": "", "inmessagename": "", "bgcolor": "#ffffcc", "bordercolor": "#000000", "time": "", "loopdataoutput": "", "testbefore": "false", "callacitivity": "false", "outmsgiscollection": "false", "monitoring": "", "operationname": "", "dataoutputset": "", "completionquantity": "1", "properties": "", "script": "", "assignments": "", "nonebehavioreventref": "signal", "scriptformat": "", "datainputset": "", "processid": "", "startquantity": "1", "tasktype": "None", "looptype": "None", "instantiate": "false", "behavior": "all", "inmsgimport": "", "costs": "", "inputdataitem": "", "loopdatainput": "", "name": "C", "outmsgitemkind": "Information", "costcenter": "", "completioncondition": "", "isforcompensation": "false", "inmsgiscollection": "false", "inmsgitemkind": "Information", "inmsgstructure": "", "outputdataitem": "", "messageref": "", "loopcondition": "", "onebehavioreventref:": "signal", "implementation": "webService", "operationref": "", "outmsgimport": "", "documentation": "", "categories": "", "auditing": "", "complexbehaviordefinition": ""}, "stencil": {"id": "Task"}, "outgoing": [{"resourceId": "sid-16CD13F9-50E2-4C9A-9634-5611DE09F9B3"}], "glossaryLinks": {}, "formats": {}}, {"dockers": [{"y": 20.5, "x": 20.5}, {"y": 40, "x": 50}], "bounds": {"lowerRight": {"y": 315.41360197940781518, "x": 434.80079078438814122}, "upperLeft": {"y": 315.21921052059218482, "x": 390.28514671561185878}}, "resourceId": "sid-F0378213-C204-4067-8233-FE3E596FFA82", "layers": [], "labels": [], "target": {"resourceId": "sid-B514E24D-C748-4E26-9438-2B3E07366C38"}, "childShapes": [], "properties": {"ConditionType": "None", "showdiamondmarker": "false", "bordercolor": "#000000", "monitoring": "", "name": "", "documentation": "", "probability": "", "conditionexpression": "", "isimmediate": "false", "auditing": ""}, "stencil": {"id": "SequenceFlow"}, "outgoing": [{"resourceId": "sid-B514E24D-C748-4E26-9438-2B3E07366C38"}], "glossaryLinks": {}, "formats": {}}, {"dockers": [], "bounds": {"lowerRight": {"y": 335, "x": 620}, "upperLeft": {"y": 295, "x": 580}}, "resourceId": "sid-A9D1AE45-8C49-44ED-A9D2-FD2A60EFD6E7", "layers": [], "labels": [], "childShapes": [], "properties": {"xortype": "Data", "monitoring": "", "defaultgate": "", "gatewaytype": "XOR", "gates": "", "assignments": "", "bgcolor": "#ffffff", "bordercolor": "#000000", "pool": "", "gate_assignments": "", "markervisible": "true", "name": "", "documentation": "", "gates_assignments": "", "categories": "", "auditing": "", "gate_outgoingsequenceflow": "", "lanes": "", "gates_outgoingsequenceflow": "", "processid": ""}, "stencil": {"id": "Exclusive_Databased_Gateway"}, "outgoing": [{"resourceId": "sid-1DA365C0-A6D2-4E3E-A5A7-86E5A70F8F58"}, {"resourceId": "sid-12AFAEE5-BF1A-43C4-A075-590C081A6CAC"}, {"resourceId": "sid-8F9AF3EE-48CA-4A73-B063-0336AE4ABA5C"}], "glossaryLinks": {}, "formats": {}}, {"dockers": [{"y": 40, "x": 50}, {"y": 20.5, "x": 20.5}], "bounds": {"lowerRight": {"y": 315.40973353623377307, "x": 579.64844687000754675}, "upperLeft": {"y": 315.21645021645019824, "x": 535}}, "resourceId": "sid-16CD13F9-50E2-4C9A-9634-5611DE09F9B3", "layers": [], "labels": [], "target": {"resourceId": "sid-A9D1AE45-8C49-44ED-A9D2-FD2A60EFD6E7"}, "childShapes": [], "properties": {"ConditionType": "None", "showdiamondmarker": "false", "bordercolor": "#000000", "monitoring": "", "name": "", "documentation": "", "probability": "", "conditionexpression": "", "isimmediate": "false", "auditing": ""}, "stencil": {"id": "SequenceFlow"}, "outgoing": [{"resourceId": "sid-A9D1AE45-8C49-44ED-A9D2-FD2A60EFD6E7"}], "glossaryLinks": {}, "formats": {}}, {"dockers": [], "bounds": {"lowerRight": {"y": 189, "x": 968}, "upperLeft": {"y": 161, "x": 940}}, "resourceId": "sid-909E3D8A-5DAF-4381-A66D-406331C7EA0C", "layers": [], "labels": [], "childShapes": [], "properties": {"inputset": "", "trigger": "None", "bordercolor": "#000000", "monitoring": "", "datainputassociations": "", "name": "", "documentation": "", "auditing": "", "datainput": "", "bgcolor": "#ffffff"}, "stencil": {"id": "EndNoneEvent"}, "outgoing": [], "glossaryLinks": {}, "formats": {}}, {"dockers": [{"y": 20.5, "x": 20.5}, {"y": 175, "x": 600.5}, {"y": 14, "x": 14}], "bounds": {"lowerRight": {"y": 294.7421875, "x": 939.19140625}, "upperLeft": {"y": 175, "x": 600.5}}, "resourceId": "sid-1DA365C0-A6D2-4E3E-A5A7-86E5A70F8F58", "layers": [], "labels": [{"to": 2, "orientation": "ll", "ref": "text_name", "distance": 8, "align": "left", "from": 1, "valign": "bottom", "y": 175, "x": 624.3143658944351273}], "target": {"resourceId": "sid-909E3D8A-5DAF-4381-A66D-406331C7EA0C"}, "childShapes": [], "properties": {"ConditionType": "None", "showdiamondmarker": "false", "bordercolor": "#000000", "monitoring": "", "name": "D", "documentation": "", "probability": "", "conditionexpression": "", "isimmediate": "false", "auditing": ""}, "stencil": {"id": "SequenceFlow"}, "outgoing": [{"resourceId": "sid-909E3D8A-5DAF-4381-A66D-406331C7EA0C"}], "glossaryLinks": {}, "formats": {}}, {"dockers": [{"y": 445, "x": 735}], "bounds": {"lowerRight": {"y": 460, "x": 750}, "upperLeft": {"y": 430, "x": 720}}, "resourceId": "sid-D0E7A0B2-A094-469D-8DF0-E291E9B85B9E", "layers": [], "labels": [], "childShapes": [], "properties": {"trigger": "Compensation", "waitforcompletion": "true", "monitoring": "", "applyincalc": "true", "costs": "", "bgcolor": "#ffffff", "inputset": "", "bordercolor": "#000000", "time": "", "datainputassociations": "", "name": "E", "documentation": "", "costcenter": "", "datainput": "", "auditing": "", "activityref": ""}, "stencil": {"id": "IntermediateCompensationEventThrowing"}, "outgoing": [{"resourceId": "sid-77590E17-A0C2-4E40-B5A8-0B94F2FE4FB7"}], "glossaryLinks": {}, "formats": {}}, {"dockers": [{"y": 20.5, "x": 20.5}, {"y": 445, "x": 600.5}, {"y": 15, "x": 15}], "bounds": {"lowerRight": {"y": 445, "x": 719.2890625}, "upperLeft": {"y": 335, "x": 600.5}}, "resourceId": "sid-12AFAEE5-BF1A-43C4-A075-590C081A6CAC", "layers": [], "labels": [{"to": 2, "orientation": "ur", "ref": "text_name", "distance": -8, "align": "left", "from": 1, "valign": "top", "y": 445, "x": 646}], "target": {"resourceId": "sid-D0E7A0B2-A094-469D-8DF0-E291E9B85B9E"}, "childShapes": [], "properties": {"ConditionType": "None", "showdiamondmarker": "false", "bordercolor": "#000000", "monitoring": "", "name": "F", "documentation": "", "probability": "", "conditionexpression": "", "isimmediate": "false", "auditing": ""}, "stencil": {"id": "SequenceFlow"}, "outgoing": [{"resourceId": "sid-D0E7A0B2-A094-469D-8DF0-E291E9B85B9E"}], "glossaryLinks": {}, "formats": {}}, {"dockers": [], "bounds": {"lowerRight": {"y": 485, "x": 910}, "upperLeft": {"y": 405, "x": 810}}, "resourceId": "sid-D3116763-DD1C-47BD-8FA4-5E20FC106F19", "layers": [], "labels": [], "childShapes": [], "properties": {"resources": "", "outmsgstructure": "", "applyincalc": "true", "loopcardinality": "", "outmessagename": "", "inmessagename": "", "bgcolor": "#ffffcc", "bordercolor": "#000000", "time": "", "loopdataoutput": "", "testbefore": "false", "callacitivity": "false", "outmsgiscollection": "false", "monitoring": "", "operationname": "", "dataoutputset": "", "completionquantity": "1", "properties": "", "script": "", "assignments": "", "nonebehavioreventref": "signal", "scriptformat": "", "datainputset": "", "processid": "", "startquantity": "1", "tasktype": "None", "looptype": "None", "instantiate": "false", "behavior": "all", "inmsgimport": "", "costs": "", "inputdataitem": "", "loopdatainput": "", "name": "G", "outmsgitemkind": "Information", "costcenter": "", "completioncondition": "", "isforcompensation": "false", "inmsgiscollection": "false", "inmsgitemkind": "Information", "inmsgstructure": "", "outputdataitem": "", "messageref": "", "loopcondition": "", "onebehavioreventref:": "signal", "implementation": "webService", "operationref": "", "outmsgimport": "", "documentation": "", "categories": "", "auditing": "", "complexbehaviordefinition": ""}, "stencil": {"id": "Task"}, "outgoing": [{"resourceId": "sid-7F5A93F9-32DF-4BC9-B4A9-AACC7A2847C3"}], "glossaryLinks": {}, "formats": {}}, {"dockers": [{"y": 15, "x": 15}, {"y": 40, "x": 50}], "bounds": {"lowerRight": {"y": 445, "x": 809.1953125}, "upperLeft": {"y": 445, "x": 750.6484375}}, "resourceId": "sid-77590E17-A0C2-4E40-B5A8-0B94F2FE4FB7", "layers": [], "labels": [], "target": {"resourceId": "sid-D3116763-DD1C-47BD-8FA4-5E20FC106F19"}, "childShapes": [], "properties": {"ConditionType": "None", "showdiamondmarker": "false", "bordercolor": "#000000", "monitoring": "", "name": "", "documentation": "", "probability": "", "conditionexpression": "", "isimmediate": "false", "auditing": ""}, "stencil": {"id": "SequenceFlow"}, "outgoing": [{"resourceId": "sid-D3116763-DD1C-47BD-8FA4-5E20FC106F19"}], "glossaryLinks": {}, "formats": {}}, {"dockers": [], "bounds": {"lowerRight": {"y": 459, "x": 968}, "upperLeft": {"y": 431, "x": 940}}, "resourceId": "sid-7411BB1B-81AA-42DF-A2CA-492D0444AAAA", "layers": [], "labels": [], "childShapes": [], "properties": {"inputset": "", "trigger": "None", "bordercolor": "#000000", "monitoring": "", "datainputassociations": "", "name": "", "documentation": "", "auditing": "", "datainput": "", "bgcolor": "#ffffff"}, "stencil": {"id": "EndNoneEvent"}, "outgoing": [], "glossaryLinks": {}, "formats": {}}, {"dockers": [{"y": 40, "x": 50}, {"y": 14, "x": 14}], "bounds": {"lowerRight": {"y": 445, "x": 939.78125}, "upperLeft": {"y": 445, "x": 910}}, "resourceId": "sid-7F5A93F9-32DF-4BC9-B4A9-AACC7A2847C3", "layers": [], "labels": [], "target": {"resourceId": "sid-7411BB1B-81AA-42DF-A2CA-492D0444AAAA"}, "childShapes": [], "properties": {"ConditionType": "None", "showdiamondmarker": "false", "bordercolor": "#000000", "monitoring": "", "name": "", "documentation": "", "probability": "", "conditionexpression": "", "isimmediate": "false", "auditing": ""}, "stencil": {"id": "SequenceFlow"}, "outgoing": [{"resourceId": "sid-7411BB1B-81AA-42DF-A2CA-492D0444AAAA"}], "glossaryLinks": {}, "formats": {}}, {"dockers": [{"y": 75, "x": 65}], "bounds": {"lowerRight": {"y": 230, "x": 287.14285714285716722}, "upperLeft": {"y": 200, "x": 257.14285714285716722}}, "resourceId": "sid-E430B94F-93B1-4781-AECB-36C485BFD5F4", "layers": [], "labels": [], "childShapes": [], "properties": {"trigger": "Compensation", "waitforcompletion": "true", "monitoring": "", "outputset": "", "boundarycancelactivity2": "true", "bgcolor": "#ffffff", "bordercolor": "#000000", "dataoutputassociations": "", "name": "", "dataoutput": "", "documentation": "", "auditing": "", "activityref": ""}, "stencil": {"id": "IntermediateCompensationEventCatching"}, "outgoing": [{"resourceId": "sid-918E7975-1172-4178-ACD7-2D7A55652A7F"}], "glossaryLinks": {}, "formats": {}}, {"dockers": [], "bounds": {"lowerRight": {"y": 335, "x": 322.14285714285506401}, "upperLeft": {"y": 255, "x": 222.14285714285506401}}, "resourceId": "sid-8AABCD49-32ED-4FEA-BAD5-523FBE4E7797", "layers": [], "labels": [], "childShapes": [], "properties": {"resources": "", "outmsgstructure": "", "applyincalc": "true", "loopcardinality": "", "outmessagename": "", "inmessagename": "", "bgcolor": "#ffffcc", "bordercolor": "#000000", "time": "", "loopdataoutput": "", "testbefore": "false", "callacitivity": "false", "outmsgiscollection": "false", "monitoring": "", "operationname": "", "dataoutputset": "", "completionquantity": "1", "properties": "", "script": "", "assignments": "", "nonebehavioreventref": "signal", "scriptformat": "", "datainputset": "", "processid": "", "startquantity": "1", "tasktype": "None", "looptype": "None", "instantiate": "false", "behavior": "all", "inmsgimport": "", "costs": "", "inputdataitem": "", "loopdatainput": "", "name": "H", "outmsgitemkind": "Information", "costcenter": "", "completioncondition": "", "isforcompensation": "false", "inmsgiscollection": "false", "inmsgitemkind": "Information", "inmsgstructure": "", "outputdataitem": "", "messageref": "", "loopcondition": "", "onebehavioreventref:": "signal", "implementation": "webService", "operationref": "", "outmsgimport": "", "documentation": "", "categories": "", "auditing": "", "complexbehaviordefinition": ""}, "stencil": {"id": "Task"}, "outgoing": [], "glossaryLinks": {}, "formats": {}}, {"dockers": [{"y": 15, "x": 15}, {"y": 40, "x": 50}], "bounds": {"lowerRight": {"y": 254.625, "x": 272.14285714285506401}, "upperLeft": {"y": 230.375, "x": 272.14285714285506401}}, "resourceId": "sid-918E7975-1172-4178-ACD7-2D7A55652A7F", "layers": [], "labels": [], "target": {"resourceId": "sid-8AABCD49-32ED-4FEA-BAD5-523FBE4E7797"}, "childShapes": [], "properties": {"bordercolor": "#000000", "text": "", "assignments": "", "transformation": ""}, "stencil": {"id": "Association_Unidirectional"}, "outgoing": [{"resourceId": "sid-8AABCD49-32ED-4FEA-BAD5-523FBE4E7797"}], "glossaryLinks": {}, "formats": {}}, {"dockers": [{"y": 75, "x": 67.142857142855064012}], "bounds": {"lowerRight": {"y": 500, "x": 289.59183673469152609}, "upperLeft": {"y": 470, "x": 259.59183673469152609}}, "resourceId": "sid-A540F655-D172-4770-A07A-A23F71AA6CEE", "layers": [], "labels": [], "childShapes": [], "properties": {"trigger": "Compensation", "waitforcompletion": "true", "monitoring": "", "outputset": "", "boundarycancelactivity2": "true", "bgcolor": "#ffffff", "bordercolor": "#000000", "dataoutputassociations": "", "name": "", "dataoutput": "", "documentation": "", "auditing": "", "activityref": ""}, "stencil": {"id": "IntermediateCompensationEventCatching"}, "outgoing": [{"resourceId": "sid-77A3ED16-361E-4731-B112-865907B9FFC5"}], "glossaryLinks": {}, "formats": {}}, {"dockers": [], "bounds": {"lowerRight": {"y": 605, "x": 324.59183673467487097}, "upperLeft": {"y": 525, "x": 224.59183673467487097}}, "resourceId": "sid-7EADC827-7582-4A7F-A1B3-2DF810E2B0CE", "layers": [], "labels": [], "childShapes": [], "properties": {"resources": "", "outmsgstructure": "", "applyincalc": "true", "loopcardinality": "", "outmessagename": "", "inmessagename": "", "bgcolor": "#ffffcc", "bordercolor": "#000000", "time": "", "loopdataoutput": "", "testbefore": "false", "callacitivity": "false", "outmsgiscollection": "false", "monitoring": "", "operationname": "", "dataoutputset": "", "completionquantity": "1", "properties": "", "script": "", "assignments": "", "nonebehavioreventref": "signal", "scriptformat": "", "datainputset": "", "processid": "", "startquantity": "1", "tasktype": "None", "looptype": "None", "instantiate": "false", "behavior": "all", "inmsgimport": "", "costs": "", "inputdataitem": "", "loopdatainput": "", "name": "I", "outmsgitemkind": "Information", "costcenter": "", "completioncondition": "", "isforcompensation": "false", "inmsgiscollection": "false", "inmsgitemkind": "Information", "inmsgstructure": "", "outputdataitem": "", "messageref": "", "loopcondition": "", "onebehavioreventref:": "signal", "implementation": "webService", "operationref": "", "outmsgimport": "", "documentation": "", "categories": "", "auditing": "", "complexbehaviordefinition": ""}, "stencil": {"id": "Task"}, "outgoing": [], "glossaryLinks": {}, "formats": {}}, {"dockers": [{"y": 15, "x": 15}, {"y": 40, "x": 50}], "bounds": {"lowerRight": {"y": 524.625, "x": 274.59183673467487097}, "upperLeft": {"y": 500.375, "x": 274.59183673467487097}}, "resourceId": "sid-77A3ED16-361E-4731-B112-865907B9FFC5", "layers": [], "labels": [], "target": {"resourceId": "sid-7EADC827-7582-4A7F-A1B3-2DF810E2B0CE"}, "childShapes": [], "properties": {"bordercolor": "#000000", "text": "", "assignments": "", "transformation": ""}, "stencil": {"id": "Association_Unidirectional"}, "outgoing": [{"resourceId": "sid-7EADC827-7582-4A7F-A1B3-2DF810E2B0CE"}], "glossaryLinks": {}, "formats": {}}, {"dockers": [], "bounds": {"lowerRight": {"y": 329, "x": 968}, "upperLeft": {"y": 301, "x": 940}}, "resourceId": "sid-ACF1582E-A417-4E71-A7EE-A62C91967B6B", "layers": [], "labels": [], "childShapes": [], "properties": {"bordercolor": "#000000", "trigger": "Compensation", "waitforcompletion": "true", "monitoring": "", "name": "", "documentation": "", "auditing": "", "bgcolor": "#ffffff", "activityref": ""}, "stencil": {"id": "EndCompensationEvent"}, "outgoing": [], "glossaryLinks": {}, "formats": {}}, {"dockers": [{"y": 20.5, "x": 20.5}, {"y": 14, "x": 14}], "bounds": {"lowerRight": {"y": 315.47124182425784511, "x": 939.19140725030058547}, "upperLeft": {"y": 315.02094567574215489, "x": 620.83203024969941453}}, "resourceId": "sid-8F9AF3EE-48CA-4A73-B063-0336AE4ABA5C", "layers": [], "labels": [], "target": {"resourceId": "sid-ACF1582E-A417-4E71-A7EE-A62C91967B6B"}, "childShapes": [], "properties": {"ConditionType": "None", "showdiamondmarker": "false", "bordercolor": "#000000", "monitoring": "", "name": "J", "documentation": "", "probability": "", "conditionexpression": "", "isimmediate": "false", "auditing": ""}, "stencil": {"id": "SequenceFlow"}, "outgoing": [{"resourceId": "sid-ACF1582E-A417-4E71-A7EE-A62C91967B6B"}], "glossaryLinks": {}, "formats": {}}], "properties": {"orientation": "horizontal", "monitoring": "", "modificationdate": "", "creationdate": "", "namespaces": "", "version": "", "targetnamespace": "http://www.signavio.com/bpmn20", "author": "", "name": "", "documentation": "", "language": "English", "typelanguage": "http://www.w3.org/2001/XMLSchema", "expressionlanguage": "http://www.w3.org/1999/XPath", "auditing": ""}, "ssextensions": [], "stencilset": {"url": "/stencilsets/bpmn2.0/bpmn2.0.json?version=6.0.0", "namespace": "http://b3mn.org/stencilset/bpmn2.0#"}, "stencil": {"id": "BPMNDiagram"}, "formats": {}}