{"resourceId": "canvas", "properties": {"name": "", "documentation": "", "auditing": "", "monitoring": "", "version": "", "author": "", "language": "English", "namespaces": "", "targetnamespace": "http://www.signavio.com/bpmn20", "expressionlanguage": "http://www.w3.org/1999/XPath", "typelanguage": "http://www.w3.org/2001/XMLSchema", "creationdate": "", "modificationdate": "", "orientation": "horizontal"}, "stencil": {"id": "BPMNDiagram"}, "childShapes": [{"resourceId": "sid-F495FFE0-4306-4A4B-B7C0-0F193E072388", "properties": {"name": "", "documentation": "", "auditing": "", "monitoring": "", "conditiontype": "None", "conditionexpression": "", "isimmediate": "", "showdiamondmarker": false, "bordercolor": "#000000", "probability": ""}, "stencil": {"id": "SequenceFlow"}, "childShapes": [], "outgoing": [{"resourceId": "sid-0300BC06-E1E1-41FC-B388-790C3EA34079"}], "bounds": {"lowerRight": {"x": 270, "y": 180}, "upperLeft": {"x": 180.90625, "y": 180}}, "dockers": [{"x": 15, "y": 15}, {"x": 1, "y": 40}], "target": {"resourceId": "sid-0300BC06-E1E1-41FC-B388-790C3EA34079"}}, {"resourceId": "sid-347BF066-602A-412E-A3FE-CFDB172B7078", "properties": {"name": "", "documentation": "", "auditing": "", "monitoring": "", "conditiontype": "None", "conditionexpression": "", "isimmediate": "", "showdiamondmarker": "", "bordercolor": "#000000", "probability": ""}, "stencil": {"id": "SequenceFlow"}, "childShapes": [], "outgoing": [{"resourceId": "sid-F42BC1CC-FD2B-488C-9A34-D697120BAA2F"}], "bounds": {"lowerRight": {"x": 414.15625, "y": 180}, "upperLeft": {"x": 370, "y": 180}}, "dockers": [{"x": 50, "y": 40}, {"x": 50, "y": 40}], "target": {"resourceId": "sid-F42BC1CC-FD2B-488C-9A34-D697120BAA2F"}}, {"resourceId": "sid-457ED16A-7AEB-4F7F-B0EC-7302A5FADB0F", "properties": {"name": "", "documentation": "", "auditing": "", "monitoring": "", "conditiontype": "None", "conditionexpression": "", "isimmediate": "", "showdiamondmarker": "", "bordercolor": "#000000", "probability": ""}, "stencil": {"id": "SequenceFlow"}, "childShapes": [], "outgoing": [{"resourceId": "sid-58FDAB08-8ECC-4B9B-9F28-DDFF28A99E39"}], "bounds": {"lowerRight": {"x": 559.15625, "y": 180}, "upperLeft": {"x": 515, "y": 180}}, "dockers": [{"x": 50, "y": 40}, {"x": 50, "y": 40}], "target": {"resourceId": "sid-58FDAB08-8ECC-4B9B-9F28-DDFF28A99E39"}}, {"resourceId": "sid-8227A030-C1ED-42D3-97CA-C1CAF75BE430", "properties": {"assignments": "", "transformation": "", "text": "", "bordercolor": "#000000"}, "stencil": {"id": "Association_Unidirectional"}, "childShapes": [], "outgoing": [{"resourceId": "sid-BB836A88-F176-43DE-A05F-59F2C6DC62B5"}], "bounds": {"lowerRight": {"x": 755, "y": 254.16015625}, "upperLeft": {"x": 755, "y": 220}}, "dockers": [{"x": 50, "y": 40}, {"x": 53, "y": 60.5}], "target": {"resourceId": "sid-BB836A88-F176-43DE-A05F-59F2C6DC62B5"}}, {"resourceId": "sid-B3322DE1-936A-4588-8971-9A56F9108889", "properties": {"name": "", "documentation": "", "auditing": "", "monitoring": "", "conditiontype": "None", "conditionexpression": "", "isimmediate": "", "showdiamondmarker": "", "bordercolor": "#000000", "probability": ""}, "stencil": {"id": "SequenceFlow"}, "childShapes": [], "outgoing": [{"resourceId": "sid-9A030096-175A-4ADD-A01C-3D4255342999"}], "bounds": {"lowerRight": {"x": 849.15625, "y": 180}, "upperLeft": {"x": 805, "y": 180}}, "dockers": [{"x": 50, "y": 40}, {"x": 50, "y": 40}], "target": {"resourceId": "sid-9A030096-175A-4ADD-A01C-3D4255342999"}}, {"resourceId": "sid-1C2D94C0-2741-479D-AA93-2D8915890C45", "properties": {"name": "User", "documentation": "", "auditing": "", "monitoring": "", "boundaryvisible": true, "processname": "", "status": "None", "adhoc": "", "adhocordering": "Parallel", "adhoccompletioncondition": "", "suppressjoinfailure": "", "enableinstancecompensation": "", "processcategories": "", "processdocumentation": "", "multiinstance": "", "minimum": 2, "maximum": 2, "processtype": "None", "isclosed": "", "isexecutable": "", "bgcolor": "#ffffff", "processid": "sid-AC613B61-C2A7-47A3-9529-0E376980B478", "bordercolor": "#000000"}, "stencil": {"id": "Pool"}, "childShapes": [{"resourceId": "sid-D70D0077-5B9E-4216-AD4F-857DFA929723", "properties": {"name": "", "documentation": "", "auditing": "", "monitoring": "", "parentpool": "", "parentlane": "", "showcaption": false, "bgcolor": "", "bordercolor": "#000000"}, "stencil": {"id": "Lane"}, "childShapes": [{"resourceId": "sid-BBA9CD76-45B6-4033-8EA5-FB88159B8231", "properties": {"name": "Call www.keskispass.ch", "documentation": "", "auditing": "", "monitoring": "", "dataoutputassociations": "", "dataoutput": "", "outputset": "", "bgcolor": "#ffffff", "bordercolor": "#000000", "processid": "", "trigger": "None", "frequency": "", "applyincalc": true}, "stencil": {"id": "StartNoneEvent"}, "childShapes": [], "outgoing": [{"resourceId": "sid-F495FFE0-4306-4A4B-B7C0-0F193E072388"}], "bounds": {"lowerRight": {"x": 105, "y": 120}, "upperLeft": {"x": 75, "y": 90}}, "dockers": []}, {"resourceId": "sid-0300BC06-E1E1-41FC-B388-790C3EA34079", "properties": {"name": "Login", "documentation": "", "auditing": "", "monitoring": "", "categories": "", "startquantity": 1, "completionquantity": 1, "isforcompensation": "", "assignments": "", "callacitivity": "", "subprocesstype": "Embedded", "isatransaction": "", "transaction": "", "transactionmethod": "compensate", "isadhoc": "", "adhocordering": "Sequential", "adhoccompletioncondition": "", "adhoccancelremaininginstances": true, "entry": "http://academic.signavio.com/p/model/8f268aab26a5498a835ffd8c24eefef1", "diagramref": "", "processref": "", "inputmaps": "", "outputmaps": "", "looptype": "None", "testbefore": "", "loopcondition": "", "loopmaximum": "", "loopcardinality": "", "loopdatainput": "", "loopdataoutput": "", "inputdataitem": "", "outputdataitem": "", "behavior": "all", "complexbehaviordefinition": "", "completioncondition": "", "onebehavioreventref:": "signal", "nonebehavioreventref": "signal", "properties": "", "datainputset": "", "dataoutputset": "", "processid": "", "activitytype": "Sub-Process", "bgcolor": "#ffffcc", "bordercolor": "#000000", "time": "", "costs": "", "costcenter": "", "applyincalc": true, "externaldocuments": []}, "stencil": {"id": "CollapsedSubprocess"}, "childShapes": [], "outgoing": [{"resourceId": "sid-347BF066-602A-412E-A3FE-CFDB172B7078"}], "bounds": {"lowerRight": {"x": 295, "y": 145}, "upperLeft": {"x": 195, "y": 65}}, "dockers": []}, {"resourceId": "sid-F42BC1CC-FD2B-488C-9A34-D697120BAA2F", "properties": {"processid": "", "name": "Redirected to homepage", "documentation": "", "auditing": "", "monitoring": "", "categories": "", "startquantity": 1, "completionquantity": 1, "isforcompensation": "", "assignments": "", "callacitivity": "", "tasktype": "None", "implementation": "webService", "resources": "", "messageref": "", "operationref": "", "instantiate": "", "script": "", "scriptformat": "", "bgcolor": "#ffffcc", "looptype": "None", "testbefore": "", "loopcondition": "", "loopmaximum": "", "loopcardinality": "", "loopdatainput": "", "loopdataoutput": "", "inputdataitem": "", "outputdataitem": "", "behavior": "all", "complexbehaviordefinition": "", "completioncondition": "", "onebehavioreventref:": "signal", "nonebehavioreventref": "signal", "properties": "", "datainputset": "", "dataoutputset": "", "operationname": "", "inmessagename": "", "inmsgitemkind": "Information", "inmsgstructure": "", "inmsgimport": "", "inmsgiscollection": "", "outmessagename": "", "outmsgitemkind": "Information", "outmsgstructure": "", "outmsgimport": "", "outmsgiscollection": "", "bordercolor": "#000000", "time": "", "costs": "", "costcenter": "", "applyincalc": true, "externaldocuments": [], "risklevel": ""}, "stencil": {"id": "Task"}, "childShapes": [], "outgoing": [{"resourceId": "sid-457ED16A-7AEB-4F7F-B0EC-7302A5FADB0F"}], "bounds": {"lowerRight": {"x": 440, "y": 145}, "upperLeft": {"x": 340, "y": 65}}, "dockers": []}, {"resourceId": "sid-58FDAB08-8ECC-4B9B-9F28-DDFF28A99E39", "properties": {"processid": "", "name": "Click \"Create Event\"", "documentation": "", "auditing": "", "monitoring": "", "categories": "", "startquantity": 1, "completionquantity": 1, "isforcompensation": "", "assignments": "", "callacitivity": "", "tasktype": "None", "implementation": "webService", "resources": "", "messageref": "", "operationref": "", "instantiate": "", "script": "", "scriptformat": "", "bgcolor": "#ffffcc", "looptype": "None", "testbefore": "", "loopcondition": "", "loopmaximum": "", "loopcardinality": "", "loopdatainput": "", "loopdataoutput": "", "inputdataitem": "", "outputdataitem": "", "behavior": "all", "complexbehaviordefinition": "", "completioncondition": "", "onebehavioreventref:": "signal", "nonebehavioreventref": "signal", "properties": "", "datainputset": "", "dataoutputset": "", "operationname": "", "inmessagename": "", "inmsgitemkind": "Information", "inmsgstructure": "", "inmsgimport": "", "inmsgiscollection": "", "outmessagename": "", "outmsgitemkind": "Information", "outmsgstructure": "", "outmsgimport": "", "outmsgiscollection": "", "bordercolor": "#000000", "time": "", "costs": "", "costcenter": "", "applyincalc": true, "externaldocuments": [], "risklevel": ""}, "stencil": {"id": "Task"}, "childShapes": [], "outgoing": [{"resourceId": "sid-050C69AC-1C95-41E3-8691-03316FAF7B00"}], "bounds": {"lowerRight": {"x": 585, "y": 145}, "upperLeft": {"x": 485, "y": 65}}, "dockers": []}, {"resourceId": "sid-74749FEB-B90D-4815-B976-04F37710846F", "properties": {"processid": "", "name": "Enter information about event", "documentation": "", "auditing": "", "monitoring": "", "categories": "", "startquantity": 1, "completionquantity": 1, "isforcompensation": "", "assignments": "", "callacitivity": "", "tasktype": "None", "implementation": "webService", "resources": "", "messageref": "", "operationref": "", "instantiate": "", "script": "", "scriptformat": "", "bgcolor": "#ffffcc", "looptype": "None", "testbefore": "", "loopcondition": "", "loopmaximum": "", "loopcardinality": "", "loopdatainput": "", "loopdataoutput": "", "inputdataitem": "", "outputdataitem": "", "behavior": "all", "complexbehaviordefinition": "", "completioncondition": "", "onebehavioreventref:": "signal", "nonebehavioreventref": "signal", "properties": "", "datainputset": "", "dataoutputset": "", "operationname": "", "inmessagename": "", "inmsgitemkind": "Information", "inmsgstructure": "", "inmsgimport": "", "inmsgiscollection": "", "outmessagename": "", "outmsgitemkind": "Information", "outmsgstructure": "", "outmsgimport": "", "outmsgiscollection": "", "bordercolor": "#000000", "time": "", "costs": "", "costcenter": "", "applyincalc": true, "externaldocuments": [], "risklevel": ""}, "stencil": {"id": "Task"}, "childShapes": [], "outgoing": [{"resourceId": "sid-8227A030-C1ED-42D3-97CA-C1CAF75BE430"}, {"resourceId": "sid-B3322DE1-936A-4588-8971-9A56F9108889"}], "bounds": {"lowerRight": {"x": 730, "y": 145}, "upperLeft": {"x": 630, "y": 65}}, "dockers": []}, {"resourceId": "sid-9A030096-175A-4ADD-A01C-3D4255342999", "properties": {"processid": "", "name": "Save", "documentation": "", "auditing": "", "monitoring": "", "categories": "", "startquantity": 1, "completionquantity": 1, "isforcompensation": "", "assignments": "", "callacitivity": "", "tasktype": "None", "implementation": "webService", "resources": "", "messageref": "", "operationref": "", "instantiate": "", "script": "", "scriptformat": "", "bgcolor": "#ffffcc", "looptype": "None", "testbefore": "", "loopcondition": "", "loopmaximum": "", "loopcardinality": "", "loopdatainput": "", "loopdataoutput": "", "inputdataitem": "", "outputdataitem": "", "behavior": "all", "complexbehaviordefinition": "", "completioncondition": "", "onebehavioreventref:": "signal", "nonebehavioreventref": "signal", "properties": "", "datainputset": "", "dataoutputset": "", "operationname": "", "inmessagename": "", "inmsgitemkind": "Information", "inmsgstructure": "", "inmsgimport": "", "inmsgiscollection": "", "outmessagename": "", "outmsgitemkind": "Information", "outmsgstructure": "", "outmsgimport": "", "outmsgiscollection": "", "bordercolor": "#000000", "time": "", "costs": "", "costcenter": "", "applyincalc": true, "externaldocuments": [], "risklevel": ""}, "stencil": {"id": "Task"}, "childShapes": [], "outgoing": [{"resourceId": "sid-FC183E07-6E78-4BD4-B8DB-5B3B1770C702"}, {"resourceId": "sid-6501F0FD-A51B-4977-BBAB-FF54E2AA5331"}], "bounds": {"lowerRight": {"x": 875, "y": 145}, "upperLeft": {"x": 775, "y": 65}}, "dockers": []}, {"resourceId": "sid-BB836A88-F176-43DE-A05F-59F2C6DC62B5", "properties": {"name": "name, language, picture, category, time and end of event, description, adress, link, price", "documentation": "", "auditing": "", "monitoring": "", "categories": "", "properties": "", "bgcolor": "#ffffff", "state": "", "input_output": "None", "iscollection": "", "bordercolor": "#000000"}, "stencil": {"id": "DataObject"}, "childShapes": [], "outgoing": [], "bounds": {"lowerRight": {"x": 733, "y": 301}, "upperLeft": {"x": 627, "y": 180}}, "dockers": []}, {"resourceId": "sid-1613B50D-7CB2-4398-8C93-8D9FD3F65455", "properties": {"name": "", "documentation": "", "auditing": "", "monitoring": "", "datainputassociations": "", "datainput": "", "inputset": "", "bgcolor": "#ffffff", "bordercolor": "#000000", "trigger": "None"}, "stencil": {"id": "EndNoneEvent"}, "childShapes": [], "outgoing": [], "bounds": {"lowerRight": {"x": 948, "y": 119}, "upperLeft": {"x": 920, "y": 91}}, "dockers": []}], "outgoing": [], "bounds": {"lowerRight": {"x": 1074, "y": 307}, "upperLeft": {"x": 30, "y": 0}}, "dockers": []}], "outgoing": [], "bounds": {"lowerRight": {"x": 1119, "y": 382}, "upperLeft": {"x": 45, "y": 75}}, "dockers": []}, {"resourceId": "sid-050C69AC-1C95-41E3-8691-03316FAF7B00", "properties": {"type": "http://b3mn.org/stencilset/bpmn2.0#SequenceFlow", "name": "", "documentation": "", "auditing": "", "monitoring": "", "conditiontype": "None", "conditionexpression": "", "isimmediate": "", "showdiamondmarker": "", "bordercolor": "#000000", "probability": ""}, "stencil": {"id": "SequenceFlow"}, "childShapes": [], "outgoing": [{"resourceId": "sid-74749FEB-B90D-4815-B976-04F37710846F"}], "bounds": {"lowerRight": {"x": 704.15625, "y": 180}, "upperLeft": {"x": 660, "y": 180}}, "dockers": [{"x": 50, "y": 40}, {"x": 50, "y": 40}], "target": {"resourceId": "sid-74749FEB-B90D-4815-B976-04F37710846F"}}, {"resourceId": "sid-50DCC555-00F6-4594-87A8-FD4630BD680A", "properties": {"name": "System", "documentation": "", "auditing": "", "monitoring": "", "boundaryvisible": true, "processname": "", "status": "None", "adhoc": "", "adhocordering": "Parallel", "adhoccompletioncondition": "", "suppressjoinfailure": "", "enableinstancecompensation": "", "processcategories": "", "processdocumentation": "", "multiinstance": "", "minimum": 2, "maximum": 2, "processtype": "None", "isclosed": "", "isexecutable": "", "bgcolor": "#ffffff", "processid": "sid-3C64B0CB-3A3A-44B6-8A0E-9BAC56CF0261", "bordercolor": "#000000"}, "stencil": {"id": "Pool"}, "childShapes": [{"resourceId": "sid-8C74971F-717F-4C7A-BA58-C6F7FF0D4617", "properties": {"name": "", "documentation": "", "auditing": "", "monitoring": "", "parentpool": "", "parentlane": "", "showcaption": false, "bgcolor": "", "bordercolor": "#000000"}, "stencil": {"id": "Lane"}, "childShapes": [{"resourceId": "sid-1DE50434-E63B-4BF9-926B-89C276C1CACB", "properties": {"processid": "", "name": "create Event, save into calendar", "documentation": "", "auditing": "", "monitoring": "", "categories": "", "startquantity": 1, "completionquantity": 1, "isforcompensation": "", "assignments": "", "callacitivity": "", "tasktype": "None", "implementation": "webService", "resources": "", "messageref": "", "operationref": "", "instantiate": "", "script": "", "scriptformat": "", "bgcolor": "#ffffcc", "looptype": "None", "testbefore": "", "loopcondition": "", "loopmaximum": "", "loopcardinality": "", "loopdatainput": "", "loopdataoutput": "", "inputdataitem": "", "outputdataitem": "", "behavior": "all", "complexbehaviordefinition": "", "completioncondition": "", "onebehavioreventref:": "signal", "nonebehavioreventref": "signal", "properties": "", "datainputset": "", "dataoutputset": "", "operationname": "", "inmessagename": "", "inmsgitemkind": "Information", "inmsgstructure": "", "inmsgimport": "", "inmsgiscollection": "", "outmessagename": "", "outmsgitemkind": "Information", "outmsgstructure": "", "outmsgimport": "", "outmsgiscollection": "", "bordercolor": "#000000", "time": "", "costs": "", "costcenter": "", "applyincalc": true, "externaldocuments": [], "risklevel": ""}, "stencil": {"id": "Task"}, "childShapes": [], "outgoing": [], "bounds": {"lowerRight": {"x": 875, "y": 158}, "upperLeft": {"x": 775, "y": 78}}, "dockers": []}], "outgoing": [], "bounds": {"lowerRight": {"x": 1074, "y": 236}, "upperLeft": {"x": 30, "y": 0}}, "dockers": []}], "outgoing": [], "bounds": {"lowerRight": {"x": 1119, "y": 626}, "upperLeft": {"x": 45, "y": 390}}, "dockers": []}, {"resourceId": "sid-FC183E07-6E78-4BD4-B8DB-5B3B1770C702", "properties": {"name": "", "documentation": "", "auditing": "", "monitoring": "", "bordercolor": "#000000"}, "stencil": {"id": "MessageFlow"}, "childShapes": [], "outgoing": [{"resourceId": "sid-1DE50434-E63B-4BF9-926B-89C276C1CACB"}], "bounds": {"lowerRight": {"x": 900, "y": 468}, "upperLeft": {"x": 900, "y": 220}}, "dockers": [{"x": 50, "y": 79}, {"x": 50, "y": 1}], "target": {"resourceId": "sid-1DE50434-E63B-4BF9-926B-89C276C1CACB"}}, {"resourceId": "sid-6501F0FD-A51B-4977-BBAB-FF54E2AA5331", "properties": {"name": "", "documentation": "", "auditing": "", "monitoring": "", "conditiontype": "None", "conditionexpression": "", "isimmediate": "", "showdiamondmarker": "", "bordercolor": "#000000", "probability": ""}, "stencil": {"id": "SequenceFlow"}, "childShapes": [], "outgoing": [{"resourceId": "sid-1613B50D-7CB2-4398-8C93-8D9FD3F65455"}], "bounds": {"lowerRight": {"x": 994.375, "y": 180}, "upperLeft": {"x": 950, "y": 180}}, "dockers": [{"x": 50, "y": 40}, {"x": 14, "y": 14}], "target": {"resourceId": "sid-1613B50D-7CB2-4398-8C93-8D9FD3F65455"}}], "bounds": {"lowerRight": {"x": 1485, "y": 1050}, "upperLeft": {"x": 0, "y": 0}}, "stencilset": {"url": "/stencilsets/bpmn2.0/bpmn2.0.json?version=5.4.1", "namespace": "http://b3mn.org/stencilset/bpmn2.0#"}, "ssextensions": ["http://oryx-editor.org/stencilsets/extensions/bpmn2.0basicsubset#"]}