{"revision": {"creationDate": null, "isLastRevision": true, "revisionNumber": 2, "elementCounts": {"total": 38, "processparticipant": 2, "Lane": 3, "Association_Undirected": 2, "StartNoneEvent": 1, "Pool": 3, "SequenceFlow": 12, "Task": 7, "EndNoneEvent": 2, "BPMNDiagram": 1, "Exclusive_Databased_Gateway": 3, "MessageFlow": 2}, "connectedness": 76}, "model": {"modelId": "1048703179", "modelDate": "2012-08-30", "groupName": "BPMN2.0_Process", "naturalLanguage": "en", "modelName": "1048703179", "TimestampModelCollection": "2012-08-30 14:08:38", "modelingLanguage": "bpmn20", "directoryId": "203533082", "numberOfRevisions": 2}}