{"revision": {"creationDate": null, "isLastRevision": true, "revisionNumber": 15, "elementCounts": {"total": 77, "Lane": 5, "Pool": 1, "Association_Unidirectional": 10, "StartMessageEvent": 2, "StartConditionalEvent": 1, "CollapsedSubprocess": 1, "TextAnnotation": 2, "Association_Undirected": 5, "ITSystem": 3, "SequenceFlow": 20, "Task": 10, "DataObject": 10, "EndNoneEvent": 4, "BPMNDiagram": 1, "Exclusive_Databased_Gateway": 1, "ParallelGateway": 1}, "connectedness": 100}, "model": {"modelId": "1048687201", "modelDate": "2012-08-30", "groupName": "BPMN2.0_Process", "naturalLanguage": "en", "modelName": "1048687201", "TimestampModelCollection": "2012-08-30 14:08:38", "modelingLanguage": "bpmn20", "directoryId": "898526010", "numberOfRevisions": 15}}