{"revision": {"creationDate": null, "isLastRevision": true, "revisionNumber": 3, "elementCounts": {"total": 57, "Lane": 4, "StartNoneEvent": 1, "Pool": 2, "Association_Unidirectional": 4, "MessageFlow": 2, "StartMessageEvent": 1, "Task": 12, "SequenceFlow": 19, "DataObject": 4, "EndNoneEvent": 3, "Exclusive_Databased_Gateway": 4, "BPMNDiagram": 1}, "connectedness": 97}, "model": {"modelId": "1048832532", "modelDate": "2012-03-20", "groupName": "BPMN2.0_Process", "naturalLanguage": "en", "modelName": "class assignment detailed", "TimestampModelCollection": "2012-08-30 14:08:38", "modelingLanguage": "bpmn20", "directoryId": "1991283516", "numberOfRevisions": 3}}