{"revision": {"creationDate": null, "isLastRevision": true, "revisionNumber": 8, "elementCounts": {"total": 40, "EndMessageEvent": 1, "Lane": 2, "Pool": 2, "MessageFlow": 2, "StartMessageEvent": 1, "TextAnnotation": 4, "Association_Undirected": 4, "CollapsedSubprocess": 2, "SequenceFlow": 12, "Task": 5, "EndNoneEvent": 2, "Exclusive_Databased_Gateway": 2, "BPMNDiagram": 1}, "connectedness": 100}, "model": {"modelId": "104860910", "modelDate": "2012-08-30", "groupName": "BPMN2.0_Process", "naturalLanguage": "en", "modelName": "104860910", "TimestampModelCollection": "2012-08-30 14:08:38", "modelingLanguage": "bpmn20", "directoryId": "2129038716", "numberOfRevisions": 8}}