{"revision": {"creationDate": null, "isLastRevision": true, "revisionNumber": 1, "elementCounts": {"total": 41, "Lane": 1, "StartNoneEvent": 1, "Pool": 1, "Task": 10, "SequenceFlow": 20, "EndNoneEvent": 1, "BPMNDiagram": 1, "Exclusive_Databased_Gateway": 6}, "connectedness": 100}, "model": {"modelId": "1049410711", "modelDate": "2012-08-30", "groupName": "BPMN2.0_Process", "naturalLanguage": "en", "modelName": "1049410711", "TimestampModelCollection": "2012-08-30 14:08:38", "modelingLanguage": "bpmn20", "directoryId": "950405758", "numberOfRevisions": 1}}